// Authored T.88 6.2/7.4.6 and Amendment 2 generic-template controls.
// Independent scalar context sampling with the unchanged Apache-2.0
// agl/jbig2enc d0dfca46216c98f11312a9c9f15615ed490cd7b3 arithmetic encoder
// and ImageMagick Group4. Expected bitmaps are authored, not decoder outputs.
// PDFBox 3.0.4 confirms 42 controls directly. The remaining four use exact
// OR equivalents decoded by the unmodified ITU 2018 sample implementation.
// Provenance: pdf-test-suite/reports/jbig2-generic-templates-2026-09-11/.
pub(super) struct EncodedCase {
    pub(super) name: &'static str,
    pub(super) width: u32,
    pub(super) height: u32,
    pub(super) data: &'static [u8],
    pub(super) globals: &'static [u8],
    pub(super) expected: &'static [u8],
    pub(super) error_kind: u8,
}
pub(super) const CASES: &[EncodedCase] = &[
    EncodedCase {
        name: "extended-default",
        width: 33,
        height: 19,
        error_kind: 0,
        data: &[
            0x00, 0x00, 0x00, 0x01, 0x30, 0x01, 0x01, 0x00, 0x00, 0x00, 0x13, 0x00, 0x00, 0x00,
            0x21, 0x00, 0x00, 0x00, 0x13, 0x00, 0x00, 0x00, 0x00, 0x00, 0x00, 0x00, 0x00, 0x40,
            0x00, 0x00, 0x00, 0x00, 0x00, 0x02, 0x26, 0x01, 0x01, 0x00, 0x00, 0x00, 0x71, 0x00,
            0x00, 0x00, 0x21, 0x00, 0x00, 0x00, 0x13, 0x00, 0x00, 0x00, 0x00, 0x00, 0x00, 0x00,
            0x00, 0x04, 0x10, 0xfe, 0x00, 0x00, 0xfe, 0xfe, 0xff, 0xff, 0xfe, 0x01, 0xfe, 0x02,
            0xff, 0xfd, 0x00, 0xfc, 0x00, 0x02, 0xfe, 0x03, 0xff, 0xfe, 0xfe, 0xfd, 0xff, 0xe8,
            0xde, 0x3e, 0x17, 0x9c, 0xf0, 0xc1, 0xc8, 0x1e, 0xf7, 0x0a, 0xc0, 0x7a, 0xd0, 0xe5,
            0x58, 0x72, 0xbd, 0x22, 0xf7, 0x6d, 0x2d, 0x42, 0x02, 0xf3, 0xa4, 0x36, 0x63, 0x3e,
            0x6f, 0x37, 0xb1, 0x14, 0xbb, 0x76, 0xfe, 0x72, 0x97, 0x63, 0x81, 0x00, 0x27, 0xfc,
            0x02, 0xa9, 0x0c, 0x43, 0x96, 0x24, 0x2a, 0xab, 0x13, 0xe6, 0x1a, 0xaa, 0x04, 0xf4,
            0x02, 0x7a, 0x19, 0xb7, 0xff, 0x7f, 0xff, 0x7f, 0xff, 0x7f, 0xff, 0x7f, 0xff, 0xac,
        ],
        globals: &[],
        expected: &[
            0xc6, 0x66, 0x66, 0x66, 0x00, 0xb2, 0x49, 0x36, 0xc9, 0x00, 0x4a, 0x52, 0x94, 0xb5,
            0x80, 0xa8, 0x55, 0x55, 0x2a, 0x80, 0x55, 0x2a, 0xa5, 0x52, 0x80, 0x2d, 0x2d, 0x2d,
            0x25, 0x00, 0xd9, 0x36, 0x4c, 0x9b, 0x00, 0x33, 0x19, 0x8c, 0xc6, 0x00, 0x87, 0x0e,
            0x1c, 0x38, 0x00, 0x7f, 0x00, 0xfe, 0x01, 0x80, 0x00, 0x03, 0xff, 0xff, 0x80, 0xe0,
            0x7c, 0x07, 0xc0, 0x80, 0x1c, 0x71, 0xc7, 0x1c, 0x00, 0xc6, 0x66, 0x66, 0x66, 0x00,
            0xb2, 0x49, 0x36, 0xc9, 0x00, 0x4a, 0x52, 0x94, 0xb5, 0x80, 0xa8, 0x55, 0x55, 0x2a,
            0x80, 0x55, 0x2a, 0xa5, 0x52, 0x80, 0x2d, 0x2d, 0x2d, 0x25, 0x00,
        ],
    },
    EncodedCase {
        name: "extended-typical",
        width: 33,
        height: 19,
        error_kind: 0,
        data: &[
            0x00, 0x00, 0x00, 0x01, 0x30, 0x01, 0x01, 0x00, 0x00, 0x00, 0x13, 0x00, 0x00, 0x00,
            0x21, 0x00, 0x00, 0x00, 0x13, 0x00, 0x00, 0x00, 0x00, 0x00, 0x00, 0x00, 0x00, 0x40,
            0x00, 0x00, 0x00, 0x00, 0x00, 0x02, 0x26, 0x01, 0x01, 0x00, 0x00, 0x00, 0x5b, 0x00,
            0x00, 0x00, 0x21, 0x00, 0x00, 0x00, 0x13, 0x00, 0x00, 0x00, 0x00, 0x00, 0x00, 0x00,
            0x00, 0x04, 0x18, 0xfe, 0x00, 0x00, 0xfe, 0xfe, 0xff, 0xff, 0xfe, 0x01, 0xfe, 0x02,
            0xff, 0xfd, 0x00, 0xfc, 0x00, 0x02, 0xfe, 0x03, 0xff, 0xfe, 0xfe, 0xfd, 0xff, 0xc3,
            0x4a, 0x0d, 0xcf, 0xcd, 0x5c, 0xfb, 0xac, 0x2b, 0xbc, 0x2b, 0xa5, 0xbe, 0x7d, 0x47,
            0x97, 0x11, 0x7b, 0x6e, 0xdd, 0xc2, 0x47, 0x52, 0xec, 0x6b, 0x03, 0x04, 0x55, 0x55,
            0x80, 0x74, 0x69, 0xa0, 0x23, 0x30, 0x56, 0x78, 0x5d, 0x91, 0xcb, 0xb5, 0x48, 0x93,
            0xef, 0x9d, 0x4b, 0x63, 0xff, 0xac,
        ],
        globals: &[],
        expected: &[
            0x00, 0x00, 0x00, 0x00, 0x00, 0x00, 0x00, 0x00, 0x00, 0x00, 0x4a, 0x52, 0x94, 0xb5,
            0x80, 0xa8, 0x55, 0x55, 0x2a, 0x80, 0x55, 0x2a, 0xa5, 0x52, 0x80, 0x55, 0x2a, 0xa5,
            0x52, 0x80, 0x55, 0x2a, 0xa5, 0x52, 0x80, 0x33, 0x19, 0x8c, 0xc6, 0x00, 0x87, 0x0e,
            0x1c, 0x38, 0x00, 0x7f, 0x00, 0xfe, 0x01, 0x80, 0x7f, 0x00, 0xfe, 0x01, 0x80, 0x7f,
            0x00, 0xfe, 0x01, 0x80, 0x1c, 0x71, 0xc7, 0x1c, 0x00, 0xc6, 0x66, 0x66, 0x66, 0x00,
            0xb2, 0x49, 0x36, 0xc9, 0x00, 0xb2, 0x49, 0x36, 0xc9, 0x00, 0xb2, 0x49, 0x36, 0xc9,
            0x00, 0x55, 0x2a, 0xa5, 0x52, 0x80, 0x2d, 0x2d, 0x2d, 0x25, 0x00,
        ],
    },
    EncodedCase {
        name: "ordinary-typical-t0",
        width: 33,
        height: 19,
        error_kind: 0,
        data: &[
            0x00, 0x00, 0x00, 0x01, 0x30, 0x01, 0x01, 0x00, 0x00, 0x00, 0x13, 0x00, 0x00, 0x00,
            0x21, 0x00, 0x00, 0x00, 0x13, 0x00, 0x00, 0x00, 0x00, 0x00, 0x00, 0x00, 0x00, 0x40,
            0x00, 0x00, 0x00, 0x00, 0x00, 0x02, 0x26, 0x01, 0x01, 0x00, 0x00, 0x00, 0x4b, 0x00,
            0x00, 0x00, 0x21, 0x00, 0x00, 0x00, 0x13, 0x00, 0x00, 0x00, 0x00, 0x00, 0x00, 0x00,
            0x00, 0x04, 0x08, 0x03, 0xff, 0xfd, 0xff, 0x02, 0xfe, 0xfe, 0xfe, 0xc3, 0x4a, 0x0d,
            0xcf, 0xcd, 0x5c, 0xfb, 0xac, 0x2b, 0xbc, 0x2b, 0xa5, 0xbe, 0x7d, 0x47, 0x97, 0x11,
            0x7b, 0x6e, 0xdd, 0xc2, 0x47, 0x52, 0xec, 0x6b, 0x03, 0x04, 0x55, 0x55, 0x80, 0x74,
            0x69, 0xa0, 0x23, 0x30, 0x56, 0x78, 0x5d, 0x91, 0xcb, 0xb5, 0x48, 0x93, 0xef, 0x9d,
            0x4b, 0x63, 0xff, 0xac,
        ],
        globals: &[],
        expected: &[
            0x00, 0x00, 0x00, 0x00, 0x00, 0x00, 0x00, 0x00, 0x00, 0x00, 0x4a, 0x52, 0x94, 0xb5,
            0x80, 0xa8, 0x55, 0x55, 0x2a, 0x80, 0x55, 0x2a, 0xa5, 0x52, 0x80, 0x55, 0x2a, 0xa5,
            0x52, 0x80, 0x55, 0x2a, 0xa5, 0x52, 0x80, 0x33, 0x19, 0x8c, 0xc6, 0x00, 0x87, 0x0e,
            0x1c, 0x38, 0x00, 0x7f, 0x00, 0xfe, 0x01, 0x80, 0x7f, 0x00, 0xfe, 0x01, 0x80, 0x7f,
            0x00, 0xfe, 0x01, 0x80, 0x1c, 0x71, 0xc7, 0x1c, 0x00, 0xc6, 0x66, 0x66, 0x66, 0x00,
            0xb2, 0x49, 0x36, 0xc9, 0x00, 0xb2, 0x49, 0x36, 0xc9, 0x00, 0xb2, 0x49, 0x36, 0xc9,
            0x00, 0x55, 0x2a, 0xa5, 0x52, 0x80, 0x2d, 0x2d, 0x2d, 0x25, 0x00,
        ],
    },
    EncodedCase {
        name: "ordinary-typical-t1",
        width: 33,
        height: 19,
        error_kind: 0,
        data: &[
            0x00, 0x00, 0x00, 0x01, 0x30, 0x01, 0x01, 0x00, 0x00, 0x00, 0x13, 0x00, 0x00, 0x00,
            0x21, 0x00, 0x00, 0x00, 0x13, 0x00, 0x00, 0x00, 0x00, 0x00, 0x00, 0x00, 0x00, 0x40,
            0x00, 0x00, 0x00, 0x00, 0x00, 0x02, 0x26, 0x01, 0x01, 0x00, 0x00, 0x00, 0x45, 0x00,
            0x00, 0x00, 0x21, 0x00, 0x00, 0x00, 0x13, 0x00, 0x00, 0x00, 0x00, 0x00, 0x00, 0x00,
            0x00, 0x04, 0x0a, 0x03, 0xff, 0xc3, 0x23, 0x86, 0xbe, 0x3f, 0x1e, 0x2f, 0xbf, 0x48,
            0x04, 0x2b, 0xa4, 0x73, 0xe7, 0xba, 0x71, 0x18, 0x2f, 0x76, 0xed, 0x74, 0xe5, 0x35,
            0x80, 0xce, 0x16, 0xde, 0x6e, 0x10, 0xea, 0xde, 0x8d, 0x33, 0x7f, 0x30, 0x15, 0xd2,
            0x18, 0x64, 0x72, 0x0a, 0x6f, 0xca, 0xf5, 0xfa, 0x20, 0x21, 0xff, 0xac,
        ],
        globals: &[],
        expected: &[
            0x00, 0x00, 0x00, 0x00, 0x00, 0x00, 0x00, 0x00, 0x00, 0x00, 0x4a, 0x52, 0x94, 0xb5,
            0x80, 0xa8, 0x55, 0x55, 0x2a, 0x80, 0x55, 0x2a, 0xa5, 0x52, 0x80, 0x55, 0x2a, 0xa5,
            0x52, 0x80, 0x55, 0x2a, 0xa5, 0x52, 0x80, 0x33, 0x19, 0x8c, 0xc6, 0x00, 0x87, 0x0e,
            0x1c, 0x38, 0x00, 0x7f, 0x00, 0xfe, 0x01, 0x80, 0x7f, 0x00, 0xfe, 0x01, 0x80, 0x7f,
            0x00, 0xfe, 0x01, 0x80, 0x1c, 0x71, 0xc7, 0x1c, 0x00, 0xc6, 0x66, 0x66, 0x66, 0x00,
            0xb2, 0x49, 0x36, 0xc9, 0x00, 0xb2, 0x49, 0x36, 0xc9, 0x00, 0xb2, 0x49, 0x36, 0xc9,
            0x00, 0x55, 0x2a, 0xa5, 0x52, 0x80, 0x2d, 0x2d, 0x2d, 0x25, 0x00,
        ],
    },
    EncodedCase {
        name: "ordinary-typical-t2",
        width: 33,
        height: 19,
        error_kind: 0,
        data: &[
            0x00, 0x00, 0x00, 0x01, 0x30, 0x01, 0x01, 0x00, 0x00, 0x00, 0x13, 0x00, 0x00, 0x00,
            0x21, 0x00, 0x00, 0x00, 0x13, 0x00, 0x00, 0x00, 0x00, 0x00, 0x00, 0x00, 0x00, 0x40,
            0x00, 0x00, 0x00, 0x00, 0x00, 0x02, 0x26, 0x01, 0x01, 0x00, 0x00, 0x00, 0x45, 0x00,
            0x00, 0x00, 0x21, 0x00, 0x00, 0x00, 0x13, 0x00, 0x00, 0x00, 0x00, 0x00, 0x00, 0x00,
            0x00, 0x04, 0x0c, 0x02, 0xff, 0xc3, 0x8e, 0x9c, 0x25, 0xc6, 0x7b, 0xd6, 0xf9, 0xd4,
            0x10, 0xfa, 0xc8, 0x4a, 0x46, 0x84, 0x10, 0x4d, 0x5b, 0x54, 0x06, 0x59, 0xa4, 0xac,
            0xaa, 0x20, 0x77, 0x07, 0xec, 0xae, 0xe5, 0xb5, 0x0b, 0xc3, 0xef, 0x8e, 0x45, 0x46,
            0xc5, 0xe3, 0xc3, 0x9e, 0x75, 0x00, 0x68, 0xb4, 0xa7, 0xf9, 0xff, 0xac,
        ],
        globals: &[],
        expected: &[
            0x00, 0x00, 0x00, 0x00, 0x00, 0x00, 0x00, 0x00, 0x00, 0x00, 0x4a, 0x52, 0x94, 0xb5,
            0x80, 0xa8, 0x55, 0x55, 0x2a, 0x80, 0x55, 0x2a, 0xa5, 0x52, 0x80, 0x55, 0x2a, 0xa5,
            0x52, 0x80, 0x55, 0x2a, 0xa5, 0x52, 0x80, 0x33, 0x19, 0x8c, 0xc6, 0x00, 0x87, 0x0e,
            0x1c, 0x38, 0x00, 0x7f, 0x00, 0xfe, 0x01, 0x80, 0x7f, 0x00, 0xfe, 0x01, 0x80, 0x7f,
            0x00, 0xfe, 0x01, 0x80, 0x1c, 0x71, 0xc7, 0x1c, 0x00, 0xc6, 0x66, 0x66, 0x66, 0x00,
            0xb2, 0x49, 0x36, 0xc9, 0x00, 0xb2, 0x49, 0x36, 0xc9, 0x00, 0xb2, 0x49, 0x36, 0xc9,
            0x00, 0x55, 0x2a, 0xa5, 0x52, 0x80, 0x2d, 0x2d, 0x2d, 0x25, 0x00,
        ],
    },
    EncodedCase {
        name: "ordinary-typical-t3",
        width: 33,
        height: 19,
        error_kind: 0,
        data: &[
            0x00, 0x00, 0x00, 0x01, 0x30, 0x01, 0x01, 0x00, 0x00, 0x00, 0x13, 0x00, 0x00, 0x00,
            0x21, 0x00, 0x00, 0x00, 0x13, 0x00, 0x00, 0x00, 0x00, 0x00, 0x00, 0x00, 0x00, 0x40,
            0x00, 0x00, 0x00, 0x00, 0x00, 0x02, 0x26, 0x01, 0x01, 0x00, 0x00, 0x00, 0x45, 0x00,
            0x00, 0x00, 0x21, 0x00, 0x00, 0x00, 0x13, 0x00, 0x00, 0x00, 0x00, 0x00, 0x00, 0x00,
            0x00, 0x04, 0x0e, 0x02, 0xff, 0xc3, 0x4a, 0x0d, 0xcf, 0xcd, 0x5c, 0xfb, 0x7a, 0xea,
            0xd5, 0xa8, 0xab, 0xa5, 0x79, 0x29, 0xed, 0x1b, 0x6e, 0xf0, 0xd0, 0x9f, 0x9e, 0xb8,
            0x4a, 0x4c, 0x87, 0xf9, 0x26, 0xf8, 0x2e, 0x19, 0x72, 0x32, 0x5d, 0x59, 0x21, 0xdb,
            0x43, 0xbf, 0xf1, 0x95, 0x6b, 0x3e, 0xce, 0xa8, 0xff, 0x7f, 0xff, 0xac,
        ],
        globals: &[],
        expected: &[
            0x00, 0x00, 0x00, 0x00, 0x00, 0x00, 0x00, 0x00, 0x00, 0x00, 0x4a, 0x52, 0x94, 0xb5,
            0x80, 0xa8, 0x55, 0x55, 0x2a, 0x80, 0x55, 0x2a, 0xa5, 0x52, 0x80, 0x55, 0x2a, 0xa5,
            0x52, 0x80, 0x55, 0x2a, 0xa5, 0x52, 0x80, 0x33, 0x19, 0x8c, 0xc6, 0x00, 0x87, 0x0e,
            0x1c, 0x38, 0x00, 0x7f, 0x00, 0xfe, 0x01, 0x80, 0x7f, 0x00, 0xfe, 0x01, 0x80, 0x7f,
            0x00, 0xfe, 0x01, 0x80, 0x1c, 0x71, 0xc7, 0x1c, 0x00, 0xc6, 0x66, 0x66, 0x66, 0x00,
            0xb2, 0x49, 0x36, 0xc9, 0x00, 0xb2, 0x49, 0x36, 0xc9, 0x00, 0xb2, 0x49, 0x36, 0xc9,
            0x00, 0x55, 0x2a, 0xa5, 0x52, 0x80, 0x2d, 0x2d, 0x2d, 0x25, 0x00,
        ],
    },
    EncodedCase {
        name: "extended-move-a1",
        width: 33,
        height: 19,
        error_kind: 0,
        data: &[
            0x00, 0x00, 0x00, 0x01, 0x30, 0x01, 0x01, 0x00, 0x00, 0x00, 0x13, 0x00, 0x00, 0x00,
            0x21, 0x00, 0x00, 0x00, 0x13, 0x00, 0x00, 0x00, 0x00, 0x00, 0x00, 0x00, 0x00, 0x40,
            0x00, 0x00, 0x00, 0x00, 0x00, 0x02, 0x26, 0x01, 0x01, 0x00, 0x00, 0x00, 0x5b, 0x00,
            0x00, 0x00, 0x21, 0x00, 0x00, 0x00, 0x13, 0x00, 0x00, 0x00, 0x00, 0x00, 0x00, 0x00,
            0x00, 0x04, 0x18, 0x06, 0xfd, 0x00, 0xfe, 0xfe, 0xff, 0xff, 0xfe, 0x01, 0xfe, 0x02,
            0xff, 0xfd, 0x00, 0xfc, 0x00, 0x02, 0xfe, 0x03, 0xff, 0xfe, 0xfe, 0xfd, 0xff, 0xc1,
            0xd7, 0xfe, 0xab, 0x35, 0xcd, 0xeb, 0xda, 0x75, 0x70, 0xae, 0x96, 0xf9, 0xf4, 0xbe,
            0x7a, 0xa1, 0xd9, 0xee, 0xdd, 0xc2, 0x47, 0x52, 0xba, 0xa5, 0x81, 0x52, 0x2a, 0xaa,
            0x1c, 0x8d, 0x1a, 0x68, 0x08, 0xcc, 0x15, 0xa2, 0xf8, 0xb8, 0xe5, 0xda, 0xa5, 0xfb,
            0xab, 0xe7, 0x52, 0xd8, 0xff, 0xac,
        ],
        globals: &[],
        expected: &[
            0x00, 0x00, 0x00, 0x00, 0x00, 0x00, 0x00, 0x00, 0x00, 0x00, 0x4a, 0x52, 0x94, 0xb5,
            0x80, 0xa8, 0x55, 0x55, 0x2a, 0x80, 0x55, 0x2a, 0xa5, 0x52, 0x80, 0x55, 0x2a, 0xa5,
            0x52, 0x80, 0x55, 0x2a, 0xa5, 0x52, 0x80, 0x33, 0x19, 0x8c, 0xc6, 0x00, 0x87, 0x0e,
            0x1c, 0x38, 0x00, 0x7f, 0x00, 0xfe, 0x01, 0x80, 0x7f, 0x00, 0xfe, 0x01, 0x80, 0x7f,
            0x00, 0xfe, 0x01, 0x80, 0x1c, 0x71, 0xc7, 0x1c, 0x00, 0xc6, 0x66, 0x66, 0x66, 0x00,
            0xb2, 0x49, 0x36, 0xc9, 0x00, 0xb2, 0x49, 0x36, 0xc9, 0x00, 0xb2, 0x49, 0x36, 0xc9,
            0x00, 0x55, 0x2a, 0xa5, 0x52, 0x80, 0x2d, 0x2d, 0x2d, 0x25, 0x00,
        ],
    },
    EncodedCase {
        name: "extended-move-a2",
        width: 33,
        height: 19,
        error_kind: 0,
        data: &[
            0x00, 0x00, 0x00, 0x01, 0x30, 0x01, 0x01, 0x00, 0x00, 0x00, 0x13, 0x00, 0x00, 0x00,
            0x21, 0x00, 0x00, 0x00, 0x13, 0x00, 0x00, 0x00, 0x00, 0x00, 0x00, 0x00, 0x00, 0x40,
            0x00, 0x00, 0x00, 0x00, 0x00, 0x02, 0x26, 0x01, 0x01, 0x00, 0x00, 0x00, 0x5c, 0x00,
            0x00, 0x00, 0x21, 0x00, 0x00, 0x00, 0x13, 0x00, 0x00, 0x00, 0x00, 0x00, 0x00, 0x00,
            0x00, 0x04, 0x18, 0xfe, 0x00, 0xf8, 0x00, 0xfe, 0xff, 0xff, 0xfe, 0x01, 0xfe, 0x02,
            0xff, 0xfd, 0x00, 0xfc, 0x00, 0x02, 0xfe, 0x03, 0xff, 0xfe, 0xfe, 0xfd, 0xff, 0xc3,
            0x48, 0xb6, 0xf7, 0x82, 0xae, 0x7c, 0xf7, 0xc8, 0xe5, 0xc2, 0xba, 0x5b, 0xe7, 0xd4,
            0x11, 0x6f, 0x17, 0xb6, 0xed, 0xdc, 0x24, 0x75, 0x2e, 0xc6, 0xb0, 0x2f, 0xf8, 0xe2,
            0xac, 0x03, 0xa3, 0x4d, 0x01, 0x19, 0x82, 0xb3, 0xc2, 0xec, 0x8e, 0x5e, 0xba, 0x7d,
            0x20, 0xff, 0x77, 0x6d, 0x8f, 0xff, 0xac,
        ],
        globals: &[],
        expected: &[
            0x00, 0x00, 0x00, 0x00, 0x00, 0x00, 0x00, 0x00, 0x00, 0x00, 0x4a, 0x52, 0x94, 0xb5,
            0x80, 0xa8, 0x55, 0x55, 0x2a, 0x80, 0x55, 0x2a, 0xa5, 0x52, 0x80, 0x55, 0x2a, 0xa5,
            0x52, 0x80, 0x55, 0x2a, 0xa5, 0x52, 0x80, 0x33, 0x19, 0x8c, 0xc6, 0x00, 0x87, 0x0e,
            0x1c, 0x38, 0x00, 0x7f, 0x00, 0xfe, 0x01, 0x80, 0x7f, 0x00, 0xfe, 0x01, 0x80, 0x7f,
            0x00, 0xfe, 0x01, 0x80, 0x1c, 0x71, 0xc7, 0x1c, 0x00, 0xc6, 0x66, 0x66, 0x66, 0x00,
            0xb2, 0x49, 0x36, 0xc9, 0x00, 0xb2, 0x49, 0x36, 0xc9, 0x00, 0xb2, 0x49, 0x36, 0xc9,
            0x00, 0x55, 0x2a, 0xa5, 0x52, 0x80, 0x2d, 0x2d, 0x2d, 0x25, 0x00,
        ],
    },
    EncodedCase {
        name: "extended-move-a3",
        width: 33,
        height: 19,
        error_kind: 0,
        data: &[
            0x00, 0x00, 0x00, 0x01, 0x30, 0x01, 0x01, 0x00, 0x00, 0x00, 0x13, 0x00, 0x00, 0x00,
            0x21, 0x00, 0x00, 0x00, 0x13, 0x00, 0x00, 0x00, 0x00, 0x00, 0x00, 0x00, 0x00, 0x40,
            0x00, 0x00, 0x00, 0x00, 0x00, 0x02, 0x26, 0x01, 0x01, 0x00, 0x00, 0x00, 0x5b, 0x00,
            0x00, 0x00, 0x21, 0x00, 0x00, 0x00, 0x13, 0x00, 0x00, 0x00, 0x00, 0x00, 0x00, 0x00,
            0x00, 0x04, 0x18, 0xfe, 0x00, 0x00, 0xfe, 0x08, 0xfd, 0xff, 0xfe, 0x01, 0xfe, 0x02,
            0xff, 0xfd, 0x00, 0xfc, 0x00, 0x02, 0xfe, 0x03, 0xff, 0xfe, 0xfe, 0xfd, 0xff, 0xc3,
            0x4a, 0x0d, 0xcf, 0xcd, 0x5c, 0xfb, 0xab, 0x1b, 0xbc, 0x2b, 0xa5, 0xbe, 0x7d, 0x47,
            0x95, 0x34, 0x71, 0xee, 0xdd, 0xc2, 0x47, 0x52, 0xc7, 0xa5, 0xc1, 0x52, 0x2a, 0xaa,
            0xc0, 0x3a, 0x34, 0xcc, 0xd1, 0x88, 0x2b, 0x3c, 0x2e, 0xc8, 0xe5, 0xda, 0xa8, 0xb9,
            0xfb, 0xce, 0xa5, 0xb1, 0xff, 0xac,
        ],
        globals: &[],
        expected: &[
            0x00, 0x00, 0x00, 0x00, 0x00, 0x00, 0x00, 0x00, 0x00, 0x00, 0x4a, 0x52, 0x94, 0xb5,
            0x80, 0xa8, 0x55, 0x55, 0x2a, 0x80, 0x55, 0x2a, 0xa5, 0x52, 0x80, 0x55, 0x2a, 0xa5,
            0x52, 0x80, 0x55, 0x2a, 0xa5, 0x52, 0x80, 0x33, 0x19, 0x8c, 0xc6, 0x00, 0x87, 0x0e,
            0x1c, 0x38, 0x00, 0x7f, 0x00, 0xfe, 0x01, 0x80, 0x7f, 0x00, 0xfe, 0x01, 0x80, 0x7f,
            0x00, 0xfe, 0x01, 0x80, 0x1c, 0x71, 0xc7, 0x1c, 0x00, 0xc6, 0x66, 0x66, 0x66, 0x00,
            0xb2, 0x49, 0x36, 0xc9, 0x00, 0xb2, 0x49, 0x36, 0xc9, 0x00, 0xb2, 0x49, 0x36, 0xc9,
            0x00, 0x55, 0x2a, 0xa5, 0x52, 0x80, 0x2d, 0x2d, 0x2d, 0x25, 0x00,
        ],
    },
    EncodedCase {
        name: "extended-move-a4",
        width: 33,
        height: 19,
        error_kind: 0,
        data: &[
            0x00, 0x00, 0x00, 0x01, 0x30, 0x01, 0x01, 0x00, 0x00, 0x00, 0x13, 0x00, 0x00, 0x00,
            0x21, 0x00, 0x00, 0x00, 0x13, 0x00, 0x00, 0x00, 0x00, 0x00, 0x00, 0x00, 0x00, 0x40,
            0x00, 0x00, 0x00, 0x00, 0x00, 0x02, 0x26, 0x01, 0x01, 0x00, 0x00, 0x00, 0x5b, 0x00,
            0x00, 0x00, 0x21, 0x00, 0x00, 0x00, 0x13, 0x00, 0x00, 0x00, 0x00, 0x00, 0x00, 0x00,
            0x00, 0x04, 0x18, 0xfe, 0x00, 0x00, 0xfe, 0xfe, 0xff, 0xf9, 0x00, 0x01, 0xfe, 0x02,
            0xff, 0xfd, 0x00, 0xfc, 0x00, 0x02, 0xfe, 0x03, 0xff, 0xfe, 0xfe, 0xfd, 0xff, 0xc3,
            0x4a, 0x3a, 0x32, 0x88, 0x67, 0xe1, 0x93, 0xea, 0xb8, 0x57, 0x4b, 0x7c, 0xfa, 0x75,
            0x2d, 0xa2, 0xf6, 0xdd, 0xbb, 0x84, 0x8e, 0xa5, 0xd8, 0x05, 0x0a, 0x91, 0x55, 0x56,
            0x01, 0xd1, 0xa6, 0x80, 0x8c, 0xc1, 0x59, 0xe1, 0x76, 0x47, 0x2e, 0xd5, 0x2f, 0xdd,
            0x5f, 0x3a, 0x96, 0xc7, 0xff, 0xac,
        ],
        globals: &[],
        expected: &[
            0x00, 0x00, 0x00, 0x00, 0x00, 0x00, 0x00, 0x00, 0x00, 0x00, 0x4a, 0x52, 0x94, 0xb5,
            0x80, 0xa8, 0x55, 0x55, 0x2a, 0x80, 0x55, 0x2a, 0xa5, 0x52, 0x80, 0x55, 0x2a, 0xa5,
            0x52, 0x80, 0x55, 0x2a, 0xa5, 0x52, 0x80, 0x33, 0x19, 0x8c, 0xc6, 0x00, 0x87, 0x0e,
            0x1c, 0x38, 0x00, 0x7f, 0x00, 0xfe, 0x01, 0x80, 0x7f, 0x00, 0xfe, 0x01, 0x80, 0x7f,
            0x00, 0xfe, 0x01, 0x80, 0x1c, 0x71, 0xc7, 0x1c, 0x00, 0xc6, 0x66, 0x66, 0x66, 0x00,
            0xb2, 0x49, 0x36, 0xc9, 0x00, 0xb2, 0x49, 0x36, 0xc9, 0x00, 0xb2, 0x49, 0x36, 0xc9,
            0x00, 0x55, 0x2a, 0xa5, 0x52, 0x80, 0x2d, 0x2d, 0x2d, 0x25, 0x00,
        ],
    },
    EncodedCase {
        name: "extended-move-a5",
        width: 33,
        height: 19,
        error_kind: 0,
        data: &[
            0x00, 0x00, 0x00, 0x01, 0x30, 0x01, 0x01, 0x00, 0x00, 0x00, 0x13, 0x00, 0x00, 0x00,
            0x21, 0x00, 0x00, 0x00, 0x13, 0x00, 0x00, 0x00, 0x00, 0x00, 0x00, 0x00, 0x00, 0x40,
            0x00, 0x00, 0x00, 0x00, 0x00, 0x02, 0x26, 0x01, 0x01, 0x00, 0x00, 0x00, 0x5b, 0x00,
            0x00, 0x00, 0x21, 0x00, 0x00, 0x00, 0x13, 0x00, 0x00, 0x00, 0x00, 0x00, 0x00, 0x00,
            0x00, 0x04, 0x18, 0xfe, 0x00, 0x00, 0xfe, 0xfe, 0xff, 0xff, 0xfe, 0x0a, 0xfd, 0x02,
            0xff, 0xfd, 0x00, 0xfc, 0x00, 0x02, 0xfe, 0x03, 0xff, 0xfe, 0xfe, 0xfd, 0xff, 0xc3,
            0x4a, 0x0d, 0xcf, 0xcd, 0x5c, 0xfb, 0xac, 0x2b, 0xbc, 0x2b, 0xa5, 0xbe, 0x7d, 0x47,
            0x92, 0x3c, 0x84, 0xbb, 0xb7, 0x70, 0x91, 0xd4, 0xbb, 0x16, 0xf0, 0xa9, 0x15, 0x55,
            0x60, 0x1d, 0x1a, 0x68, 0x08, 0xcc, 0x15, 0xaa, 0x78, 0xc8, 0xe5, 0xeb, 0xa2, 0x5c,
            0x81, 0x8a, 0x5a, 0x83, 0xff, 0xac,
        ],
        globals: &[],
        expected: &[
            0x00, 0x00, 0x00, 0x00, 0x00, 0x00, 0x00, 0x00, 0x00, 0x00, 0x4a, 0x52, 0x94, 0xb5,
            0x80, 0xa8, 0x55, 0x55, 0x2a, 0x80, 0x55, 0x2a, 0xa5, 0x52, 0x80, 0x55, 0x2a, 0xa5,
            0x52, 0x80, 0x55, 0x2a, 0xa5, 0x52, 0x80, 0x33, 0x19, 0x8c, 0xc6, 0x00, 0x87, 0x0e,
            0x1c, 0x38, 0x00, 0x7f, 0x00, 0xfe, 0x01, 0x80, 0x7f, 0x00, 0xfe, 0x01, 0x80, 0x7f,
            0x00, 0xfe, 0x01, 0x80, 0x1c, 0x71, 0xc7, 0x1c, 0x00, 0xc6, 0x66, 0x66, 0x66, 0x00,
            0xb2, 0x49, 0x36, 0xc9, 0x00, 0xb2, 0x49, 0x36, 0xc9, 0x00, 0xb2, 0x49, 0x36, 0xc9,
            0x00, 0x55, 0x2a, 0xa5, 0x52, 0x80, 0x2d, 0x2d, 0x2d, 0x25, 0x00,
        ],
    },
    EncodedCase {
        name: "extended-move-a6",
        width: 33,
        height: 19,
        error_kind: 0,
        data: &[
            0x00, 0x00, 0x00, 0x01, 0x30, 0x01, 0x01, 0x00, 0x00, 0x00, 0x13, 0x00, 0x00, 0x00,
            0x21, 0x00, 0x00, 0x00, 0x13, 0x00, 0x00, 0x00, 0x00, 0x00, 0x00, 0x00, 0x00, 0x40,
            0x00, 0x00, 0x00, 0x00, 0x00, 0x02, 0x26, 0x01, 0x01, 0x00, 0x00, 0x00, 0x5b, 0x00,
            0x00, 0x00, 0x21, 0x00, 0x00, 0x00, 0x13, 0x00, 0x00, 0x00, 0x00, 0x00, 0x00, 0x00,
            0x00, 0x04, 0x18, 0xfe, 0x00, 0x00, 0xfe, 0xfe, 0xff, 0xff, 0xfe, 0x01, 0xfe, 0xf7,
            0x00, 0xfd, 0x00, 0xfc, 0x00, 0x02, 0xfe, 0x03, 0xff, 0xfe, 0xfe, 0xfd, 0xff, 0xc3,
            0x47, 0x76, 0x99, 0xe6, 0x87, 0xe0, 0x6a, 0x91, 0x6e, 0x15, 0xd2, 0xdf, 0x3e, 0x96,
            0x4b, 0x50, 0xbd, 0xb7, 0x6e, 0xe1, 0x23, 0xa9, 0x76, 0x35, 0x81, 0x82, 0x2a, 0xaa,
            0xc0, 0x3a, 0x34, 0xd0, 0x11, 0x98, 0x2b, 0x3c, 0x2e, 0xc8, 0xe5, 0xda, 0xa2, 0x0b,
            0x9f, 0xe7, 0x5a, 0x83, 0xff, 0xac,
        ],
        globals: &[],
        expected: &[
            0x00, 0x00, 0x00, 0x00, 0x00, 0x00, 0x00, 0x00, 0x00, 0x00, 0x4a, 0x52, 0x94, 0xb5,
            0x80, 0xa8, 0x55, 0x55, 0x2a, 0x80, 0x55, 0x2a, 0xa5, 0x52, 0x80, 0x55, 0x2a, 0xa5,
            0x52, 0x80, 0x55, 0x2a, 0xa5, 0x52, 0x80, 0x33, 0x19, 0x8c, 0xc6, 0x00, 0x87, 0x0e,
            0x1c, 0x38, 0x00, 0x7f, 0x00, 0xfe, 0x01, 0x80, 0x7f, 0x00, 0xfe, 0x01, 0x80, 0x7f,
            0x00, 0xfe, 0x01, 0x80, 0x1c, 0x71, 0xc7, 0x1c, 0x00, 0xc6, 0x66, 0x66, 0x66, 0x00,
            0xb2, 0x49, 0x36, 0xc9, 0x00, 0xb2, 0x49, 0x36, 0xc9, 0x00, 0xb2, 0x49, 0x36, 0xc9,
            0x00, 0x55, 0x2a, 0xa5, 0x52, 0x80, 0x2d, 0x2d, 0x2d, 0x25, 0x00,
        ],
    },
    EncodedCase {
        name: "extended-move-a7",
        width: 33,
        height: 19,
        error_kind: 0,
        data: &[
            0x00, 0x00, 0x00, 0x01, 0x30, 0x01, 0x01, 0x00, 0x00, 0x00, 0x13, 0x00, 0x00, 0x00,
            0x21, 0x00, 0x00, 0x00, 0x13, 0x00, 0x00, 0x00, 0x00, 0x00, 0x00, 0x00, 0x00, 0x40,
            0x00, 0x00, 0x00, 0x00, 0x00, 0x02, 0x26, 0x01, 0x01, 0x00, 0x00, 0x00, 0x5b, 0x00,
            0x00, 0x00, 0x21, 0x00, 0x00, 0x00, 0x13, 0x00, 0x00, 0x00, 0x00, 0x00, 0x00, 0x00,
            0x00, 0x04, 0x18, 0xfe, 0x00, 0x00, 0xfe, 0xfe, 0xff, 0xff, 0xfe, 0x01, 0xfe, 0x02,
            0xff, 0x0c, 0xfd, 0xfc, 0x00, 0x02, 0xfe, 0x03, 0xff, 0xfe, 0xfe, 0xfd, 0xff, 0xc3,
            0xad, 0x91, 0x13, 0x09, 0x5f, 0x59, 0xe1, 0x5d, 0xe1, 0x3b, 0x2d, 0xf3, 0xea, 0x3c,
            0x91, 0xe4, 0x25, 0xb5, 0x19, 0xc2, 0x47, 0x52, 0xec, 0x5b, 0xc2, 0x9d, 0xe0, 0x25,
            0x1c, 0x8d, 0x0c, 0x6d, 0x74, 0x66, 0x0a, 0xce, 0xfe, 0x42, 0x11, 0x7a, 0xe9, 0x69,
            0xa3, 0xe7, 0x52, 0xd8, 0xff, 0xac,
        ],
        globals: &[],
        expected: &[
            0x00, 0x00, 0x00, 0x00, 0x00, 0x00, 0x00, 0x00, 0x00, 0x00, 0x4a, 0x52, 0x94, 0xb5,
            0x80, 0xa8, 0x55, 0x55, 0x2a, 0x80, 0x55, 0x2a, 0xa5, 0x52, 0x80, 0x55, 0x2a, 0xa5,
            0x52, 0x80, 0x55, 0x2a, 0xa5, 0x52, 0x80, 0x33, 0x19, 0x8c, 0xc6, 0x00, 0x87, 0x0e,
            0x1c, 0x38, 0x00, 0x7f, 0x00, 0xfe, 0x01, 0x80, 0x7f, 0x00, 0xfe, 0x01, 0x80, 0x7f,
            0x00, 0xfe, 0x01, 0x80, 0x1c, 0x71, 0xc7, 0x1c, 0x00, 0xc6, 0x66, 0x66, 0x66, 0x00,
            0xb2, 0x49, 0x36, 0xc9, 0x00, 0xb2, 0x49, 0x36, 0xc9, 0x00, 0xb2, 0x49, 0x36, 0xc9,
            0x00, 0x55, 0x2a, 0xa5, 0x52, 0x80, 0x2d, 0x2d, 0x2d, 0x25, 0x00,
        ],
    },
    EncodedCase {
        name: "extended-move-a8",
        width: 33,
        height: 19,
        error_kind: 0,
        data: &[
            0x00, 0x00, 0x00, 0x01, 0x30, 0x01, 0x01, 0x00, 0x00, 0x00, 0x13, 0x00, 0x00, 0x00,
            0x21, 0x00, 0x00, 0x00, 0x13, 0x00, 0x00, 0x00, 0x00, 0x00, 0x00, 0x00, 0x00, 0x40,
            0x00, 0x00, 0x00, 0x00, 0x00, 0x02, 0x26, 0x01, 0x01, 0x00, 0x00, 0x00, 0x5b, 0x00,
            0x00, 0x00, 0x21, 0x00, 0x00, 0x00, 0x13, 0x00, 0x00, 0x00, 0x00, 0x00, 0x00, 0x00,
            0x00, 0x04, 0x18, 0xfe, 0x00, 0x00, 0xfe, 0xfe, 0xff, 0xff, 0xfe, 0x01, 0xfe, 0x02,
            0xff, 0xfd, 0x00, 0xf8, 0x00, 0x02, 0xfe, 0x03, 0xff, 0xfe, 0xfe, 0xfd, 0xff, 0xc3,
            0x25, 0x58, 0xed, 0x37, 0xc7, 0x87, 0xeb, 0xc8, 0xe5, 0xc2, 0xba, 0x5b, 0xe7, 0xd4,
            0x19, 0x54, 0x34, 0xbb, 0xb7, 0x70, 0x91, 0xd4, 0xbb, 0x1a, 0xc0, 0xc1, 0x10, 0x8c,
            0xbf, 0x0b, 0x0d, 0x34, 0x04, 0x66, 0x0a, 0xe9, 0x0c, 0x32, 0x39, 0x7a, 0xeb, 0xf9,
            0xbd, 0x14, 0x99, 0x0f, 0xff, 0xac,
        ],
        globals: &[],
        expected: &[
            0x00, 0x00, 0x00, 0x00, 0x00, 0x00, 0x00, 0x00, 0x00, 0x00, 0x4a, 0x52, 0x94, 0xb5,
            0x80, 0xa8, 0x55, 0x55, 0x2a, 0x80, 0x55, 0x2a, 0xa5, 0x52, 0x80, 0x55, 0x2a, 0xa5,
            0x52, 0x80, 0x55, 0x2a, 0xa5, 0x52, 0x80, 0x33, 0x19, 0x8c, 0xc6, 0x00, 0x87, 0x0e,
            0x1c, 0x38, 0x00, 0x7f, 0x00, 0xfe, 0x01, 0x80, 0x7f, 0x00, 0xfe, 0x01, 0x80, 0x7f,
            0x00, 0xfe, 0x01, 0x80, 0x1c, 0x71, 0xc7, 0x1c, 0x00, 0xc6, 0x66, 0x66, 0x66, 0x00,
            0xb2, 0x49, 0x36, 0xc9, 0x00, 0xb2, 0x49, 0x36, 0xc9, 0x00, 0xb2, 0x49, 0x36, 0xc9,
            0x00, 0x55, 0x2a, 0xa5, 0x52, 0x80, 0x2d, 0x2d, 0x2d, 0x25, 0x00,
        ],
    },
    EncodedCase {
        name: "extended-move-a9",
        width: 33,
        height: 19,
        error_kind: 0,
        data: &[
            0x00, 0x00, 0x00, 0x01, 0x30, 0x01, 0x01, 0x00, 0x00, 0x00, 0x13, 0x00, 0x00, 0x00,
            0x21, 0x00, 0x00, 0x00, 0x13, 0x00, 0x00, 0x00, 0x00, 0x00, 0x00, 0x00, 0x00, 0x40,
            0x00, 0x00, 0x00, 0x00, 0x00, 0x02, 0x26, 0x01, 0x01, 0x00, 0x00, 0x00, 0x5b, 0x00,
            0x00, 0x00, 0x21, 0x00, 0x00, 0x00, 0x13, 0x00, 0x00, 0x00, 0x00, 0x00, 0x00, 0x00,
            0x00, 0x04, 0x18, 0xfe, 0x00, 0x00, 0xfe, 0xfe, 0xff, 0xff, 0xfe, 0x01, 0xfe, 0x02,
            0xff, 0xfd, 0x00, 0xfc, 0x00, 0x0e, 0xfd, 0x03, 0xff, 0xfe, 0xfe, 0xfd, 0xff, 0xc3,
            0x4a, 0x0d, 0xcf, 0xcd, 0x5c, 0xfb, 0xac, 0x2b, 0xbc, 0x2b, 0xa4, 0xfb, 0xe7, 0xa3,
            0xc9, 0x18, 0xe8, 0x3b, 0xb7, 0x70, 0x91, 0xd4, 0xb3, 0xd3, 0x64, 0x60, 0x8a, 0xaa,
            0xb0, 0x0e, 0x8d, 0x34, 0xf7, 0x32, 0x15, 0xaa, 0x78, 0xc8, 0xe5, 0xda, 0xa4, 0x6a,
            0x0a, 0x29, 0x4b, 0x63, 0xff, 0xac,
        ],
        globals: &[],
        expected: &[
            0x00, 0x00, 0x00, 0x00, 0x00, 0x00, 0x00, 0x00, 0x00, 0x00, 0x4a, 0x52, 0x94, 0xb5,
            0x80, 0xa8, 0x55, 0x55, 0x2a, 0x80, 0x55, 0x2a, 0xa5, 0x52, 0x80, 0x55, 0x2a, 0xa5,
            0x52, 0x80, 0x55, 0x2a, 0xa5, 0x52, 0x80, 0x33, 0x19, 0x8c, 0xc6, 0x00, 0x87, 0x0e,
            0x1c, 0x38, 0x00, 0x7f, 0x00, 0xfe, 0x01, 0x80, 0x7f, 0x00, 0xfe, 0x01, 0x80, 0x7f,
            0x00, 0xfe, 0x01, 0x80, 0x1c, 0x71, 0xc7, 0x1c, 0x00, 0xc6, 0x66, 0x66, 0x66, 0x00,
            0xb2, 0x49, 0x36, 0xc9, 0x00, 0xb2, 0x49, 0x36, 0xc9, 0x00, 0xb2, 0x49, 0x36, 0xc9,
            0x00, 0x55, 0x2a, 0xa5, 0x52, 0x80, 0x2d, 0x2d, 0x2d, 0x25, 0x00,
        ],
    },
    EncodedCase {
        name: "extended-move-a10",
        width: 33,
        height: 19,
        error_kind: 0,
        data: &[
            0x00, 0x00, 0x00, 0x01, 0x30, 0x01, 0x01, 0x00, 0x00, 0x00, 0x13, 0x00, 0x00, 0x00,
            0x21, 0x00, 0x00, 0x00, 0x13, 0x00, 0x00, 0x00, 0x00, 0x00, 0x00, 0x00, 0x00, 0x40,
            0x00, 0x00, 0x00, 0x00, 0x00, 0x02, 0x26, 0x01, 0x01, 0x00, 0x00, 0x00, 0x5b, 0x00,
            0x00, 0x00, 0x21, 0x00, 0x00, 0x00, 0x13, 0x00, 0x00, 0x00, 0x00, 0x00, 0x00, 0x00,
            0x00, 0x04, 0x18, 0xfe, 0x00, 0x00, 0xfe, 0xfe, 0xff, 0xff, 0xfe, 0x01, 0xfe, 0x02,
            0xff, 0xfd, 0x00, 0xfc, 0x00, 0x02, 0xfe, 0xf9, 0x00, 0xfe, 0xfe, 0xfd, 0xff, 0xc3,
            0x4a, 0x3a, 0x32, 0x88, 0x67, 0xe1, 0x93, 0xea, 0xb8, 0x57, 0x4b, 0x7c, 0xfa, 0x7a,
            0x14, 0xae, 0x8f, 0x76, 0xed, 0xb8, 0xe5, 0x2e, 0xc4, 0x62, 0x0f, 0x22, 0xaa, 0xac,
            0x03, 0xa3, 0x4d, 0x01, 0x19, 0x82, 0xb3, 0xc2, 0xed, 0x5e, 0x63, 0x6e, 0x1b, 0x75,
            0x7c, 0xea, 0x5b, 0x1f, 0xff, 0xac,
        ],
        globals: &[],
        expected: &[
            0x00, 0x00, 0x00, 0x00, 0x00, 0x00, 0x00, 0x00, 0x00, 0x00, 0x4a, 0x52, 0x94, 0xb5,
            0x80, 0xa8, 0x55, 0x55, 0x2a, 0x80, 0x55, 0x2a, 0xa5, 0x52, 0x80, 0x55, 0x2a, 0xa5,
            0x52, 0x80, 0x55, 0x2a, 0xa5, 0x52, 0x80, 0x33, 0x19, 0x8c, 0xc6, 0x00, 0x87, 0x0e,
            0x1c, 0x38, 0x00, 0x7f, 0x00, 0xfe, 0x01, 0x80, 0x7f, 0x00, 0xfe, 0x01, 0x80, 0x7f,
            0x00, 0xfe, 0x01, 0x80, 0x1c, 0x71, 0xc7, 0x1c, 0x00, 0xc6, 0x66, 0x66, 0x66, 0x00,
            0xb2, 0x49, 0x36, 0xc9, 0x00, 0xb2, 0x49, 0x36, 0xc9, 0x00, 0xb2, 0x49, 0x36, 0xc9,
            0x00, 0x55, 0x2a, 0xa5, 0x52, 0x80, 0x2d, 0x2d, 0x2d, 0x25, 0x00,
        ],
    },
    EncodedCase {
        name: "extended-move-a11",
        width: 33,
        height: 19,
        error_kind: 0,
        data: &[
            0x00, 0x00, 0x00, 0x01, 0x30, 0x01, 0x01, 0x00, 0x00, 0x00, 0x13, 0x00, 0x00, 0x00,
            0x21, 0x00, 0x00, 0x00, 0x13, 0x00, 0x00, 0x00, 0x00, 0x00, 0x00, 0x00, 0x00, 0x40,
            0x00, 0x00, 0x00, 0x00, 0x00, 0x02, 0x26, 0x01, 0x01, 0x00, 0x00, 0x00, 0x5c, 0x00,
            0x00, 0x00, 0x21, 0x00, 0x00, 0x00, 0x13, 0x00, 0x00, 0x00, 0x00, 0x00, 0x00, 0x00,
            0x00, 0x04, 0x18, 0xfe, 0x00, 0x00, 0xfe, 0xfe, 0xff, 0xff, 0xfe, 0x01, 0xfe, 0x02,
            0xff, 0xfd, 0x00, 0xfc, 0x00, 0x02, 0xfe, 0x03, 0xff, 0x10, 0xfd, 0xfd, 0xff, 0xc3,
            0x4a, 0x0d, 0xcf, 0xcd, 0x5c, 0xfb, 0xac, 0x2b, 0xbc, 0x2b, 0xa4, 0x73, 0xe7, 0xa3,
            0xca, 0x4f, 0xe8, 0xfb, 0xb7, 0x70, 0x91, 0xd4, 0xb5, 0x2a, 0x10, 0x5c, 0x8a, 0xaa,
            0xb0, 0x0e, 0x8d, 0x33, 0x7f, 0x30, 0x15, 0x9e, 0x17, 0x64, 0x72, 0xed, 0x51, 0x72,
            0x4d, 0xc5, 0x69, 0x6c, 0x7f, 0xff, 0xac,
        ],
        globals: &[],
        expected: &[
            0x00, 0x00, 0x00, 0x00, 0x00, 0x00, 0x00, 0x00, 0x00, 0x00, 0x4a, 0x52, 0x94, 0xb5,
            0x80, 0xa8, 0x55, 0x55, 0x2a, 0x80, 0x55, 0x2a, 0xa5, 0x52, 0x80, 0x55, 0x2a, 0xa5,
            0x52, 0x80, 0x55, 0x2a, 0xa5, 0x52, 0x80, 0x33, 0x19, 0x8c, 0xc6, 0x00, 0x87, 0x0e,
            0x1c, 0x38, 0x00, 0x7f, 0x00, 0xfe, 0x01, 0x80, 0x7f, 0x00, 0xfe, 0x01, 0x80, 0x7f,
            0x00, 0xfe, 0x01, 0x80, 0x1c, 0x71, 0xc7, 0x1c, 0x00, 0xc6, 0x66, 0x66, 0x66, 0x00,
            0xb2, 0x49, 0x36, 0xc9, 0x00, 0xb2, 0x49, 0x36, 0xc9, 0x00, 0xb2, 0x49, 0x36, 0xc9,
            0x00, 0x55, 0x2a, 0xa5, 0x52, 0x80, 0x2d, 0x2d, 0x2d, 0x25, 0x00,
        ],
    },
    EncodedCase {
        name: "extended-move-a12",
        width: 33,
        height: 19,
        error_kind: 0,
        data: &[
            0x00, 0x00, 0x00, 0x01, 0x30, 0x01, 0x01, 0x00, 0x00, 0x00, 0x13, 0x00, 0x00, 0x00,
            0x21, 0x00, 0x00, 0x00, 0x13, 0x00, 0x00, 0x00, 0x00, 0x00, 0x00, 0x00, 0x00, 0x40,
            0x00, 0x00, 0x00, 0x00, 0x00, 0x02, 0x26, 0x01, 0x01, 0x00, 0x00, 0x00, 0x5b, 0x00,
            0x00, 0x00, 0x21, 0x00, 0x00, 0x00, 0x13, 0x00, 0x00, 0x00, 0x00, 0x00, 0x00, 0x00,
            0x00, 0x04, 0x18, 0xfe, 0x00, 0x00, 0xfe, 0xfe, 0xff, 0xff, 0xfe, 0x01, 0xfe, 0x02,
            0xff, 0xfd, 0x00, 0xfc, 0x00, 0x02, 0xfe, 0x03, 0xff, 0xfe, 0xfe, 0xf7, 0x00, 0xc3,
            0x47, 0x76, 0x99, 0xe6, 0x87, 0xe0, 0x9c, 0xae, 0x5c, 0x2b, 0xa5, 0xbe, 0x7d, 0x2c,
            0x96, 0x9f, 0xca, 0xdd, 0xbb, 0x84, 0x8e, 0xa5, 0xd8, 0xd6, 0x05, 0xff, 0x0e, 0x2a,
            0xc0, 0x3a, 0x34, 0xd0, 0x11, 0x98, 0x2b, 0x3c, 0x2e, 0xc8, 0xe5, 0xda, 0xa4, 0x49,
            0xf7, 0xce, 0xb5, 0x07, 0xff, 0xac,
        ],
        globals: &[],
        expected: &[
            0x00, 0x00, 0x00, 0x00, 0x00, 0x00, 0x00, 0x00, 0x00, 0x00, 0x4a, 0x52, 0x94, 0xb5,
            0x80, 0xa8, 0x55, 0x55, 0x2a, 0x80, 0x55, 0x2a, 0xa5, 0x52, 0x80, 0x55, 0x2a, 0xa5,
            0x52, 0x80, 0x55, 0x2a, 0xa5, 0x52, 0x80, 0x33, 0x19, 0x8c, 0xc6, 0x00, 0x87, 0x0e,
            0x1c, 0x38, 0x00, 0x7f, 0x00, 0xfe, 0x01, 0x80, 0x7f, 0x00, 0xfe, 0x01, 0x80, 0x7f,
            0x00, 0xfe, 0x01, 0x80, 0x1c, 0x71, 0xc7, 0x1c, 0x00, 0xc6, 0x66, 0x66, 0x66, 0x00,
            0xb2, 0x49, 0x36, 0xc9, 0x00, 0xb2, 0x49, 0x36, 0xc9, 0x00, 0xb2, 0x49, 0x36, 0xc9,
            0x00, 0x55, 0x2a, 0xa5, 0x52, 0x80, 0x2d, 0x2d, 0x2d, 0x25, 0x00,
        ],
    },
    EncodedCase {
        name: "extended-overlap",
        width: 65,
        height: 19,
        error_kind: 0,
        data: &[
            0x00, 0x00, 0x00, 0x01, 0x30, 0x01, 0x01, 0x00, 0x00, 0x00, 0x13, 0x00, 0x00, 0x00,
            0x41, 0x00, 0x00, 0x00, 0x13, 0x00, 0x00, 0x00, 0x00, 0x00, 0x00, 0x00, 0x00, 0x40,
            0x00, 0x00, 0x00, 0x00, 0x00, 0x02, 0x26, 0x01, 0x01, 0x00, 0x00, 0x00, 0x84, 0x00,
            0x00, 0x00, 0x41, 0x00, 0x00, 0x00, 0x13, 0x00, 0x00, 0x00, 0x00, 0x00, 0x00, 0x00,
            0x00, 0x04, 0x18, 0xff, 0x00, 0xff, 0x00, 0xff, 0x00, 0xff, 0x00, 0xff, 0x00, 0xff,
            0x00, 0xff, 0x00, 0xff, 0x00, 0xff, 0x00, 0xff, 0x00, 0xff, 0x00, 0xff, 0x00, 0xc2,
            0x33, 0xaf, 0xf5, 0x8f, 0xea, 0x29, 0xeb, 0x56, 0x5c, 0x36, 0x91, 0xa2, 0x03, 0xd6,
            0x64, 0x0f, 0x40, 0x7f, 0xee, 0xae, 0x21, 0x50, 0x4a, 0x06, 0x48, 0xa3, 0xfb, 0x4d,
            0x22, 0x68, 0x71, 0x6f, 0xae, 0xda, 0xc2, 0x7b, 0x83, 0x10, 0x17, 0xa5, 0xa1, 0x5b,
            0x42, 0x54, 0xbb, 0xfc, 0x03, 0x2b, 0x69, 0xc0, 0xc6, 0x4e, 0x85, 0xd8, 0x1a, 0xff,
            0x3e, 0x99, 0x73, 0x0e, 0x99, 0x7a, 0xe2, 0x21, 0xcf, 0xdd, 0xce, 0xb6, 0x10, 0xff,
            0x0b, 0xf6, 0x87, 0xa8, 0xab, 0x27, 0x54, 0x5e, 0x2f, 0x1c, 0x6b, 0xb1, 0x96, 0xa2,
            0xda, 0x75, 0x0f, 0xff, 0xac,
        ],
        globals: &[],
        expected: &[
            0x00, 0x00, 0x00, 0x00, 0x00, 0x00, 0x00, 0x00, 0x00, 0x00, 0x00, 0x00, 0x00, 0x00,
            0x00, 0x00, 0x00, 0x00, 0x4a, 0x52, 0x94, 0xb5, 0xad, 0x29, 0x4a, 0x52, 0x80, 0xa8,
            0x55, 0x55, 0x2a, 0xaa, 0xa5, 0x55, 0x52, 0x80, 0x55, 0x2a, 0xa5, 0x52, 0xaa, 0x55,
            0x2a, 0xa5, 0x00, 0x55, 0x2a, 0xa5, 0x52, 0xaa, 0x55, 0x2a, 0xa5, 0x00, 0x55, 0x2a,
            0xa5, 0x52, 0xaa, 0x55, 0x2a, 0xa5, 0x00, 0x33, 0x19, 0x8c, 0xc6, 0x73, 0x19, 0x8c,
            0xc6, 0x00, 0x87, 0x0e, 0x1c, 0x38, 0x70, 0xe1, 0xc3, 0x87, 0x00, 0x7f, 0x00, 0xfe,
            0x01, 0xfc, 0x03, 0xf8, 0x07, 0x80, 0x7f, 0x00, 0xfe, 0x01, 0xfc, 0x03, 0xf8, 0x07,
            0x80, 0x7f, 0x00, 0xfe, 0x01, 0xfc, 0x03, 0xf8, 0x07, 0x80, 0x1c, 0x71, 0xc7, 0x1c,
            0x71, 0xc7, 0x1c, 0x71, 0x80, 0xc6, 0x66, 0x66, 0x66, 0x23, 0x33, 0x33, 0x31, 0x00,
            0xb2, 0x49, 0x36, 0xc9, 0x24, 0xdb, 0x64, 0x92, 0x00, 0xb2, 0x49, 0x36, 0xc9, 0x24,
            0xdb, 0x64, 0x92, 0x00, 0xb2, 0x49, 0x36, 0xc9, 0x24, 0xdb, 0x64, 0x92, 0x00, 0x55,
            0x2a, 0xa5, 0x52, 0xaa, 0x55, 0x2a, 0xa5, 0x00, 0x2d, 0x2d, 0x2d, 0x25, 0x25, 0x25,
            0x25, 0xa5, 0x80,
        ],
    },
    EncodedCase {
        name: "extended-signed-limits",
        width: 137,
        height: 133,
        error_kind: 0,
        data: &[
            0x00, 0x00, 0x00, 0x01, 0x30, 0x01, 0x01, 0x00, 0x00, 0x00, 0x13, 0x00, 0x00, 0x00,
            0x89, 0x00, 0x00, 0x00, 0x85, 0x00, 0x00, 0x00, 0x00, 0x00, 0x00, 0x00, 0x00, 0x40,
            0x00, 0x00, 0x00, 0x00, 0x00, 0x02, 0x26, 0x01, 0x01, 0x00, 0x00, 0x05, 0x24, 0x00,
            0x00, 0x00, 0x89, 0x00, 0x00, 0x00, 0x85, 0x00, 0x00, 0x00, 0x00, 0x00, 0x00, 0x00,
            0x00, 0x04, 0x18, 0x80, 0x00, 0x7f, 0x80, 0x80, 0x80, 0x7f, 0xff, 0x80, 0x00, 0x7f,
            0x80, 0x80, 0x80, 0x7f, 0xff, 0x80, 0x00, 0x7f, 0x80, 0x80, 0x80, 0x7f, 0xff, 0xc2,
            0x33, 0xaf, 0xf5, 0x8f, 0xea, 0x2a, 0x10, 0xe4, 0x09, 0x3c, 0x8a, 0x74, 0xf7, 0x30,
            0x09, 0xa2, 0xf6, 0xb4, 0x49, 0x6e, 0xf9, 0xb3, 0x75, 0xcf, 0x0d, 0xed, 0x78, 0x1f,
            0xfc, 0x86, 0x98, 0x7c, 0x3c, 0xd5, 0xc0, 0xeb, 0x3e, 0x77, 0x2d, 0x90, 0x0d, 0xae,
            0x94, 0x17, 0xc3, 0x2d, 0xbb, 0xc2, 0x9b, 0xd6, 0xcb, 0x02, 0x24, 0x4b, 0xca, 0x4e,
            0x3d, 0x1e, 0x55, 0xa7, 0x85, 0xfb, 0xe8, 0xd8, 0x4b, 0x5f, 0x8c, 0x3c, 0x56, 0x81,
            0x1c, 0x09, 0xaf, 0x3f, 0x60, 0x1c, 0x01, 0x70, 0x52, 0x15, 0xba, 0xfc, 0x44, 0x31,
            0xac, 0x1a, 0x9e, 0x43, 0xf9, 0xa8, 0x5a, 0xd8, 0x40, 0xaa, 0x75, 0xcd, 0x00, 0xdc,
            0x5b, 0xf3, 0x98, 0x04, 0x0d, 0x54, 0xa2, 0x0c, 0x7d, 0xbc, 0xe5, 0xac, 0xd7, 0x77,
            0xf3, 0x8d, 0x25, 0x33, 0x03, 0xb9, 0x57, 0xbf, 0x14, 0xf6, 0x90, 0xfd, 0xb9, 0xa2,
            0x1c, 0xef, 0x66, 0x46, 0x02, 0xd3, 0xfd, 0x2a, 0x4f, 0x6b, 0x04, 0xf4, 0xdf, 0x95,
            0x74, 0xe4, 0xf4, 0xd4, 0x21, 0xca, 0x24, 0x4b, 0xef, 0x47, 0x2f, 0x4a, 0x60, 0xcc,
            0x8e, 0x9d, 0x19, 0x7a, 0x0e, 0x11, 0x14, 0x0a, 0xd6, 0x19, 0x1e, 0x8a, 0x87, 0x5a,
            0xf8, 0x05, 0x6d, 0x79, 0xd4, 0x1c, 0x6b, 0x6d, 0x74, 0xe0, 0xdf, 0x78, 0x62, 0x0b,
            0x5b, 0xad, 0xb5, 0x36, 0x84, 0xcb, 0xe6, 0xb6, 0x37, 0xd5, 0x08, 0xe4, 0x16, 0x80,
            0xa8, 0xaf, 0x71, 0x21, 0x5a, 0x4d, 0x4c, 0xe1, 0x27, 0xf0, 0x33, 0x60, 0x83, 0xab,
            0x5b, 0x85, 0xf9, 0x3c, 0xb4, 0x3e, 0xd7, 0xbf, 0xce, 0xc4, 0x77, 0x6e, 0x1f, 0xaa,
            0x49, 0xeb, 0xb2, 0x79, 0x6b, 0xb9, 0x66, 0xbc, 0xb1, 0xf6, 0xa0, 0x57, 0x40, 0x2f,
            0x21, 0xb4, 0xf2, 0x28, 0x22, 0xf3, 0xa4, 0xa1, 0x06, 0x35, 0xcd, 0xce, 0x2e, 0xd3,
            0x68, 0x67, 0xc7, 0xfd, 0x15, 0x50, 0x7e, 0x5c, 0x54, 0x29, 0xdb, 0xef, 0x60, 0x33,
            0xf8, 0xb4, 0x77, 0xae, 0x5a, 0x32, 0x44, 0xf5, 0x76, 0x31, 0x10, 0x43, 0x66, 0x3c,
            0x3d, 0xfd, 0x83, 0x71, 0x04, 0xa7, 0x4e, 0x1f, 0xe9, 0x1f, 0x0a, 0xaa, 0xb2, 0x35,
            0xe3, 0x8b, 0x9a, 0xe2, 0xf2, 0x50, 0x51, 0xea, 0x8e, 0xc3, 0x79, 0x45, 0xa0, 0xfb,
            0x7a, 0xf1, 0xb7, 0xc5, 0x01, 0x59, 0x96, 0xa1, 0xd4, 0x7a, 0x98, 0x6c, 0x08, 0x9f,
            0x67, 0x3a, 0x4e, 0x30, 0x87, 0xb3, 0x6c, 0x2e, 0xf9, 0x52, 0x90, 0x39, 0x61, 0x82,
            0x3c, 0x5a, 0x1a, 0xd6, 0xc9, 0xce, 0x81, 0xd8, 0xad, 0x17, 0x4e, 0x39, 0x2b, 0xbd,
            0x8a, 0xbf, 0x33, 0x88, 0x44, 0x29, 0x8e, 0xfc, 0x21, 0x18, 0x81, 0x1e, 0xb4, 0xf6,
            0xc8, 0x23, 0x63, 0x8e, 0x74, 0xd2, 0x1e, 0x2f, 0xf0, 0xe1, 0xf2, 0xa6, 0x9a, 0x4c,
            0x7f, 0xd5, 0x02, 0x48, 0x1a, 0x3c, 0x46, 0xe2, 0xb5, 0x7d, 0x0d, 0x11, 0x4b, 0xf1,
            0x2e, 0x1a, 0xbd, 0xf4, 0xe6, 0x2f, 0x61, 0xe1, 0xe5, 0xee, 0x1b, 0xbe, 0x50, 0xb3,
            0x1b, 0xb2, 0x27, 0x1b, 0x35, 0xdc, 0x9c, 0x58, 0x32, 0x5d, 0xa8, 0xcc, 0x95, 0x47,
            0xe4, 0xae, 0x39, 0x9c, 0xa4, 0x74, 0x42, 0xc2, 0x07, 0x5a, 0xe5, 0x86, 0xaf, 0x0f,
            0x24, 0xe5, 0x88, 0xcf, 0x3a, 0x23, 0x07, 0x39, 0x72, 0x9c, 0x04, 0xe6, 0x90, 0x32,
            0x68, 0x90, 0x8a, 0xa8, 0xc6, 0x6e, 0x2d, 0x5e, 0x23, 0x8a, 0x90, 0x95, 0x6f, 0x39,
            0x05, 0x33, 0xf3, 0x46, 0x1d, 0x82, 0xd8, 0xc4, 0x81, 0xa4, 0x71, 0x99, 0xa5, 0x56,
            0x40, 0x52, 0xeb, 0xa3, 0x9e, 0xd2, 0x1b, 0x60, 0x91, 0xd7, 0x04, 0x1a, 0xc1, 0xd1,
            0x97, 0x6d, 0xcf, 0x7b, 0x2e, 0x4f, 0xd9, 0xaa, 0xe0, 0x3a, 0x86, 0xf8, 0xb7, 0xc9,
            0x41, 0x27, 0xc7, 0x32, 0x33, 0x4b, 0x2e, 0x9d, 0x53, 0x84, 0x1f, 0xde, 0x76, 0x9a,
            0x6b, 0x95, 0x6c, 0x7c, 0x77, 0x4d, 0xf6, 0xae, 0x59, 0x9a, 0x41, 0x7a, 0x45, 0x97,
            0x96, 0x07, 0x5f, 0xc8, 0xfe, 0xbc, 0x0c, 0xfe, 0x66, 0x9c, 0x32, 0x20, 0xc4, 0x7d,
            0x3d, 0xb6, 0x8a, 0x25, 0xde, 0xcc, 0x35, 0xb1, 0x5f, 0xcb, 0x06, 0x83, 0x50, 0x1a,
            0xec, 0x7c, 0x57, 0xbb, 0xad, 0xff, 0x67, 0x1f, 0x74, 0xaa, 0x73, 0x67, 0x6d, 0x73,
            0x6c, 0xeb, 0x80, 0xf1, 0x06, 0xaf, 0xfe, 0x3d, 0x4c, 0x63, 0x83, 0x6a, 0x67, 0x6a,
            0x5a, 0xa6, 0xa0, 0x55, 0xf9, 0xaf, 0x54, 0x5a, 0xa9, 0xc1, 0xdc, 0x62, 0x42, 0x5b,
            0x79, 0xf2, 0x9a, 0xcc, 0xf8, 0x38, 0xc1, 0xc8, 0xb0, 0xea, 0x06, 0xc0, 0xd1, 0x81,
            0x21, 0x3a, 0x8a, 0xd3, 0x00, 0x89, 0x89, 0x3e, 0xfb, 0x78, 0x47, 0x51, 0xc9, 0x2a,
            0x5a, 0x40, 0x92, 0x03, 0x94, 0x9b, 0x13, 0xc9, 0xf6, 0x93, 0xf5, 0x06, 0x06, 0xe0,
            0x25, 0x74, 0xe5, 0xcf, 0x6b, 0x9d, 0xdf, 0xf1, 0xbd, 0x4c, 0x77, 0x94, 0x94, 0xaa,
            0x7c, 0x7b, 0xfc, 0xc0, 0xd8, 0x9c, 0x7b, 0x73, 0x71, 0x39, 0x9d, 0x93, 0x81, 0x65,
            0xea, 0x2b, 0x96, 0x3e, 0x5d, 0x5f, 0x5f, 0x57, 0x98, 0xf7, 0x08, 0x66, 0x6f, 0x13,
            0x3e, 0x3c, 0x1a, 0xc4, 0x1d, 0xe2, 0x5e, 0x31, 0x48, 0x06, 0x72, 0xbe, 0xe0, 0xac,
            0xdb, 0x07, 0xb5, 0x3e, 0x5f, 0x2c, 0x10, 0xb1, 0xa7, 0x8a, 0xf8, 0xfb, 0x1b, 0x08,
            0xd4, 0x51, 0x4c, 0x5e, 0x80, 0x01, 0x99, 0x63, 0x36, 0x8b, 0x75, 0x66, 0xfe, 0x44,
            0x96, 0xd1, 0x50, 0x7f, 0x0d, 0xb7, 0x90, 0xe8, 0x36, 0x9b, 0xc4, 0x24, 0xd7, 0x19,
            0x8d, 0x8a, 0x76, 0x77, 0xb4, 0xd0, 0xcf, 0xb8, 0x62, 0x74, 0xda, 0x9d, 0x67, 0xb9,
            0xab, 0x87, 0x6a, 0x20, 0xdc, 0x79, 0xa9, 0x05, 0x1e, 0x7e, 0xff, 0x16, 0xfa, 0x1b,
            0xc8, 0x96, 0x7d, 0x09, 0xb2, 0x7c, 0xd2, 0xbc, 0xa9, 0x11, 0xf5, 0x3c, 0xa1, 0xc2,
            0x7b, 0xa3, 0xb1, 0x3a, 0xfb, 0x48, 0x46, 0xe6, 0x28, 0xf7, 0x04, 0x1c, 0x93, 0x27,
            0x3c, 0x38, 0xe1, 0xfd, 0x7a, 0xfe, 0x5f, 0x07, 0x16, 0x41, 0xfb, 0xe1, 0x1b, 0x4b,
            0x46, 0xb8, 0x38, 0xbe, 0x4a, 0x43, 0x49, 0x6c, 0xa9, 0x95, 0x0d, 0xcd, 0x08, 0xa4,
            0x12, 0x82, 0x9c, 0x80, 0x8d, 0xc8, 0x17, 0x8b, 0x15, 0xcd, 0xe7, 0xeb, 0x7d, 0x3c,
            0xf4, 0x93, 0x4c, 0x7f, 0x0e, 0x0a, 0x43, 0x8f, 0xcb, 0x9e, 0x43, 0xea, 0x08, 0x48,
            0x32, 0x9b, 0xaf, 0x40, 0x1a, 0xf9, 0x70, 0xf7, 0x80, 0x18, 0x49, 0x64, 0x17, 0x99,
            0x41, 0xdd, 0x65, 0x53, 0x76, 0xba, 0xf3, 0x0c, 0x7c, 0x22, 0x51, 0x13, 0x29, 0x53,
            0xe1, 0x89, 0x19, 0x4d, 0xdc, 0x65, 0xe2, 0x20, 0x98, 0x28, 0x3b, 0xff, 0x20, 0x17,
            0xd6, 0x19, 0x2e, 0x5e, 0xb7, 0x10, 0x0e, 0x3c, 0xd4, 0x23, 0x9e, 0xae, 0x31, 0xd9,
            0x89, 0x96, 0x98, 0x51, 0xd4, 0x3d, 0x26, 0x4e, 0x5c, 0xa6, 0x2f, 0x76, 0xdc, 0x2d,
            0x3b, 0xdf, 0xea, 0xf6, 0x77, 0x2a, 0x53, 0x09, 0x95, 0x71, 0xfe, 0x6c, 0x02, 0x81,
            0xc4, 0xa4, 0xd3, 0x71, 0xec, 0xe5, 0xf2, 0x46, 0x8d, 0xd7, 0x7e, 0xaf, 0x57, 0x64,
            0x8d, 0x68, 0x8c, 0xe2, 0x6c, 0x3f, 0x2f, 0x73, 0xd6, 0x05, 0xa5, 0x82, 0xf0, 0xdd,
            0x50, 0xee, 0x47, 0x0e, 0xa4, 0x6e, 0x6d, 0x6b, 0x5c, 0x4e, 0x76, 0x92, 0xfb, 0x93,
            0xf3, 0x65, 0x31, 0x9d, 0x5f, 0x8c, 0x16, 0x90, 0x42, 0x30, 0xae, 0xbf, 0x55, 0x69,
            0xd6, 0x9d, 0xc5, 0x46, 0xfa, 0x14, 0x6f, 0xbb, 0x29, 0x8b, 0xa7, 0x5e, 0x13, 0x1a,
            0xee, 0x0d, 0x57, 0xa3, 0x23, 0x5c, 0x74, 0xad, 0xd1, 0x84, 0x4d, 0x07, 0xf8, 0x13,
            0x4b, 0x83, 0x72, 0x04, 0x75, 0xf0, 0xcc, 0x94, 0x35, 0x9c, 0x7a, 0x69, 0x14, 0x14,
            0x49, 0xd0, 0x69, 0x52, 0x75, 0xef, 0x17, 0xfa, 0xa3, 0xb5, 0xb5, 0x0e, 0xa8, 0x69,
            0x01, 0x17, 0xb0, 0x1c, 0xc8, 0x5b, 0xa1, 0xf6, 0xca, 0x7f, 0x71, 0xd4, 0x57, 0x2f,
            0x78, 0xf7, 0xf0, 0xa9, 0xa3, 0x09, 0x97, 0x16, 0x09, 0xe2, 0xc7, 0x8f, 0x7e, 0x96,
            0x4d, 0x4c, 0x64, 0xe6, 0x8a, 0x07, 0x1f, 0x9d, 0xe0, 0x4b, 0xa0, 0xc3, 0x97, 0x5b,
            0x56, 0x9b, 0x1a, 0xab, 0xe3, 0x9f, 0xbd, 0x16, 0x46, 0x7d, 0xdf, 0x51, 0x57, 0xae,
            0x19, 0xd9, 0xb3, 0x71, 0x69, 0xd8, 0xdd, 0xf3, 0x08, 0xac, 0x49, 0x3a, 0x53, 0xb6,
            0x04, 0xe3, 0x9f, 0x43, 0xe9, 0xc4, 0x38, 0xc7, 0x0b, 0xb0, 0x64, 0xb2, 0x6e, 0xe0,
            0x98, 0x53, 0x1a, 0x08, 0x3c, 0xe9, 0x5d, 0x14, 0x55, 0xa0, 0xc0, 0x70, 0xf2, 0xed,
            0xeb, 0xfc, 0xa1, 0xbc, 0xf5, 0x39, 0x61, 0x80, 0x56, 0x0d, 0x21, 0xdf, 0x40, 0x33,
            0x1a, 0xf9, 0xc1, 0xd9, 0xd3, 0x37, 0xa5, 0x89, 0x57, 0x74, 0xa9, 0x7e, 0x36, 0x84,
            0xcc, 0xbd, 0xeb, 0x83, 0x29, 0xd0, 0x44, 0x4c, 0x1f, 0x8c, 0xb4, 0x9d, 0x14, 0xe0,
            0x78, 0x37, 0x1b, 0xfa, 0x96, 0x71, 0x95, 0x44, 0x85, 0x81, 0xc8, 0x36, 0x5b, 0x0c,
            0xac, 0xeb, 0x19, 0xdf, 0x23, 0x77, 0x86, 0x34, 0x10, 0x9d, 0xbe, 0x13, 0xbb, 0xb8,
            0xc4, 0xf8, 0x9f, 0x0c, 0xec, 0x31, 0xef, 0x49, 0x19, 0xf9, 0xa3, 0xfd, 0x9c, 0x96,
            0xc1, 0xdd, 0x99, 0x6d, 0x4b, 0x15, 0x8f, 0x88, 0xb6, 0xd3, 0xe8, 0x7b, 0x97, 0xd2,
            0xa4, 0xd3, 0xec, 0x06, 0xa7, 0x19, 0x23, 0x63, 0x9e, 0x2c, 0x65, 0xa4, 0x07, 0xb4,
            0x12, 0x47, 0xf5, 0x49, 0xe7, 0xc2, 0x2a, 0xfb, 0x0e, 0x76, 0x7f, 0xff, 0xac,
        ],
        globals: &[],
        expected: &[
            0x00, 0x00, 0x00, 0x00, 0x00, 0x00, 0x00, 0x00, 0x00, 0x00, 0x00, 0x00, 0x00, 0x00,
            0x00, 0x00, 0x00, 0x00, 0x00, 0x00, 0x00, 0x00, 0x00, 0x00, 0x00, 0x00, 0x00, 0x00,
            0x00, 0x00, 0x00, 0x00, 0x00, 0x00, 0x00, 0x00, 0x4a, 0x52, 0x94, 0xb5, 0xad, 0x29,
            0x4a, 0x52, 0x94, 0xb5, 0xad, 0x29, 0x4a, 0x52, 0x96, 0xb5, 0xa5, 0x00, 0xa8, 0x55,
            0x55, 0x2a, 0xaa, 0xa5, 0x55, 0x52, 0xaa, 0xaa, 0x55, 0x55, 0x0a, 0xaa, 0xa5, 0x55,
            0x54, 0x80, 0x55, 0x2a, 0xa5, 0x52, 0xaa, 0x55, 0x2a, 0xa5, 0x56, 0xaa, 0x55, 0x4a,
            0xa5, 0x54, 0xaa, 0x55, 0x4a, 0x80, 0x55, 0x2a, 0xa5, 0x52, 0xaa, 0x55, 0x2a, 0xa5,
            0x56, 0xaa, 0x55, 0x4a, 0xa5, 0x54, 0xaa, 0x55, 0x4a, 0x80, 0x55, 0x2a, 0xa5, 0x52,
            0xaa, 0x55, 0x2a, 0xa5, 0x56, 0xaa, 0x55, 0x4a, 0xa5, 0x54, 0xaa, 0x55, 0x4a, 0x80,
            0x33, 0x19, 0x8c, 0xc6, 0x73, 0x19, 0x8c, 0xc6, 0x63, 0x31, 0x9c, 0xc6, 0x63, 0x31,
            0x98, 0xce, 0x63, 0x00, 0x87, 0x0e, 0x1c, 0x38, 0x70, 0xe1, 0xc3, 0x87, 0x0e, 0x1c,
            0x38, 0x70, 0xe1, 0xc3, 0x87, 0x0e, 0x1c, 0x00, 0x7f, 0x00, 0xfe, 0x01, 0xfc, 0x03,
            0xf8, 0x07, 0xf0, 0x0f, 0xe0, 0x0f, 0xe0, 0x1f, 0xc0, 0x3f, 0x80, 0x00, 0x7f, 0x00,
            0xfe, 0x01, 0xfc, 0x03, 0xf8, 0x07, 0xf0, 0x0f, 0xe0, 0x0f, 0xe0, 0x1f, 0xc0, 0x3f,
            0x80, 0x00, 0x7f, 0x00, 0xfe, 0x01, 0xfc, 0x03, 0xf8, 0x07, 0xf0, 0x0f, 0xe0, 0x0f,
            0xe0, 0x1f, 0xc0, 0x3f, 0x80, 0x00, 0x1c, 0x71, 0xc7, 0x1c, 0x71, 0xc7, 0x1c, 0x71,
            0xc3, 0x0c, 0x30, 0xe3, 0x8e, 0x38, 0xe3, 0x8e, 0x38, 0x80, 0xc6, 0x66, 0x66, 0x66,
            0x23, 0x33, 0x33, 0x31, 0x19, 0x99, 0x99, 0x98, 0xcc, 0xcc, 0xcc, 0xc4, 0x66, 0x00,
            0xb2, 0x49, 0x36, 0xc9, 0x24, 0xdb, 0x64, 0x92, 0x6d, 0x92, 0x49, 0xb6, 0x49, 0x26,
            0xd9, 0x24, 0x9b, 0x00, 0xb2, 0x49, 0x36, 0xc9, 0x24, 0xdb, 0x64, 0x92, 0x6d, 0x92,
            0x49, 0xb6, 0x49, 0x26, 0xd9, 0x24, 0x9b, 0x00, 0xb2, 0x49, 0x36, 0xc9, 0x24, 0xdb,
            0x64, 0x92, 0x6d, 0x92, 0x49, 0xb6, 0x49, 0x26, 0xd9, 0x24, 0x9b, 0x00, 0x55, 0x2a,
            0xa5, 0x52, 0xaa, 0x55, 0x2a, 0xa5, 0x56, 0xaa, 0x55, 0x4a, 0xa5, 0x54, 0xaa, 0x55,
            0x4a, 0x80, 0x2d, 0x2d, 0x2d, 0x25, 0x25, 0x25, 0x25, 0xa5, 0xa5, 0xa5, 0xa5, 0xa5,
            0xa5, 0xa5, 0xa4, 0xa4, 0xa4, 0x80, 0xd9, 0x36, 0x4c, 0x9b, 0x26, 0xc9, 0x92, 0x64,
            0xd9, 0x32, 0x4c, 0x9b, 0x26, 0xc9, 0x93, 0x64, 0xd9, 0x00, 0xd9, 0x36, 0x4c, 0x9b,
            0x26, 0xc9, 0x92, 0x64, 0xd9, 0x32, 0x4c, 0x9b, 0x26, 0xc9, 0x93, 0x64, 0xd9, 0x00,
            0xd9, 0x36, 0x4c, 0x9b, 0x26, 0xc9, 0x92, 0x64, 0xd9, 0x32, 0x4c, 0x9b, 0x26, 0xc9,
            0x93, 0x64, 0xd9, 0x00, 0x7f, 0x00, 0xfe, 0x01, 0xfc, 0x03, 0xf8, 0x07, 0xf0, 0x0f,
            0xe0, 0x0f, 0xe0, 0x1f, 0xc0, 0x3f, 0x80, 0x00, 0x00, 0x03, 0xff, 0xff, 0xff, 0xff,
            0xff, 0x00, 0x00, 0x00, 0x00, 0x00, 0x00, 0x7f, 0xff, 0xff, 0xff, 0x80, 0xe0, 0x7c,
            0x07, 0xc0, 0xf8, 0x1f, 0x81, 0xf0, 0x3e, 0x07, 0xe0, 0x7c, 0x0f, 0x80, 0xf8, 0x1f,
            0x03, 0x80, 0xe0, 0x7c, 0x07, 0xc0, 0xf8, 0x1f, 0x81, 0xf0, 0x3e, 0x07, 0xe0, 0x7c,
            0x0f, 0x80, 0xf8, 0x1f, 0x03, 0x80, 0xe0, 0x7c, 0x07, 0xc0, 0xf8, 0x1f, 0x81, 0xf0,
            0x3e, 0x07, 0xe0, 0x7c, 0x0f, 0x80, 0xf8, 0x1f, 0x03, 0x80, 0xb2, 0x49, 0x36, 0xc9,
            0x24, 0xdb, 0x64, 0x92, 0x6d, 0x92, 0x49, 0xb6, 0x49, 0x26, 0xd9, 0x24, 0x9b, 0x00,
            0x4a, 0x52, 0x94, 0xb5, 0xad, 0x29, 0x4a, 0x52, 0x94, 0xb5, 0xad, 0x29, 0x4a, 0x52,
            0x96, 0xb5, 0xa5, 0x00, 0xa8, 0x55, 0x55, 0x2a, 0xaa, 0xa5, 0x55, 0x52, 0xaa, 0xaa,
            0x55, 0x55, 0x0a, 0xaa, 0xa5, 0x55, 0x54, 0x80, 0xa8, 0x55, 0x55, 0x2a, 0xaa, 0xa5,
            0x55, 0x52, 0xaa, 0xaa, 0x55, 0x55, 0x0a, 0xaa, 0xa5, 0x55, 0x54, 0x80, 0xa8, 0x55,
            0x55, 0x2a, 0xaa, 0xa5, 0x55, 0x52, 0xaa, 0xaa, 0x55, 0x55, 0x0a, 0xaa, 0xa5, 0x55,
            0x54, 0x80, 0xd9, 0x36, 0x4c, 0x9b, 0x26, 0xc9, 0x92, 0x64, 0xd9, 0x32, 0x4c, 0x9b,
            0x26, 0xc9, 0x93, 0x64, 0xd9, 0x00, 0x33, 0x19, 0x8c, 0xc6, 0x73, 0x19, 0x8c, 0xc6,
            0x63, 0x31, 0x9c, 0xc6, 0x63, 0x31, 0x98, 0xce, 0x63, 0x00, 0x87, 0x0e, 0x1c, 0x38,
            0x70, 0xe1, 0xc3, 0x87, 0x0e, 0x1c, 0x38, 0x70, 0xe1, 0xc3, 0x87, 0x0e, 0x1c, 0x00,
            0x87, 0x0e, 0x1c, 0x38, 0x70, 0xe1, 0xc3, 0x87, 0x0e, 0x1c, 0x38, 0x70, 0xe1, 0xc3,
            0x87, 0x0e, 0x1c, 0x00, 0x87, 0x0e, 0x1c, 0x38, 0x70, 0xe1, 0xc3, 0x87, 0x0e, 0x1c,
            0x38, 0x70, 0xe1, 0xc3, 0x87, 0x0e, 0x1c, 0x00, 0xe0, 0x7c, 0x07, 0xc0, 0xf8, 0x1f,
            0x81, 0xf0, 0x3e, 0x07, 0xe0, 0x7c, 0x0f, 0x80, 0xf8, 0x1f, 0x03, 0x80, 0x1c, 0x71,
            0xc7, 0x1c, 0x71, 0xc7, 0x1c, 0x71, 0xc3, 0x0c, 0x30, 0xe3, 0x8e, 0x38, 0xe3, 0x8e,
            0x38, 0x80, 0xc6, 0x66, 0x66, 0x66, 0x23, 0x33, 0x33, 0x31, 0x19, 0x99, 0x99, 0x98,
            0xcc, 0xcc, 0xcc, 0xc4, 0x66, 0x00, 0xc6, 0x66, 0x66, 0x66, 0x23, 0x33, 0x33, 0x31,
            0x19, 0x99, 0x99, 0x98, 0xcc, 0xcc, 0xcc, 0xc4, 0x66, 0x00, 0xc6, 0x66, 0x66, 0x66,
            0x23, 0x33, 0x33, 0x31, 0x19, 0x99, 0x99, 0x98, 0xcc, 0xcc, 0xcc, 0xc4, 0x66, 0x00,
            0xa8, 0x55, 0x55, 0x2a, 0xaa, 0xa5, 0x55, 0x52, 0xaa, 0xaa, 0x55, 0x55, 0x0a, 0xaa,
            0xa5, 0x55, 0x54, 0x80, 0x55, 0x2a, 0xa5, 0x52, 0xaa, 0x55, 0x2a, 0xa5, 0x56, 0xaa,
            0x55, 0x4a, 0xa5, 0x54, 0xaa, 0x55, 0x4a, 0x80, 0x2d, 0x2d, 0x2d, 0x25, 0x25, 0x25,
            0x25, 0xa5, 0xa5, 0xa5, 0xa5, 0xa5, 0xa5, 0xa5, 0xa4, 0xa4, 0xa4, 0x80, 0x2d, 0x2d,
            0x2d, 0x25, 0x25, 0x25, 0x25, 0xa5, 0xa5, 0xa5, 0xa5, 0xa5, 0xa5, 0xa5, 0xa4, 0xa4,
            0xa4, 0x80, 0x2d, 0x2d, 0x2d, 0x25, 0x25, 0x25, 0x25, 0xa5, 0xa5, 0xa5, 0xa5, 0xa5,
            0xa5, 0xa5, 0xa4, 0xa4, 0xa4, 0x80, 0x87, 0x0e, 0x1c, 0x38, 0x70, 0xe1, 0xc3, 0x87,
            0x0e, 0x1c, 0x38, 0x70, 0xe1, 0xc3, 0x87, 0x0e, 0x1c, 0x00, 0x7f, 0x00, 0xfe, 0x01,
            0xfc, 0x03, 0xf8, 0x07, 0xf0, 0x0f, 0xe0, 0x0f, 0xe0, 0x1f, 0xc0, 0x3f, 0x80, 0x00,
            0x00, 0x03, 0xff, 0xff, 0xff, 0xff, 0xff, 0x00, 0x00, 0x00, 0x00, 0x00, 0x00, 0x7f,
            0xff, 0xff, 0xff, 0x80, 0x00, 0x03, 0xff, 0xff, 0xff, 0xff, 0xff, 0x00, 0x00, 0x00,
            0x00, 0x00, 0x00, 0x7f, 0xff, 0xff, 0xff, 0x80, 0x00, 0x03, 0xff, 0xff, 0xff, 0xff,
            0xff, 0x00, 0x00, 0x00, 0x00, 0x00, 0x00, 0x7f, 0xff, 0xff, 0xff, 0x80, 0xc6, 0x66,
            0x66, 0x66, 0x23, 0x33, 0x33, 0x31, 0x19, 0x99, 0x99, 0x98, 0xcc, 0xcc, 0xcc, 0xc4,
            0x66, 0x00, 0xb2, 0x49, 0x36, 0xc9, 0x24, 0xdb, 0x64, 0x92, 0x6d, 0x92, 0x49, 0xb6,
            0x49, 0x26, 0xd9, 0x24, 0x9b, 0x00, 0x4a, 0x52, 0x94, 0xb5, 0xad, 0x29, 0x4a, 0x52,
            0x94, 0xb5, 0xad, 0x29, 0x4a, 0x52, 0x96, 0xb5, 0xa5, 0x00, 0x4a, 0x52, 0x94, 0xb5,
            0xad, 0x29, 0x4a, 0x52, 0x94, 0xb5, 0xad, 0x29, 0x4a, 0x52, 0x96, 0xb5, 0xa5, 0x00,
            0x4a, 0x52, 0x94, 0xb5, 0xad, 0x29, 0x4a, 0x52, 0x94, 0xb5, 0xad, 0x29, 0x4a, 0x52,
            0x96, 0xb5, 0xa5, 0x00, 0x2d, 0x2d, 0x2d, 0x25, 0x25, 0x25, 0x25, 0xa5, 0xa5, 0xa5,
            0xa5, 0xa5, 0xa5, 0xa5, 0xa4, 0xa4, 0xa4, 0x80, 0xd9, 0x36, 0x4c, 0x9b, 0x26, 0xc9,
            0x92, 0x64, 0xd9, 0x32, 0x4c, 0x9b, 0x26, 0xc9, 0x93, 0x64, 0xd9, 0x00, 0x33, 0x19,
            0x8c, 0xc6, 0x73, 0x19, 0x8c, 0xc6, 0x63, 0x31, 0x9c, 0xc6, 0x63, 0x31, 0x98, 0xce,
            0x63, 0x00, 0x33, 0x19, 0x8c, 0xc6, 0x73, 0x19, 0x8c, 0xc6, 0x63, 0x31, 0x9c, 0xc6,
            0x63, 0x31, 0x98, 0xce, 0x63, 0x00, 0x33, 0x19, 0x8c, 0xc6, 0x73, 0x19, 0x8c, 0xc6,
            0x63, 0x31, 0x9c, 0xc6, 0x63, 0x31, 0x98, 0xce, 0x63, 0x00, 0x00, 0x03, 0xff, 0xff,
            0xff, 0xff, 0xff, 0x00, 0x00, 0x00, 0x00, 0x00, 0x00, 0x7f, 0xff, 0xff, 0xff, 0x80,
            0xe0, 0x7c, 0x07, 0xc0, 0xf8, 0x1f, 0x81, 0xf0, 0x3e, 0x07, 0xe0, 0x7c, 0x0f, 0x80,
            0xf8, 0x1f, 0x03, 0x80, 0x1c, 0x71, 0xc7, 0x1c, 0x71, 0xc7, 0x1c, 0x71, 0xc3, 0x0c,
            0x30, 0xe3, 0x8e, 0x38, 0xe3, 0x8e, 0x38, 0x80, 0x1c, 0x71, 0xc7, 0x1c, 0x71, 0xc7,
            0x1c, 0x71, 0xc3, 0x0c, 0x30, 0xe3, 0x8e, 0x38, 0xe3, 0x8e, 0x38, 0x80, 0x1c, 0x71,
            0xc7, 0x1c, 0x71, 0xc7, 0x1c, 0x71, 0xc3, 0x0c, 0x30, 0xe3, 0x8e, 0x38, 0xe3, 0x8e,
            0x38, 0x80, 0x4a, 0x52, 0x94, 0xb5, 0xad, 0x29, 0x4a, 0x52, 0x94, 0xb5, 0xad, 0x29,
            0x4a, 0x52, 0x96, 0xb5, 0xa5, 0x00, 0xa8, 0x55, 0x55, 0x2a, 0xaa, 0xa5, 0x55, 0x52,
            0xaa, 0xaa, 0x55, 0x55, 0x0a, 0xaa, 0xa5, 0x55, 0x54, 0x80, 0x55, 0x2a, 0xa5, 0x52,
            0xaa, 0x55, 0x2a, 0xa5, 0x56, 0xaa, 0x55, 0x4a, 0xa5, 0x54, 0xaa, 0x55, 0x4a, 0x80,
            0x55, 0x2a, 0xa5, 0x52, 0xaa, 0x55, 0x2a, 0xa5, 0x56, 0xaa, 0x55, 0x4a, 0xa5, 0x54,
            0xaa, 0x55, 0x4a, 0x80, 0x55, 0x2a, 0xa5, 0x52, 0xaa, 0x55, 0x2a, 0xa5, 0x56, 0xaa,
            0x55, 0x4a, 0xa5, 0x54, 0xaa, 0x55, 0x4a, 0x80, 0x33, 0x19, 0x8c, 0xc6, 0x73, 0x19,
            0x8c, 0xc6, 0x63, 0x31, 0x9c, 0xc6, 0x63, 0x31, 0x98, 0xce, 0x63, 0x00, 0x87, 0x0e,
            0x1c, 0x38, 0x70, 0xe1, 0xc3, 0x87, 0x0e, 0x1c, 0x38, 0x70, 0xe1, 0xc3, 0x87, 0x0e,
            0x1c, 0x00, 0x7f, 0x00, 0xfe, 0x01, 0xfc, 0x03, 0xf8, 0x07, 0xf0, 0x0f, 0xe0, 0x0f,
            0xe0, 0x1f, 0xc0, 0x3f, 0x80, 0x00, 0x7f, 0x00, 0xfe, 0x01, 0xfc, 0x03, 0xf8, 0x07,
            0xf0, 0x0f, 0xe0, 0x0f, 0xe0, 0x1f, 0xc0, 0x3f, 0x80, 0x00, 0x7f, 0x00, 0xfe, 0x01,
            0xfc, 0x03, 0xf8, 0x07, 0xf0, 0x0f, 0xe0, 0x0f, 0xe0, 0x1f, 0xc0, 0x3f, 0x80, 0x00,
            0x1c, 0x71, 0xc7, 0x1c, 0x71, 0xc7, 0x1c, 0x71, 0xc3, 0x0c, 0x30, 0xe3, 0x8e, 0x38,
            0xe3, 0x8e, 0x38, 0x80, 0xc6, 0x66, 0x66, 0x66, 0x23, 0x33, 0x33, 0x31, 0x19, 0x99,
            0x99, 0x98, 0xcc, 0xcc, 0xcc, 0xc4, 0x66, 0x00, 0xb2, 0x49, 0x36, 0xc9, 0x24, 0xdb,
            0x64, 0x92, 0x6d, 0x92, 0x49, 0xb6, 0x49, 0x26, 0xd9, 0x24, 0x9b, 0x00, 0xb2, 0x49,
            0x36, 0xc9, 0x24, 0xdb, 0x64, 0x92, 0x6d, 0x92, 0x49, 0xb6, 0x49, 0x26, 0xd9, 0x24,
            0x9b, 0x00, 0xb2, 0x49, 0x36, 0xc9, 0x24, 0xdb, 0x64, 0x92, 0x6d, 0x92, 0x49, 0xb6,
            0x49, 0x26, 0xd9, 0x24, 0x9b, 0x00, 0x55, 0x2a, 0xa5, 0x52, 0xaa, 0x55, 0x2a, 0xa5,
            0x56, 0xaa, 0x55, 0x4a, 0xa5, 0x54, 0xaa, 0x55, 0x4a, 0x80, 0x2d, 0x2d, 0x2d, 0x25,
            0x25, 0x25, 0x25, 0xa5, 0xa5, 0xa5, 0xa5, 0xa5, 0xa5, 0xa5, 0xa4, 0xa4, 0xa4, 0x80,
            0xd9, 0x36, 0x4c, 0x9b, 0x26, 0xc9, 0x92, 0x64, 0xd9, 0x32, 0x4c, 0x9b, 0x26, 0xc9,
            0x93, 0x64, 0xd9, 0x00, 0xd9, 0x36, 0x4c, 0x9b, 0x26, 0xc9, 0x92, 0x64, 0xd9, 0x32,
            0x4c, 0x9b, 0x26, 0xc9, 0x93, 0x64, 0xd9, 0x00, 0xd9, 0x36, 0x4c, 0x9b, 0x26, 0xc9,
            0x92, 0x64, 0xd9, 0x32, 0x4c, 0x9b, 0x26, 0xc9, 0x93, 0x64, 0xd9, 0x00, 0x7f, 0x00,
            0xfe, 0x01, 0xfc, 0x03, 0xf8, 0x07, 0xf0, 0x0f, 0xe0, 0x0f, 0xe0, 0x1f, 0xc0, 0x3f,
            0x80, 0x00, 0x00, 0x03, 0xff, 0xff, 0xff, 0xff, 0xff, 0x00, 0x00, 0x00, 0x00, 0x00,
            0x00, 0x7f, 0xff, 0xff, 0xff, 0x80, 0xe0, 0x7c, 0x07, 0xc0, 0xf8, 0x1f, 0x81, 0xf0,
            0x3e, 0x07, 0xe0, 0x7c, 0x0f, 0x80, 0xf8, 0x1f, 0x03, 0x80, 0xe0, 0x7c, 0x07, 0xc0,
            0xf8, 0x1f, 0x81, 0xf0, 0x3e, 0x07, 0xe0, 0x7c, 0x0f, 0x80, 0xf8, 0x1f, 0x03, 0x80,
            0xe0, 0x7c, 0x07, 0xc0, 0xf8, 0x1f, 0x81, 0xf0, 0x3e, 0x07, 0xe0, 0x7c, 0x0f, 0x80,
            0xf8, 0x1f, 0x03, 0x80, 0xb2, 0x49, 0x36, 0xc9, 0x24, 0xdb, 0x64, 0x92, 0x6d, 0x92,
            0x49, 0xb6, 0x49, 0x26, 0xd9, 0x24, 0x9b, 0x00, 0x4a, 0x52, 0x94, 0xb5, 0xad, 0x29,
            0x4a, 0x52, 0x94, 0xb5, 0xad, 0x29, 0x4a, 0x52, 0x96, 0xb5, 0xa5, 0x00, 0xa8, 0x55,
            0x55, 0x2a, 0xaa, 0xa5, 0x55, 0x52, 0xaa, 0xaa, 0x55, 0x55, 0x0a, 0xaa, 0xa5, 0x55,
            0x54, 0x80, 0xa8, 0x55, 0x55, 0x2a, 0xaa, 0xa5, 0x55, 0x52, 0xaa, 0xaa, 0x55, 0x55,
            0x0a, 0xaa, 0xa5, 0x55, 0x54, 0x80, 0xa8, 0x55, 0x55, 0x2a, 0xaa, 0xa5, 0x55, 0x52,
            0xaa, 0xaa, 0x55, 0x55, 0x0a, 0xaa, 0xa5, 0x55, 0x54, 0x80, 0xd9, 0x36, 0x4c, 0x9b,
            0x26, 0xc9, 0x92, 0x64, 0xd9, 0x32, 0x4c, 0x9b, 0x26, 0xc9, 0x93, 0x64, 0xd9, 0x00,
            0x33, 0x19, 0x8c, 0xc6, 0x73, 0x19, 0x8c, 0xc6, 0x63, 0x31, 0x9c, 0xc6, 0x63, 0x31,
            0x98, 0xce, 0x63, 0x00, 0x87, 0x0e, 0x1c, 0x38, 0x70, 0xe1, 0xc3, 0x87, 0x0e, 0x1c,
            0x38, 0x70, 0xe1, 0xc3, 0x87, 0x0e, 0x1c, 0x00, 0x87, 0x0e, 0x1c, 0x38, 0x70, 0xe1,
            0xc3, 0x87, 0x0e, 0x1c, 0x38, 0x70, 0xe1, 0xc3, 0x87, 0x0e, 0x1c, 0x00, 0x87, 0x0e,
            0x1c, 0x38, 0x70, 0xe1, 0xc3, 0x87, 0x0e, 0x1c, 0x38, 0x70, 0xe1, 0xc3, 0x87, 0x0e,
            0x1c, 0x00, 0xe0, 0x7c, 0x07, 0xc0, 0xf8, 0x1f, 0x81, 0xf0, 0x3e, 0x07, 0xe0, 0x7c,
            0x0f, 0x80, 0xf8, 0x1f, 0x03, 0x80, 0x1c, 0x71, 0xc7, 0x1c, 0x71, 0xc7, 0x1c, 0x71,
            0xc3, 0x0c, 0x30, 0xe3, 0x8e, 0x38, 0xe3, 0x8e, 0x38, 0x80, 0xc6, 0x66, 0x66, 0x66,
            0x23, 0x33, 0x33, 0x31, 0x19, 0x99, 0x99, 0x98, 0xcc, 0xcc, 0xcc, 0xc4, 0x66, 0x00,
            0xc6, 0x66, 0x66, 0x66, 0x23, 0x33, 0x33, 0x31, 0x19, 0x99, 0x99, 0x98, 0xcc, 0xcc,
            0xcc, 0xc4, 0x66, 0x00, 0xc6, 0x66, 0x66, 0x66, 0x23, 0x33, 0x33, 0x31, 0x19, 0x99,
            0x99, 0x98, 0xcc, 0xcc, 0xcc, 0xc4, 0x66, 0x00, 0xa8, 0x55, 0x55, 0x2a, 0xaa, 0xa5,
            0x55, 0x52, 0xaa, 0xaa, 0x55, 0x55, 0x0a, 0xaa, 0xa5, 0x55, 0x54, 0x80, 0x55, 0x2a,
            0xa5, 0x52, 0xaa, 0x55, 0x2a, 0xa5, 0x56, 0xaa, 0x55, 0x4a, 0xa5, 0x54, 0xaa, 0x55,
            0x4a, 0x80, 0x2d, 0x2d, 0x2d, 0x25, 0x25, 0x25, 0x25, 0xa5, 0xa5, 0xa5, 0xa5, 0xa5,
            0xa5, 0xa5, 0xa4, 0xa4, 0xa4, 0x80, 0x2d, 0x2d, 0x2d, 0x25, 0x25, 0x25, 0x25, 0xa5,
            0xa5, 0xa5, 0xa5, 0xa5, 0xa5, 0xa5, 0xa4, 0xa4, 0xa4, 0x80, 0x2d, 0x2d, 0x2d, 0x25,
            0x25, 0x25, 0x25, 0xa5, 0xa5, 0xa5, 0xa5, 0xa5, 0xa5, 0xa5, 0xa4, 0xa4, 0xa4, 0x80,
            0x87, 0x0e, 0x1c, 0x38, 0x70, 0xe1, 0xc3, 0x87, 0x0e, 0x1c, 0x38, 0x70, 0xe1, 0xc3,
            0x87, 0x0e, 0x1c, 0x00, 0x7f, 0x00, 0xfe, 0x01, 0xfc, 0x03, 0xf8, 0x07, 0xf0, 0x0f,
            0xe0, 0x0f, 0xe0, 0x1f, 0xc0, 0x3f, 0x80, 0x00, 0x00, 0x03, 0xff, 0xff, 0xff, 0xff,
            0xff, 0x00, 0x00, 0x00, 0x00, 0x00, 0x00, 0x7f, 0xff, 0xff, 0xff, 0x80, 0x00, 0x03,
            0xff, 0xff, 0xff, 0xff, 0xff, 0x00, 0x00, 0x00, 0x00, 0x00, 0x00, 0x7f, 0xff, 0xff,
            0xff, 0x80, 0x00, 0x03, 0xff, 0xff, 0xff, 0xff, 0xff, 0x00, 0x00, 0x00, 0x00, 0x00,
            0x00, 0x7f, 0xff, 0xff, 0xff, 0x80, 0xc6, 0x66, 0x66, 0x66, 0x23, 0x33, 0x33, 0x31,
            0x19, 0x99, 0x99, 0x98, 0xcc, 0xcc, 0xcc, 0xc4, 0x66, 0x00, 0xb2, 0x49, 0x36, 0xc9,
            0x24, 0xdb, 0x64, 0x92, 0x6d, 0x92, 0x49, 0xb6, 0x49, 0x26, 0xd9, 0x24, 0x9b, 0x00,
            0x4a, 0x52, 0x94, 0xb5, 0xad, 0x29, 0x4a, 0x52, 0x94, 0xb5, 0xad, 0x29, 0x4a, 0x52,
            0x96, 0xb5, 0xa5, 0x00, 0x4a, 0x52, 0x94, 0xb5, 0xad, 0x29, 0x4a, 0x52, 0x94, 0xb5,
            0xad, 0x29, 0x4a, 0x52, 0x96, 0xb5, 0xa5, 0x00, 0x4a, 0x52, 0x94, 0xb5, 0xad, 0x29,
            0x4a, 0x52, 0x94, 0xb5, 0xad, 0x29, 0x4a, 0x52, 0x96, 0xb5, 0xa5, 0x00, 0x2d, 0x2d,
            0x2d, 0x25, 0x25, 0x25, 0x25, 0xa5, 0xa5, 0xa5, 0xa5, 0xa5, 0xa5, 0xa5, 0xa4, 0xa4,
            0xa4, 0x80, 0xd9, 0x36, 0x4c, 0x9b, 0x26, 0xc9, 0x92, 0x64, 0xd9, 0x32, 0x4c, 0x9b,
            0x26, 0xc9, 0x93, 0x64, 0xd9, 0x00, 0x33, 0x19, 0x8c, 0xc6, 0x73, 0x19, 0x8c, 0xc6,
            0x63, 0x31, 0x9c, 0xc6, 0x63, 0x31, 0x98, 0xce, 0x63, 0x00, 0x33, 0x19, 0x8c, 0xc6,
            0x73, 0x19, 0x8c, 0xc6, 0x63, 0x31, 0x9c, 0xc6, 0x63, 0x31, 0x98, 0xce, 0x63, 0x00,
            0x33, 0x19, 0x8c, 0xc6, 0x73, 0x19, 0x8c, 0xc6, 0x63, 0x31, 0x9c, 0xc6, 0x63, 0x31,
            0x98, 0xce, 0x63, 0x00, 0x00, 0x03, 0xff, 0xff, 0xff, 0xff, 0xff, 0x00, 0x00, 0x00,
            0x00, 0x00, 0x00, 0x7f, 0xff, 0xff, 0xff, 0x80, 0xe0, 0x7c, 0x07, 0xc0, 0xf8, 0x1f,
            0x81, 0xf0, 0x3e, 0x07, 0xe0, 0x7c, 0x0f, 0x80, 0xf8, 0x1f, 0x03, 0x80, 0x1c, 0x71,
            0xc7, 0x1c, 0x71, 0xc7, 0x1c, 0x71, 0xc3, 0x0c, 0x30, 0xe3, 0x8e, 0x38, 0xe3, 0x8e,
            0x38, 0x80, 0x1c, 0x71, 0xc7, 0x1c, 0x71, 0xc7, 0x1c, 0x71, 0xc3, 0x0c, 0x30, 0xe3,
            0x8e, 0x38, 0xe3, 0x8e, 0x38, 0x80, 0x1c, 0x71, 0xc7, 0x1c, 0x71, 0xc7, 0x1c, 0x71,
            0xc3, 0x0c, 0x30, 0xe3, 0x8e, 0x38, 0xe3, 0x8e, 0x38, 0x80, 0x4a, 0x52, 0x94, 0xb5,
            0xad, 0x29, 0x4a, 0x52, 0x94, 0xb5, 0xad, 0x29, 0x4a, 0x52, 0x96, 0xb5, 0xa5, 0x00,
        ],
    },
    EncodedCase {
        name: "extended-deep-rows",
        width: 65,
        height: 19,
        error_kind: 0,
        data: &[
            0x00, 0x00, 0x00, 0x01, 0x30, 0x01, 0x01, 0x00, 0x00, 0x00, 0x13, 0x00, 0x00, 0x00,
            0x41, 0x00, 0x00, 0x00, 0x13, 0x00, 0x00, 0x00, 0x00, 0x00, 0x00, 0x00, 0x00, 0x40,
            0x00, 0x00, 0x00, 0x00, 0x00, 0x02, 0x26, 0x01, 0x01, 0x00, 0x00, 0x00, 0x89, 0x00,
            0x00, 0x00, 0x41, 0x00, 0x00, 0x00, 0x13, 0x00, 0x00, 0x00, 0x00, 0x00, 0x00, 0x00,
            0x00, 0x04, 0x18, 0xfe, 0xfd, 0x04, 0xfc, 0xfb, 0xfb, 0xfe, 0xfd, 0x04, 0xfc, 0xfb,
            0xfb, 0xfe, 0xfd, 0x04, 0xfc, 0xfb, 0xfb, 0xfe, 0xfd, 0x04, 0xfc, 0xfb, 0xfb, 0xc2,
            0x33, 0xaf, 0xf5, 0x8f, 0xea, 0x29, 0xeb, 0x56, 0x5c, 0x36, 0x91, 0xa2, 0x03, 0xd6,
            0x64, 0x0f, 0x56, 0x1b, 0x72, 0x30, 0xe4, 0x28, 0x10, 0x1d, 0x60, 0x15, 0x02, 0x10,
            0xe6, 0x6a, 0x4c, 0x9a, 0xd2, 0x74, 0xd0, 0xb9, 0x6a, 0xb0, 0xfe, 0x94, 0x1c, 0x07,
            0x8a, 0xaf, 0x99, 0xdb, 0x70, 0x53, 0x0d, 0x44, 0xa2, 0x74, 0x22, 0x68, 0xe9, 0xa6,
            0x1c, 0x6f, 0x97, 0x9c, 0x9d, 0xbd, 0xc9, 0xee, 0xf0, 0xd1, 0x9e, 0xc5, 0x20, 0x07,
            0xdf, 0x09, 0x28, 0x2b, 0x59, 0xe8, 0x4b, 0xd8, 0xf5, 0x88, 0x1a, 0x59, 0x9e, 0x3c,
            0x6e, 0x09, 0x32, 0xdc, 0xca, 0x95, 0x07, 0x1f, 0xff, 0xac,
        ],
        globals: &[],
        expected: &[
            0x00, 0x00, 0x00, 0x00, 0x00, 0x00, 0x00, 0x00, 0x00, 0x00, 0x00, 0x00, 0x00, 0x00,
            0x00, 0x00, 0x00, 0x00, 0x4a, 0x52, 0x94, 0xb5, 0xad, 0x29, 0x4a, 0x52, 0x80, 0xa8,
            0x55, 0x55, 0x2a, 0xaa, 0xa5, 0x55, 0x52, 0x80, 0x55, 0x2a, 0xa5, 0x52, 0xaa, 0x55,
            0x2a, 0xa5, 0x00, 0x55, 0x2a, 0xa5, 0x52, 0xaa, 0x55, 0x2a, 0xa5, 0x00, 0x55, 0x2a,
            0xa5, 0x52, 0xaa, 0x55, 0x2a, 0xa5, 0x00, 0x33, 0x19, 0x8c, 0xc6, 0x73, 0x19, 0x8c,
            0xc6, 0x00, 0x87, 0x0e, 0x1c, 0x38, 0x70, 0xe1, 0xc3, 0x87, 0x00, 0x7f, 0x00, 0xfe,
            0x01, 0xfc, 0x03, 0xf8, 0x07, 0x80, 0x7f, 0x00, 0xfe, 0x01, 0xfc, 0x03, 0xf8, 0x07,
            0x80, 0x7f, 0x00, 0xfe, 0x01, 0xfc, 0x03, 0xf8, 0x07, 0x80, 0x1c, 0x71, 0xc7, 0x1c,
            0x71, 0xc7, 0x1c, 0x71, 0x80, 0xc6, 0x66, 0x66, 0x66, 0x23, 0x33, 0x33, 0x31, 0x00,
            0xb2, 0x49, 0x36, 0xc9, 0x24, 0xdb, 0x64, 0x92, 0x00, 0xb2, 0x49, 0x36, 0xc9, 0x24,
            0xdb, 0x64, 0x92, 0x00, 0xb2, 0x49, 0x36, 0xc9, 0x24, 0xdb, 0x64, 0x92, 0x00, 0x55,
            0x2a, 0xa5, 0x52, 0xaa, 0x55, 0x2a, 0xa5, 0x00, 0x2d, 0x2d, 0x2d, 0x25, 0x25, 0x25,
            0x25, 0xa5, 0x80,
        ],
    },
    EncodedCase {
        name: "extended-width-1",
        width: 1,
        height: 19,
        error_kind: 0,
        data: &[
            0x00, 0x00, 0x00, 0x01, 0x30, 0x01, 0x01, 0x00, 0x00, 0x00, 0x13, 0x00, 0x00, 0x00,
            0x01, 0x00, 0x00, 0x00, 0x13, 0x00, 0x00, 0x00, 0x00, 0x00, 0x00, 0x00, 0x00, 0x40,
            0x00, 0x00, 0x00, 0x00, 0x00, 0x02, 0x26, 0x01, 0x01, 0x00, 0x00, 0x00, 0x31, 0x00,
            0x00, 0x00, 0x01, 0x00, 0x00, 0x00, 0x13, 0x00, 0x00, 0x00, 0x00, 0x00, 0x00, 0x00,
            0x00, 0x04, 0x18, 0xfe, 0x00, 0x00, 0xfe, 0xfe, 0xff, 0xff, 0xfe, 0x01, 0xfe, 0x02,
            0xff, 0xfd, 0x00, 0xfc, 0x00, 0x02, 0xfe, 0x03, 0xff, 0xfe, 0xfe, 0xfd, 0xff, 0xc4,
            0x69, 0x66, 0x04, 0x1f, 0xff, 0xac,
        ],
        globals: &[],
        expected: &[
            0x00, 0x00, 0x00, 0x80, 0x00, 0x00, 0x00, 0x00, 0x80, 0x00, 0x00, 0x00, 0x00, 0x80,
            0x80, 0x80, 0x80, 0x00, 0x00,
        ],
    },
    EncodedCase {
        name: "extended-width-7",
        width: 7,
        height: 19,
        error_kind: 0,
        data: &[
            0x00, 0x00, 0x00, 0x01, 0x30, 0x01, 0x01, 0x00, 0x00, 0x00, 0x13, 0x00, 0x00, 0x00,
            0x07, 0x00, 0x00, 0x00, 0x13, 0x00, 0x00, 0x00, 0x00, 0x00, 0x00, 0x00, 0x00, 0x40,
            0x00, 0x00, 0x00, 0x00, 0x00, 0x02, 0x26, 0x01, 0x01, 0x00, 0x00, 0x00, 0x39, 0x00,
            0x00, 0x00, 0x07, 0x00, 0x00, 0x00, 0x13, 0x00, 0x00, 0x00, 0x00, 0x00, 0x00, 0x00,
            0x00, 0x04, 0x18, 0xfe, 0x00, 0x00, 0xfe, 0xfe, 0xff, 0xff, 0xfe, 0x01, 0xfe, 0x02,
            0xff, 0xfd, 0x00, 0xfc, 0x00, 0x02, 0xfe, 0x03, 0xff, 0xfe, 0xfe, 0xfd, 0xff, 0xc3,
            0x36, 0x98, 0xb8, 0x7a, 0xcc, 0xec, 0x0e, 0xab, 0x41, 0x89, 0xf3, 0x7f, 0xff, 0xac,
        ],
        globals: &[],
        expected: &[
            0x00, 0x00, 0x4a, 0xa8, 0x54, 0x54, 0x54, 0x32, 0x86, 0x7e, 0x7e, 0x7e, 0x1c, 0xc6,
            0xb2, 0xb2, 0xb2, 0x54, 0x2c,
        ],
    },
    EncodedCase {
        name: "extended-width-8",
        width: 8,
        height: 19,
        error_kind: 0,
        data: &[
            0x00, 0x00, 0x00, 0x01, 0x30, 0x01, 0x01, 0x00, 0x00, 0x00, 0x13, 0x00, 0x00, 0x00,
            0x08, 0x00, 0x00, 0x00, 0x13, 0x00, 0x00, 0x00, 0x00, 0x00, 0x00, 0x00, 0x00, 0x40,
            0x00, 0x00, 0x00, 0x00, 0x00, 0x02, 0x26, 0x01, 0x01, 0x00, 0x00, 0x00, 0x3a, 0x00,
            0x00, 0x00, 0x08, 0x00, 0x00, 0x00, 0x13, 0x00, 0x00, 0x00, 0x00, 0x00, 0x00, 0x00,
            0x00, 0x04, 0x18, 0xfe, 0x00, 0x00, 0xfe, 0xfe, 0xff, 0xff, 0xfe, 0x01, 0xfe, 0x02,
            0xff, 0xfd, 0x00, 0xfc, 0x00, 0x02, 0xfe, 0x03, 0xff, 0xfe, 0xfe, 0xfd, 0xff, 0xc3,
            0x3e, 0x32, 0x92, 0x99, 0xed, 0x14, 0x7d, 0x6b, 0xb8, 0x90, 0xa6, 0x34, 0x5f, 0xff,
            0xac,
        ],
        globals: &[],
        expected: &[
            0x00, 0x00, 0x4a, 0xa8, 0x55, 0x55, 0x55, 0x33, 0x87, 0x7f, 0x7f, 0x7f, 0x1c, 0xc6,
            0xb2, 0xb2, 0xb2, 0x55, 0x2d,
        ],
    },
    EncodedCase {
        name: "extended-width-9",
        width: 9,
        height: 19,
        error_kind: 0,
        data: &[
            0x00, 0x00, 0x00, 0x01, 0x30, 0x01, 0x01, 0x00, 0x00, 0x00, 0x13, 0x00, 0x00, 0x00,
            0x09, 0x00, 0x00, 0x00, 0x13, 0x00, 0x00, 0x00, 0x00, 0x00, 0x00, 0x00, 0x00, 0x40,
            0x00, 0x00, 0x00, 0x00, 0x00, 0x02, 0x26, 0x01, 0x01, 0x00, 0x00, 0x00, 0x3b, 0x00,
            0x00, 0x00, 0x09, 0x00, 0x00, 0x00, 0x13, 0x00, 0x00, 0x00, 0x00, 0x00, 0x00, 0x00,
            0x00, 0x04, 0x18, 0xfe, 0x00, 0x00, 0xfe, 0xfe, 0xff, 0xff, 0xfe, 0x01, 0xfe, 0x02,
            0xff, 0xfd, 0x00, 0xfc, 0x00, 0x02, 0xfe, 0x03, 0xff, 0xfe, 0xfe, 0xfd, 0xff, 0xc3,
            0x49, 0xd6, 0x81, 0xa7, 0xd9, 0x7c, 0xdc, 0x42, 0x63, 0xef, 0xbb, 0xc4, 0xd1, 0x77,
            0xff, 0xac,
        ],
        globals: &[],
        expected: &[
            0x00, 0x00, 0x00, 0x00, 0x4a, 0x00, 0xa8, 0x00, 0x55, 0x00, 0x55, 0x00, 0x55, 0x00,
            0x33, 0x00, 0x87, 0x00, 0x7f, 0x00, 0x7f, 0x00, 0x7f, 0x00, 0x1c, 0x00, 0xc6, 0x00,
            0xb2, 0x00, 0xb2, 0x00, 0xb2, 0x00, 0x55, 0x00, 0x2d, 0x00,
        ],
    },
    EncodedCase {
        name: "extended-width-31",
        width: 31,
        height: 19,
        error_kind: 0,
        data: &[
            0x00, 0x00, 0x00, 0x01, 0x30, 0x01, 0x01, 0x00, 0x00, 0x00, 0x13, 0x00, 0x00, 0x00,
            0x1f, 0x00, 0x00, 0x00, 0x13, 0x00, 0x00, 0x00, 0x00, 0x00, 0x00, 0x00, 0x00, 0x40,
            0x00, 0x00, 0x00, 0x00, 0x00, 0x02, 0x26, 0x01, 0x01, 0x00, 0x00, 0x00, 0x58, 0x00,
            0x00, 0x00, 0x1f, 0x00, 0x00, 0x00, 0x13, 0x00, 0x00, 0x00, 0x00, 0x00, 0x00, 0x00,
            0x00, 0x04, 0x18, 0xfe, 0x00, 0x00, 0xfe, 0xfe, 0xff, 0xff, 0xfe, 0x01, 0xfe, 0x02,
            0xff, 0xfd, 0x00, 0xfc, 0x00, 0x02, 0xfe, 0x03, 0xff, 0xfe, 0xfe, 0xfd, 0xff, 0xc3,
            0x4a, 0x0d, 0xd2, 0xef, 0xde, 0xea, 0xf5, 0x74, 0x2b, 0xa5, 0x99, 0xf1, 0x1e, 0x57,
            0x4e, 0x7b, 0x76, 0xed, 0xd2, 0x3a, 0x5d, 0x8c, 0x32, 0xe4, 0x55, 0x55, 0x64, 0x7d,
            0xa6, 0x80, 0x2f, 0xe9, 0x67, 0x85, 0xb0, 0xce, 0xed, 0x53, 0xd7, 0xdf, 0x9d, 0x4b,
            0x5f, 0xff, 0xac,
        ],
        globals: &[],
        expected: &[
            0x00, 0x00, 0x00, 0x00, 0x00, 0x00, 0x00, 0x00, 0x4a, 0x52, 0x94, 0xb4, 0xa8, 0x55,
            0x55, 0x2a, 0x55, 0x2a, 0xa5, 0x52, 0x55, 0x2a, 0xa5, 0x52, 0x55, 0x2a, 0xa5, 0x52,
            0x33, 0x19, 0x8c, 0xc6, 0x87, 0x0e, 0x1c, 0x38, 0x7f, 0x00, 0xfe, 0x00, 0x7f, 0x00,
            0xfe, 0x00, 0x7f, 0x00, 0xfe, 0x00, 0x1c, 0x71, 0xc7, 0x1c, 0xc6, 0x66, 0x66, 0x66,
            0xb2, 0x49, 0x36, 0xc8, 0xb2, 0x49, 0x36, 0xc8, 0xb2, 0x49, 0x36, 0xc8, 0x55, 0x2a,
            0xa5, 0x52, 0x2d, 0x2d, 0x2d, 0x24,
        ],
    },
    EncodedCase {
        name: "extended-width-32",
        width: 32,
        height: 19,
        error_kind: 0,
        data: &[
            0x00, 0x00, 0x00, 0x01, 0x30, 0x01, 0x01, 0x00, 0x00, 0x00, 0x13, 0x00, 0x00, 0x00,
            0x20, 0x00, 0x00, 0x00, 0x13, 0x00, 0x00, 0x00, 0x00, 0x00, 0x00, 0x00, 0x00, 0x40,
            0x00, 0x00, 0x00, 0x00, 0x00, 0x02, 0x26, 0x01, 0x01, 0x00, 0x00, 0x00, 0x59, 0x00,
            0x00, 0x00, 0x20, 0x00, 0x00, 0x00, 0x13, 0x00, 0x00, 0x00, 0x00, 0x00, 0x00, 0x00,
            0x00, 0x04, 0x18, 0xfe, 0x00, 0x00, 0xfe, 0xfe, 0xff, 0xff, 0xfe, 0x01, 0xfe, 0x02,
            0xff, 0xfd, 0x00, 0xfc, 0x00, 0x02, 0xfe, 0x03, 0xff, 0xfe, 0xfe, 0xfd, 0xff, 0xc3,
            0x4a, 0x0d, 0xd0, 0x26, 0x87, 0xdd, 0x62, 0x43, 0x72, 0xba, 0x5c, 0x0a, 0x40, 0xf2,
            0xbe, 0x8e, 0xdd, 0xdb, 0xb7, 0xf3, 0x94, 0xbb, 0x1b, 0x6d, 0x7c, 0x2a, 0xaa, 0xaf,
            0x90, 0x69, 0xa0, 0x1b, 0x73, 0xac, 0xf0, 0xb5, 0xe0, 0x4e, 0xd5, 0x23, 0x84, 0x74,
            0xea, 0x5a, 0xff, 0xac,
        ],
        globals: &[],
        expected: &[
            0x00, 0x00, 0x00, 0x00, 0x00, 0x00, 0x00, 0x00, 0x4a, 0x52, 0x94, 0xb5, 0xa8, 0x55,
            0x55, 0x2a, 0x55, 0x2a, 0xa5, 0x52, 0x55, 0x2a, 0xa5, 0x52, 0x55, 0x2a, 0xa5, 0x52,
            0x33, 0x19, 0x8c, 0xc6, 0x87, 0x0e, 0x1c, 0x38, 0x7f, 0x00, 0xfe, 0x01, 0x7f, 0x00,
            0xfe, 0x01, 0x7f, 0x00, 0xfe, 0x01, 0x1c, 0x71, 0xc7, 0x1c, 0xc6, 0x66, 0x66, 0x66,
            0xb2, 0x49, 0x36, 0xc9, 0xb2, 0x49, 0x36, 0xc9, 0xb2, 0x49, 0x36, 0xc9, 0x55, 0x2a,
            0xa5, 0x52, 0x2d, 0x2d, 0x2d, 0x25,
        ],
    },
    EncodedCase {
        name: "extended-width-63",
        width: 63,
        height: 19,
        error_kind: 0,
        data: &[
            0x00, 0x00, 0x00, 0x01, 0x30, 0x01, 0x01, 0x00, 0x00, 0x00, 0x13, 0x00, 0x00, 0x00,
            0x3f, 0x00, 0x00, 0x00, 0x13, 0x00, 0x00, 0x00, 0x00, 0x00, 0x00, 0x00, 0x00, 0x40,
            0x00, 0x00, 0x00, 0x00, 0x00, 0x02, 0x26, 0x01, 0x01, 0x00, 0x00, 0x00, 0x7e, 0x00,
            0x00, 0x00, 0x3f, 0x00, 0x00, 0x00, 0x13, 0x00, 0x00, 0x00, 0x00, 0x00, 0x00, 0x00,
            0x00, 0x04, 0x18, 0xfe, 0x00, 0x00, 0xfe, 0xfe, 0xff, 0xff, 0xfe, 0x01, 0xfe, 0x02,
            0xff, 0xfd, 0x00, 0xfc, 0x00, 0x02, 0xfe, 0x03, 0xff, 0xfe, 0xfe, 0xfd, 0xff, 0xc3,
            0x4a, 0x0d, 0xcf, 0xe2, 0x7c, 0x2c, 0x65, 0xf5, 0xd6, 0x24, 0x5c, 0x1d, 0x61, 0x98,
            0xae, 0x97, 0x2a, 0xe9, 0x73, 0xd4, 0x20, 0x81, 0xe5, 0xbd, 0x26, 0xe3, 0xb0, 0xbb,
            0x37, 0x6e, 0xdd, 0xbb, 0x76, 0xed, 0xe1, 0xb9, 0xe5, 0xd8, 0x6a, 0x46, 0xd1, 0x68,
            0xab, 0x8a, 0x91, 0x55, 0x55, 0xdb, 0x1b, 0xdc, 0x08, 0xd3, 0x40, 0x4a, 0x06, 0xa9,
            0xbe, 0x11, 0xd5, 0x67, 0x85, 0xf6, 0xd5, 0x27, 0x5a, 0xe7, 0x04, 0xed, 0x52, 0x2d,
            0x0d, 0x2f, 0xdb, 0x45, 0x77, 0x52, 0xd7, 0xd8, 0xdf, 0x3e, 0x4a, 0xff, 0xac,
        ],
        globals: &[],
        expected: &[
            0x00, 0x00, 0x00, 0x00, 0x00, 0x00, 0x00, 0x00, 0x00, 0x00, 0x00, 0x00, 0x00, 0x00,
            0x00, 0x00, 0x4a, 0x52, 0x94, 0xb5, 0xad, 0x29, 0x4a, 0x52, 0xa8, 0x55, 0x55, 0x2a,
            0xaa, 0xa5, 0x55, 0x52, 0x55, 0x2a, 0xa5, 0x52, 0xaa, 0x55, 0x2a, 0xa4, 0x55, 0x2a,
            0xa5, 0x52, 0xaa, 0x55, 0x2a, 0xa4, 0x55, 0x2a, 0xa5, 0x52, 0xaa, 0x55, 0x2a, 0xa4,
            0x33, 0x19, 0x8c, 0xc6, 0x73, 0x19, 0x8c, 0xc6, 0x87, 0x0e, 0x1c, 0x38, 0x70, 0xe1,
            0xc3, 0x86, 0x7f, 0x00, 0xfe, 0x01, 0xfc, 0x03, 0xf8, 0x06, 0x7f, 0x00, 0xfe, 0x01,
            0xfc, 0x03, 0xf8, 0x06, 0x7f, 0x00, 0xfe, 0x01, 0xfc, 0x03, 0xf8, 0x06, 0x1c, 0x71,
            0xc7, 0x1c, 0x71, 0xc7, 0x1c, 0x70, 0xc6, 0x66, 0x66, 0x66, 0x23, 0x33, 0x33, 0x30,
            0xb2, 0x49, 0x36, 0xc9, 0x24, 0xdb, 0x64, 0x92, 0xb2, 0x49, 0x36, 0xc9, 0x24, 0xdb,
            0x64, 0x92, 0xb2, 0x49, 0x36, 0xc9, 0x24, 0xdb, 0x64, 0x92, 0x55, 0x2a, 0xa5, 0x52,
            0xaa, 0x55, 0x2a, 0xa4, 0x2d, 0x2d, 0x2d, 0x25, 0x25, 0x25, 0x25, 0xa4,
        ],
    },
    EncodedCase {
        name: "extended-width-64",
        width: 64,
        height: 19,
        error_kind: 0,
        data: &[
            0x00, 0x00, 0x00, 0x01, 0x30, 0x01, 0x01, 0x00, 0x00, 0x00, 0x13, 0x00, 0x00, 0x00,
            0x40, 0x00, 0x00, 0x00, 0x13, 0x00, 0x00, 0x00, 0x00, 0x00, 0x00, 0x00, 0x00, 0x40,
            0x00, 0x00, 0x00, 0x00, 0x00, 0x02, 0x26, 0x01, 0x01, 0x00, 0x00, 0x00, 0x7f, 0x00,
            0x00, 0x00, 0x40, 0x00, 0x00, 0x00, 0x13, 0x00, 0x00, 0x00, 0x00, 0x00, 0x00, 0x00,
            0x00, 0x04, 0x18, 0xfe, 0x00, 0x00, 0xfe, 0xfe, 0xff, 0xff, 0xfe, 0x01, 0xfe, 0x02,
            0xff, 0xfd, 0x00, 0xfc, 0x00, 0x02, 0xfe, 0x03, 0xff, 0xfe, 0xfe, 0xfd, 0xff, 0xc3,
            0x4a, 0x0d, 0xcf, 0xe2, 0x7c, 0x2f, 0x16, 0x35, 0xd6, 0x24, 0x5c, 0x1d, 0xd4, 0x36,
            0x57, 0x4b, 0x95, 0x74, 0xb9, 0xe9, 0xed, 0xd4, 0x79, 0x6f, 0x49, 0xb8, 0xee, 0x3c,
            0x4e, 0xed, 0xdb, 0xb7, 0x6e, 0xdd, 0xbb, 0x34, 0x8e, 0x5d, 0x86, 0xa4, 0x6d, 0x16,
            0x8a, 0xb4, 0x69, 0x15, 0x55, 0x5d, 0xb1, 0xd4, 0x76, 0x36, 0x96, 0x72, 0x45, 0x35,
            0x4d, 0xed, 0x1d, 0xc5, 0x9e, 0x17, 0xdb, 0x54, 0x9d, 0x6c, 0xec, 0xe5, 0xda, 0xa4,
            0x5a, 0x1a, 0x5f, 0xce, 0x0b, 0x4e, 0xa5, 0xaf, 0xb1, 0xbe, 0x7c, 0x94, 0xff, 0xac,
        ],
        globals: &[],
        expected: &[
            0x00, 0x00, 0x00, 0x00, 0x00, 0x00, 0x00, 0x00, 0x00, 0x00, 0x00, 0x00, 0x00, 0x00,
            0x00, 0x00, 0x4a, 0x52, 0x94, 0xb5, 0xad, 0x29, 0x4a, 0x52, 0xa8, 0x55, 0x55, 0x2a,
            0xaa, 0xa5, 0x55, 0x52, 0x55, 0x2a, 0xa5, 0x52, 0xaa, 0x55, 0x2a, 0xa5, 0x55, 0x2a,
            0xa5, 0x52, 0xaa, 0x55, 0x2a, 0xa5, 0x55, 0x2a, 0xa5, 0x52, 0xaa, 0x55, 0x2a, 0xa5,
            0x33, 0x19, 0x8c, 0xc6, 0x73, 0x19, 0x8c, 0xc6, 0x87, 0x0e, 0x1c, 0x38, 0x70, 0xe1,
            0xc3, 0x87, 0x7f, 0x00, 0xfe, 0x01, 0xfc, 0x03, 0xf8, 0x07, 0x7f, 0x00, 0xfe, 0x01,
            0xfc, 0x03, 0xf8, 0x07, 0x7f, 0x00, 0xfe, 0x01, 0xfc, 0x03, 0xf8, 0x07, 0x1c, 0x71,
            0xc7, 0x1c, 0x71, 0xc7, 0x1c, 0x71, 0xc6, 0x66, 0x66, 0x66, 0x23, 0x33, 0x33, 0x31,
            0xb2, 0x49, 0x36, 0xc9, 0x24, 0xdb, 0x64, 0x92, 0xb2, 0x49, 0x36, 0xc9, 0x24, 0xdb,
            0x64, 0x92, 0xb2, 0x49, 0x36, 0xc9, 0x24, 0xdb, 0x64, 0x92, 0x55, 0x2a, 0xa5, 0x52,
            0xaa, 0x55, 0x2a, 0xa5, 0x2d, 0x2d, 0x2d, 0x25, 0x25, 0x25, 0x25, 0xa5,
        ],
    },
    EncodedCase {
        name: "extended-width-65",
        width: 65,
        height: 19,
        error_kind: 0,
        data: &[
            0x00, 0x00, 0x00, 0x01, 0x30, 0x01, 0x01, 0x00, 0x00, 0x00, 0x13, 0x00, 0x00, 0x00,
            0x41, 0x00, 0x00, 0x00, 0x13, 0x00, 0x00, 0x00, 0x00, 0x00, 0x00, 0x00, 0x00, 0x40,
            0x00, 0x00, 0x00, 0x00, 0x00, 0x02, 0x26, 0x01, 0x01, 0x00, 0x00, 0x00, 0x81, 0x00,
            0x00, 0x00, 0x41, 0x00, 0x00, 0x00, 0x13, 0x00, 0x00, 0x00, 0x00, 0x00, 0x00, 0x00,
            0x00, 0x04, 0x18, 0xfe, 0x00, 0x00, 0xfe, 0xfe, 0xff, 0xff, 0xfe, 0x01, 0xfe, 0x02,
            0xff, 0xfd, 0x00, 0xfc, 0x00, 0x02, 0xfe, 0x03, 0xff, 0xfe, 0xfe, 0xfd, 0xff, 0xc3,
            0x4a, 0x0d, 0xcf, 0xe2, 0x7c, 0x28, 0xc6, 0x3d, 0xd6, 0x24, 0x5c, 0x17, 0xc0, 0xed,
            0x0a, 0xe9, 0x72, 0xae, 0x97, 0x3d, 0x51, 0x14, 0x07, 0x96, 0xf4, 0x9b, 0x8e, 0xf4,
            0x30, 0xf7, 0x6e, 0xdd, 0xbb, 0x76, 0xed, 0xda, 0xf9, 0xc9, 0x76, 0x1a, 0x91, 0xb4,
            0x5a, 0x2a, 0xb8, 0xb2, 0x2a, 0xaa, 0xbb, 0x63, 0x90, 0xd9, 0xfe, 0x59, 0xc9, 0x14,
            0xd5, 0x37, 0xb8, 0x75, 0x6b, 0x3c, 0x2f, 0xb6, 0xa9, 0x3a, 0xdb, 0x2a, 0x9d, 0xda,
            0xa4, 0x35, 0xbd, 0x2f, 0xe1, 0x3b, 0xb4, 0xea, 0x5a, 0xfb, 0x1b, 0xe7, 0xc9, 0x4f,
            0xff, 0xac,
        ],
        globals: &[],
        expected: &[
            0x00, 0x00, 0x00, 0x00, 0x00, 0x00, 0x00, 0x00, 0x00, 0x00, 0x00, 0x00, 0x00, 0x00,
            0x00, 0x00, 0x00, 0x00, 0x4a, 0x52, 0x94, 0xb5, 0xad, 0x29, 0x4a, 0x52, 0x80, 0xa8,
            0x55, 0x55, 0x2a, 0xaa, 0xa5, 0x55, 0x52, 0x80, 0x55, 0x2a, 0xa5, 0x52, 0xaa, 0x55,
            0x2a, 0xa5, 0x00, 0x55, 0x2a, 0xa5, 0x52, 0xaa, 0x55, 0x2a, 0xa5, 0x00, 0x55, 0x2a,
            0xa5, 0x52, 0xaa, 0x55, 0x2a, 0xa5, 0x00, 0x33, 0x19, 0x8c, 0xc6, 0x73, 0x19, 0x8c,
            0xc6, 0x00, 0x87, 0x0e, 0x1c, 0x38, 0x70, 0xe1, 0xc3, 0x87, 0x00, 0x7f, 0x00, 0xfe,
            0x01, 0xfc, 0x03, 0xf8, 0x07, 0x80, 0x7f, 0x00, 0xfe, 0x01, 0xfc, 0x03, 0xf8, 0x07,
            0x80, 0x7f, 0x00, 0xfe, 0x01, 0xfc, 0x03, 0xf8, 0x07, 0x80, 0x1c, 0x71, 0xc7, 0x1c,
            0x71, 0xc7, 0x1c, 0x71, 0x80, 0xc6, 0x66, 0x66, 0x66, 0x23, 0x33, 0x33, 0x31, 0x00,
            0xb2, 0x49, 0x36, 0xc9, 0x24, 0xdb, 0x64, 0x92, 0x00, 0xb2, 0x49, 0x36, 0xc9, 0x24,
            0xdb, 0x64, 0x92, 0x00, 0xb2, 0x49, 0x36, 0xc9, 0x24, 0xdb, 0x64, 0x92, 0x00, 0x55,
            0x2a, 0xa5, 0x52, 0xaa, 0x55, 0x2a, 0xa5, 0x00, 0x2d, 0x2d, 0x2d, 0x25, 0x25, 0x25,
            0x25, 0xa5, 0x80,
        ],
    },
    EncodedCase {
        name: "extended-width-127",
        width: 127,
        height: 19,
        error_kind: 0,
        data: &[
            0x00, 0x00, 0x00, 0x01, 0x30, 0x01, 0x01, 0x00, 0x00, 0x00, 0x13, 0x00, 0x00, 0x00,
            0x7f, 0x00, 0x00, 0x00, 0x13, 0x00, 0x00, 0x00, 0x00, 0x00, 0x00, 0x00, 0x00, 0x40,
            0x00, 0x00, 0x00, 0x00, 0x00, 0x02, 0x26, 0x01, 0x01, 0x00, 0x00, 0x00, 0xba, 0x00,
            0x00, 0x00, 0x7f, 0x00, 0x00, 0x00, 0x13, 0x00, 0x00, 0x00, 0x00, 0x00, 0x00, 0x00,
            0x00, 0x04, 0x18, 0xfe, 0x00, 0x00, 0xfe, 0xfe, 0xff, 0xff, 0xfe, 0x01, 0xfe, 0x02,
            0xff, 0xfd, 0x00, 0xfc, 0x00, 0x02, 0xfe, 0x03, 0xff, 0xfe, 0xfe, 0xfd, 0xff, 0xc3,
            0x4a, 0x0d, 0xcf, 0xe2, 0x7c, 0x34, 0xc5, 0xc8, 0xf3, 0xf7, 0x97, 0x2b, 0xac, 0x48,
            0xb8, 0x2f, 0xc1, 0x85, 0xf7, 0xa3, 0x71, 0x95, 0xca, 0xe9, 0x72, 0xae, 0x97, 0x3d,
            0x56, 0xa8, 0x25, 0x62, 0x49, 0x61, 0x50, 0x20, 0xf2, 0xde, 0x93, 0x71, 0xe0, 0x18,
            0x8e, 0x06, 0xb0, 0x79, 0x8c, 0x1b, 0xb7, 0x6e, 0xdd, 0xbb, 0x76, 0xed, 0xdb, 0xb7,
            0x6e, 0xe2, 0x78, 0xf3, 0x70, 0xfc, 0xbb, 0x0d, 0x48, 0xda, 0x2d, 0x15, 0x65, 0x42,
            0xea, 0x9e, 0x80, 0x5f, 0x35, 0x82, 0xaa, 0xab, 0xb6, 0x3b, 0x5e, 0x60, 0x77, 0xae,
            0x0f, 0x26, 0x6e, 0xb4, 0xd0, 0x12, 0x81, 0xaa, 0x6f, 0x74, 0xa5, 0xdd, 0x36, 0xc9,
            0x4e, 0x57, 0x91, 0x67, 0x85, 0xf6, 0xd5, 0x27, 0x5b, 0x6c, 0x7b, 0x3d, 0xdb, 0x34,
            0xa1, 0xbe, 0xf7, 0x6a, 0x90, 0xd6, 0xf4, 0xbf, 0xa9, 0xb9, 0x1b, 0xc2, 0xad, 0x37,
            0x83, 0x21, 0x9b, 0xfe, 0xc2, 0xc6, 0xf9, 0xee, 0x13, 0x4b, 0x53, 0xf1, 0x5c, 0x99,
            0xc5, 0xff, 0xac,
        ],
        globals: &[],
        expected: &[
            0x00, 0x00, 0x00, 0x00, 0x00, 0x00, 0x00, 0x00, 0x00, 0x00, 0x00, 0x00, 0x00, 0x00,
            0x00, 0x00, 0x00, 0x00, 0x00, 0x00, 0x00, 0x00, 0x00, 0x00, 0x00, 0x00, 0x00, 0x00,
            0x00, 0x00, 0x00, 0x00, 0x4a, 0x52, 0x94, 0xb5, 0xad, 0x29, 0x4a, 0x52, 0x94, 0xb5,
            0xad, 0x29, 0x4a, 0x52, 0x96, 0xb4, 0xa8, 0x55, 0x55, 0x2a, 0xaa, 0xa5, 0x55, 0x52,
            0xaa, 0xaa, 0x55, 0x55, 0x0a, 0xaa, 0xa5, 0x54, 0x55, 0x2a, 0xa5, 0x52, 0xaa, 0x55,
            0x2a, 0xa5, 0x56, 0xaa, 0x55, 0x4a, 0xa5, 0x54, 0xaa, 0x54, 0x55, 0x2a, 0xa5, 0x52,
            0xaa, 0x55, 0x2a, 0xa5, 0x56, 0xaa, 0x55, 0x4a, 0xa5, 0x54, 0xaa, 0x54, 0x55, 0x2a,
            0xa5, 0x52, 0xaa, 0x55, 0x2a, 0xa5, 0x56, 0xaa, 0x55, 0x4a, 0xa5, 0x54, 0xaa, 0x54,
            0x33, 0x19, 0x8c, 0xc6, 0x73, 0x19, 0x8c, 0xc6, 0x63, 0x31, 0x9c, 0xc6, 0x63, 0x31,
            0x98, 0xce, 0x87, 0x0e, 0x1c, 0x38, 0x70, 0xe1, 0xc3, 0x87, 0x0e, 0x1c, 0x38, 0x70,
            0xe1, 0xc3, 0x87, 0x0e, 0x7f, 0x00, 0xfe, 0x01, 0xfc, 0x03, 0xf8, 0x07, 0xf0, 0x0f,
            0xe0, 0x0f, 0xe0, 0x1f, 0xc0, 0x3e, 0x7f, 0x00, 0xfe, 0x01, 0xfc, 0x03, 0xf8, 0x07,
            0xf0, 0x0f, 0xe0, 0x0f, 0xe0, 0x1f, 0xc0, 0x3e, 0x7f, 0x00, 0xfe, 0x01, 0xfc, 0x03,
            0xf8, 0x07, 0xf0, 0x0f, 0xe0, 0x0f, 0xe0, 0x1f, 0xc0, 0x3e, 0x1c, 0x71, 0xc7, 0x1c,
            0x71, 0xc7, 0x1c, 0x71, 0xc3, 0x0c, 0x30, 0xe3, 0x8e, 0x38, 0xe3, 0x8e, 0xc6, 0x66,
            0x66, 0x66, 0x23, 0x33, 0x33, 0x31, 0x19, 0x99, 0x99, 0x98, 0xcc, 0xcc, 0xcc, 0xc4,
            0xb2, 0x49, 0x36, 0xc9, 0x24, 0xdb, 0x64, 0x92, 0x6d, 0x92, 0x49, 0xb6, 0x49, 0x26,
            0xd9, 0x24, 0xb2, 0x49, 0x36, 0xc9, 0x24, 0xdb, 0x64, 0x92, 0x6d, 0x92, 0x49, 0xb6,
            0x49, 0x26, 0xd9, 0x24, 0xb2, 0x49, 0x36, 0xc9, 0x24, 0xdb, 0x64, 0x92, 0x6d, 0x92,
            0x49, 0xb6, 0x49, 0x26, 0xd9, 0x24, 0x55, 0x2a, 0xa5, 0x52, 0xaa, 0x55, 0x2a, 0xa5,
            0x56, 0xaa, 0x55, 0x4a, 0xa5, 0x54, 0xaa, 0x54, 0x2d, 0x2d, 0x2d, 0x25, 0x25, 0x25,
            0x25, 0xa5, 0xa5, 0xa5, 0xa5, 0xa5, 0xa5, 0xa5, 0xa4, 0xa4,
        ],
    },
    EncodedCase {
        name: "extended-width-128",
        width: 128,
        height: 19,
        error_kind: 0,
        data: &[
            0x00, 0x00, 0x00, 0x01, 0x30, 0x01, 0x01, 0x00, 0x00, 0x00, 0x13, 0x00, 0x00, 0x00,
            0x80, 0x00, 0x00, 0x00, 0x13, 0x00, 0x00, 0x00, 0x00, 0x00, 0x00, 0x00, 0x00, 0x40,
            0x00, 0x00, 0x00, 0x00, 0x00, 0x02, 0x26, 0x01, 0x01, 0x00, 0x00, 0x00, 0xbc, 0x00,
            0x00, 0x00, 0x80, 0x00, 0x00, 0x00, 0x13, 0x00, 0x00, 0x00, 0x00, 0x00, 0x00, 0x00,
            0x00, 0x04, 0x18, 0xfe, 0x00, 0x00, 0xfe, 0xfe, 0xff, 0xff, 0xfe, 0x01, 0xfe, 0x02,
            0xff, 0xfd, 0x00, 0xfc, 0x00, 0x02, 0xfe, 0x03, 0xff, 0xfe, 0xfe, 0xfd, 0xff, 0xc3,
            0x4a, 0x0d, 0xcf, 0xe2, 0x7c, 0x34, 0xc5, 0xc8, 0xf3, 0xb7, 0x17, 0xfd, 0xd6, 0x24,
            0x5c, 0x17, 0xe0, 0xc2, 0xfb, 0xd1, 0xb6, 0xff, 0x61, 0x5d, 0x2e, 0x55, 0xd2, 0xe7,
            0xaa, 0xd5, 0x04, 0xac, 0x49, 0x2d, 0x48, 0x0b, 0x1e, 0x5b, 0xd2, 0x6e, 0x3c, 0x03,
            0x11, 0xc0, 0xd6, 0x0b, 0x35, 0x68, 0xee, 0xdd, 0xbb, 0x76, 0xed, 0xdb, 0xb7, 0x6e,
            0xdd, 0xbb, 0x89, 0xe3, 0xe5, 0x84, 0x52, 0xec, 0x35, 0x23, 0x68, 0xb4, 0x55, 0x95,
            0x0b, 0xaa, 0x7a, 0x01, 0x4d, 0x60, 0x91, 0x55, 0x55, 0xdb, 0x1d, 0xaf, 0x30, 0x3b,
            0xd7, 0x07, 0xbe, 0x39, 0x9a, 0x68, 0x09, 0x40, 0xd5, 0x37, 0xba, 0x52, 0xee, 0x9b,
            0x64, 0xa7, 0x4f, 0xca, 0xb3, 0xc2, 0xfb, 0x6a, 0x93, 0xad, 0xb6, 0x3d, 0x9e, 0xed,
            0x9a, 0x52, 0x30, 0x4d, 0xda, 0xa4, 0x35, 0xbd, 0x2f, 0xea, 0x6e, 0x46, 0xf0, 0xab,
            0x4d, 0x93, 0xb9, 0x33, 0x7f, 0xd8, 0x58, 0xdf, 0x3d, 0xc2, 0x69, 0x6a, 0x7e, 0x2b,
            0x93, 0x38, 0x3f, 0xff, 0xac,
        ],
        globals: &[],
        expected: &[
            0x00, 0x00, 0x00, 0x00, 0x00, 0x00, 0x00, 0x00, 0x00, 0x00, 0x00, 0x00, 0x00, 0x00,
            0x00, 0x00, 0x00, 0x00, 0x00, 0x00, 0x00, 0x00, 0x00, 0x00, 0x00, 0x00, 0x00, 0x00,
            0x00, 0x00, 0x00, 0x00, 0x4a, 0x52, 0x94, 0xb5, 0xad, 0x29, 0x4a, 0x52, 0x94, 0xb5,
            0xad, 0x29, 0x4a, 0x52, 0x96, 0xb5, 0xa8, 0x55, 0x55, 0x2a, 0xaa, 0xa5, 0x55, 0x52,
            0xaa, 0xaa, 0x55, 0x55, 0x0a, 0xaa, 0xa5, 0x55, 0x55, 0x2a, 0xa5, 0x52, 0xaa, 0x55,
            0x2a, 0xa5, 0x56, 0xaa, 0x55, 0x4a, 0xa5, 0x54, 0xaa, 0x55, 0x55, 0x2a, 0xa5, 0x52,
            0xaa, 0x55, 0x2a, 0xa5, 0x56, 0xaa, 0x55, 0x4a, 0xa5, 0x54, 0xaa, 0x55, 0x55, 0x2a,
            0xa5, 0x52, 0xaa, 0x55, 0x2a, 0xa5, 0x56, 0xaa, 0x55, 0x4a, 0xa5, 0x54, 0xaa, 0x55,
            0x33, 0x19, 0x8c, 0xc6, 0x73, 0x19, 0x8c, 0xc6, 0x63, 0x31, 0x9c, 0xc6, 0x63, 0x31,
            0x98, 0xce, 0x87, 0x0e, 0x1c, 0x38, 0x70, 0xe1, 0xc3, 0x87, 0x0e, 0x1c, 0x38, 0x70,
            0xe1, 0xc3, 0x87, 0x0e, 0x7f, 0x00, 0xfe, 0x01, 0xfc, 0x03, 0xf8, 0x07, 0xf0, 0x0f,
            0xe0, 0x0f, 0xe0, 0x1f, 0xc0, 0x3f, 0x7f, 0x00, 0xfe, 0x01, 0xfc, 0x03, 0xf8, 0x07,
            0xf0, 0x0f, 0xe0, 0x0f, 0xe0, 0x1f, 0xc0, 0x3f, 0x7f, 0x00, 0xfe, 0x01, 0xfc, 0x03,
            0xf8, 0x07, 0xf0, 0x0f, 0xe0, 0x0f, 0xe0, 0x1f, 0xc0, 0x3f, 0x1c, 0x71, 0xc7, 0x1c,
            0x71, 0xc7, 0x1c, 0x71, 0xc3, 0x0c, 0x30, 0xe3, 0x8e, 0x38, 0xe3, 0x8e, 0xc6, 0x66,
            0x66, 0x66, 0x23, 0x33, 0x33, 0x31, 0x19, 0x99, 0x99, 0x98, 0xcc, 0xcc, 0xcc, 0xc4,
            0xb2, 0x49, 0x36, 0xc9, 0x24, 0xdb, 0x64, 0x92, 0x6d, 0x92, 0x49, 0xb6, 0x49, 0x26,
            0xd9, 0x24, 0xb2, 0x49, 0x36, 0xc9, 0x24, 0xdb, 0x64, 0x92, 0x6d, 0x92, 0x49, 0xb6,
            0x49, 0x26, 0xd9, 0x24, 0xb2, 0x49, 0x36, 0xc9, 0x24, 0xdb, 0x64, 0x92, 0x6d, 0x92,
            0x49, 0xb6, 0x49, 0x26, 0xd9, 0x24, 0x55, 0x2a, 0xa5, 0x52, 0xaa, 0x55, 0x2a, 0xa5,
            0x56, 0xaa, 0x55, 0x4a, 0xa5, 0x54, 0xaa, 0x55, 0x2d, 0x2d, 0x2d, 0x25, 0x25, 0x25,
            0x25, 0xa5, 0xa5, 0xa5, 0xa5, 0xa5, 0xa5, 0xa5, 0xa4, 0xa4,
        ],
    },
    EncodedCase {
        name: "extended-width-129",
        width: 129,
        height: 19,
        error_kind: 0,
        data: &[
            0x00, 0x00, 0x00, 0x01, 0x30, 0x01, 0x01, 0x00, 0x00, 0x00, 0x13, 0x00, 0x00, 0x00,
            0x81, 0x00, 0x00, 0x00, 0x13, 0x00, 0x00, 0x00, 0x00, 0x00, 0x00, 0x00, 0x00, 0x40,
            0x00, 0x00, 0x00, 0x00, 0x00, 0x02, 0x26, 0x01, 0x01, 0x00, 0x00, 0x00, 0xbc, 0x00,
            0x00, 0x00, 0x81, 0x00, 0x00, 0x00, 0x13, 0x00, 0x00, 0x00, 0x00, 0x00, 0x00, 0x00,
            0x00, 0x04, 0x18, 0xfe, 0x00, 0x00, 0xfe, 0xfe, 0xff, 0xff, 0xfe, 0x01, 0xfe, 0x02,
            0xff, 0xfd, 0x00, 0xfc, 0x00, 0x02, 0xfe, 0x03, 0xff, 0xfe, 0xfe, 0xfd, 0xff, 0xc3,
            0x4a, 0x0d, 0xcf, 0xe2, 0x7c, 0x34, 0xc5, 0xc8, 0xf3, 0xb2, 0x51, 0x1f, 0x75, 0x89,
            0x17, 0x05, 0xf8, 0x30, 0xbe, 0xf4, 0x78, 0x48, 0x1c, 0xae, 0x97, 0x2a, 0xe9, 0x73,
            0xd5, 0x6a, 0x82, 0x56, 0x24, 0x96, 0xb7, 0x5f, 0x07, 0x96, 0xf4, 0x9b, 0x8f, 0x00,
            0xc4, 0x70, 0x35, 0x82, 0xd1, 0x75, 0x3d, 0xdb, 0xb7, 0x6e, 0xdd, 0xbb, 0x76, 0xed,
            0xdb, 0xb7, 0x71, 0x3c, 0x7c, 0xdb, 0x35, 0x2e, 0xc3, 0x52, 0x36, 0x8b, 0x45, 0x59,
            0x50, 0xba, 0xa7, 0xa0, 0x14, 0xcf, 0xcc, 0x8a, 0xaa, 0xae, 0xd8, 0xed, 0x79, 0x81,
            0xde, 0xb8, 0x3c, 0x4d, 0x56, 0x9a, 0x02, 0x50, 0x35, 0x4d, 0xee, 0x94, 0xbb, 0xa6,
            0xd9, 0x29, 0xf5, 0xc0, 0xd6, 0x78, 0x5f, 0x6d, 0x52, 0x75, 0xb6, 0xc7, 0xb3, 0xdd,
            0xb3, 0x4a, 0x45, 0x96, 0x9d, 0xaa, 0x43, 0x5b, 0xd2, 0xfe, 0xa6, 0xe4, 0x6f, 0x0a,
            0xb4, 0xfb, 0xcd, 0x06, 0x6f, 0xfb, 0x0b, 0x1b, 0xe7, 0xb8, 0x4d, 0x2d, 0x4f, 0xc5,
            0x72, 0x67, 0x07, 0xff, 0xac,
        ],
        globals: &[],
        expected: &[
            0x00, 0x00, 0x00, 0x00, 0x00, 0x00, 0x00, 0x00, 0x00, 0x00, 0x00, 0x00, 0x00, 0x00,
            0x00, 0x00, 0x00, 0x00, 0x00, 0x00, 0x00, 0x00, 0x00, 0x00, 0x00, 0x00, 0x00, 0x00,
            0x00, 0x00, 0x00, 0x00, 0x00, 0x00, 0x4a, 0x52, 0x94, 0xb5, 0xad, 0x29, 0x4a, 0x52,
            0x94, 0xb5, 0xad, 0x29, 0x4a, 0x52, 0x96, 0xb5, 0x80, 0xa8, 0x55, 0x55, 0x2a, 0xaa,
            0xa5, 0x55, 0x52, 0xaa, 0xaa, 0x55, 0x55, 0x0a, 0xaa, 0xa5, 0x55, 0x00, 0x55, 0x2a,
            0xa5, 0x52, 0xaa, 0x55, 0x2a, 0xa5, 0x56, 0xaa, 0x55, 0x4a, 0xa5, 0x54, 0xaa, 0x55,
            0x00, 0x55, 0x2a, 0xa5, 0x52, 0xaa, 0x55, 0x2a, 0xa5, 0x56, 0xaa, 0x55, 0x4a, 0xa5,
            0x54, 0xaa, 0x55, 0x00, 0x55, 0x2a, 0xa5, 0x52, 0xaa, 0x55, 0x2a, 0xa5, 0x56, 0xaa,
            0x55, 0x4a, 0xa5, 0x54, 0xaa, 0x55, 0x00, 0x33, 0x19, 0x8c, 0xc6, 0x73, 0x19, 0x8c,
            0xc6, 0x63, 0x31, 0x9c, 0xc6, 0x63, 0x31, 0x98, 0xce, 0x00, 0x87, 0x0e, 0x1c, 0x38,
            0x70, 0xe1, 0xc3, 0x87, 0x0e, 0x1c, 0x38, 0x70, 0xe1, 0xc3, 0x87, 0x0e, 0x00, 0x7f,
            0x00, 0xfe, 0x01, 0xfc, 0x03, 0xf8, 0x07, 0xf0, 0x0f, 0xe0, 0x0f, 0xe0, 0x1f, 0xc0,
            0x3f, 0x80, 0x7f, 0x00, 0xfe, 0x01, 0xfc, 0x03, 0xf8, 0x07, 0xf0, 0x0f, 0xe0, 0x0f,
            0xe0, 0x1f, 0xc0, 0x3f, 0x80, 0x7f, 0x00, 0xfe, 0x01, 0xfc, 0x03, 0xf8, 0x07, 0xf0,
            0x0f, 0xe0, 0x0f, 0xe0, 0x1f, 0xc0, 0x3f, 0x80, 0x1c, 0x71, 0xc7, 0x1c, 0x71, 0xc7,
            0x1c, 0x71, 0xc3, 0x0c, 0x30, 0xe3, 0x8e, 0x38, 0xe3, 0x8e, 0x00, 0xc6, 0x66, 0x66,
            0x66, 0x23, 0x33, 0x33, 0x31, 0x19, 0x99, 0x99, 0x98, 0xcc, 0xcc, 0xcc, 0xc4, 0x00,
            0xb2, 0x49, 0x36, 0xc9, 0x24, 0xdb, 0x64, 0x92, 0x6d, 0x92, 0x49, 0xb6, 0x49, 0x26,
            0xd9, 0x24, 0x80, 0xb2, 0x49, 0x36, 0xc9, 0x24, 0xdb, 0x64, 0x92, 0x6d, 0x92, 0x49,
            0xb6, 0x49, 0x26, 0xd9, 0x24, 0x80, 0xb2, 0x49, 0x36, 0xc9, 0x24, 0xdb, 0x64, 0x92,
            0x6d, 0x92, 0x49, 0xb6, 0x49, 0x26, 0xd9, 0x24, 0x80, 0x55, 0x2a, 0xa5, 0x52, 0xaa,
            0x55, 0x2a, 0xa5, 0x56, 0xaa, 0x55, 0x4a, 0xa5, 0x54, 0xaa, 0x55, 0x00, 0x2d, 0x2d,
            0x2d, 0x25, 0x25, 0x25, 0x25, 0xa5, 0xa5, 0xa5, 0xa5, 0xa5, 0xa5, 0xa5, 0xa4, 0xa4,
            0x80,
        ],
    },
    EncodedCase {
        name: "ordinary-custom-t0",
        width: 65,
        height: 19,
        error_kind: 0,
        data: &[
            0x00, 0x00, 0x00, 0x01, 0x30, 0x01, 0x01, 0x00, 0x00, 0x00, 0x13, 0x00, 0x00, 0x00,
            0x41, 0x00, 0x00, 0x00, 0x13, 0x00, 0x00, 0x00, 0x00, 0x00, 0x00, 0x00, 0x00, 0x40,
            0x00, 0x00, 0x00, 0x00, 0x00, 0x02, 0x26, 0x01, 0x01, 0x00, 0x00, 0x00, 0x72, 0x00,
            0x00, 0x00, 0x41, 0x00, 0x00, 0x00, 0x13, 0x00, 0x00, 0x00, 0x00, 0x00, 0x00, 0x00,
            0x00, 0x04, 0x08, 0xfb, 0x00, 0x07, 0xfd, 0xfa, 0xfe, 0x02, 0xfc, 0xc3, 0x55, 0xd2,
            0x3d, 0xf4, 0xd8, 0x4b, 0x5e, 0xf5, 0x03, 0x98, 0x07, 0x27, 0x44, 0x42, 0x7f, 0x97,
            0x5a, 0x30, 0xe7, 0x22, 0x3e, 0xef, 0x9d, 0x9e, 0x75, 0x4a, 0xbb, 0xb2, 0xc5, 0xee,
            0xdd, 0xbb, 0x76, 0xed, 0xdb, 0xb5, 0xf3, 0x92, 0xba, 0xa5, 0x75, 0x4a, 0xea, 0x6a,
            0x8f, 0xb9, 0x15, 0x55, 0x55, 0x00, 0x58, 0x5e, 0xb9, 0xf6, 0x99, 0xc0, 0x09, 0x3b,
            0x4f, 0x44, 0xe3, 0xf5, 0xaa, 0x79, 0xb6, 0xa9, 0x3a, 0xdb, 0x37, 0x9e, 0x88, 0xe2,
            0x95, 0x0d, 0x3e, 0x7d, 0x27, 0x83, 0xd4, 0xb5, 0x0b, 0x0c, 0x0c, 0x06, 0xef, 0xff,
            0xac,
        ],
        globals: &[],
        expected: &[
            0x00, 0x00, 0x00, 0x00, 0x00, 0x00, 0x00, 0x00, 0x00, 0x00, 0x00, 0x00, 0x00, 0x00,
            0x00, 0x00, 0x00, 0x00, 0x4a, 0x52, 0x94, 0xb5, 0xad, 0x29, 0x4a, 0x52, 0x80, 0xa8,
            0x55, 0x55, 0x2a, 0xaa, 0xa5, 0x55, 0x52, 0x80, 0x55, 0x2a, 0xa5, 0x52, 0xaa, 0x55,
            0x2a, 0xa5, 0x00, 0x55, 0x2a, 0xa5, 0x52, 0xaa, 0x55, 0x2a, 0xa5, 0x00, 0x55, 0x2a,
            0xa5, 0x52, 0xaa, 0x55, 0x2a, 0xa5, 0x00, 0x33, 0x19, 0x8c, 0xc6, 0x73, 0x19, 0x8c,
            0xc6, 0x00, 0x87, 0x0e, 0x1c, 0x38, 0x70, 0xe1, 0xc3, 0x87, 0x00, 0x7f, 0x00, 0xfe,
            0x01, 0xfc, 0x03, 0xf8, 0x07, 0x80, 0x7f, 0x00, 0xfe, 0x01, 0xfc, 0x03, 0xf8, 0x07,
            0x80, 0x7f, 0x00, 0xfe, 0x01, 0xfc, 0x03, 0xf8, 0x07, 0x80, 0x1c, 0x71, 0xc7, 0x1c,
            0x71, 0xc7, 0x1c, 0x71, 0x80, 0xc6, 0x66, 0x66, 0x66, 0x23, 0x33, 0x33, 0x31, 0x00,
            0xb2, 0x49, 0x36, 0xc9, 0x24, 0xdb, 0x64, 0x92, 0x00, 0xb2, 0x49, 0x36, 0xc9, 0x24,
            0xdb, 0x64, 0x92, 0x00, 0xb2, 0x49, 0x36, 0xc9, 0x24, 0xdb, 0x64, 0x92, 0x00, 0x55,
            0x2a, 0xa5, 0x52, 0xaa, 0x55, 0x2a, 0xa5, 0x00, 0x2d, 0x2d, 0x2d, 0x25, 0x25, 0x25,
            0x25, 0xa5, 0x80,
        ],
    },
    EncodedCase {
        name: "ordinary-custom-t1",
        width: 65,
        height: 19,
        error_kind: 0,
        data: &[
            0x00, 0x00, 0x00, 0x01, 0x30, 0x01, 0x01, 0x00, 0x00, 0x00, 0x13, 0x00, 0x00, 0x00,
            0x41, 0x00, 0x00, 0x00, 0x13, 0x00, 0x00, 0x00, 0x00, 0x00, 0x00, 0x00, 0x00, 0x40,
            0x00, 0x00, 0x00, 0x00, 0x00, 0x02, 0x26, 0x01, 0x01, 0x00, 0x00, 0x00, 0x69, 0x00,
            0x00, 0x00, 0x41, 0x00, 0x00, 0x00, 0x13, 0x00, 0x00, 0x00, 0x00, 0x00, 0x00, 0x00,
            0x00, 0x04, 0x0a, 0xfb, 0x00, 0xc3, 0x2f, 0x7e, 0xa5, 0x50, 0x5d, 0x49, 0x7d, 0x1a,
            0xcf, 0xe8, 0x53, 0x86, 0x68, 0x5b, 0xfc, 0xa8, 0x18, 0xdf, 0xb0, 0x2a, 0xef, 0x2d,
            0x54, 0x00, 0x96, 0x39, 0x38, 0xaf, 0x76, 0xbf, 0xe2, 0x1b, 0x37, 0x6e, 0xd7, 0xce,
            0x4b, 0xee, 0x0a, 0x0e, 0xd2, 0xd4, 0xa9, 0x69, 0xde, 0x3f, 0xd1, 0x8e, 0x5d, 0x67,
            0x89, 0xf7, 0x4c, 0xe0, 0x04, 0x9c, 0x7a, 0x9e, 0xf1, 0xfa, 0xef, 0x3d, 0x5b, 0x4f,
            0x3d, 0x5d, 0x9b, 0xcf, 0x35, 0xbf, 0x96, 0x54, 0xaa, 0x0a, 0x81, 0x59, 0xd6, 0xb3,
            0x24, 0x69, 0xaf, 0x4f, 0xff, 0xac,
        ],
        globals: &[],
        expected: &[
            0x00, 0x00, 0x00, 0x00, 0x00, 0x00, 0x00, 0x00, 0x00, 0x00, 0x00, 0x00, 0x00, 0x00,
            0x00, 0x00, 0x00, 0x00, 0x4a, 0x52, 0x94, 0xb5, 0xad, 0x29, 0x4a, 0x52, 0x80, 0xa8,
            0x55, 0x55, 0x2a, 0xaa, 0xa5, 0x55, 0x52, 0x80, 0x55, 0x2a, 0xa5, 0x52, 0xaa, 0x55,
            0x2a, 0xa5, 0x00, 0x55, 0x2a, 0xa5, 0x52, 0xaa, 0x55, 0x2a, 0xa5, 0x00, 0x55, 0x2a,
            0xa5, 0x52, 0xaa, 0x55, 0x2a, 0xa5, 0x00, 0x33, 0x19, 0x8c, 0xc6, 0x73, 0x19, 0x8c,
            0xc6, 0x00, 0x87, 0x0e, 0x1c, 0x38, 0x70, 0xe1, 0xc3, 0x87, 0x00, 0x7f, 0x00, 0xfe,
            0x01, 0xfc, 0x03, 0xf8, 0x07, 0x80, 0x7f, 0x00, 0xfe, 0x01, 0xfc, 0x03, 0xf8, 0x07,
            0x80, 0x7f, 0x00, 0xfe, 0x01, 0xfc, 0x03, 0xf8, 0x07, 0x80, 0x1c, 0x71, 0xc7, 0x1c,
            0x71, 0xc7, 0x1c, 0x71, 0x80, 0xc6, 0x66, 0x66, 0x66, 0x23, 0x33, 0x33, 0x31, 0x00,
            0xb2, 0x49, 0x36, 0xc9, 0x24, 0xdb, 0x64, 0x92, 0x00, 0xb2, 0x49, 0x36, 0xc9, 0x24,
            0xdb, 0x64, 0x92, 0x00, 0xb2, 0x49, 0x36, 0xc9, 0x24, 0xdb, 0x64, 0x92, 0x00, 0x55,
            0x2a, 0xa5, 0x52, 0xaa, 0x55, 0x2a, 0xa5, 0x00, 0x2d, 0x2d, 0x2d, 0x25, 0x25, 0x25,
            0x25, 0xa5, 0x80,
        ],
    },
    EncodedCase {
        name: "ordinary-custom-t2",
        width: 65,
        height: 19,
        error_kind: 0,
        data: &[
            0x00, 0x00, 0x00, 0x01, 0x30, 0x01, 0x01, 0x00, 0x00, 0x00, 0x13, 0x00, 0x00, 0x00,
            0x41, 0x00, 0x00, 0x00, 0x13, 0x00, 0x00, 0x00, 0x00, 0x00, 0x00, 0x00, 0x00, 0x40,
            0x00, 0x00, 0x00, 0x00, 0x00, 0x02, 0x26, 0x01, 0x01, 0x00, 0x00, 0x00, 0x6d, 0x00,
            0x00, 0x00, 0x41, 0x00, 0x00, 0x00, 0x13, 0x00, 0x00, 0x00, 0x00, 0x00, 0x00, 0x00,
            0x00, 0x04, 0x0c, 0xfb, 0x00, 0xc3, 0xb1, 0xee, 0x31, 0x73, 0x18, 0x8b, 0xd0, 0x54,
            0x79, 0x66, 0x4c, 0x56, 0x86, 0xdb, 0x83, 0xb6, 0xe1, 0x78, 0x77, 0x1a, 0x76, 0x5b,
            0x53, 0x8c, 0xf8, 0xd5, 0xb8, 0x51, 0x9b, 0xbe, 0x2f, 0x27, 0x1e, 0x50, 0xee, 0x0a,
            0x76, 0x8b, 0xc2, 0x21, 0x5a, 0xa8, 0x30, 0x70, 0x26, 0xf6, 0xba, 0xb9, 0x5d, 0x9c,
            0xfe, 0xb4, 0xea, 0xd3, 0xe2, 0xbd, 0x36, 0x2b, 0xf8, 0xec, 0xa5, 0x52, 0x5d, 0xeb,
            0xad, 0x24, 0x92, 0x51, 0xd9, 0x2b, 0xc8, 0x70, 0xfc, 0x75, 0xe1, 0x39, 0x61, 0x75,
            0x59, 0x93, 0xc9, 0x95, 0x3c, 0x16, 0x75, 0x5f, 0xff, 0xac,
        ],
        globals: &[],
        expected: &[
            0x00, 0x00, 0x00, 0x00, 0x00, 0x00, 0x00, 0x00, 0x00, 0x00, 0x00, 0x00, 0x00, 0x00,
            0x00, 0x00, 0x00, 0x00, 0x4a, 0x52, 0x94, 0xb5, 0xad, 0x29, 0x4a, 0x52, 0x80, 0xa8,
            0x55, 0x55, 0x2a, 0xaa, 0xa5, 0x55, 0x52, 0x80, 0x55, 0x2a, 0xa5, 0x52, 0xaa, 0x55,
            0x2a, 0xa5, 0x00, 0x55, 0x2a, 0xa5, 0x52, 0xaa, 0x55, 0x2a, 0xa5, 0x00, 0x55, 0x2a,
            0xa5, 0x52, 0xaa, 0x55, 0x2a, 0xa5, 0x00, 0x33, 0x19, 0x8c, 0xc6, 0x73, 0x19, 0x8c,
            0xc6, 0x00, 0x87, 0x0e, 0x1c, 0x38, 0x70, 0xe1, 0xc3, 0x87, 0x00, 0x7f, 0x00, 0xfe,
            0x01, 0xfc, 0x03, 0xf8, 0x07, 0x80, 0x7f, 0x00, 0xfe, 0x01, 0xfc, 0x03, 0xf8, 0x07,
            0x80, 0x7f, 0x00, 0xfe, 0x01, 0xfc, 0x03, 0xf8, 0x07, 0x80, 0x1c, 0x71, 0xc7, 0x1c,
            0x71, 0xc7, 0x1c, 0x71, 0x80, 0xc6, 0x66, 0x66, 0x66, 0x23, 0x33, 0x33, 0x31, 0x00,
            0xb2, 0x49, 0x36, 0xc9, 0x24, 0xdb, 0x64, 0x92, 0x00, 0xb2, 0x49, 0x36, 0xc9, 0x24,
            0xdb, 0x64, 0x92, 0x00, 0xb2, 0x49, 0x36, 0xc9, 0x24, 0xdb, 0x64, 0x92, 0x00, 0x55,
            0x2a, 0xa5, 0x52, 0xaa, 0x55, 0x2a, 0xa5, 0x00, 0x2d, 0x2d, 0x2d, 0x25, 0x25, 0x25,
            0x25, 0xa5, 0x80,
        ],
    },
    EncodedCase {
        name: "ordinary-custom-t3",
        width: 65,
        height: 19,
        error_kind: 0,
        data: &[
            0x00, 0x00, 0x00, 0x01, 0x30, 0x01, 0x01, 0x00, 0x00, 0x00, 0x13, 0x00, 0x00, 0x00,
            0x41, 0x00, 0x00, 0x00, 0x13, 0x00, 0x00, 0x00, 0x00, 0x00, 0x00, 0x00, 0x00, 0x40,
            0x00, 0x00, 0x00, 0x00, 0x00, 0x02, 0x26, 0x01, 0x01, 0x00, 0x00, 0x00, 0x63, 0x00,
            0x00, 0x00, 0x41, 0x00, 0x00, 0x00, 0x13, 0x00, 0x00, 0x00, 0x00, 0x00, 0x00, 0x00,
            0x00, 0x04, 0x0e, 0xfb, 0x00, 0xc3, 0x55, 0xd2, 0x3d, 0xf4, 0xd8, 0x4b, 0x5e, 0xda,
            0x23, 0xae, 0xe1, 0x36, 0x72, 0x58, 0xb5, 0xec, 0x86, 0xa0, 0x97, 0xb9, 0xcc, 0xa0,
            0x5c, 0xbc, 0xe3, 0xee, 0xf3, 0x1a, 0x4d, 0x69, 0xf1, 0x67, 0x38, 0x8c, 0xea, 0x05,
            0xc1, 0xe5, 0x41, 0x76, 0xab, 0x0b, 0x4e, 0xe6, 0xf4, 0x37, 0x84, 0x77, 0x5a, 0xa2,
            0xda, 0xa6, 0x01, 0x25, 0x66, 0x85, 0xcf, 0x0c, 0x60, 0xc4, 0x61, 0x82, 0x35, 0xc1,
            0x22, 0xb4, 0xb8, 0x96, 0xfc, 0x1a, 0xcb, 0xfd, 0x8c, 0x71, 0x37, 0xbf, 0xff, 0xac,
        ],
        globals: &[],
        expected: &[
            0x00, 0x00, 0x00, 0x00, 0x00, 0x00, 0x00, 0x00, 0x00, 0x00, 0x00, 0x00, 0x00, 0x00,
            0x00, 0x00, 0x00, 0x00, 0x4a, 0x52, 0x94, 0xb5, 0xad, 0x29, 0x4a, 0x52, 0x80, 0xa8,
            0x55, 0x55, 0x2a, 0xaa, 0xa5, 0x55, 0x52, 0x80, 0x55, 0x2a, 0xa5, 0x52, 0xaa, 0x55,
            0x2a, 0xa5, 0x00, 0x55, 0x2a, 0xa5, 0x52, 0xaa, 0x55, 0x2a, 0xa5, 0x00, 0x55, 0x2a,
            0xa5, 0x52, 0xaa, 0x55, 0x2a, 0xa5, 0x00, 0x33, 0x19, 0x8c, 0xc6, 0x73, 0x19, 0x8c,
            0xc6, 0x00, 0x87, 0x0e, 0x1c, 0x38, 0x70, 0xe1, 0xc3, 0x87, 0x00, 0x7f, 0x00, 0xfe,
            0x01, 0xfc, 0x03, 0xf8, 0x07, 0x80, 0x7f, 0x00, 0xfe, 0x01, 0xfc, 0x03, 0xf8, 0x07,
            0x80, 0x7f, 0x00, 0xfe, 0x01, 0xfc, 0x03, 0xf8, 0x07, 0x80, 0x1c, 0x71, 0xc7, 0x1c,
            0x71, 0xc7, 0x1c, 0x71, 0x80, 0xc6, 0x66, 0x66, 0x66, 0x23, 0x33, 0x33, 0x31, 0x00,
            0xb2, 0x49, 0x36, 0xc9, 0x24, 0xdb, 0x64, 0x92, 0x00, 0xb2, 0x49, 0x36, 0xc9, 0x24,
            0xdb, 0x64, 0x92, 0x00, 0xb2, 0x49, 0x36, 0xc9, 0x24, 0xdb, 0x64, 0x92, 0x00, 0x55,
            0x2a, 0xa5, 0x52, 0xaa, 0x55, 0x2a, 0xa5, 0x00, 0x2d, 0x2d, 0x2d, 0x25, 0x25, 0x25,
            0x25, 0xa5, 0x80,
        ],
    },
    EncodedCase {
        name: "ordinary-unused-extended-t1",
        width: 33,
        height: 19,
        error_kind: 0,
        data: &[
            0x00, 0x00, 0x00, 0x01, 0x30, 0x01, 0x01, 0x00, 0x00, 0x00, 0x13, 0x00, 0x00, 0x00,
            0x21, 0x00, 0x00, 0x00, 0x13, 0x00, 0x00, 0x00, 0x00, 0x00, 0x00, 0x00, 0x00, 0x40,
            0x00, 0x00, 0x00, 0x00, 0x00, 0x02, 0x26, 0x01, 0x01, 0x00, 0x00, 0x00, 0x45, 0x00,
            0x00, 0x00, 0x21, 0x00, 0x00, 0x00, 0x13, 0x00, 0x00, 0x00, 0x00, 0x00, 0x00, 0x00,
            0x00, 0x04, 0x1a, 0x03, 0xff, 0xc3, 0x23, 0x86, 0xbe, 0x3f, 0x1e, 0x2f, 0xbf, 0x48,
            0x04, 0x2b, 0xa4, 0x73, 0xe7, 0xba, 0x71, 0x18, 0x2f, 0x76, 0xed, 0x74, 0xe5, 0x35,
            0x80, 0xce, 0x16, 0xde, 0x6e, 0x10, 0xea, 0xde, 0x8d, 0x33, 0x7f, 0x30, 0x15, 0xd2,
            0x18, 0x64, 0x72, 0x0a, 0x6f, 0xca, 0xf5, 0xfa, 0x20, 0x21, 0xff, 0xac,
        ],
        globals: &[],
        expected: &[
            0x00, 0x00, 0x00, 0x00, 0x00, 0x00, 0x00, 0x00, 0x00, 0x00, 0x4a, 0x52, 0x94, 0xb5,
            0x80, 0xa8, 0x55, 0x55, 0x2a, 0x80, 0x55, 0x2a, 0xa5, 0x52, 0x80, 0x55, 0x2a, 0xa5,
            0x52, 0x80, 0x55, 0x2a, 0xa5, 0x52, 0x80, 0x33, 0x19, 0x8c, 0xc6, 0x00, 0x87, 0x0e,
            0x1c, 0x38, 0x00, 0x7f, 0x00, 0xfe, 0x01, 0x80, 0x7f, 0x00, 0xfe, 0x01, 0x80, 0x7f,
            0x00, 0xfe, 0x01, 0x80, 0x1c, 0x71, 0xc7, 0x1c, 0x00, 0xc6, 0x66, 0x66, 0x66, 0x00,
            0xb2, 0x49, 0x36, 0xc9, 0x00, 0xb2, 0x49, 0x36, 0xc9, 0x00, 0xb2, 0x49, 0x36, 0xc9,
            0x00, 0x55, 0x2a, 0xa5, 0x52, 0x80, 0x2d, 0x2d, 0x2d, 0x25, 0x00,
        ],
    },
    EncodedCase {
        name: "ordinary-unused-extended-t2",
        width: 33,
        height: 19,
        error_kind: 0,
        data: &[
            0x00, 0x00, 0x00, 0x01, 0x30, 0x01, 0x01, 0x00, 0x00, 0x00, 0x13, 0x00, 0x00, 0x00,
            0x21, 0x00, 0x00, 0x00, 0x13, 0x00, 0x00, 0x00, 0x00, 0x00, 0x00, 0x00, 0x00, 0x40,
            0x00, 0x00, 0x00, 0x00, 0x00, 0x02, 0x26, 0x01, 0x01, 0x00, 0x00, 0x00, 0x45, 0x00,
            0x00, 0x00, 0x21, 0x00, 0x00, 0x00, 0x13, 0x00, 0x00, 0x00, 0x00, 0x00, 0x00, 0x00,
            0x00, 0x04, 0x1c, 0x02, 0xff, 0xc3, 0x8e, 0x9c, 0x25, 0xc6, 0x7b, 0xd6, 0xf9, 0xd4,
            0x10, 0xfa, 0xc8, 0x4a, 0x46, 0x84, 0x10, 0x4d, 0x5b, 0x54, 0x06, 0x59, 0xa4, 0xac,
            0xaa, 0x20, 0x77, 0x07, 0xec, 0xae, 0xe5, 0xb5, 0x0b, 0xc3, 0xef, 0x8e, 0x45, 0x46,
            0xc5, 0xe3, 0xc3, 0x9e, 0x75, 0x00, 0x68, 0xb4, 0xa7, 0xf9, 0xff, 0xac,
        ],
        globals: &[],
        expected: &[
            0x00, 0x00, 0x00, 0x00, 0x00, 0x00, 0x00, 0x00, 0x00, 0x00, 0x4a, 0x52, 0x94, 0xb5,
            0x80, 0xa8, 0x55, 0x55, 0x2a, 0x80, 0x55, 0x2a, 0xa5, 0x52, 0x80, 0x55, 0x2a, 0xa5,
            0x52, 0x80, 0x55, 0x2a, 0xa5, 0x52, 0x80, 0x33, 0x19, 0x8c, 0xc6, 0x00, 0x87, 0x0e,
            0x1c, 0x38, 0x00, 0x7f, 0x00, 0xfe, 0x01, 0x80, 0x7f, 0x00, 0xfe, 0x01, 0x80, 0x7f,
            0x00, 0xfe, 0x01, 0x80, 0x1c, 0x71, 0xc7, 0x1c, 0x00, 0xc6, 0x66, 0x66, 0x66, 0x00,
            0xb2, 0x49, 0x36, 0xc9, 0x00, 0xb2, 0x49, 0x36, 0xc9, 0x00, 0xb2, 0x49, 0x36, 0xc9,
            0x00, 0x55, 0x2a, 0xa5, 0x52, 0x80, 0x2d, 0x2d, 0x2d, 0x25, 0x00,
        ],
    },
    EncodedCase {
        name: "ordinary-unused-extended-t3",
        width: 33,
        height: 19,
        error_kind: 0,
        data: &[
            0x00, 0x00, 0x00, 0x01, 0x30, 0x01, 0x01, 0x00, 0x00, 0x00, 0x13, 0x00, 0x00, 0x00,
            0x21, 0x00, 0x00, 0x00, 0x13, 0x00, 0x00, 0x00, 0x00, 0x00, 0x00, 0x00, 0x00, 0x40,
            0x00, 0x00, 0x00, 0x00, 0x00, 0x02, 0x26, 0x01, 0x01, 0x00, 0x00, 0x00, 0x45, 0x00,
            0x00, 0x00, 0x21, 0x00, 0x00, 0x00, 0x13, 0x00, 0x00, 0x00, 0x00, 0x00, 0x00, 0x00,
            0x00, 0x04, 0x1e, 0x02, 0xff, 0xc3, 0x4a, 0x0d, 0xcf, 0xcd, 0x5c, 0xfb, 0x7a, 0xea,
            0xd5, 0xa8, 0xab, 0xa5, 0x79, 0x29, 0xed, 0x1b, 0x6e, 0xf0, 0xd0, 0x9f, 0x9e, 0xb8,
            0x4a, 0x4c, 0x87, 0xf9, 0x26, 0xf8, 0x2e, 0x19, 0x72, 0x32, 0x5d, 0x59, 0x21, 0xdb,
            0x43, 0xbf, 0xf1, 0x95, 0x6b, 0x3e, 0xce, 0xa8, 0xff, 0x7f, 0xff, 0xac,
        ],
        globals: &[],
        expected: &[
            0x00, 0x00, 0x00, 0x00, 0x00, 0x00, 0x00, 0x00, 0x00, 0x00, 0x4a, 0x52, 0x94, 0xb5,
            0x80, 0xa8, 0x55, 0x55, 0x2a, 0x80, 0x55, 0x2a, 0xa5, 0x52, 0x80, 0x55, 0x2a, 0xa5,
            0x52, 0x80, 0x55, 0x2a, 0xa5, 0x52, 0x80, 0x33, 0x19, 0x8c, 0xc6, 0x00, 0x87, 0x0e,
            0x1c, 0x38, 0x00, 0x7f, 0x00, 0xfe, 0x01, 0x80, 0x7f, 0x00, 0xfe, 0x01, 0x80, 0x7f,
            0x00, 0xfe, 0x01, 0x80, 0x1c, 0x71, 0xc7, 0x1c, 0x00, 0xc6, 0x66, 0x66, 0x66, 0x00,
            0xb2, 0x49, 0x36, 0xc9, 0x00, 0xb2, 0x49, 0x36, 0xc9, 0x00, 0xb2, 0x49, 0x36, 0xc9,
            0x00, 0x55, 0x2a, 0xa5, 0x52, 0x80, 0x2d, 0x2d, 0x2d, 0x25, 0x00,
        ],
    },
    EncodedCase {
        name: "mmr-unused-0",
        width: 33,
        height: 19,
        error_kind: 0,
        data: &[
            0x00, 0x00, 0x00, 0x01, 0x30, 0x01, 0x01, 0x00, 0x00, 0x00, 0x13, 0x00, 0x00, 0x00,
            0x21, 0x00, 0x00, 0x00, 0x13, 0x00, 0x00, 0x00, 0x00, 0x00, 0x00, 0x00, 0x00, 0x40,
            0x00, 0x00, 0x00, 0x00, 0x00, 0x02, 0x26, 0x01, 0x01, 0x00, 0x00, 0x00, 0xad, 0x00,
            0x00, 0x00, 0x21, 0x00, 0x00, 0x00, 0x13, 0x00, 0x00, 0x00, 0x00, 0x00, 0x00, 0x00,
            0x00, 0x04, 0x01, 0x26, 0xb9, 0x8c, 0xbe, 0x5f, 0x2f, 0x97, 0xcb, 0xe5, 0xfd, 0x02,
            0x04, 0xf4, 0x82, 0x08, 0x13, 0x7a, 0x48, 0x20, 0x95, 0x84, 0x10, 0x5e, 0x92, 0x41,
            0x02, 0x7a, 0xa0, 0x90, 0x41, 0x5a, 0x41, 0x05, 0x8f, 0xa4, 0x90, 0x41, 0x7a, 0x54,
            0x92, 0x09, 0x5a, 0x48, 0x8e, 0x82, 0x09, 0xa4, 0x92, 0x49, 0x2f, 0x49, 0x2f, 0x69,
            0x7e, 0xd2, 0xd7, 0x69, 0x24, 0xa1, 0x24, 0xbb, 0x09, 0xa5, 0xb0, 0x9a, 0x58, 0x69,
            0x5b, 0x09, 0x76, 0x1a, 0x84, 0x08, 0x55, 0x86, 0xa1, 0x85, 0x71, 0x04, 0xc4, 0x28,
            0x84, 0x32, 0x6b, 0x1e, 0x33, 0xe6, 0xa0, 0xcd, 0x01, 0x18, 0xa1, 0x18, 0x98, 0x23,
            0xc3, 0xa0, 0x81, 0x17, 0xe8, 0x20, 0x45, 0xfd, 0x02, 0x04, 0xf4, 0x82, 0x08, 0x13,
            0x7a, 0x48, 0x20, 0x95, 0x84, 0x10, 0x5e, 0x92, 0x41, 0x02, 0x7a, 0xa0, 0x90, 0x41,
            0x5a, 0x41, 0x05, 0x8f, 0xa4, 0x90, 0x41, 0x7a, 0x54, 0x92, 0x09, 0x5a, 0x48, 0x8e,
            0x82, 0x09, 0xa4, 0x92, 0x49, 0x2f, 0x49, 0x2f, 0x69, 0x7e, 0xd2, 0xd7, 0x69, 0x24,
            0xa0, 0x02, 0x00, 0x20,
        ],
        globals: &[],
        expected: &[
            0xc6, 0x66, 0x66, 0x66, 0x00, 0xb2, 0x49, 0x36, 0xc9, 0x00, 0x4a, 0x52, 0x94, 0xb5,
            0x80, 0xa8, 0x55, 0x55, 0x2a, 0x80, 0x55, 0x2a, 0xa5, 0x52, 0x80, 0x2d, 0x2d, 0x2d,
            0x25, 0x00, 0xd9, 0x36, 0x4c, 0x9b, 0x00, 0x33, 0x19, 0x8c, 0xc6, 0x00, 0x87, 0x0e,
            0x1c, 0x38, 0x00, 0x7f, 0x00, 0xfe, 0x01, 0x80, 0x00, 0x03, 0xff, 0xff, 0x80, 0xe0,
            0x7c, 0x07, 0xc0, 0x80, 0x1c, 0x71, 0xc7, 0x1c, 0x00, 0xc6, 0x66, 0x66, 0x66, 0x00,
            0xb2, 0x49, 0x36, 0xc9, 0x00, 0x4a, 0x52, 0x94, 0xb5, 0x80, 0xa8, 0x55, 0x55, 0x2a,
            0x80, 0x55, 0x2a, 0xa5, 0x52, 0x80, 0x2d, 0x2d, 0x2d, 0x25, 0x00,
        ],
    },
    EncodedCase {
        name: "mmr-unused-8",
        width: 33,
        height: 19,
        error_kind: 0,
        data: &[
            0x00, 0x00, 0x00, 0x01, 0x30, 0x01, 0x01, 0x00, 0x00, 0x00, 0x13, 0x00, 0x00, 0x00,
            0x21, 0x00, 0x00, 0x00, 0x13, 0x00, 0x00, 0x00, 0x00, 0x00, 0x00, 0x00, 0x00, 0x40,
            0x00, 0x00, 0x00, 0x00, 0x00, 0x02, 0x26, 0x01, 0x01, 0x00, 0x00, 0x00, 0xad, 0x00,
            0x00, 0x00, 0x21, 0x00, 0x00, 0x00, 0x13, 0x00, 0x00, 0x00, 0x00, 0x00, 0x00, 0x00,
            0x00, 0x04, 0x09, 0x26, 0xb9, 0x8c, 0xbe, 0x5f, 0x2f, 0x97, 0xcb, 0xe5, 0xfd, 0x02,
            0x04, 0xf4, 0x82, 0x08, 0x13, 0x7a, 0x48, 0x20, 0x95, 0x84, 0x10, 0x5e, 0x92, 0x41,
            0x02, 0x7a, 0xa0, 0x90, 0x41, 0x5a, 0x41, 0x05, 0x8f, 0xa4, 0x90, 0x41, 0x7a, 0x54,
            0x92, 0x09, 0x5a, 0x48, 0x8e, 0x82, 0x09, 0xa4, 0x92, 0x49, 0x2f, 0x49, 0x2f, 0x69,
            0x7e, 0xd2, 0xd7, 0x69, 0x24, 0xa1, 0x24, 0xbb, 0x09, 0xa5, 0xb0, 0x9a, 0x58, 0x69,
            0x5b, 0x09, 0x76, 0x1a, 0x84, 0x08, 0x55, 0x86, 0xa1, 0x85, 0x71, 0x04, 0xc4, 0x28,
            0x84, 0x32, 0x6b, 0x1e, 0x33, 0xe6, 0xa0, 0xcd, 0x01, 0x18, 0xa1, 0x18, 0x98, 0x23,
            0xc3, 0xa0, 0x81, 0x17, 0xe8, 0x20, 0x45, 0xfd, 0x02, 0x04, 0xf4, 0x82, 0x08, 0x13,
            0x7a, 0x48, 0x20, 0x95, 0x84, 0x10, 0x5e, 0x92, 0x41, 0x02, 0x7a, 0xa0, 0x90, 0x41,
            0x5a, 0x41, 0x05, 0x8f, 0xa4, 0x90, 0x41, 0x7a, 0x54, 0x92, 0x09, 0x5a, 0x48, 0x8e,
            0x82, 0x09, 0xa4, 0x92, 0x49, 0x2f, 0x49, 0x2f, 0x69, 0x7e, 0xd2, 0xd7, 0x69, 0x24,
            0xa0, 0x02, 0x00, 0x20,
        ],
        globals: &[],
        expected: &[
            0xc6, 0x66, 0x66, 0x66, 0x00, 0xb2, 0x49, 0x36, 0xc9, 0x00, 0x4a, 0x52, 0x94, 0xb5,
            0x80, 0xa8, 0x55, 0x55, 0x2a, 0x80, 0x55, 0x2a, 0xa5, 0x52, 0x80, 0x2d, 0x2d, 0x2d,
            0x25, 0x00, 0xd9, 0x36, 0x4c, 0x9b, 0x00, 0x33, 0x19, 0x8c, 0xc6, 0x00, 0x87, 0x0e,
            0x1c, 0x38, 0x00, 0x7f, 0x00, 0xfe, 0x01, 0x80, 0x00, 0x03, 0xff, 0xff, 0x80, 0xe0,
            0x7c, 0x07, 0xc0, 0x80, 0x1c, 0x71, 0xc7, 0x1c, 0x00, 0xc6, 0x66, 0x66, 0x66, 0x00,
            0xb2, 0x49, 0x36, 0xc9, 0x00, 0x4a, 0x52, 0x94, 0xb5, 0x80, 0xa8, 0x55, 0x55, 0x2a,
            0x80, 0x55, 0x2a, 0xa5, 0x52, 0x80, 0x2d, 0x2d, 0x2d, 0x25, 0x00,
        ],
    },
    EncodedCase {
        name: "mmr-unused-16",
        width: 33,
        height: 19,
        error_kind: 0,
        data: &[
            0x00, 0x00, 0x00, 0x01, 0x30, 0x01, 0x01, 0x00, 0x00, 0x00, 0x13, 0x00, 0x00, 0x00,
            0x21, 0x00, 0x00, 0x00, 0x13, 0x00, 0x00, 0x00, 0x00, 0x00, 0x00, 0x00, 0x00, 0x40,
            0x00, 0x00, 0x00, 0x00, 0x00, 0x02, 0x26, 0x01, 0x01, 0x00, 0x00, 0x00, 0xad, 0x00,
            0x00, 0x00, 0x21, 0x00, 0x00, 0x00, 0x13, 0x00, 0x00, 0x00, 0x00, 0x00, 0x00, 0x00,
            0x00, 0x04, 0x11, 0x26, 0xb9, 0x8c, 0xbe, 0x5f, 0x2f, 0x97, 0xcb, 0xe5, 0xfd, 0x02,
            0x04, 0xf4, 0x82, 0x08, 0x13, 0x7a, 0x48, 0x20, 0x95, 0x84, 0x10, 0x5e, 0x92, 0x41,
            0x02, 0x7a, 0xa0, 0x90, 0x41, 0x5a, 0x41, 0x05, 0x8f, 0xa4, 0x90, 0x41, 0x7a, 0x54,
            0x92, 0x09, 0x5a, 0x48, 0x8e, 0x82, 0x09, 0xa4, 0x92, 0x49, 0x2f, 0x49, 0x2f, 0x69,
            0x7e, 0xd2, 0xd7, 0x69, 0x24, 0xa1, 0x24, 0xbb, 0x09, 0xa5, 0xb0, 0x9a, 0x58, 0x69,
            0x5b, 0x09, 0x76, 0x1a, 0x84, 0x08, 0x55, 0x86, 0xa1, 0x85, 0x71, 0x04, 0xc4, 0x28,
            0x84, 0x32, 0x6b, 0x1e, 0x33, 0xe6, 0xa0, 0xcd, 0x01, 0x18, 0xa1, 0x18, 0x98, 0x23,
            0xc3, 0xa0, 0x81, 0x17, 0xe8, 0x20, 0x45, 0xfd, 0x02, 0x04, 0xf4, 0x82, 0x08, 0x13,
            0x7a, 0x48, 0x20, 0x95, 0x84, 0x10, 0x5e, 0x92, 0x41, 0x02, 0x7a, 0xa0, 0x90, 0x41,
            0x5a, 0x41, 0x05, 0x8f, 0xa4, 0x90, 0x41, 0x7a, 0x54, 0x92, 0x09, 0x5a, 0x48, 0x8e,
            0x82, 0x09, 0xa4, 0x92, 0x49, 0x2f, 0x49, 0x2f, 0x69, 0x7e, 0xd2, 0xd7, 0x69, 0x24,
            0xa0, 0x02, 0x00, 0x20,
        ],
        globals: &[],
        expected: &[
            0xc6, 0x66, 0x66, 0x66, 0x00, 0xb2, 0x49, 0x36, 0xc9, 0x00, 0x4a, 0x52, 0x94, 0xb5,
            0x80, 0xa8, 0x55, 0x55, 0x2a, 0x80, 0x55, 0x2a, 0xa5, 0x52, 0x80, 0x2d, 0x2d, 0x2d,
            0x25, 0x00, 0xd9, 0x36, 0x4c, 0x9b, 0x00, 0x33, 0x19, 0x8c, 0xc6, 0x00, 0x87, 0x0e,
            0x1c, 0x38, 0x00, 0x7f, 0x00, 0xfe, 0x01, 0x80, 0x00, 0x03, 0xff, 0xff, 0x80, 0xe0,
            0x7c, 0x07, 0xc0, 0x80, 0x1c, 0x71, 0xc7, 0x1c, 0x00, 0xc6, 0x66, 0x66, 0x66, 0x00,
            0xb2, 0x49, 0x36, 0xc9, 0x00, 0x4a, 0x52, 0x94, 0xb5, 0x80, 0xa8, 0x55, 0x55, 0x2a,
            0x80, 0x55, 0x2a, 0xa5, 0x52, 0x80, 0x2d, 0x2d, 0x2d, 0x25, 0x00,
        ],
    },
    EncodedCase {
        name: "mmr-unused-24",
        width: 33,
        height: 19,
        error_kind: 0,
        data: &[
            0x00, 0x00, 0x00, 0x01, 0x30, 0x01, 0x01, 0x00, 0x00, 0x00, 0x13, 0x00, 0x00, 0x00,
            0x21, 0x00, 0x00, 0x00, 0x13, 0x00, 0x00, 0x00, 0x00, 0x00, 0x00, 0x00, 0x00, 0x40,
            0x00, 0x00, 0x00, 0x00, 0x00, 0x02, 0x26, 0x01, 0x01, 0x00, 0x00, 0x00, 0xad, 0x00,
            0x00, 0x00, 0x21, 0x00, 0x00, 0x00, 0x13, 0x00, 0x00, 0x00, 0x00, 0x00, 0x00, 0x00,
            0x00, 0x04, 0x19, 0x26, 0xb9, 0x8c, 0xbe, 0x5f, 0x2f, 0x97, 0xcb, 0xe5, 0xfd, 0x02,
            0x04, 0xf4, 0x82, 0x08, 0x13, 0x7a, 0x48, 0x20, 0x95, 0x84, 0x10, 0x5e, 0x92, 0x41,
            0x02, 0x7a, 0xa0, 0x90, 0x41, 0x5a, 0x41, 0x05, 0x8f, 0xa4, 0x90, 0x41, 0x7a, 0x54,
            0x92, 0x09, 0x5a, 0x48, 0x8e, 0x82, 0x09, 0xa4, 0x92, 0x49, 0x2f, 0x49, 0x2f, 0x69,
            0x7e, 0xd2, 0xd7, 0x69, 0x24, 0xa1, 0x24, 0xbb, 0x09, 0xa5, 0xb0, 0x9a, 0x58, 0x69,
            0x5b, 0x09, 0x76, 0x1a, 0x84, 0x08, 0x55, 0x86, 0xa1, 0x85, 0x71, 0x04, 0xc4, 0x28,
            0x84, 0x32, 0x6b, 0x1e, 0x33, 0xe6, 0xa0, 0xcd, 0x01, 0x18, 0xa1, 0x18, 0x98, 0x23,
            0xc3, 0xa0, 0x81, 0x17, 0xe8, 0x20, 0x45, 0xfd, 0x02, 0x04, 0xf4, 0x82, 0x08, 0x13,
            0x7a, 0x48, 0x20, 0x95, 0x84, 0x10, 0x5e, 0x92, 0x41, 0x02, 0x7a, 0xa0, 0x90, 0x41,
            0x5a, 0x41, 0x05, 0x8f, 0xa4, 0x90, 0x41, 0x7a, 0x54, 0x92, 0x09, 0x5a, 0x48, 0x8e,
            0x82, 0x09, 0xa4, 0x92, 0x49, 0x2f, 0x49, 0x2f, 0x69, 0x7e, 0xd2, 0xd7, 0x69, 0x24,
            0xa0, 0x02, 0x00, 0x20,
        ],
        globals: &[],
        expected: &[
            0xc6, 0x66, 0x66, 0x66, 0x00, 0xb2, 0x49, 0x36, 0xc9, 0x00, 0x4a, 0x52, 0x94, 0xb5,
            0x80, 0xa8, 0x55, 0x55, 0x2a, 0x80, 0x55, 0x2a, 0xa5, 0x52, 0x80, 0x2d, 0x2d, 0x2d,
            0x25, 0x00, 0xd9, 0x36, 0x4c, 0x9b, 0x00, 0x33, 0x19, 0x8c, 0xc6, 0x00, 0x87, 0x0e,
            0x1c, 0x38, 0x00, 0x7f, 0x00, 0xfe, 0x01, 0x80, 0x00, 0x03, 0xff, 0xff, 0x80, 0xe0,
            0x7c, 0x07, 0xc0, 0x80, 0x1c, 0x71, 0xc7, 0x1c, 0x00, 0xc6, 0x66, 0x66, 0x66, 0x00,
            0xb2, 0x49, 0x36, 0xc9, 0x00, 0x4a, 0x52, 0x94, 0xb5, 0x80, 0xa8, 0x55, 0x55, 0x2a,
            0x80, 0x55, 0x2a, 0xa5, 0x52, 0x80, 0x2d, 0x2d, 0x2d, 0x25, 0x00,
        ],
    },
    EncodedCase {
        name: "extended-unknown-length",
        width: 33,
        height: 19,
        error_kind: 0,
        data: &[
            0x00, 0x00, 0x00, 0x01, 0x30, 0x01, 0x01, 0x00, 0x00, 0x00, 0x13, 0x00, 0x00, 0x00,
            0x21, 0x00, 0x00, 0x00, 0x13, 0x00, 0x00, 0x00, 0x00, 0x00, 0x00, 0x00, 0x00, 0x40,
            0x00, 0x00, 0x00, 0x00, 0x00, 0x02, 0x26, 0x01, 0x01, 0xff, 0xff, 0xff, 0xff, 0x00,
            0x00, 0x00, 0x21, 0x00, 0x00, 0x00, 0x13, 0x00, 0x00, 0x00, 0x00, 0x00, 0x00, 0x00,
            0x00, 0x04, 0x18, 0xfe, 0x00, 0x00, 0xfe, 0xfe, 0xff, 0xff, 0xfe, 0x01, 0xfe, 0x02,
            0xff, 0xfd, 0x00, 0xfc, 0x00, 0x02, 0xfe, 0x03, 0xff, 0xfe, 0xfe, 0xfd, 0xff, 0xc3,
            0x4a, 0x0d, 0xcf, 0xcd, 0x5c, 0xfb, 0xac, 0x2b, 0xbc, 0x2b, 0xa5, 0xbe, 0x7d, 0x47,
            0x97, 0x11, 0x7b, 0x6e, 0xdd, 0xc2, 0x47, 0x52, 0xec, 0x6b, 0x03, 0x04, 0x55, 0x55,
            0x80, 0x74, 0x69, 0xa0, 0x23, 0x30, 0x56, 0x78, 0x5d, 0x91, 0xcb, 0xb5, 0x48, 0x93,
            0xef, 0x9d, 0x4b, 0x63, 0xff, 0xac, 0x00, 0x00, 0x00, 0x13,
        ],
        globals: &[],
        expected: &[
            0x00, 0x00, 0x00, 0x00, 0x00, 0x00, 0x00, 0x00, 0x00, 0x00, 0x4a, 0x52, 0x94, 0xb5,
            0x80, 0xa8, 0x55, 0x55, 0x2a, 0x80, 0x55, 0x2a, 0xa5, 0x52, 0x80, 0x55, 0x2a, 0xa5,
            0x52, 0x80, 0x55, 0x2a, 0xa5, 0x52, 0x80, 0x33, 0x19, 0x8c, 0xc6, 0x00, 0x87, 0x0e,
            0x1c, 0x38, 0x00, 0x7f, 0x00, 0xfe, 0x01, 0x80, 0x7f, 0x00, 0xfe, 0x01, 0x80, 0x7f,
            0x00, 0xfe, 0x01, 0x80, 0x1c, 0x71, 0xc7, 0x1c, 0x00, 0xc6, 0x66, 0x66, 0x66, 0x00,
            0xb2, 0x49, 0x36, 0xc9, 0x00, 0xb2, 0x49, 0x36, 0xc9, 0x00, 0xb2, 0x49, 0x36, 0xc9,
            0x00, 0x55, 0x2a, 0xa5, 0x52, 0x80, 0x2d, 0x2d, 0x2d, 0x25, 0x00,
        ],
    },
    EncodedCase {
        name: "extended-lossless-region",
        width: 33,
        height: 19,
        error_kind: 0,
        data: &[
            0x00, 0x00, 0x00, 0x01, 0x30, 0x01, 0x01, 0x00, 0x00, 0x00, 0x13, 0x00, 0x00, 0x00,
            0x21, 0x00, 0x00, 0x00, 0x13, 0x00, 0x00, 0x00, 0x00, 0x00, 0x00, 0x00, 0x00, 0x40,
            0x00, 0x00, 0x00, 0x00, 0x00, 0x02, 0x27, 0x01, 0x01, 0x00, 0x00, 0x00, 0x5b, 0x00,
            0x00, 0x00, 0x21, 0x00, 0x00, 0x00, 0x13, 0x00, 0x00, 0x00, 0x00, 0x00, 0x00, 0x00,
            0x00, 0x04, 0x18, 0xfe, 0x00, 0x00, 0xfe, 0xfe, 0xff, 0xff, 0xfe, 0x01, 0xfe, 0x02,
            0xff, 0xfd, 0x00, 0xfc, 0x00, 0x02, 0xfe, 0x03, 0xff, 0xfe, 0xfe, 0xfd, 0xff, 0xc3,
            0x4a, 0x0d, 0xcf, 0xcd, 0x5c, 0xfb, 0xac, 0x2b, 0xbc, 0x2b, 0xa5, 0xbe, 0x7d, 0x47,
            0x97, 0x11, 0x7b, 0x6e, 0xdd, 0xc2, 0x47, 0x52, 0xec, 0x6b, 0x03, 0x04, 0x55, 0x55,
            0x80, 0x74, 0x69, 0xa0, 0x23, 0x30, 0x56, 0x78, 0x5d, 0x91, 0xcb, 0xb5, 0x48, 0x93,
            0xef, 0x9d, 0x4b, 0x63, 0xff, 0xac,
        ],
        globals: &[],
        expected: &[
            0x00, 0x00, 0x00, 0x00, 0x00, 0x00, 0x00, 0x00, 0x00, 0x00, 0x4a, 0x52, 0x94, 0xb5,
            0x80, 0xa8, 0x55, 0x55, 0x2a, 0x80, 0x55, 0x2a, 0xa5, 0x52, 0x80, 0x55, 0x2a, 0xa5,
            0x52, 0x80, 0x55, 0x2a, 0xa5, 0x52, 0x80, 0x33, 0x19, 0x8c, 0xc6, 0x00, 0x87, 0x0e,
            0x1c, 0x38, 0x00, 0x7f, 0x00, 0xfe, 0x01, 0x80, 0x7f, 0x00, 0xfe, 0x01, 0x80, 0x7f,
            0x00, 0xfe, 0x01, 0x80, 0x1c, 0x71, 0xc7, 0x1c, 0x00, 0xc6, 0x66, 0x66, 0x66, 0x00,
            0xb2, 0x49, 0x36, 0xc9, 0x00, 0xb2, 0x49, 0x36, 0xc9, 0x00, 0xb2, 0x49, 0x36, 0xc9,
            0x00, 0x55, 0x2a, 0xa5, 0x52, 0x80, 0x2d, 0x2d, 0x2d, 0x25, 0x00,
        ],
    },
];
pub(super) const INVALID: &[EncodedCase] = &[
    EncodedCase {
        name: "reserved-bit-5",
        width: 33,
        height: 19,
        error_kind: 1,
        data: &[
            0x00, 0x00, 0x00, 0x01, 0x30, 0x01, 0x01, 0x00, 0x00, 0x00, 0x13, 0x00, 0x00, 0x00,
            0x21, 0x00, 0x00, 0x00, 0x13, 0x00, 0x00, 0x00, 0x00, 0x00, 0x00, 0x00, 0x00, 0x40,
            0x00, 0x00, 0x00, 0x00, 0x00, 0x02, 0x26, 0x01, 0x01, 0x00, 0x00, 0x00, 0x71, 0x00,
            0x00, 0x00, 0x21, 0x00, 0x00, 0x00, 0x13, 0x00, 0x00, 0x00, 0x00, 0x00, 0x00, 0x00,
            0x00, 0x04, 0x30, 0xfe, 0x00, 0x00, 0xfe, 0xfe, 0xff, 0xff, 0xfe, 0x01, 0xfe, 0x02,
            0xff, 0xfd, 0x00, 0xfc, 0x00, 0x02, 0xfe, 0x03, 0xff, 0xfe, 0xfe, 0xfd, 0xff, 0xe8,
            0xde, 0x3e, 0x17, 0x9c, 0xf0, 0xc1, 0xc8, 0x1e, 0xf7, 0x0a, 0xc0, 0x7a, 0xd0, 0xe5,
            0x58, 0x72, 0xbd, 0x22, 0xf7, 0x6d, 0x2d, 0x42, 0x02, 0xf3, 0xa4, 0x36, 0x63, 0x3e,
            0x6f, 0x37, 0xb1, 0x14, 0xbb, 0x76, 0xfe, 0x72, 0x97, 0x63, 0x81, 0x00, 0x27, 0xfc,
            0x02, 0xa9, 0x0c, 0x43, 0x96, 0x24, 0x2a, 0xab, 0x13, 0xe6, 0x1a, 0xaa, 0x04, 0xf4,
            0x02, 0x7a, 0x19, 0xb7, 0xff, 0x7f, 0xff, 0x7f, 0xff, 0x7f, 0xff, 0x7f, 0xff, 0xac,
        ],
        globals: &[],
        expected: &[],
    },
    EncodedCase {
        name: "reserved-bit-6",
        width: 33,
        height: 19,
        error_kind: 1,
        data: &[
            0x00, 0x00, 0x00, 0x01, 0x30, 0x01, 0x01, 0x00, 0x00, 0x00, 0x13, 0x00, 0x00, 0x00,
            0x21, 0x00, 0x00, 0x00, 0x13, 0x00, 0x00, 0x00, 0x00, 0x00, 0x00, 0x00, 0x00, 0x40,
            0x00, 0x00, 0x00, 0x00, 0x00, 0x02, 0x26, 0x01, 0x01, 0x00, 0x00, 0x00, 0x71, 0x00,
            0x00, 0x00, 0x21, 0x00, 0x00, 0x00, 0x13, 0x00, 0x00, 0x00, 0x00, 0x00, 0x00, 0x00,
            0x00, 0x04, 0x50, 0xfe, 0x00, 0x00, 0xfe, 0xfe, 0xff, 0xff, 0xfe, 0x01, 0xfe, 0x02,
            0xff, 0xfd, 0x00, 0xfc, 0x00, 0x02, 0xfe, 0x03, 0xff, 0xfe, 0xfe, 0xfd, 0xff, 0xe8,
            0xde, 0x3e, 0x17, 0x9c, 0xf0, 0xc1, 0xc8, 0x1e, 0xf7, 0x0a, 0xc0, 0x7a, 0xd0, 0xe5,
            0x58, 0x72, 0xbd, 0x22, 0xf7, 0x6d, 0x2d, 0x42, 0x02, 0xf3, 0xa4, 0x36, 0x63, 0x3e,
            0x6f, 0x37, 0xb1, 0x14, 0xbb, 0x76, 0xfe, 0x72, 0x97, 0x63, 0x81, 0x00, 0x27, 0xfc,
            0x02, 0xa9, 0x0c, 0x43, 0x96, 0x24, 0x2a, 0xab, 0x13, 0xe6, 0x1a, 0xaa, 0x04, 0xf4,
            0x02, 0x7a, 0x19, 0xb7, 0xff, 0x7f, 0xff, 0x7f, 0xff, 0x7f, 0xff, 0x7f, 0xff, 0xac,
        ],
        globals: &[],
        expected: &[],
    },
    EncodedCase {
        name: "reserved-bit-7",
        width: 33,
        height: 19,
        error_kind: 1,
        data: &[
            0x00, 0x00, 0x00, 0x01, 0x30, 0x01, 0x01, 0x00, 0x00, 0x00, 0x13, 0x00, 0x00, 0x00,
            0x21, 0x00, 0x00, 0x00, 0x13, 0x00, 0x00, 0x00, 0x00, 0x00, 0x00, 0x00, 0x00, 0x40,
            0x00, 0x00, 0x00, 0x00, 0x00, 0x02, 0x26, 0x01, 0x01, 0x00, 0x00, 0x00, 0x71, 0x00,
            0x00, 0x00, 0x21, 0x00, 0x00, 0x00, 0x13, 0x00, 0x00, 0x00, 0x00, 0x00, 0x00, 0x00,
            0x00, 0x04, 0x90, 0xfe, 0x00, 0x00, 0xfe, 0xfe, 0xff, 0xff, 0xfe, 0x01, 0xfe, 0x02,
            0xff, 0xfd, 0x00, 0xfc, 0x00, 0x02, 0xfe, 0x03, 0xff, 0xfe, 0xfe, 0xfd, 0xff, 0xe8,
            0xde, 0x3e, 0x17, 0x9c, 0xf0, 0xc1, 0xc8, 0x1e, 0xf7, 0x0a, 0xc0, 0x7a, 0xd0, 0xe5,
            0x58, 0x72, 0xbd, 0x22, 0xf7, 0x6d, 0x2d, 0x42, 0x02, 0xf3, 0xa4, 0x36, 0x63, 0x3e,
            0x6f, 0x37, 0xb1, 0x14, 0xbb, 0x76, 0xfe, 0x72, 0x97, 0x63, 0x81, 0x00, 0x27, 0xfc,
            0x02, 0xa9, 0x0c, 0x43, 0x96, 0x24, 0x2a, 0xab, 0x13, 0xe6, 0x1a, 0xaa, 0x04, 0xf4,
            0x02, 0x7a, 0x19, 0xb7, 0xff, 0x7f, 0xff, 0x7f, 0xff, 0x7f, 0xff, 0x7f, 0xff, 0xac,
        ],
        globals: &[],
        expected: &[],
    },
    EncodedCase {
        name: "mmr-template-1",
        width: 33,
        height: 19,
        error_kind: 1,
        data: &[
            0x00, 0x00, 0x00, 0x01, 0x30, 0x01, 0x01, 0x00, 0x00, 0x00, 0x13, 0x00, 0x00, 0x00,
            0x21, 0x00, 0x00, 0x00, 0x13, 0x00, 0x00, 0x00, 0x00, 0x00, 0x00, 0x00, 0x00, 0x40,
            0x00, 0x00, 0x00, 0x00, 0x00, 0x02, 0x26, 0x01, 0x01, 0x00, 0x00, 0x00, 0xad, 0x00,
            0x00, 0x00, 0x21, 0x00, 0x00, 0x00, 0x13, 0x00, 0x00, 0x00, 0x00, 0x00, 0x00, 0x00,
            0x00, 0x04, 0x03, 0x26, 0xb9, 0x8c, 0xbe, 0x5f, 0x2f, 0x97, 0xcb, 0xe5, 0xfd, 0x02,
            0x04, 0xf4, 0x82, 0x08, 0x13, 0x7a, 0x48, 0x20, 0x95, 0x84, 0x10, 0x5e, 0x92, 0x41,
            0x02, 0x7a, 0xa0, 0x90, 0x41, 0x5a, 0x41, 0x05, 0x8f, 0xa4, 0x90, 0x41, 0x7a, 0x54,
            0x92, 0x09, 0x5a, 0x48, 0x8e, 0x82, 0x09, 0xa4, 0x92, 0x49, 0x2f, 0x49, 0x2f, 0x69,
            0x7e, 0xd2, 0xd7, 0x69, 0x24, 0xa1, 0x24, 0xbb, 0x09, 0xa5, 0xb0, 0x9a, 0x58, 0x69,
            0x5b, 0x09, 0x76, 0x1a, 0x84, 0x08, 0x55, 0x86, 0xa1, 0x85, 0x71, 0x04, 0xc4, 0x28,
            0x84, 0x32, 0x6b, 0x1e, 0x33, 0xe6, 0xa0, 0xcd, 0x01, 0x18, 0xa1, 0x18, 0x98, 0x23,
            0xc3, 0xa0, 0x81, 0x17, 0xe8, 0x20, 0x45, 0xfd, 0x02, 0x04, 0xf4, 0x82, 0x08, 0x13,
            0x7a, 0x48, 0x20, 0x95, 0x84, 0x10, 0x5e, 0x92, 0x41, 0x02, 0x7a, 0xa0, 0x90, 0x41,
            0x5a, 0x41, 0x05, 0x8f, 0xa4, 0x90, 0x41, 0x7a, 0x54, 0x92, 0x09, 0x5a, 0x48, 0x8e,
            0x82, 0x09, 0xa4, 0x92, 0x49, 0x2f, 0x49, 0x2f, 0x69, 0x7e, 0xd2, 0xd7, 0x69, 0x24,
            0xa0, 0x02, 0x00, 0x20,
        ],
        globals: &[],
        expected: &[],
    },
    EncodedCase {
        name: "mmr-template-2",
        width: 33,
        height: 19,
        error_kind: 1,
        data: &[
            0x00, 0x00, 0x00, 0x01, 0x30, 0x01, 0x01, 0x00, 0x00, 0x00, 0x13, 0x00, 0x00, 0x00,
            0x21, 0x00, 0x00, 0x00, 0x13, 0x00, 0x00, 0x00, 0x00, 0x00, 0x00, 0x00, 0x00, 0x40,
            0x00, 0x00, 0x00, 0x00, 0x00, 0x02, 0x26, 0x01, 0x01, 0x00, 0x00, 0x00, 0xad, 0x00,
            0x00, 0x00, 0x21, 0x00, 0x00, 0x00, 0x13, 0x00, 0x00, 0x00, 0x00, 0x00, 0x00, 0x00,
            0x00, 0x04, 0x05, 0x26, 0xb9, 0x8c, 0xbe, 0x5f, 0x2f, 0x97, 0xcb, 0xe5, 0xfd, 0x02,
            0x04, 0xf4, 0x82, 0x08, 0x13, 0x7a, 0x48, 0x20, 0x95, 0x84, 0x10, 0x5e, 0x92, 0x41,
            0x02, 0x7a, 0xa0, 0x90, 0x41, 0x5a, 0x41, 0x05, 0x8f, 0xa4, 0x90, 0x41, 0x7a, 0x54,
            0x92, 0x09, 0x5a, 0x48, 0x8e, 0x82, 0x09, 0xa4, 0x92, 0x49, 0x2f, 0x49, 0x2f, 0x69,
            0x7e, 0xd2, 0xd7, 0x69, 0x24, 0xa1, 0x24, 0xbb, 0x09, 0xa5, 0xb0, 0x9a, 0x58, 0x69,
            0x5b, 0x09, 0x76, 0x1a, 0x84, 0x08, 0x55, 0x86, 0xa1, 0x85, 0x71, 0x04, 0xc4, 0x28,
            0x84, 0x32, 0x6b, 0x1e, 0x33, 0xe6, 0xa0, 0xcd, 0x01, 0x18, 0xa1, 0x18, 0x98, 0x23,
            0xc3, 0xa0, 0x81, 0x17, 0xe8, 0x20, 0x45, 0xfd, 0x02, 0x04, 0xf4, 0x82, 0x08, 0x13,
            0x7a, 0x48, 0x20, 0x95, 0x84, 0x10, 0x5e, 0x92, 0x41, 0x02, 0x7a, 0xa0, 0x90, 0x41,
            0x5a, 0x41, 0x05, 0x8f, 0xa4, 0x90, 0x41, 0x7a, 0x54, 0x92, 0x09, 0x5a, 0x48, 0x8e,
            0x82, 0x09, 0xa4, 0x92, 0x49, 0x2f, 0x49, 0x2f, 0x69, 0x7e, 0xd2, 0xd7, 0x69, 0x24,
            0xa0, 0x02, 0x00, 0x20,
        ],
        globals: &[],
        expected: &[],
    },
    EncodedCase {
        name: "mmr-template-3",
        width: 33,
        height: 19,
        error_kind: 1,
        data: &[
            0x00, 0x00, 0x00, 0x01, 0x30, 0x01, 0x01, 0x00, 0x00, 0x00, 0x13, 0x00, 0x00, 0x00,
            0x21, 0x00, 0x00, 0x00, 0x13, 0x00, 0x00, 0x00, 0x00, 0x00, 0x00, 0x00, 0x00, 0x40,
            0x00, 0x00, 0x00, 0x00, 0x00, 0x02, 0x26, 0x01, 0x01, 0x00, 0x00, 0x00, 0xad, 0x00,
            0x00, 0x00, 0x21, 0x00, 0x00, 0x00, 0x13, 0x00, 0x00, 0x00, 0x00, 0x00, 0x00, 0x00,
            0x00, 0x04, 0x07, 0x26, 0xb9, 0x8c, 0xbe, 0x5f, 0x2f, 0x97, 0xcb, 0xe5, 0xfd, 0x02,
            0x04, 0xf4, 0x82, 0x08, 0x13, 0x7a, 0x48, 0x20, 0x95, 0x84, 0x10, 0x5e, 0x92, 0x41,
            0x02, 0x7a, 0xa0, 0x90, 0x41, 0x5a, 0x41, 0x05, 0x8f, 0xa4, 0x90, 0x41, 0x7a, 0x54,
            0x92, 0x09, 0x5a, 0x48, 0x8e, 0x82, 0x09, 0xa4, 0x92, 0x49, 0x2f, 0x49, 0x2f, 0x69,
            0x7e, 0xd2, 0xd7, 0x69, 0x24, 0xa1, 0x24, 0xbb, 0x09, 0xa5, 0xb0, 0x9a, 0x58, 0x69,
            0x5b, 0x09, 0x76, 0x1a, 0x84, 0x08, 0x55, 0x86, 0xa1, 0x85, 0x71, 0x04, 0xc4, 0x28,
            0x84, 0x32, 0x6b, 0x1e, 0x33, 0xe6, 0xa0, 0xcd, 0x01, 0x18, 0xa1, 0x18, 0x98, 0x23,
            0xc3, 0xa0, 0x81, 0x17, 0xe8, 0x20, 0x45, 0xfd, 0x02, 0x04, 0xf4, 0x82, 0x08, 0x13,
            0x7a, 0x48, 0x20, 0x95, 0x84, 0x10, 0x5e, 0x92, 0x41, 0x02, 0x7a, 0xa0, 0x90, 0x41,
            0x5a, 0x41, 0x05, 0x8f, 0xa4, 0x90, 0x41, 0x7a, 0x54, 0x92, 0x09, 0x5a, 0x48, 0x8e,
            0x82, 0x09, 0xa4, 0x92, 0x49, 0x2f, 0x49, 0x2f, 0x69, 0x7e, 0xd2, 0xd7, 0x69, 0x24,
            0xa0, 0x02, 0x00, 0x20,
        ],
        globals: &[],
        expected: &[],
    },
    EncodedCase {
        name: "a1-current",
        width: 33,
        height: 19,
        error_kind: 2,
        data: &[
            0x00, 0x00, 0x00, 0x01, 0x30, 0x01, 0x01, 0x00, 0x00, 0x00, 0x13, 0x00, 0x00, 0x00,
            0x21, 0x00, 0x00, 0x00, 0x13, 0x00, 0x00, 0x00, 0x00, 0x00, 0x00, 0x00, 0x00, 0x40,
            0x00, 0x00, 0x00, 0x00, 0x00, 0x02, 0x26, 0x01, 0x01, 0x00, 0x00, 0x00, 0x71, 0x00,
            0x00, 0x00, 0x21, 0x00, 0x00, 0x00, 0x13, 0x00, 0x00, 0x00, 0x00, 0x00, 0x00, 0x00,
            0x00, 0x04, 0x10, 0x00, 0x00, 0x00, 0xfe, 0xfe, 0xff, 0xff, 0xfe, 0x01, 0xfe, 0x02,
            0xff, 0xfd, 0x00, 0xfc, 0x00, 0x02, 0xfe, 0x03, 0xff, 0xfe, 0xfe, 0xfd, 0xff, 0xe8,
            0xde, 0x3e, 0x17, 0x9c, 0xf0, 0xc1, 0xc8, 0x1e, 0xf7, 0x0a, 0xc0, 0x7a, 0xd0, 0xe5,
            0x58, 0x72, 0xbd, 0x22, 0xf7, 0x6d, 0x2d, 0x42, 0x02, 0xf3, 0xa4, 0x36, 0x63, 0x3e,
            0x6f, 0x37, 0xb1, 0x14, 0xbb, 0x76, 0xfe, 0x72, 0x97, 0x63, 0x81, 0x00, 0x27, 0xfc,
            0x02, 0xa9, 0x0c, 0x43, 0x96, 0x24, 0x2a, 0xab, 0x13, 0xe6, 0x1a, 0xaa, 0x04, 0xf4,
            0x02, 0x7a, 0x19, 0xb7, 0xff, 0x7f, 0xff, 0x7f, 0xff, 0x7f, 0xff, 0x7f, 0xff, 0xac,
        ],
        globals: &[],
        expected: &[],
    },
    EncodedCase {
        name: "a1-future",
        width: 33,
        height: 19,
        error_kind: 2,
        data: &[
            0x00, 0x00, 0x00, 0x01, 0x30, 0x01, 0x01, 0x00, 0x00, 0x00, 0x13, 0x00, 0x00, 0x00,
            0x21, 0x00, 0x00, 0x00, 0x13, 0x00, 0x00, 0x00, 0x00, 0x00, 0x00, 0x00, 0x00, 0x40,
            0x00, 0x00, 0x00, 0x00, 0x00, 0x02, 0x26, 0x01, 0x01, 0x00, 0x00, 0x00, 0x71, 0x00,
            0x00, 0x00, 0x21, 0x00, 0x00, 0x00, 0x13, 0x00, 0x00, 0x00, 0x00, 0x00, 0x00, 0x00,
            0x00, 0x04, 0x10, 0xff, 0x01, 0x00, 0xfe, 0xfe, 0xff, 0xff, 0xfe, 0x01, 0xfe, 0x02,
            0xff, 0xfd, 0x00, 0xfc, 0x00, 0x02, 0xfe, 0x03, 0xff, 0xfe, 0xfe, 0xfd, 0xff, 0xe8,
            0xde, 0x3e, 0x17, 0x9c, 0xf0, 0xc1, 0xc8, 0x1e, 0xf7, 0x0a, 0xc0, 0x7a, 0xd0, 0xe5,
            0x58, 0x72, 0xbd, 0x22, 0xf7, 0x6d, 0x2d, 0x42, 0x02, 0xf3, 0xa4, 0x36, 0x63, 0x3e,
            0x6f, 0x37, 0xb1, 0x14, 0xbb, 0x76, 0xfe, 0x72, 0x97, 0x63, 0x81, 0x00, 0x27, 0xfc,
            0x02, 0xa9, 0x0c, 0x43, 0x96, 0x24, 0x2a, 0xab, 0x13, 0xe6, 0x1a, 0xaa, 0x04, 0xf4,
            0x02, 0x7a, 0x19, 0xb7, 0xff, 0x7f, 0xff, 0x7f, 0xff, 0x7f, 0xff, 0x7f, 0xff, 0xac,
        ],
        globals: &[],
        expected: &[],
    },
    EncodedCase {
        name: "a2-current",
        width: 33,
        height: 19,
        error_kind: 2,
        data: &[
            0x00, 0x00, 0x00, 0x01, 0x30, 0x01, 0x01, 0x00, 0x00, 0x00, 0x13, 0x00, 0x00, 0x00,
            0x21, 0x00, 0x00, 0x00, 0x13, 0x00, 0x00, 0x00, 0x00, 0x00, 0x00, 0x00, 0x00, 0x40,
            0x00, 0x00, 0x00, 0x00, 0x00, 0x02, 0x26, 0x01, 0x01, 0x00, 0x00, 0x00, 0x71, 0x00,
            0x00, 0x00, 0x21, 0x00, 0x00, 0x00, 0x13, 0x00, 0x00, 0x00, 0x00, 0x00, 0x00, 0x00,
            0x00, 0x04, 0x10, 0xfe, 0x00, 0x00, 0x00, 0xfe, 0xff, 0xff, 0xfe, 0x01, 0xfe, 0x02,
            0xff, 0xfd, 0x00, 0xfc, 0x00, 0x02, 0xfe, 0x03, 0xff, 0xfe, 0xfe, 0xfd, 0xff, 0xe8,
            0xde, 0x3e, 0x17, 0x9c, 0xf0, 0xc1, 0xc8, 0x1e, 0xf7, 0x0a, 0xc0, 0x7a, 0xd0, 0xe5,
            0x58, 0x72, 0xbd, 0x22, 0xf7, 0x6d, 0x2d, 0x42, 0x02, 0xf3, 0xa4, 0x36, 0x63, 0x3e,
            0x6f, 0x37, 0xb1, 0x14, 0xbb, 0x76, 0xfe, 0x72, 0x97, 0x63, 0x81, 0x00, 0x27, 0xfc,
            0x02, 0xa9, 0x0c, 0x43, 0x96, 0x24, 0x2a, 0xab, 0x13, 0xe6, 0x1a, 0xaa, 0x04, 0xf4,
            0x02, 0x7a, 0x19, 0xb7, 0xff, 0x7f, 0xff, 0x7f, 0xff, 0x7f, 0xff, 0x7f, 0xff, 0xac,
        ],
        globals: &[],
        expected: &[],
    },
    EncodedCase {
        name: "a2-future",
        width: 33,
        height: 19,
        error_kind: 2,
        data: &[
            0x00, 0x00, 0x00, 0x01, 0x30, 0x01, 0x01, 0x00, 0x00, 0x00, 0x13, 0x00, 0x00, 0x00,
            0x21, 0x00, 0x00, 0x00, 0x13, 0x00, 0x00, 0x00, 0x00, 0x00, 0x00, 0x00, 0x00, 0x40,
            0x00, 0x00, 0x00, 0x00, 0x00, 0x02, 0x26, 0x01, 0x01, 0x00, 0x00, 0x00, 0x71, 0x00,
            0x00, 0x00, 0x21, 0x00, 0x00, 0x00, 0x13, 0x00, 0x00, 0x00, 0x00, 0x00, 0x00, 0x00,
            0x00, 0x04, 0x10, 0xfe, 0x00, 0xff, 0x01, 0xfe, 0xff, 0xff, 0xfe, 0x01, 0xfe, 0x02,
            0xff, 0xfd, 0x00, 0xfc, 0x00, 0x02, 0xfe, 0x03, 0xff, 0xfe, 0xfe, 0xfd, 0xff, 0xe8,
            0xde, 0x3e, 0x17, 0x9c, 0xf0, 0xc1, 0xc8, 0x1e, 0xf7, 0x0a, 0xc0, 0x7a, 0xd0, 0xe5,
            0x58, 0x72, 0xbd, 0x22, 0xf7, 0x6d, 0x2d, 0x42, 0x02, 0xf3, 0xa4, 0x36, 0x63, 0x3e,
            0x6f, 0x37, 0xb1, 0x14, 0xbb, 0x76, 0xfe, 0x72, 0x97, 0x63, 0x81, 0x00, 0x27, 0xfc,
            0x02, 0xa9, 0x0c, 0x43, 0x96, 0x24, 0x2a, 0xab, 0x13, 0xe6, 0x1a, 0xaa, 0x04, 0xf4,
            0x02, 0x7a, 0x19, 0xb7, 0xff, 0x7f, 0xff, 0x7f, 0xff, 0x7f, 0xff, 0x7f, 0xff, 0xac,
        ],
        globals: &[],
        expected: &[],
    },
    EncodedCase {
        name: "a3-current",
        width: 33,
        height: 19,
        error_kind: 2,
        data: &[
            0x00, 0x00, 0x00, 0x01, 0x30, 0x01, 0x01, 0x00, 0x00, 0x00, 0x13, 0x00, 0x00, 0x00,
            0x21, 0x00, 0x00, 0x00, 0x13, 0x00, 0x00, 0x00, 0x00, 0x00, 0x00, 0x00, 0x00, 0x40,
            0x00, 0x00, 0x00, 0x00, 0x00, 0x02, 0x26, 0x01, 0x01, 0x00, 0x00, 0x00, 0x71, 0x00,
            0x00, 0x00, 0x21, 0x00, 0x00, 0x00, 0x13, 0x00, 0x00, 0x00, 0x00, 0x00, 0x00, 0x00,
            0x00, 0x04, 0x10, 0xfe, 0x00, 0x00, 0xfe, 0x00, 0x00, 0xff, 0xfe, 0x01, 0xfe, 0x02,
            0xff, 0xfd, 0x00, 0xfc, 0x00, 0x02, 0xfe, 0x03, 0xff, 0xfe, 0xfe, 0xfd, 0xff, 0xe8,
            0xde, 0x3e, 0x17, 0x9c, 0xf0, 0xc1, 0xc8, 0x1e, 0xf7, 0x0a, 0xc0, 0x7a, 0xd0, 0xe5,
            0x58, 0x72, 0xbd, 0x22, 0xf7, 0x6d, 0x2d, 0x42, 0x02, 0xf3, 0xa4, 0x36, 0x63, 0x3e,
            0x6f, 0x37, 0xb1, 0x14, 0xbb, 0x76, 0xfe, 0x72, 0x97, 0x63, 0x81, 0x00, 0x27, 0xfc,
            0x02, 0xa9, 0x0c, 0x43, 0x96, 0x24, 0x2a, 0xab, 0x13, 0xe6, 0x1a, 0xaa, 0x04, 0xf4,
            0x02, 0x7a, 0x19, 0xb7, 0xff, 0x7f, 0xff, 0x7f, 0xff, 0x7f, 0xff, 0x7f, 0xff, 0xac,
        ],
        globals: &[],
        expected: &[],
    },
    EncodedCase {
        name: "a3-future",
        width: 33,
        height: 19,
        error_kind: 2,
        data: &[
            0x00, 0x00, 0x00, 0x01, 0x30, 0x01, 0x01, 0x00, 0x00, 0x00, 0x13, 0x00, 0x00, 0x00,
            0x21, 0x00, 0x00, 0x00, 0x13, 0x00, 0x00, 0x00, 0x00, 0x00, 0x00, 0x00, 0x00, 0x40,
            0x00, 0x00, 0x00, 0x00, 0x00, 0x02, 0x26, 0x01, 0x01, 0x00, 0x00, 0x00, 0x71, 0x00,
            0x00, 0x00, 0x21, 0x00, 0x00, 0x00, 0x13, 0x00, 0x00, 0x00, 0x00, 0x00, 0x00, 0x00,
            0x00, 0x04, 0x10, 0xfe, 0x00, 0x00, 0xfe, 0xff, 0x01, 0xff, 0xfe, 0x01, 0xfe, 0x02,
            0xff, 0xfd, 0x00, 0xfc, 0x00, 0x02, 0xfe, 0x03, 0xff, 0xfe, 0xfe, 0xfd, 0xff, 0xe8,
            0xde, 0x3e, 0x17, 0x9c, 0xf0, 0xc1, 0xc8, 0x1e, 0xf7, 0x0a, 0xc0, 0x7a, 0xd0, 0xe5,
            0x58, 0x72, 0xbd, 0x22, 0xf7, 0x6d, 0x2d, 0x42, 0x02, 0xf3, 0xa4, 0x36, 0x63, 0x3e,
            0x6f, 0x37, 0xb1, 0x14, 0xbb, 0x76, 0xfe, 0x72, 0x97, 0x63, 0x81, 0x00, 0x27, 0xfc,
            0x02, 0xa9, 0x0c, 0x43, 0x96, 0x24, 0x2a, 0xab, 0x13, 0xe6, 0x1a, 0xaa, 0x04, 0xf4,
            0x02, 0x7a, 0x19, 0xb7, 0xff, 0x7f, 0xff, 0x7f, 0xff, 0x7f, 0xff, 0x7f, 0xff, 0xac,
        ],
        globals: &[],
        expected: &[],
    },
    EncodedCase {
        name: "a4-current",
        width: 33,
        height: 19,
        error_kind: 2,
        data: &[
            0x00, 0x00, 0x00, 0x01, 0x30, 0x01, 0x01, 0x00, 0x00, 0x00, 0x13, 0x00, 0x00, 0x00,
            0x21, 0x00, 0x00, 0x00, 0x13, 0x00, 0x00, 0x00, 0x00, 0x00, 0x00, 0x00, 0x00, 0x40,
            0x00, 0x00, 0x00, 0x00, 0x00, 0x02, 0x26, 0x01, 0x01, 0x00, 0x00, 0x00, 0x71, 0x00,
            0x00, 0x00, 0x21, 0x00, 0x00, 0x00, 0x13, 0x00, 0x00, 0x00, 0x00, 0x00, 0x00, 0x00,
            0x00, 0x04, 0x10, 0xfe, 0x00, 0x00, 0xfe, 0xfe, 0xff, 0x00, 0x00, 0x01, 0xfe, 0x02,
            0xff, 0xfd, 0x00, 0xfc, 0x00, 0x02, 0xfe, 0x03, 0xff, 0xfe, 0xfe, 0xfd, 0xff, 0xe8,
            0xde, 0x3e, 0x17, 0x9c, 0xf0, 0xc1, 0xc8, 0x1e, 0xf7, 0x0a, 0xc0, 0x7a, 0xd0, 0xe5,
            0x58, 0x72, 0xbd, 0x22, 0xf7, 0x6d, 0x2d, 0x42, 0x02, 0xf3, 0xa4, 0x36, 0x63, 0x3e,
            0x6f, 0x37, 0xb1, 0x14, 0xbb, 0x76, 0xfe, 0x72, 0x97, 0x63, 0x81, 0x00, 0x27, 0xfc,
            0x02, 0xa9, 0x0c, 0x43, 0x96, 0x24, 0x2a, 0xab, 0x13, 0xe6, 0x1a, 0xaa, 0x04, 0xf4,
            0x02, 0x7a, 0x19, 0xb7, 0xff, 0x7f, 0xff, 0x7f, 0xff, 0x7f, 0xff, 0x7f, 0xff, 0xac,
        ],
        globals: &[],
        expected: &[],
    },
    EncodedCase {
        name: "a4-future",
        width: 33,
        height: 19,
        error_kind: 2,
        data: &[
            0x00, 0x00, 0x00, 0x01, 0x30, 0x01, 0x01, 0x00, 0x00, 0x00, 0x13, 0x00, 0x00, 0x00,
            0x21, 0x00, 0x00, 0x00, 0x13, 0x00, 0x00, 0x00, 0x00, 0x00, 0x00, 0x00, 0x00, 0x40,
            0x00, 0x00, 0x00, 0x00, 0x00, 0x02, 0x26, 0x01, 0x01, 0x00, 0x00, 0x00, 0x71, 0x00,
            0x00, 0x00, 0x21, 0x00, 0x00, 0x00, 0x13, 0x00, 0x00, 0x00, 0x00, 0x00, 0x00, 0x00,
            0x00, 0x04, 0x10, 0xfe, 0x00, 0x00, 0xfe, 0xfe, 0xff, 0xff, 0x01, 0x01, 0xfe, 0x02,
            0xff, 0xfd, 0x00, 0xfc, 0x00, 0x02, 0xfe, 0x03, 0xff, 0xfe, 0xfe, 0xfd, 0xff, 0xe8,
            0xde, 0x3e, 0x17, 0x9c, 0xf0, 0xc1, 0xc8, 0x1e, 0xf7, 0x0a, 0xc0, 0x7a, 0xd0, 0xe5,
            0x58, 0x72, 0xbd, 0x22, 0xf7, 0x6d, 0x2d, 0x42, 0x02, 0xf3, 0xa4, 0x36, 0x63, 0x3e,
            0x6f, 0x37, 0xb1, 0x14, 0xbb, 0x76, 0xfe, 0x72, 0x97, 0x63, 0x81, 0x00, 0x27, 0xfc,
            0x02, 0xa9, 0x0c, 0x43, 0x96, 0x24, 0x2a, 0xab, 0x13, 0xe6, 0x1a, 0xaa, 0x04, 0xf4,
            0x02, 0x7a, 0x19, 0xb7, 0xff, 0x7f, 0xff, 0x7f, 0xff, 0x7f, 0xff, 0x7f, 0xff, 0xac,
        ],
        globals: &[],
        expected: &[],
    },
    EncodedCase {
        name: "a5-current",
        width: 33,
        height: 19,
        error_kind: 2,
        data: &[
            0x00, 0x00, 0x00, 0x01, 0x30, 0x01, 0x01, 0x00, 0x00, 0x00, 0x13, 0x00, 0x00, 0x00,
            0x21, 0x00, 0x00, 0x00, 0x13, 0x00, 0x00, 0x00, 0x00, 0x00, 0x00, 0x00, 0x00, 0x40,
            0x00, 0x00, 0x00, 0x00, 0x00, 0x02, 0x26, 0x01, 0x01, 0x00, 0x00, 0x00, 0x71, 0x00,
            0x00, 0x00, 0x21, 0x00, 0x00, 0x00, 0x13, 0x00, 0x00, 0x00, 0x00, 0x00, 0x00, 0x00,
            0x00, 0x04, 0x10, 0xfe, 0x00, 0x00, 0xfe, 0xfe, 0xff, 0xff, 0xfe, 0x00, 0x00, 0x02,
            0xff, 0xfd, 0x00, 0xfc, 0x00, 0x02, 0xfe, 0x03, 0xff, 0xfe, 0xfe, 0xfd, 0xff, 0xe8,
            0xde, 0x3e, 0x17, 0x9c, 0xf0, 0xc1, 0xc8, 0x1e, 0xf7, 0x0a, 0xc0, 0x7a, 0xd0, 0xe5,
            0x58, 0x72, 0xbd, 0x22, 0xf7, 0x6d, 0x2d, 0x42, 0x02, 0xf3, 0xa4, 0x36, 0x63, 0x3e,
            0x6f, 0x37, 0xb1, 0x14, 0xbb, 0x76, 0xfe, 0x72, 0x97, 0x63, 0x81, 0x00, 0x27, 0xfc,
            0x02, 0xa9, 0x0c, 0x43, 0x96, 0x24, 0x2a, 0xab, 0x13, 0xe6, 0x1a, 0xaa, 0x04, 0xf4,
            0x02, 0x7a, 0x19, 0xb7, 0xff, 0x7f, 0xff, 0x7f, 0xff, 0x7f, 0xff, 0x7f, 0xff, 0xac,
        ],
        globals: &[],
        expected: &[],
    },
    EncodedCase {
        name: "a5-future",
        width: 33,
        height: 19,
        error_kind: 2,
        data: &[
            0x00, 0x00, 0x00, 0x01, 0x30, 0x01, 0x01, 0x00, 0x00, 0x00, 0x13, 0x00, 0x00, 0x00,
            0x21, 0x00, 0x00, 0x00, 0x13, 0x00, 0x00, 0x00, 0x00, 0x00, 0x00, 0x00, 0x00, 0x40,
            0x00, 0x00, 0x00, 0x00, 0x00, 0x02, 0x26, 0x01, 0x01, 0x00, 0x00, 0x00, 0x71, 0x00,
            0x00, 0x00, 0x21, 0x00, 0x00, 0x00, 0x13, 0x00, 0x00, 0x00, 0x00, 0x00, 0x00, 0x00,
            0x00, 0x04, 0x10, 0xfe, 0x00, 0x00, 0xfe, 0xfe, 0xff, 0xff, 0xfe, 0xff, 0x01, 0x02,
            0xff, 0xfd, 0x00, 0xfc, 0x00, 0x02, 0xfe, 0x03, 0xff, 0xfe, 0xfe, 0xfd, 0xff, 0xe8,
            0xde, 0x3e, 0x17, 0x9c, 0xf0, 0xc1, 0xc8, 0x1e, 0xf7, 0x0a, 0xc0, 0x7a, 0xd0, 0xe5,
            0x58, 0x72, 0xbd, 0x22, 0xf7, 0x6d, 0x2d, 0x42, 0x02, 0xf3, 0xa4, 0x36, 0x63, 0x3e,
            0x6f, 0x37, 0xb1, 0x14, 0xbb, 0x76, 0xfe, 0x72, 0x97, 0x63, 0x81, 0x00, 0x27, 0xfc,
            0x02, 0xa9, 0x0c, 0x43, 0x96, 0x24, 0x2a, 0xab, 0x13, 0xe6, 0x1a, 0xaa, 0x04, 0xf4,
            0x02, 0x7a, 0x19, 0xb7, 0xff, 0x7f, 0xff, 0x7f, 0xff, 0x7f, 0xff, 0x7f, 0xff, 0xac,
        ],
        globals: &[],
        expected: &[],
    },
    EncodedCase {
        name: "a6-current",
        width: 33,
        height: 19,
        error_kind: 2,
        data: &[
            0x00, 0x00, 0x00, 0x01, 0x30, 0x01, 0x01, 0x00, 0x00, 0x00, 0x13, 0x00, 0x00, 0x00,
            0x21, 0x00, 0x00, 0x00, 0x13, 0x00, 0x00, 0x00, 0x00, 0x00, 0x00, 0x00, 0x00, 0x40,
            0x00, 0x00, 0x00, 0x00, 0x00, 0x02, 0x26, 0x01, 0x01, 0x00, 0x00, 0x00, 0x71, 0x00,
            0x00, 0x00, 0x21, 0x00, 0x00, 0x00, 0x13, 0x00, 0x00, 0x00, 0x00, 0x00, 0x00, 0x00,
            0x00, 0x04, 0x10, 0xfe, 0x00, 0x00, 0xfe, 0xfe, 0xff, 0xff, 0xfe, 0x01, 0xfe, 0x00,
            0x00, 0xfd, 0x00, 0xfc, 0x00, 0x02, 0xfe, 0x03, 0xff, 0xfe, 0xfe, 0xfd, 0xff, 0xe8,
            0xde, 0x3e, 0x17, 0x9c, 0xf0, 0xc1, 0xc8, 0x1e, 0xf7, 0x0a, 0xc0, 0x7a, 0xd0, 0xe5,
            0x58, 0x72, 0xbd, 0x22, 0xf7, 0x6d, 0x2d, 0x42, 0x02, 0xf3, 0xa4, 0x36, 0x63, 0x3e,
            0x6f, 0x37, 0xb1, 0x14, 0xbb, 0x76, 0xfe, 0x72, 0x97, 0x63, 0x81, 0x00, 0x27, 0xfc,
            0x02, 0xa9, 0x0c, 0x43, 0x96, 0x24, 0x2a, 0xab, 0x13, 0xe6, 0x1a, 0xaa, 0x04, 0xf4,
            0x02, 0x7a, 0x19, 0xb7, 0xff, 0x7f, 0xff, 0x7f, 0xff, 0x7f, 0xff, 0x7f, 0xff, 0xac,
        ],
        globals: &[],
        expected: &[],
    },
    EncodedCase {
        name: "a6-future",
        width: 33,
        height: 19,
        error_kind: 2,
        data: &[
            0x00, 0x00, 0x00, 0x01, 0x30, 0x01, 0x01, 0x00, 0x00, 0x00, 0x13, 0x00, 0x00, 0x00,
            0x21, 0x00, 0x00, 0x00, 0x13, 0x00, 0x00, 0x00, 0x00, 0x00, 0x00, 0x00, 0x00, 0x40,
            0x00, 0x00, 0x00, 0x00, 0x00, 0x02, 0x26, 0x01, 0x01, 0x00, 0x00, 0x00, 0x71, 0x00,
            0x00, 0x00, 0x21, 0x00, 0x00, 0x00, 0x13, 0x00, 0x00, 0x00, 0x00, 0x00, 0x00, 0x00,
            0x00, 0x04, 0x10, 0xfe, 0x00, 0x00, 0xfe, 0xfe, 0xff, 0xff, 0xfe, 0x01, 0xfe, 0xff,
            0x01, 0xfd, 0x00, 0xfc, 0x00, 0x02, 0xfe, 0x03, 0xff, 0xfe, 0xfe, 0xfd, 0xff, 0xe8,
            0xde, 0x3e, 0x17, 0x9c, 0xf0, 0xc1, 0xc8, 0x1e, 0xf7, 0x0a, 0xc0, 0x7a, 0xd0, 0xe5,
            0x58, 0x72, 0xbd, 0x22, 0xf7, 0x6d, 0x2d, 0x42, 0x02, 0xf3, 0xa4, 0x36, 0x63, 0x3e,
            0x6f, 0x37, 0xb1, 0x14, 0xbb, 0x76, 0xfe, 0x72, 0x97, 0x63, 0x81, 0x00, 0x27, 0xfc,
            0x02, 0xa9, 0x0c, 0x43, 0x96, 0x24, 0x2a, 0xab, 0x13, 0xe6, 0x1a, 0xaa, 0x04, 0xf4,
            0x02, 0x7a, 0x19, 0xb7, 0xff, 0x7f, 0xff, 0x7f, 0xff, 0x7f, 0xff, 0x7f, 0xff, 0xac,
        ],
        globals: &[],
        expected: &[],
    },
    EncodedCase {
        name: "a7-current",
        width: 33,
        height: 19,
        error_kind: 2,
        data: &[
            0x00, 0x00, 0x00, 0x01, 0x30, 0x01, 0x01, 0x00, 0x00, 0x00, 0x13, 0x00, 0x00, 0x00,
            0x21, 0x00, 0x00, 0x00, 0x13, 0x00, 0x00, 0x00, 0x00, 0x00, 0x00, 0x00, 0x00, 0x40,
            0x00, 0x00, 0x00, 0x00, 0x00, 0x02, 0x26, 0x01, 0x01, 0x00, 0x00, 0x00, 0x71, 0x00,
            0x00, 0x00, 0x21, 0x00, 0x00, 0x00, 0x13, 0x00, 0x00, 0x00, 0x00, 0x00, 0x00, 0x00,
            0x00, 0x04, 0x10, 0xfe, 0x00, 0x00, 0xfe, 0xfe, 0xff, 0xff, 0xfe, 0x01, 0xfe, 0x02,
            0xff, 0x00, 0x00, 0xfc, 0x00, 0x02, 0xfe, 0x03, 0xff, 0xfe, 0xfe, 0xfd, 0xff, 0xe8,
            0xde, 0x3e, 0x17, 0x9c, 0xf0, 0xc1, 0xc8, 0x1e, 0xf7, 0x0a, 0xc0, 0x7a, 0xd0, 0xe5,
            0x58, 0x72, 0xbd, 0x22, 0xf7, 0x6d, 0x2d, 0x42, 0x02, 0xf3, 0xa4, 0x36, 0x63, 0x3e,
            0x6f, 0x37, 0xb1, 0x14, 0xbb, 0x76, 0xfe, 0x72, 0x97, 0x63, 0x81, 0x00, 0x27, 0xfc,
            0x02, 0xa9, 0x0c, 0x43, 0x96, 0x24, 0x2a, 0xab, 0x13, 0xe6, 0x1a, 0xaa, 0x04, 0xf4,
            0x02, 0x7a, 0x19, 0xb7, 0xff, 0x7f, 0xff, 0x7f, 0xff, 0x7f, 0xff, 0x7f, 0xff, 0xac,
        ],
        globals: &[],
        expected: &[],
    },
    EncodedCase {
        name: "a7-future",
        width: 33,
        height: 19,
        error_kind: 2,
        data: &[
            0x00, 0x00, 0x00, 0x01, 0x30, 0x01, 0x01, 0x00, 0x00, 0x00, 0x13, 0x00, 0x00, 0x00,
            0x21, 0x00, 0x00, 0x00, 0x13, 0x00, 0x00, 0x00, 0x00, 0x00, 0x00, 0x00, 0x00, 0x40,
            0x00, 0x00, 0x00, 0x00, 0x00, 0x02, 0x26, 0x01, 0x01, 0x00, 0x00, 0x00, 0x71, 0x00,
            0x00, 0x00, 0x21, 0x00, 0x00, 0x00, 0x13, 0x00, 0x00, 0x00, 0x00, 0x00, 0x00, 0x00,
            0x00, 0x04, 0x10, 0xfe, 0x00, 0x00, 0xfe, 0xfe, 0xff, 0xff, 0xfe, 0x01, 0xfe, 0x02,
            0xff, 0xff, 0x01, 0xfc, 0x00, 0x02, 0xfe, 0x03, 0xff, 0xfe, 0xfe, 0xfd, 0xff, 0xe8,
            0xde, 0x3e, 0x17, 0x9c, 0xf0, 0xc1, 0xc8, 0x1e, 0xf7, 0x0a, 0xc0, 0x7a, 0xd0, 0xe5,
            0x58, 0x72, 0xbd, 0x22, 0xf7, 0x6d, 0x2d, 0x42, 0x02, 0xf3, 0xa4, 0x36, 0x63, 0x3e,
            0x6f, 0x37, 0xb1, 0x14, 0xbb, 0x76, 0xfe, 0x72, 0x97, 0x63, 0x81, 0x00, 0x27, 0xfc,
            0x02, 0xa9, 0x0c, 0x43, 0x96, 0x24, 0x2a, 0xab, 0x13, 0xe6, 0x1a, 0xaa, 0x04, 0xf4,
            0x02, 0x7a, 0x19, 0xb7, 0xff, 0x7f, 0xff, 0x7f, 0xff, 0x7f, 0xff, 0x7f, 0xff, 0xac,
        ],
        globals: &[],
        expected: &[],
    },
    EncodedCase {
        name: "a8-current",
        width: 33,
        height: 19,
        error_kind: 2,
        data: &[
            0x00, 0x00, 0x00, 0x01, 0x30, 0x01, 0x01, 0x00, 0x00, 0x00, 0x13, 0x00, 0x00, 0x00,
            0x21, 0x00, 0x00, 0x00, 0x13, 0x00, 0x00, 0x00, 0x00, 0x00, 0x00, 0x00, 0x00, 0x40,
            0x00, 0x00, 0x00, 0x00, 0x00, 0x02, 0x26, 0x01, 0x01, 0x00, 0x00, 0x00, 0x71, 0x00,
            0x00, 0x00, 0x21, 0x00, 0x00, 0x00, 0x13, 0x00, 0x00, 0x00, 0x00, 0x00, 0x00, 0x00,
            0x00, 0x04, 0x10, 0xfe, 0x00, 0x00, 0xfe, 0xfe, 0xff, 0xff, 0xfe, 0x01, 0xfe, 0x02,
            0xff, 0xfd, 0x00, 0x00, 0x00, 0x02, 0xfe, 0x03, 0xff, 0xfe, 0xfe, 0xfd, 0xff, 0xe8,
            0xde, 0x3e, 0x17, 0x9c, 0xf0, 0xc1, 0xc8, 0x1e, 0xf7, 0x0a, 0xc0, 0x7a, 0xd0, 0xe5,
            0x58, 0x72, 0xbd, 0x22, 0xf7, 0x6d, 0x2d, 0x42, 0x02, 0xf3, 0xa4, 0x36, 0x63, 0x3e,
            0x6f, 0x37, 0xb1, 0x14, 0xbb, 0x76, 0xfe, 0x72, 0x97, 0x63, 0x81, 0x00, 0x27, 0xfc,
            0x02, 0xa9, 0x0c, 0x43, 0x96, 0x24, 0x2a, 0xab, 0x13, 0xe6, 0x1a, 0xaa, 0x04, 0xf4,
            0x02, 0x7a, 0x19, 0xb7, 0xff, 0x7f, 0xff, 0x7f, 0xff, 0x7f, 0xff, 0x7f, 0xff, 0xac,
        ],
        globals: &[],
        expected: &[],
    },
    EncodedCase {
        name: "a8-future",
        width: 33,
        height: 19,
        error_kind: 2,
        data: &[
            0x00, 0x00, 0x00, 0x01, 0x30, 0x01, 0x01, 0x00, 0x00, 0x00, 0x13, 0x00, 0x00, 0x00,
            0x21, 0x00, 0x00, 0x00, 0x13, 0x00, 0x00, 0x00, 0x00, 0x00, 0x00, 0x00, 0x00, 0x40,
            0x00, 0x00, 0x00, 0x00, 0x00, 0x02, 0x26, 0x01, 0x01, 0x00, 0x00, 0x00, 0x71, 0x00,
            0x00, 0x00, 0x21, 0x00, 0x00, 0x00, 0x13, 0x00, 0x00, 0x00, 0x00, 0x00, 0x00, 0x00,
            0x00, 0x04, 0x10, 0xfe, 0x00, 0x00, 0xfe, 0xfe, 0xff, 0xff, 0xfe, 0x01, 0xfe, 0x02,
            0xff, 0xfd, 0x00, 0xff, 0x01, 0x02, 0xfe, 0x03, 0xff, 0xfe, 0xfe, 0xfd, 0xff, 0xe8,
            0xde, 0x3e, 0x17, 0x9c, 0xf0, 0xc1, 0xc8, 0x1e, 0xf7, 0x0a, 0xc0, 0x7a, 0xd0, 0xe5,
            0x58, 0x72, 0xbd, 0x22, 0xf7, 0x6d, 0x2d, 0x42, 0x02, 0xf3, 0xa4, 0x36, 0x63, 0x3e,
            0x6f, 0x37, 0xb1, 0x14, 0xbb, 0x76, 0xfe, 0x72, 0x97, 0x63, 0x81, 0x00, 0x27, 0xfc,
            0x02, 0xa9, 0x0c, 0x43, 0x96, 0x24, 0x2a, 0xab, 0x13, 0xe6, 0x1a, 0xaa, 0x04, 0xf4,
            0x02, 0x7a, 0x19, 0xb7, 0xff, 0x7f, 0xff, 0x7f, 0xff, 0x7f, 0xff, 0x7f, 0xff, 0xac,
        ],
        globals: &[],
        expected: &[],
    },
    EncodedCase {
        name: "a9-current",
        width: 33,
        height: 19,
        error_kind: 2,
        data: &[
            0x00, 0x00, 0x00, 0x01, 0x30, 0x01, 0x01, 0x00, 0x00, 0x00, 0x13, 0x00, 0x00, 0x00,
            0x21, 0x00, 0x00, 0x00, 0x13, 0x00, 0x00, 0x00, 0x00, 0x00, 0x00, 0x00, 0x00, 0x40,
            0x00, 0x00, 0x00, 0x00, 0x00, 0x02, 0x26, 0x01, 0x01, 0x00, 0x00, 0x00, 0x71, 0x00,
            0x00, 0x00, 0x21, 0x00, 0x00, 0x00, 0x13, 0x00, 0x00, 0x00, 0x00, 0x00, 0x00, 0x00,
            0x00, 0x04, 0x10, 0xfe, 0x00, 0x00, 0xfe, 0xfe, 0xff, 0xff, 0xfe, 0x01, 0xfe, 0x02,
            0xff, 0xfd, 0x00, 0xfc, 0x00, 0x00, 0x00, 0x03, 0xff, 0xfe, 0xfe, 0xfd, 0xff, 0xe8,
            0xde, 0x3e, 0x17, 0x9c, 0xf0, 0xc1, 0xc8, 0x1e, 0xf7, 0x0a, 0xc0, 0x7a, 0xd0, 0xe5,
            0x58, 0x72, 0xbd, 0x22, 0xf7, 0x6d, 0x2d, 0x42, 0x02, 0xf3, 0xa4, 0x36, 0x63, 0x3e,
            0x6f, 0x37, 0xb1, 0x14, 0xbb, 0x76, 0xfe, 0x72, 0x97, 0x63, 0x81, 0x00, 0x27, 0xfc,
            0x02, 0xa9, 0x0c, 0x43, 0x96, 0x24, 0x2a, 0xab, 0x13, 0xe6, 0x1a, 0xaa, 0x04, 0xf4,
            0x02, 0x7a, 0x19, 0xb7, 0xff, 0x7f, 0xff, 0x7f, 0xff, 0x7f, 0xff, 0x7f, 0xff, 0xac,
        ],
        globals: &[],
        expected: &[],
    },
    EncodedCase {
        name: "a9-future",
        width: 33,
        height: 19,
        error_kind: 2,
        data: &[
            0x00, 0x00, 0x00, 0x01, 0x30, 0x01, 0x01, 0x00, 0x00, 0x00, 0x13, 0x00, 0x00, 0x00,
            0x21, 0x00, 0x00, 0x00, 0x13, 0x00, 0x00, 0x00, 0x00, 0x00, 0x00, 0x00, 0x00, 0x40,
            0x00, 0x00, 0x00, 0x00, 0x00, 0x02, 0x26, 0x01, 0x01, 0x00, 0x00, 0x00, 0x71, 0x00,
            0x00, 0x00, 0x21, 0x00, 0x00, 0x00, 0x13, 0x00, 0x00, 0x00, 0x00, 0x00, 0x00, 0x00,
            0x00, 0x04, 0x10, 0xfe, 0x00, 0x00, 0xfe, 0xfe, 0xff, 0xff, 0xfe, 0x01, 0xfe, 0x02,
            0xff, 0xfd, 0x00, 0xfc, 0x00, 0xff, 0x01, 0x03, 0xff, 0xfe, 0xfe, 0xfd, 0xff, 0xe8,
            0xde, 0x3e, 0x17, 0x9c, 0xf0, 0xc1, 0xc8, 0x1e, 0xf7, 0x0a, 0xc0, 0x7a, 0xd0, 0xe5,
            0x58, 0x72, 0xbd, 0x22, 0xf7, 0x6d, 0x2d, 0x42, 0x02, 0xf3, 0xa4, 0x36, 0x63, 0x3e,
            0x6f, 0x37, 0xb1, 0x14, 0xbb, 0x76, 0xfe, 0x72, 0x97, 0x63, 0x81, 0x00, 0x27, 0xfc,
            0x02, 0xa9, 0x0c, 0x43, 0x96, 0x24, 0x2a, 0xab, 0x13, 0xe6, 0x1a, 0xaa, 0x04, 0xf4,
            0x02, 0x7a, 0x19, 0xb7, 0xff, 0x7f, 0xff, 0x7f, 0xff, 0x7f, 0xff, 0x7f, 0xff, 0xac,
        ],
        globals: &[],
        expected: &[],
    },
    EncodedCase {
        name: "a10-current",
        width: 33,
        height: 19,
        error_kind: 2,
        data: &[
            0x00, 0x00, 0x00, 0x01, 0x30, 0x01, 0x01, 0x00, 0x00, 0x00, 0x13, 0x00, 0x00, 0x00,
            0x21, 0x00, 0x00, 0x00, 0x13, 0x00, 0x00, 0x00, 0x00, 0x00, 0x00, 0x00, 0x00, 0x40,
            0x00, 0x00, 0x00, 0x00, 0x00, 0x02, 0x26, 0x01, 0x01, 0x00, 0x00, 0x00, 0x71, 0x00,
            0x00, 0x00, 0x21, 0x00, 0x00, 0x00, 0x13, 0x00, 0x00, 0x00, 0x00, 0x00, 0x00, 0x00,
            0x00, 0x04, 0x10, 0xfe, 0x00, 0x00, 0xfe, 0xfe, 0xff, 0xff, 0xfe, 0x01, 0xfe, 0x02,
            0xff, 0xfd, 0x00, 0xfc, 0x00, 0x02, 0xfe, 0x00, 0x00, 0xfe, 0xfe, 0xfd, 0xff, 0xe8,
            0xde, 0x3e, 0x17, 0x9c, 0xf0, 0xc1, 0xc8, 0x1e, 0xf7, 0x0a, 0xc0, 0x7a, 0xd0, 0xe5,
            0x58, 0x72, 0xbd, 0x22, 0xf7, 0x6d, 0x2d, 0x42, 0x02, 0xf3, 0xa4, 0x36, 0x63, 0x3e,
            0x6f, 0x37, 0xb1, 0x14, 0xbb, 0x76, 0xfe, 0x72, 0x97, 0x63, 0x81, 0x00, 0x27, 0xfc,
            0x02, 0xa9, 0x0c, 0x43, 0x96, 0x24, 0x2a, 0xab, 0x13, 0xe6, 0x1a, 0xaa, 0x04, 0xf4,
            0x02, 0x7a, 0x19, 0xb7, 0xff, 0x7f, 0xff, 0x7f, 0xff, 0x7f, 0xff, 0x7f, 0xff, 0xac,
        ],
        globals: &[],
        expected: &[],
    },
    EncodedCase {
        name: "a10-future",
        width: 33,
        height: 19,
        error_kind: 2,
        data: &[
            0x00, 0x00, 0x00, 0x01, 0x30, 0x01, 0x01, 0x00, 0x00, 0x00, 0x13, 0x00, 0x00, 0x00,
            0x21, 0x00, 0x00, 0x00, 0x13, 0x00, 0x00, 0x00, 0x00, 0x00, 0x00, 0x00, 0x00, 0x40,
            0x00, 0x00, 0x00, 0x00, 0x00, 0x02, 0x26, 0x01, 0x01, 0x00, 0x00, 0x00, 0x71, 0x00,
            0x00, 0x00, 0x21, 0x00, 0x00, 0x00, 0x13, 0x00, 0x00, 0x00, 0x00, 0x00, 0x00, 0x00,
            0x00, 0x04, 0x10, 0xfe, 0x00, 0x00, 0xfe, 0xfe, 0xff, 0xff, 0xfe, 0x01, 0xfe, 0x02,
            0xff, 0xfd, 0x00, 0xfc, 0x00, 0x02, 0xfe, 0xff, 0x01, 0xfe, 0xfe, 0xfd, 0xff, 0xe8,
            0xde, 0x3e, 0x17, 0x9c, 0xf0, 0xc1, 0xc8, 0x1e, 0xf7, 0x0a, 0xc0, 0x7a, 0xd0, 0xe5,
            0x58, 0x72, 0xbd, 0x22, 0xf7, 0x6d, 0x2d, 0x42, 0x02, 0xf3, 0xa4, 0x36, 0x63, 0x3e,
            0x6f, 0x37, 0xb1, 0x14, 0xbb, 0x76, 0xfe, 0x72, 0x97, 0x63, 0x81, 0x00, 0x27, 0xfc,
            0x02, 0xa9, 0x0c, 0x43, 0x96, 0x24, 0x2a, 0xab, 0x13, 0xe6, 0x1a, 0xaa, 0x04, 0xf4,
            0x02, 0x7a, 0x19, 0xb7, 0xff, 0x7f, 0xff, 0x7f, 0xff, 0x7f, 0xff, 0x7f, 0xff, 0xac,
        ],
        globals: &[],
        expected: &[],
    },
    EncodedCase {
        name: "a11-current",
        width: 33,
        height: 19,
        error_kind: 2,
        data: &[
            0x00, 0x00, 0x00, 0x01, 0x30, 0x01, 0x01, 0x00, 0x00, 0x00, 0x13, 0x00, 0x00, 0x00,
            0x21, 0x00, 0x00, 0x00, 0x13, 0x00, 0x00, 0x00, 0x00, 0x00, 0x00, 0x00, 0x00, 0x40,
            0x00, 0x00, 0x00, 0x00, 0x00, 0x02, 0x26, 0x01, 0x01, 0x00, 0x00, 0x00, 0x71, 0x00,
            0x00, 0x00, 0x21, 0x00, 0x00, 0x00, 0x13, 0x00, 0x00, 0x00, 0x00, 0x00, 0x00, 0x00,
            0x00, 0x04, 0x10, 0xfe, 0x00, 0x00, 0xfe, 0xfe, 0xff, 0xff, 0xfe, 0x01, 0xfe, 0x02,
            0xff, 0xfd, 0x00, 0xfc, 0x00, 0x02, 0xfe, 0x03, 0xff, 0x00, 0x00, 0xfd, 0xff, 0xe8,
            0xde, 0x3e, 0x17, 0x9c, 0xf0, 0xc1, 0xc8, 0x1e, 0xf7, 0x0a, 0xc0, 0x7a, 0xd0, 0xe5,
            0x58, 0x72, 0xbd, 0x22, 0xf7, 0x6d, 0x2d, 0x42, 0x02, 0xf3, 0xa4, 0x36, 0x63, 0x3e,
            0x6f, 0x37, 0xb1, 0x14, 0xbb, 0x76, 0xfe, 0x72, 0x97, 0x63, 0x81, 0x00, 0x27, 0xfc,
            0x02, 0xa9, 0x0c, 0x43, 0x96, 0x24, 0x2a, 0xab, 0x13, 0xe6, 0x1a, 0xaa, 0x04, 0xf4,
            0x02, 0x7a, 0x19, 0xb7, 0xff, 0x7f, 0xff, 0x7f, 0xff, 0x7f, 0xff, 0x7f, 0xff, 0xac,
        ],
        globals: &[],
        expected: &[],
    },
    EncodedCase {
        name: "a11-future",
        width: 33,
        height: 19,
        error_kind: 2,
        data: &[
            0x00, 0x00, 0x00, 0x01, 0x30, 0x01, 0x01, 0x00, 0x00, 0x00, 0x13, 0x00, 0x00, 0x00,
            0x21, 0x00, 0x00, 0x00, 0x13, 0x00, 0x00, 0x00, 0x00, 0x00, 0x00, 0x00, 0x00, 0x40,
            0x00, 0x00, 0x00, 0x00, 0x00, 0x02, 0x26, 0x01, 0x01, 0x00, 0x00, 0x00, 0x71, 0x00,
            0x00, 0x00, 0x21, 0x00, 0x00, 0x00, 0x13, 0x00, 0x00, 0x00, 0x00, 0x00, 0x00, 0x00,
            0x00, 0x04, 0x10, 0xfe, 0x00, 0x00, 0xfe, 0xfe, 0xff, 0xff, 0xfe, 0x01, 0xfe, 0x02,
            0xff, 0xfd, 0x00, 0xfc, 0x00, 0x02, 0xfe, 0x03, 0xff, 0xff, 0x01, 0xfd, 0xff, 0xe8,
            0xde, 0x3e, 0x17, 0x9c, 0xf0, 0xc1, 0xc8, 0x1e, 0xf7, 0x0a, 0xc0, 0x7a, 0xd0, 0xe5,
            0x58, 0x72, 0xbd, 0x22, 0xf7, 0x6d, 0x2d, 0x42, 0x02, 0xf3, 0xa4, 0x36, 0x63, 0x3e,
            0x6f, 0x37, 0xb1, 0x14, 0xbb, 0x76, 0xfe, 0x72, 0x97, 0x63, 0x81, 0x00, 0x27, 0xfc,
            0x02, 0xa9, 0x0c, 0x43, 0x96, 0x24, 0x2a, 0xab, 0x13, 0xe6, 0x1a, 0xaa, 0x04, 0xf4,
            0x02, 0x7a, 0x19, 0xb7, 0xff, 0x7f, 0xff, 0x7f, 0xff, 0x7f, 0xff, 0x7f, 0xff, 0xac,
        ],
        globals: &[],
        expected: &[],
    },
    EncodedCase {
        name: "a12-current",
        width: 33,
        height: 19,
        error_kind: 2,
        data: &[
            0x00, 0x00, 0x00, 0x01, 0x30, 0x01, 0x01, 0x00, 0x00, 0x00, 0x13, 0x00, 0x00, 0x00,
            0x21, 0x00, 0x00, 0x00, 0x13, 0x00, 0x00, 0x00, 0x00, 0x00, 0x00, 0x00, 0x00, 0x40,
            0x00, 0x00, 0x00, 0x00, 0x00, 0x02, 0x26, 0x01, 0x01, 0x00, 0x00, 0x00, 0x71, 0x00,
            0x00, 0x00, 0x21, 0x00, 0x00, 0x00, 0x13, 0x00, 0x00, 0x00, 0x00, 0x00, 0x00, 0x00,
            0x00, 0x04, 0x10, 0xfe, 0x00, 0x00, 0xfe, 0xfe, 0xff, 0xff, 0xfe, 0x01, 0xfe, 0x02,
            0xff, 0xfd, 0x00, 0xfc, 0x00, 0x02, 0xfe, 0x03, 0xff, 0xfe, 0xfe, 0x00, 0x00, 0xe8,
            0xde, 0x3e, 0x17, 0x9c, 0xf0, 0xc1, 0xc8, 0x1e, 0xf7, 0x0a, 0xc0, 0x7a, 0xd0, 0xe5,
            0x58, 0x72, 0xbd, 0x22, 0xf7, 0x6d, 0x2d, 0x42, 0x02, 0xf3, 0xa4, 0x36, 0x63, 0x3e,
            0x6f, 0x37, 0xb1, 0x14, 0xbb, 0x76, 0xfe, 0x72, 0x97, 0x63, 0x81, 0x00, 0x27, 0xfc,
            0x02, 0xa9, 0x0c, 0x43, 0x96, 0x24, 0x2a, 0xab, 0x13, 0xe6, 0x1a, 0xaa, 0x04, 0xf4,
            0x02, 0x7a, 0x19, 0xb7, 0xff, 0x7f, 0xff, 0x7f, 0xff, 0x7f, 0xff, 0x7f, 0xff, 0xac,
        ],
        globals: &[],
        expected: &[],
    },
    EncodedCase {
        name: "a12-future",
        width: 33,
        height: 19,
        error_kind: 2,
        data: &[
            0x00, 0x00, 0x00, 0x01, 0x30, 0x01, 0x01, 0x00, 0x00, 0x00, 0x13, 0x00, 0x00, 0x00,
            0x21, 0x00, 0x00, 0x00, 0x13, 0x00, 0x00, 0x00, 0x00, 0x00, 0x00, 0x00, 0x00, 0x40,
            0x00, 0x00, 0x00, 0x00, 0x00, 0x02, 0x26, 0x01, 0x01, 0x00, 0x00, 0x00, 0x71, 0x00,
            0x00, 0x00, 0x21, 0x00, 0x00, 0x00, 0x13, 0x00, 0x00, 0x00, 0x00, 0x00, 0x00, 0x00,
            0x00, 0x04, 0x10, 0xfe, 0x00, 0x00, 0xfe, 0xfe, 0xff, 0xff, 0xfe, 0x01, 0xfe, 0x02,
            0xff, 0xfd, 0x00, 0xfc, 0x00, 0x02, 0xfe, 0x03, 0xff, 0xfe, 0xfe, 0xff, 0x01, 0xe8,
            0xde, 0x3e, 0x17, 0x9c, 0xf0, 0xc1, 0xc8, 0x1e, 0xf7, 0x0a, 0xc0, 0x7a, 0xd0, 0xe5,
            0x58, 0x72, 0xbd, 0x22, 0xf7, 0x6d, 0x2d, 0x42, 0x02, 0xf3, 0xa4, 0x36, 0x63, 0x3e,
            0x6f, 0x37, 0xb1, 0x14, 0xbb, 0x76, 0xfe, 0x72, 0x97, 0x63, 0x81, 0x00, 0x27, 0xfc,
            0x02, 0xa9, 0x0c, 0x43, 0x96, 0x24, 0x2a, 0xab, 0x13, 0xe6, 0x1a, 0xaa, 0x04, 0xf4,
            0x02, 0x7a, 0x19, 0xb7, 0xff, 0x7f, 0xff, 0x7f, 0xff, 0x7f, 0xff, 0x7f, 0xff, 0xac,
        ],
        globals: &[],
        expected: &[],
    },
    EncodedCase {
        name: "truncated-at-0",
        width: 33,
        height: 19,
        error_kind: 4,
        data: &[
            0x00, 0x00, 0x00, 0x01, 0x30, 0x01, 0x01, 0x00, 0x00, 0x00, 0x13, 0x00, 0x00, 0x00,
            0x21, 0x00, 0x00, 0x00, 0x13, 0x00, 0x00, 0x00, 0x00, 0x00, 0x00, 0x00, 0x00, 0x40,
            0x00, 0x00, 0x00, 0x00, 0x00, 0x02, 0x26, 0x01, 0x01, 0x00, 0x00, 0x00, 0x12, 0x00,
            0x00, 0x00, 0x21, 0x00, 0x00, 0x00, 0x13, 0x00, 0x00, 0x00, 0x00, 0x00, 0x00, 0x00,
            0x00, 0x04, 0x10,
        ],
        globals: &[],
        expected: &[],
    },
    EncodedCase {
        name: "truncated-at-1",
        width: 33,
        height: 19,
        error_kind: 4,
        data: &[
            0x00, 0x00, 0x00, 0x01, 0x30, 0x01, 0x01, 0x00, 0x00, 0x00, 0x13, 0x00, 0x00, 0x00,
            0x21, 0x00, 0x00, 0x00, 0x13, 0x00, 0x00, 0x00, 0x00, 0x00, 0x00, 0x00, 0x00, 0x40,
            0x00, 0x00, 0x00, 0x00, 0x00, 0x02, 0x26, 0x01, 0x01, 0x00, 0x00, 0x00, 0x13, 0x00,
            0x00, 0x00, 0x21, 0x00, 0x00, 0x00, 0x13, 0x00, 0x00, 0x00, 0x00, 0x00, 0x00, 0x00,
            0x00, 0x04, 0x10, 0xfe,
        ],
        globals: &[],
        expected: &[],
    },
    EncodedCase {
        name: "truncated-at-2",
        width: 33,
        height: 19,
        error_kind: 4,
        data: &[
            0x00, 0x00, 0x00, 0x01, 0x30, 0x01, 0x01, 0x00, 0x00, 0x00, 0x13, 0x00, 0x00, 0x00,
            0x21, 0x00, 0x00, 0x00, 0x13, 0x00, 0x00, 0x00, 0x00, 0x00, 0x00, 0x00, 0x00, 0x40,
            0x00, 0x00, 0x00, 0x00, 0x00, 0x02, 0x26, 0x01, 0x01, 0x00, 0x00, 0x00, 0x14, 0x00,
            0x00, 0x00, 0x21, 0x00, 0x00, 0x00, 0x13, 0x00, 0x00, 0x00, 0x00, 0x00, 0x00, 0x00,
            0x00, 0x04, 0x10, 0xfe, 0x00,
        ],
        globals: &[],
        expected: &[],
    },
    EncodedCase {
        name: "truncated-at-3",
        width: 33,
        height: 19,
        error_kind: 4,
        data: &[
            0x00, 0x00, 0x00, 0x01, 0x30, 0x01, 0x01, 0x00, 0x00, 0x00, 0x13, 0x00, 0x00, 0x00,
            0x21, 0x00, 0x00, 0x00, 0x13, 0x00, 0x00, 0x00, 0x00, 0x00, 0x00, 0x00, 0x00, 0x40,
            0x00, 0x00, 0x00, 0x00, 0x00, 0x02, 0x26, 0x01, 0x01, 0x00, 0x00, 0x00, 0x15, 0x00,
            0x00, 0x00, 0x21, 0x00, 0x00, 0x00, 0x13, 0x00, 0x00, 0x00, 0x00, 0x00, 0x00, 0x00,
            0x00, 0x04, 0x10, 0xfe, 0x00, 0x00,
        ],
        globals: &[],
        expected: &[],
    },
    EncodedCase {
        name: "truncated-at-4",
        width: 33,
        height: 19,
        error_kind: 4,
        data: &[
            0x00, 0x00, 0x00, 0x01, 0x30, 0x01, 0x01, 0x00, 0x00, 0x00, 0x13, 0x00, 0x00, 0x00,
            0x21, 0x00, 0x00, 0x00, 0x13, 0x00, 0x00, 0x00, 0x00, 0x00, 0x00, 0x00, 0x00, 0x40,
            0x00, 0x00, 0x00, 0x00, 0x00, 0x02, 0x26, 0x01, 0x01, 0x00, 0x00, 0x00, 0x16, 0x00,
            0x00, 0x00, 0x21, 0x00, 0x00, 0x00, 0x13, 0x00, 0x00, 0x00, 0x00, 0x00, 0x00, 0x00,
            0x00, 0x04, 0x10, 0xfe, 0x00, 0x00, 0xfe,
        ],
        globals: &[],
        expected: &[],
    },
    EncodedCase {
        name: "truncated-at-5",
        width: 33,
        height: 19,
        error_kind: 4,
        data: &[
            0x00, 0x00, 0x00, 0x01, 0x30, 0x01, 0x01, 0x00, 0x00, 0x00, 0x13, 0x00, 0x00, 0x00,
            0x21, 0x00, 0x00, 0x00, 0x13, 0x00, 0x00, 0x00, 0x00, 0x00, 0x00, 0x00, 0x00, 0x40,
            0x00, 0x00, 0x00, 0x00, 0x00, 0x02, 0x26, 0x01, 0x01, 0x00, 0x00, 0x00, 0x17, 0x00,
            0x00, 0x00, 0x21, 0x00, 0x00, 0x00, 0x13, 0x00, 0x00, 0x00, 0x00, 0x00, 0x00, 0x00,
            0x00, 0x04, 0x10, 0xfe, 0x00, 0x00, 0xfe, 0xfe,
        ],
        globals: &[],
        expected: &[],
    },
    EncodedCase {
        name: "truncated-at-6",
        width: 33,
        height: 19,
        error_kind: 4,
        data: &[
            0x00, 0x00, 0x00, 0x01, 0x30, 0x01, 0x01, 0x00, 0x00, 0x00, 0x13, 0x00, 0x00, 0x00,
            0x21, 0x00, 0x00, 0x00, 0x13, 0x00, 0x00, 0x00, 0x00, 0x00, 0x00, 0x00, 0x00, 0x40,
            0x00, 0x00, 0x00, 0x00, 0x00, 0x02, 0x26, 0x01, 0x01, 0x00, 0x00, 0x00, 0x18, 0x00,
            0x00, 0x00, 0x21, 0x00, 0x00, 0x00, 0x13, 0x00, 0x00, 0x00, 0x00, 0x00, 0x00, 0x00,
            0x00, 0x04, 0x10, 0xfe, 0x00, 0x00, 0xfe, 0xfe, 0xff,
        ],
        globals: &[],
        expected: &[],
    },
    EncodedCase {
        name: "truncated-at-7",
        width: 33,
        height: 19,
        error_kind: 4,
        data: &[
            0x00, 0x00, 0x00, 0x01, 0x30, 0x01, 0x01, 0x00, 0x00, 0x00, 0x13, 0x00, 0x00, 0x00,
            0x21, 0x00, 0x00, 0x00, 0x13, 0x00, 0x00, 0x00, 0x00, 0x00, 0x00, 0x00, 0x00, 0x40,
            0x00, 0x00, 0x00, 0x00, 0x00, 0x02, 0x26, 0x01, 0x01, 0x00, 0x00, 0x00, 0x19, 0x00,
            0x00, 0x00, 0x21, 0x00, 0x00, 0x00, 0x13, 0x00, 0x00, 0x00, 0x00, 0x00, 0x00, 0x00,
            0x00, 0x04, 0x10, 0xfe, 0x00, 0x00, 0xfe, 0xfe, 0xff, 0xff,
        ],
        globals: &[],
        expected: &[],
    },
    EncodedCase {
        name: "truncated-at-8",
        width: 33,
        height: 19,
        error_kind: 4,
        data: &[
            0x00, 0x00, 0x00, 0x01, 0x30, 0x01, 0x01, 0x00, 0x00, 0x00, 0x13, 0x00, 0x00, 0x00,
            0x21, 0x00, 0x00, 0x00, 0x13, 0x00, 0x00, 0x00, 0x00, 0x00, 0x00, 0x00, 0x00, 0x40,
            0x00, 0x00, 0x00, 0x00, 0x00, 0x02, 0x26, 0x01, 0x01, 0x00, 0x00, 0x00, 0x1a, 0x00,
            0x00, 0x00, 0x21, 0x00, 0x00, 0x00, 0x13, 0x00, 0x00, 0x00, 0x00, 0x00, 0x00, 0x00,
            0x00, 0x04, 0x10, 0xfe, 0x00, 0x00, 0xfe, 0xfe, 0xff, 0xff, 0xfe,
        ],
        globals: &[],
        expected: &[],
    },
    EncodedCase {
        name: "truncated-at-9",
        width: 33,
        height: 19,
        error_kind: 4,
        data: &[
            0x00, 0x00, 0x00, 0x01, 0x30, 0x01, 0x01, 0x00, 0x00, 0x00, 0x13, 0x00, 0x00, 0x00,
            0x21, 0x00, 0x00, 0x00, 0x13, 0x00, 0x00, 0x00, 0x00, 0x00, 0x00, 0x00, 0x00, 0x40,
            0x00, 0x00, 0x00, 0x00, 0x00, 0x02, 0x26, 0x01, 0x01, 0x00, 0x00, 0x00, 0x1b, 0x00,
            0x00, 0x00, 0x21, 0x00, 0x00, 0x00, 0x13, 0x00, 0x00, 0x00, 0x00, 0x00, 0x00, 0x00,
            0x00, 0x04, 0x10, 0xfe, 0x00, 0x00, 0xfe, 0xfe, 0xff, 0xff, 0xfe, 0x01,
        ],
        globals: &[],
        expected: &[],
    },
    EncodedCase {
        name: "truncated-at-10",
        width: 33,
        height: 19,
        error_kind: 4,
        data: &[
            0x00, 0x00, 0x00, 0x01, 0x30, 0x01, 0x01, 0x00, 0x00, 0x00, 0x13, 0x00, 0x00, 0x00,
            0x21, 0x00, 0x00, 0x00, 0x13, 0x00, 0x00, 0x00, 0x00, 0x00, 0x00, 0x00, 0x00, 0x40,
            0x00, 0x00, 0x00, 0x00, 0x00, 0x02, 0x26, 0x01, 0x01, 0x00, 0x00, 0x00, 0x1c, 0x00,
            0x00, 0x00, 0x21, 0x00, 0x00, 0x00, 0x13, 0x00, 0x00, 0x00, 0x00, 0x00, 0x00, 0x00,
            0x00, 0x04, 0x10, 0xfe, 0x00, 0x00, 0xfe, 0xfe, 0xff, 0xff, 0xfe, 0x01, 0xfe,
        ],
        globals: &[],
        expected: &[],
    },
    EncodedCase {
        name: "truncated-at-11",
        width: 33,
        height: 19,
        error_kind: 4,
        data: &[
            0x00, 0x00, 0x00, 0x01, 0x30, 0x01, 0x01, 0x00, 0x00, 0x00, 0x13, 0x00, 0x00, 0x00,
            0x21, 0x00, 0x00, 0x00, 0x13, 0x00, 0x00, 0x00, 0x00, 0x00, 0x00, 0x00, 0x00, 0x40,
            0x00, 0x00, 0x00, 0x00, 0x00, 0x02, 0x26, 0x01, 0x01, 0x00, 0x00, 0x00, 0x1d, 0x00,
            0x00, 0x00, 0x21, 0x00, 0x00, 0x00, 0x13, 0x00, 0x00, 0x00, 0x00, 0x00, 0x00, 0x00,
            0x00, 0x04, 0x10, 0xfe, 0x00, 0x00, 0xfe, 0xfe, 0xff, 0xff, 0xfe, 0x01, 0xfe, 0x02,
        ],
        globals: &[],
        expected: &[],
    },
    EncodedCase {
        name: "truncated-at-12",
        width: 33,
        height: 19,
        error_kind: 4,
        data: &[
            0x00, 0x00, 0x00, 0x01, 0x30, 0x01, 0x01, 0x00, 0x00, 0x00, 0x13, 0x00, 0x00, 0x00,
            0x21, 0x00, 0x00, 0x00, 0x13, 0x00, 0x00, 0x00, 0x00, 0x00, 0x00, 0x00, 0x00, 0x40,
            0x00, 0x00, 0x00, 0x00, 0x00, 0x02, 0x26, 0x01, 0x01, 0x00, 0x00, 0x00, 0x1e, 0x00,
            0x00, 0x00, 0x21, 0x00, 0x00, 0x00, 0x13, 0x00, 0x00, 0x00, 0x00, 0x00, 0x00, 0x00,
            0x00, 0x04, 0x10, 0xfe, 0x00, 0x00, 0xfe, 0xfe, 0xff, 0xff, 0xfe, 0x01, 0xfe, 0x02,
            0xff,
        ],
        globals: &[],
        expected: &[],
    },
    EncodedCase {
        name: "truncated-at-13",
        width: 33,
        height: 19,
        error_kind: 4,
        data: &[
            0x00, 0x00, 0x00, 0x01, 0x30, 0x01, 0x01, 0x00, 0x00, 0x00, 0x13, 0x00, 0x00, 0x00,
            0x21, 0x00, 0x00, 0x00, 0x13, 0x00, 0x00, 0x00, 0x00, 0x00, 0x00, 0x00, 0x00, 0x40,
            0x00, 0x00, 0x00, 0x00, 0x00, 0x02, 0x26, 0x01, 0x01, 0x00, 0x00, 0x00, 0x1f, 0x00,
            0x00, 0x00, 0x21, 0x00, 0x00, 0x00, 0x13, 0x00, 0x00, 0x00, 0x00, 0x00, 0x00, 0x00,
            0x00, 0x04, 0x10, 0xfe, 0x00, 0x00, 0xfe, 0xfe, 0xff, 0xff, 0xfe, 0x01, 0xfe, 0x02,
            0xff, 0xfd,
        ],
        globals: &[],
        expected: &[],
    },
    EncodedCase {
        name: "truncated-at-14",
        width: 33,
        height: 19,
        error_kind: 4,
        data: &[
            0x00, 0x00, 0x00, 0x01, 0x30, 0x01, 0x01, 0x00, 0x00, 0x00, 0x13, 0x00, 0x00, 0x00,
            0x21, 0x00, 0x00, 0x00, 0x13, 0x00, 0x00, 0x00, 0x00, 0x00, 0x00, 0x00, 0x00, 0x40,
            0x00, 0x00, 0x00, 0x00, 0x00, 0x02, 0x26, 0x01, 0x01, 0x00, 0x00, 0x00, 0x20, 0x00,
            0x00, 0x00, 0x21, 0x00, 0x00, 0x00, 0x13, 0x00, 0x00, 0x00, 0x00, 0x00, 0x00, 0x00,
            0x00, 0x04, 0x10, 0xfe, 0x00, 0x00, 0xfe, 0xfe, 0xff, 0xff, 0xfe, 0x01, 0xfe, 0x02,
            0xff, 0xfd, 0x00,
        ],
        globals: &[],
        expected: &[],
    },
    EncodedCase {
        name: "truncated-at-15",
        width: 33,
        height: 19,
        error_kind: 4,
        data: &[
            0x00, 0x00, 0x00, 0x01, 0x30, 0x01, 0x01, 0x00, 0x00, 0x00, 0x13, 0x00, 0x00, 0x00,
            0x21, 0x00, 0x00, 0x00, 0x13, 0x00, 0x00, 0x00, 0x00, 0x00, 0x00, 0x00, 0x00, 0x40,
            0x00, 0x00, 0x00, 0x00, 0x00, 0x02, 0x26, 0x01, 0x01, 0x00, 0x00, 0x00, 0x21, 0x00,
            0x00, 0x00, 0x21, 0x00, 0x00, 0x00, 0x13, 0x00, 0x00, 0x00, 0x00, 0x00, 0x00, 0x00,
            0x00, 0x04, 0x10, 0xfe, 0x00, 0x00, 0xfe, 0xfe, 0xff, 0xff, 0xfe, 0x01, 0xfe, 0x02,
            0xff, 0xfd, 0x00, 0xfc,
        ],
        globals: &[],
        expected: &[],
    },
    EncodedCase {
        name: "truncated-at-16",
        width: 33,
        height: 19,
        error_kind: 4,
        data: &[
            0x00, 0x00, 0x00, 0x01, 0x30, 0x01, 0x01, 0x00, 0x00, 0x00, 0x13, 0x00, 0x00, 0x00,
            0x21, 0x00, 0x00, 0x00, 0x13, 0x00, 0x00, 0x00, 0x00, 0x00, 0x00, 0x00, 0x00, 0x40,
            0x00, 0x00, 0x00, 0x00, 0x00, 0x02, 0x26, 0x01, 0x01, 0x00, 0x00, 0x00, 0x22, 0x00,
            0x00, 0x00, 0x21, 0x00, 0x00, 0x00, 0x13, 0x00, 0x00, 0x00, 0x00, 0x00, 0x00, 0x00,
            0x00, 0x04, 0x10, 0xfe, 0x00, 0x00, 0xfe, 0xfe, 0xff, 0xff, 0xfe, 0x01, 0xfe, 0x02,
            0xff, 0xfd, 0x00, 0xfc, 0x00,
        ],
        globals: &[],
        expected: &[],
    },
    EncodedCase {
        name: "truncated-at-17",
        width: 33,
        height: 19,
        error_kind: 4,
        data: &[
            0x00, 0x00, 0x00, 0x01, 0x30, 0x01, 0x01, 0x00, 0x00, 0x00, 0x13, 0x00, 0x00, 0x00,
            0x21, 0x00, 0x00, 0x00, 0x13, 0x00, 0x00, 0x00, 0x00, 0x00, 0x00, 0x00, 0x00, 0x40,
            0x00, 0x00, 0x00, 0x00, 0x00, 0x02, 0x26, 0x01, 0x01, 0x00, 0x00, 0x00, 0x23, 0x00,
            0x00, 0x00, 0x21, 0x00, 0x00, 0x00, 0x13, 0x00, 0x00, 0x00, 0x00, 0x00, 0x00, 0x00,
            0x00, 0x04, 0x10, 0xfe, 0x00, 0x00, 0xfe, 0xfe, 0xff, 0xff, 0xfe, 0x01, 0xfe, 0x02,
            0xff, 0xfd, 0x00, 0xfc, 0x00, 0x02,
        ],
        globals: &[],
        expected: &[],
    },
    EncodedCase {
        name: "truncated-at-18",
        width: 33,
        height: 19,
        error_kind: 4,
        data: &[
            0x00, 0x00, 0x00, 0x01, 0x30, 0x01, 0x01, 0x00, 0x00, 0x00, 0x13, 0x00, 0x00, 0x00,
            0x21, 0x00, 0x00, 0x00, 0x13, 0x00, 0x00, 0x00, 0x00, 0x00, 0x00, 0x00, 0x00, 0x40,
            0x00, 0x00, 0x00, 0x00, 0x00, 0x02, 0x26, 0x01, 0x01, 0x00, 0x00, 0x00, 0x24, 0x00,
            0x00, 0x00, 0x21, 0x00, 0x00, 0x00, 0x13, 0x00, 0x00, 0x00, 0x00, 0x00, 0x00, 0x00,
            0x00, 0x04, 0x10, 0xfe, 0x00, 0x00, 0xfe, 0xfe, 0xff, 0xff, 0xfe, 0x01, 0xfe, 0x02,
            0xff, 0xfd, 0x00, 0xfc, 0x00, 0x02, 0xfe,
        ],
        globals: &[],
        expected: &[],
    },
    EncodedCase {
        name: "truncated-at-19",
        width: 33,
        height: 19,
        error_kind: 4,
        data: &[
            0x00, 0x00, 0x00, 0x01, 0x30, 0x01, 0x01, 0x00, 0x00, 0x00, 0x13, 0x00, 0x00, 0x00,
            0x21, 0x00, 0x00, 0x00, 0x13, 0x00, 0x00, 0x00, 0x00, 0x00, 0x00, 0x00, 0x00, 0x40,
            0x00, 0x00, 0x00, 0x00, 0x00, 0x02, 0x26, 0x01, 0x01, 0x00, 0x00, 0x00, 0x25, 0x00,
            0x00, 0x00, 0x21, 0x00, 0x00, 0x00, 0x13, 0x00, 0x00, 0x00, 0x00, 0x00, 0x00, 0x00,
            0x00, 0x04, 0x10, 0xfe, 0x00, 0x00, 0xfe, 0xfe, 0xff, 0xff, 0xfe, 0x01, 0xfe, 0x02,
            0xff, 0xfd, 0x00, 0xfc, 0x00, 0x02, 0xfe, 0x03,
        ],
        globals: &[],
        expected: &[],
    },
    EncodedCase {
        name: "truncated-at-20",
        width: 33,
        height: 19,
        error_kind: 4,
        data: &[
            0x00, 0x00, 0x00, 0x01, 0x30, 0x01, 0x01, 0x00, 0x00, 0x00, 0x13, 0x00, 0x00, 0x00,
            0x21, 0x00, 0x00, 0x00, 0x13, 0x00, 0x00, 0x00, 0x00, 0x00, 0x00, 0x00, 0x00, 0x40,
            0x00, 0x00, 0x00, 0x00, 0x00, 0x02, 0x26, 0x01, 0x01, 0x00, 0x00, 0x00, 0x26, 0x00,
            0x00, 0x00, 0x21, 0x00, 0x00, 0x00, 0x13, 0x00, 0x00, 0x00, 0x00, 0x00, 0x00, 0x00,
            0x00, 0x04, 0x10, 0xfe, 0x00, 0x00, 0xfe, 0xfe, 0xff, 0xff, 0xfe, 0x01, 0xfe, 0x02,
            0xff, 0xfd, 0x00, 0xfc, 0x00, 0x02, 0xfe, 0x03, 0xff,
        ],
        globals: &[],
        expected: &[],
    },
    EncodedCase {
        name: "truncated-at-21",
        width: 33,
        height: 19,
        error_kind: 4,
        data: &[
            0x00, 0x00, 0x00, 0x01, 0x30, 0x01, 0x01, 0x00, 0x00, 0x00, 0x13, 0x00, 0x00, 0x00,
            0x21, 0x00, 0x00, 0x00, 0x13, 0x00, 0x00, 0x00, 0x00, 0x00, 0x00, 0x00, 0x00, 0x40,
            0x00, 0x00, 0x00, 0x00, 0x00, 0x02, 0x26, 0x01, 0x01, 0x00, 0x00, 0x00, 0x27, 0x00,
            0x00, 0x00, 0x21, 0x00, 0x00, 0x00, 0x13, 0x00, 0x00, 0x00, 0x00, 0x00, 0x00, 0x00,
            0x00, 0x04, 0x10, 0xfe, 0x00, 0x00, 0xfe, 0xfe, 0xff, 0xff, 0xfe, 0x01, 0xfe, 0x02,
            0xff, 0xfd, 0x00, 0xfc, 0x00, 0x02, 0xfe, 0x03, 0xff, 0xfe,
        ],
        globals: &[],
        expected: &[],
    },
    EncodedCase {
        name: "truncated-at-22",
        width: 33,
        height: 19,
        error_kind: 4,
        data: &[
            0x00, 0x00, 0x00, 0x01, 0x30, 0x01, 0x01, 0x00, 0x00, 0x00, 0x13, 0x00, 0x00, 0x00,
            0x21, 0x00, 0x00, 0x00, 0x13, 0x00, 0x00, 0x00, 0x00, 0x00, 0x00, 0x00, 0x00, 0x40,
            0x00, 0x00, 0x00, 0x00, 0x00, 0x02, 0x26, 0x01, 0x01, 0x00, 0x00, 0x00, 0x28, 0x00,
            0x00, 0x00, 0x21, 0x00, 0x00, 0x00, 0x13, 0x00, 0x00, 0x00, 0x00, 0x00, 0x00, 0x00,
            0x00, 0x04, 0x10, 0xfe, 0x00, 0x00, 0xfe, 0xfe, 0xff, 0xff, 0xfe, 0x01, 0xfe, 0x02,
            0xff, 0xfd, 0x00, 0xfc, 0x00, 0x02, 0xfe, 0x03, 0xff, 0xfe, 0xfe,
        ],
        globals: &[],
        expected: &[],
    },
    EncodedCase {
        name: "truncated-at-23",
        width: 33,
        height: 19,
        error_kind: 4,
        data: &[
            0x00, 0x00, 0x00, 0x01, 0x30, 0x01, 0x01, 0x00, 0x00, 0x00, 0x13, 0x00, 0x00, 0x00,
            0x21, 0x00, 0x00, 0x00, 0x13, 0x00, 0x00, 0x00, 0x00, 0x00, 0x00, 0x00, 0x00, 0x40,
            0x00, 0x00, 0x00, 0x00, 0x00, 0x02, 0x26, 0x01, 0x01, 0x00, 0x00, 0x00, 0x29, 0x00,
            0x00, 0x00, 0x21, 0x00, 0x00, 0x00, 0x13, 0x00, 0x00, 0x00, 0x00, 0x00, 0x00, 0x00,
            0x00, 0x04, 0x10, 0xfe, 0x00, 0x00, 0xfe, 0xfe, 0xff, 0xff, 0xfe, 0x01, 0xfe, 0x02,
            0xff, 0xfd, 0x00, 0xfc, 0x00, 0x02, 0xfe, 0x03, 0xff, 0xfe, 0xfe, 0xfd,
        ],
        globals: &[],
        expected: &[],
    },
    EncodedCase {
        name: "extended-unknown-footer-in-at",
        width: 33,
        height: 19,
        error_kind: 4,
        data: &[
            0x00, 0x00, 0x00, 0x01, 0x30, 0x01, 0x01, 0x00, 0x00, 0x00, 0x13, 0x00, 0x00, 0x00,
            0x21, 0x00, 0x00, 0x00, 0x13, 0x00, 0x00, 0x00, 0x00, 0x00, 0x00, 0x00, 0x00, 0x40,
            0x00, 0x00, 0x00, 0x00, 0x00, 0x02, 0x26, 0x01, 0x01, 0xff, 0xff, 0xff, 0xff, 0x00,
            0x00, 0x00, 0x21, 0x00, 0x00, 0x00, 0x13, 0x00, 0x00, 0x00, 0x00, 0x00, 0x00, 0x00,
            0x00, 0x04, 0x10, 0xff, 0x00, 0xff, 0x00, 0xff, 0x00, 0xff, 0x00, 0xff, 0x00, 0xff,
            0x00, 0xff, 0x00, 0xff, 0x00, 0xff, 0x00, 0xff, 0xac, 0xff, 0x80, 0xff, 0x80,
        ],
        globals: &[],
        expected: &[],
    },
    EncodedCase {
        name: "ordinary-unknown-footer-in-at",
        width: 33,
        height: 19,
        error_kind: 4,
        data: &[
            0x00, 0x00, 0x00, 0x01, 0x30, 0x01, 0x01, 0x00, 0x00, 0x00, 0x13, 0x00, 0x00, 0x00,
            0x21, 0x00, 0x00, 0x00, 0x13, 0x00, 0x00, 0x00, 0x00, 0x00, 0x00, 0x00, 0x00, 0x40,
            0x00, 0x00, 0x00, 0x00, 0x00, 0x02, 0x26, 0x01, 0x01, 0xff, 0xff, 0xff, 0xff, 0x00,
            0x00, 0x00, 0x21, 0x00, 0x00, 0x00, 0x13, 0x00, 0x00, 0x00, 0x00, 0x00, 0x00, 0x00,
            0x00, 0x04, 0x00, 0xff, 0x00, 0xff, 0xac, 0xff, 0x80, 0xff, 0x80,
        ],
        globals: &[],
        expected: &[],
    },
];
