// Authored T.88 6.6/6.7, 7.4.4/7.4.5 and Annex C halftone controls.
// Independent scalar bitmap/context sampling with the unchanged Apache-2.0
// agl/jbig2enc d0dfca46216c98f11312a9c9f15615ed490cd7b3 arithmetic encoder
// and ImageMagick Group4. Expected bitmaps are authored, not decoder outputs.
// Poppler/jbig2dec jointly confirm 75 controls directly; the remaining AND
// control is confirmed by its exact, independently decoded OR complement.
// Provenance: pdf-test-suite/reports/jbig2-halftone-2026-09-11/.
pub(super) struct EncodedCase {
    pub(super) name: &'static str,
    pub(super) width: u32,
    pub(super) height: u32,
    pub(super) data: &'static [u8],
    pub(super) globals: &'static [u8],
    pub(super) expected: &'static [u8],
    pub(super) error_kind: u8,
}
pub(super) const CASES: &[EncodedCase] = &[
    EncodedCase {
        name: "mmr-two-pattern-control",
        width: 19,
        height: 11,
        error_kind: 0,
        data: &[
            0x00, 0x00, 0x00, 0x01, 0x30, 0x01, 0x01, 0x00, 0x00, 0x00, 0x13, 0x00, 0x00, 0x00,
            0x13, 0x00, 0x00, 0x00, 0x0b, 0x00, 0x00, 0x00, 0x00, 0x00, 0x00, 0x00, 0x00, 0x63,
            0x00, 0x00, 0x00, 0x00, 0x00, 0x02, 0x10, 0x01, 0x01, 0x00, 0x00, 0x00, 0x15, 0x01,
            0x05, 0x03, 0x00, 0x00, 0x00, 0x01, 0x26, 0xa8, 0xba, 0x23, 0xa0, 0x41, 0x58, 0x4d,
            0x6b, 0xea, 0xc0, 0x04, 0x00, 0x40, 0x00, 0x00, 0x00, 0x03, 0x17, 0x23, 0x02, 0x01,
            0x00, 0x00, 0x00, 0x2b, 0x00, 0x00, 0x00, 0x13, 0x00, 0x00, 0x00, 0x0b, 0x00, 0x00,
            0x00, 0x00, 0x00, 0x00, 0x00, 0x00, 0x04, 0x01, 0x00, 0x00, 0x00, 0x03, 0x00, 0x00,
            0x00, 0x02, 0x00, 0x00, 0x00, 0x00, 0x00, 0x00, 0x00, 0x00, 0x05, 0x00, 0x00, 0x00,
            0x09, 0x78, 0x00, 0x80, 0x08,
        ],
        globals: &[],
        expected: &[
            0x95, 0x24, 0x00, 0x49, 0x52, 0x00, 0x4b, 0x12, 0x00, 0x00, 0x00, 0x00, 0x00, 0x00,
            0x00, 0x95, 0x24, 0x00, 0x49, 0x52, 0x00, 0x4b, 0x12, 0x00, 0x00, 0x00, 0x00, 0x00,
            0x00, 0x00, 0x00, 0x00, 0x00,
        ],
    },
    EncodedCase {
        name: "mmr-one-pattern-empty-plane",
        width: 19,
        height: 11,
        error_kind: 0,
        data: &[
            0x00, 0x00, 0x00, 0x01, 0x30, 0x01, 0x01, 0x00, 0x00, 0x00, 0x13, 0x00, 0x00, 0x00,
            0x13, 0x00, 0x00, 0x00, 0x0b, 0x00, 0x00, 0x00, 0x00, 0x00, 0x00, 0x00, 0x00, 0x63,
            0x00, 0x00, 0x00, 0x00, 0x00, 0x02, 0x10, 0x01, 0x01, 0x00, 0x00, 0x00, 0x10, 0x01,
            0x05, 0x03, 0x00, 0x00, 0x00, 0x00, 0x26, 0xa8, 0x25, 0x61, 0x3f, 0x80, 0x08, 0x00,
            0x80, 0x00, 0x00, 0x00, 0x03, 0x17, 0x23, 0x02, 0x01, 0x00, 0x00, 0x00, 0x26, 0x00,
            0x00, 0x00, 0x13, 0x00, 0x00, 0x00, 0x0b, 0x00, 0x00, 0x00, 0x00, 0x00, 0x00, 0x00,
            0x00, 0x04, 0x01, 0x00, 0x00, 0x00, 0x03, 0x00, 0x00, 0x00, 0x02, 0x00, 0x00, 0x00,
            0x00, 0x00, 0x00, 0x00, 0x00, 0x05, 0x00, 0x00, 0x00,
        ],
        globals: &[],
        expected: &[
            0x94, 0xa4, 0x00, 0x4a, 0x52, 0x00, 0x4a, 0x52, 0x00, 0x00, 0x00, 0x00, 0x00, 0x00,
            0x00, 0x94, 0xa4, 0x00, 0x4a, 0x52, 0x00, 0x4a, 0x52, 0x00, 0x00, 0x00, 0x00, 0x00,
            0x00, 0x00, 0x00, 0x00, 0x00,
        ],
    },
    EncodedCase {
        name: "arithmetic-template-0-control",
        width: 19,
        height: 11,
        error_kind: 0,
        data: &[
            0x00, 0x00, 0x00, 0x01, 0x30, 0x01, 0x01, 0x00, 0x00, 0x00, 0x13, 0x00, 0x00, 0x00,
            0x13, 0x00, 0x00, 0x00, 0x0b, 0x00, 0x00, 0x00, 0x00, 0x00, 0x00, 0x00, 0x00, 0x63,
            0x00, 0x00, 0x00, 0x00, 0x00, 0x02, 0x10, 0x01, 0x01, 0x00, 0x00, 0x00, 0x0d, 0x00,
            0x05, 0x03, 0x00, 0x00, 0x00, 0x01, 0xc8, 0x9f, 0xac, 0xb9, 0xff, 0xac, 0x00, 0x00,
            0x00, 0x03, 0x17, 0x23, 0x02, 0x01, 0x00, 0x00, 0x00, 0x29, 0x00, 0x00, 0x00, 0x13,
            0x00, 0x00, 0x00, 0x0b, 0x00, 0x00, 0x00, 0x00, 0x00, 0x00, 0x00, 0x00, 0x04, 0x00,
            0x00, 0x00, 0x00, 0x03, 0x00, 0x00, 0x00, 0x02, 0x00, 0x00, 0x00, 0x00, 0x00, 0x00,
            0x00, 0x00, 0x05, 0x00, 0x00, 0x00, 0x2f, 0xff, 0xac,
        ],
        globals: &[],
        expected: &[
            0x95, 0x24, 0x00, 0x49, 0x52, 0x00, 0x4b, 0x12, 0x00, 0x00, 0x00, 0x00, 0x00, 0x00,
            0x00, 0x95, 0x24, 0x00, 0x49, 0x52, 0x00, 0x4b, 0x12, 0x00, 0x00, 0x00, 0x00, 0x00,
            0x00, 0x00, 0x00, 0x00, 0x00,
        ],
    },
    EncodedCase {
        name: "arithmetic-template-1-control",
        width: 19,
        height: 11,
        error_kind: 0,
        data: &[
            0x00, 0x00, 0x00, 0x01, 0x30, 0x01, 0x01, 0x00, 0x00, 0x00, 0x13, 0x00, 0x00, 0x00,
            0x13, 0x00, 0x00, 0x00, 0x0b, 0x00, 0x00, 0x00, 0x00, 0x00, 0x00, 0x00, 0x00, 0x63,
            0x00, 0x00, 0x00, 0x00, 0x00, 0x02, 0x10, 0x01, 0x01, 0x00, 0x00, 0x00, 0x0d, 0x02,
            0x05, 0x03, 0x00, 0x00, 0x00, 0x01, 0xc6, 0x64, 0x03, 0xf3, 0xff, 0xac, 0x00, 0x00,
            0x00, 0x03, 0x17, 0x23, 0x02, 0x01, 0x00, 0x00, 0x00, 0x29, 0x00, 0x00, 0x00, 0x13,
            0x00, 0x00, 0x00, 0x0b, 0x00, 0x00, 0x00, 0x00, 0x00, 0x00, 0x00, 0x00, 0x04, 0x02,
            0x00, 0x00, 0x00, 0x03, 0x00, 0x00, 0x00, 0x02, 0x00, 0x00, 0x00, 0x00, 0x00, 0x00,
            0x00, 0x00, 0x05, 0x00, 0x00, 0x00, 0x2f, 0xff, 0xac,
        ],
        globals: &[],
        expected: &[
            0x95, 0x24, 0x00, 0x49, 0x52, 0x00, 0x4b, 0x12, 0x00, 0x00, 0x00, 0x00, 0x00, 0x00,
            0x00, 0x95, 0x24, 0x00, 0x49, 0x52, 0x00, 0x4b, 0x12, 0x00, 0x00, 0x00, 0x00, 0x00,
            0x00, 0x00, 0x00, 0x00, 0x00,
        ],
    },
    EncodedCase {
        name: "arithmetic-template-2-control",
        width: 19,
        height: 11,
        error_kind: 0,
        data: &[
            0x00, 0x00, 0x00, 0x01, 0x30, 0x01, 0x01, 0x00, 0x00, 0x00, 0x13, 0x00, 0x00, 0x00,
            0x13, 0x00, 0x00, 0x00, 0x0b, 0x00, 0x00, 0x00, 0x00, 0x00, 0x00, 0x00, 0x00, 0x63,
            0x00, 0x00, 0x00, 0x00, 0x00, 0x02, 0x10, 0x01, 0x01, 0x00, 0x00, 0x00, 0x0d, 0x04,
            0x05, 0x03, 0x00, 0x00, 0x00, 0x01, 0xcd, 0x75, 0xd7, 0xe7, 0xff, 0xac, 0x00, 0x00,
            0x00, 0x03, 0x17, 0x23, 0x02, 0x01, 0x00, 0x00, 0x00, 0x29, 0x00, 0x00, 0x00, 0x13,
            0x00, 0x00, 0x00, 0x0b, 0x00, 0x00, 0x00, 0x00, 0x00, 0x00, 0x00, 0x00, 0x04, 0x04,
            0x00, 0x00, 0x00, 0x03, 0x00, 0x00, 0x00, 0x02, 0x00, 0x00, 0x00, 0x00, 0x00, 0x00,
            0x00, 0x00, 0x05, 0x00, 0x00, 0x00, 0x2f, 0xff, 0xac,
        ],
        globals: &[],
        expected: &[
            0x95, 0x24, 0x00, 0x49, 0x52, 0x00, 0x4b, 0x12, 0x00, 0x00, 0x00, 0x00, 0x00, 0x00,
            0x00, 0x95, 0x24, 0x00, 0x49, 0x52, 0x00, 0x4b, 0x12, 0x00, 0x00, 0x00, 0x00, 0x00,
            0x00, 0x00, 0x00, 0x00, 0x00,
        ],
    },
    EncodedCase {
        name: "arithmetic-template-3-control",
        width: 19,
        height: 11,
        error_kind: 0,
        data: &[
            0x00, 0x00, 0x00, 0x01, 0x30, 0x01, 0x01, 0x00, 0x00, 0x00, 0x13, 0x00, 0x00, 0x00,
            0x13, 0x00, 0x00, 0x00, 0x0b, 0x00, 0x00, 0x00, 0x00, 0x00, 0x00, 0x00, 0x00, 0x63,
            0x00, 0x00, 0x00, 0x00, 0x00, 0x02, 0x10, 0x01, 0x01, 0x00, 0x00, 0x00, 0x0d, 0x06,
            0x05, 0x03, 0x00, 0x00, 0x00, 0x01, 0xc8, 0x9f, 0xac, 0x4d, 0xff, 0xac, 0x00, 0x00,
            0x00, 0x03, 0x17, 0x23, 0x02, 0x01, 0x00, 0x00, 0x00, 0x29, 0x00, 0x00, 0x00, 0x13,
            0x00, 0x00, 0x00, 0x0b, 0x00, 0x00, 0x00, 0x00, 0x00, 0x00, 0x00, 0x00, 0x04, 0x06,
            0x00, 0x00, 0x00, 0x03, 0x00, 0x00, 0x00, 0x02, 0x00, 0x00, 0x00, 0x00, 0x00, 0x00,
            0x00, 0x00, 0x05, 0x00, 0x00, 0x00, 0x2f, 0xff, 0xac,
        ],
        globals: &[],
        expected: &[
            0x95, 0x24, 0x00, 0x49, 0x52, 0x00, 0x4b, 0x12, 0x00, 0x00, 0x00, 0x00, 0x00, 0x00,
            0x00, 0x95, 0x24, 0x00, 0x49, 0x52, 0x00, 0x4b, 0x12, 0x00, 0x00, 0x00, 0x00, 0x00,
            0x00, 0x00, 0x00, 0x00, 0x00,
        ],
    },
    EncodedCase {
        name: "arithmetic-pattern-width-127",
        width: 257,
        height: 7,
        error_kind: 0,
        data: &[
            0x00, 0x00, 0x00, 0x01, 0x30, 0x01, 0x01, 0x00, 0x00, 0x00, 0x13, 0x00, 0x00, 0x01,
            0x01, 0x00, 0x00, 0x00, 0x07, 0x00, 0x00, 0x00, 0x00, 0x00, 0x00, 0x00, 0x00, 0x63,
            0x00, 0x00, 0x00, 0x00, 0x00, 0x02, 0x10, 0x01, 0x01, 0x00, 0x00, 0x00, 0x2e, 0x00,
            0x7f, 0x05, 0x00, 0x00, 0x00, 0x01, 0xc7, 0xb0, 0x7a, 0x63, 0xcb, 0xe5, 0x3c, 0xff,
            0x2e, 0x07, 0x9b, 0x85, 0x56, 0xbd, 0x35, 0x7f, 0xc3, 0x60, 0xb6, 0x5a, 0x3b, 0x37,
            0xee, 0x08, 0x73, 0x53, 0xb8, 0xf1, 0xfe, 0x44, 0xf4, 0xb0, 0xda, 0xcf, 0xff, 0x79,
            0x1d, 0xff, 0xac, 0x00, 0x00, 0x00, 0x03, 0x17, 0x23, 0x02, 0x01, 0x00, 0x00, 0x00,
            0x29, 0x00, 0x00, 0x01, 0x01, 0x00, 0x00, 0x00, 0x07, 0x00, 0x00, 0x00, 0x00, 0x00,
            0x00, 0x00, 0x00, 0x04, 0x00, 0x00, 0x00, 0x00, 0x02, 0x00, 0x00, 0x00, 0x01, 0x00,
            0x00, 0x00, 0x00, 0x00, 0x00, 0x00, 0x00, 0x7f, 0x00, 0x00, 0x00, 0x1f, 0xff, 0xac,
        ],
        globals: &[],
        expected: &[
            0x95, 0x2a, 0x54, 0xa9, 0x52, 0xa5, 0x4a, 0x95, 0x2a, 0x54, 0xa9, 0x52, 0xa5, 0x4a,
            0x95, 0x2b, 0x2a, 0x54, 0xa9, 0x52, 0xa5, 0x4a, 0x95, 0x2a, 0x54, 0xa9, 0x52, 0xa5,
            0x4a, 0x95, 0x2a, 0x54, 0x00, 0x4a, 0x95, 0x2a, 0x54, 0xa9, 0x52, 0xa5, 0x4a, 0x95,
            0x2a, 0x54, 0xa9, 0x52, 0xa5, 0x4a, 0x94, 0x95, 0x2a, 0x54, 0xa9, 0x52, 0xa5, 0x4a,
            0x95, 0x2a, 0x54, 0xa9, 0x52, 0xa5, 0x4a, 0x95, 0x28, 0x00, 0x4c, 0x99, 0x32, 0x64,
            0xc9, 0x93, 0x26, 0x4c, 0x99, 0x32, 0x64, 0xc9, 0x93, 0x26, 0x4c, 0x98, 0x99, 0x32,
            0x64, 0xc9, 0x93, 0x26, 0x4c, 0x99, 0x32, 0x64, 0xc9, 0x93, 0x26, 0x4c, 0x99, 0x30,
            0x00, 0xc3, 0x87, 0x0e, 0x1c, 0x38, 0x70, 0xe1, 0xc3, 0x87, 0x0e, 0x1c, 0x38, 0x70,
            0xe1, 0xc3, 0x87, 0x87, 0x0e, 0x1c, 0x38, 0x70, 0xe1, 0xc3, 0x87, 0x0e, 0x1c, 0x38,
            0x70, 0xe1, 0xc3, 0x87, 0x0c, 0x00, 0x00, 0x00, 0x00, 0x00, 0x00, 0x00, 0x00, 0x00,
            0x00, 0x00, 0x00, 0x00, 0x00, 0x00, 0x00, 0x00, 0x00, 0x00, 0x00, 0x00, 0x00, 0x00,
            0x00, 0x00, 0x00, 0x00, 0x00, 0x00, 0x00, 0x00, 0x00, 0x00, 0x00, 0x00, 0x00, 0x00,
            0x00, 0x00, 0x00, 0x00, 0x00, 0x00, 0x00, 0x00, 0x00, 0x00, 0x00, 0x00, 0x00, 0x00,
            0x00, 0x00, 0x00, 0x00, 0x00, 0x00, 0x00, 0x00, 0x00, 0x00, 0x00, 0x00, 0x00, 0x00,
            0x00, 0x00, 0x00, 0x00, 0x00, 0x00, 0x00, 0x00, 0x00, 0x00, 0x00, 0x00, 0x00, 0x00,
            0x00, 0x00, 0x00, 0x00, 0x00, 0x00, 0x00, 0x00, 0x00, 0x00, 0x00, 0x00, 0x00, 0x00,
            0x00, 0x00, 0x00, 0x00, 0x00, 0x00, 0x00,
        ],
    },
    EncodedCase {
        name: "arithmetic-pattern-width-128",
        width: 259,
        height: 7,
        error_kind: 0,
        data: &[
            0x00, 0x00, 0x00, 0x01, 0x30, 0x01, 0x01, 0x00, 0x00, 0x00, 0x13, 0x00, 0x00, 0x01,
            0x03, 0x00, 0x00, 0x00, 0x07, 0x00, 0x00, 0x00, 0x00, 0x00, 0x00, 0x00, 0x00, 0x63,
            0x00, 0x00, 0x00, 0x00, 0x00, 0x02, 0x10, 0x01, 0x01, 0x00, 0x00, 0x00, 0x2d, 0x00,
            0x80, 0x05, 0x00, 0x00, 0x00, 0x01, 0xc7, 0xb0, 0x7a, 0x63, 0xcb, 0xe5, 0x3c, 0xff,
            0x33, 0x10, 0x67, 0x83, 0x76, 0x03, 0x57, 0xf2, 0x6f, 0x17, 0x2b, 0x2a, 0xcd, 0xf9,
            0x65, 0x55, 0x97, 0x83, 0xdc, 0x7f, 0xaf, 0x4e, 0x5d, 0x21, 0x9f, 0xff, 0x73, 0x7f,
            0xff, 0xac, 0x00, 0x00, 0x00, 0x03, 0x17, 0x23, 0x02, 0x01, 0x00, 0x00, 0x00, 0x29,
            0x00, 0x00, 0x01, 0x03, 0x00, 0x00, 0x00, 0x07, 0x00, 0x00, 0x00, 0x00, 0x00, 0x00,
            0x00, 0x00, 0x04, 0x00, 0x00, 0x00, 0x00, 0x02, 0x00, 0x00, 0x00, 0x01, 0x00, 0x00,
            0x00, 0x00, 0x00, 0x00, 0x00, 0x00, 0x80, 0x00, 0x00, 0x00, 0x1f, 0xff, 0xac,
        ],
        globals: &[],
        expected: &[
            0x95, 0x2a, 0x54, 0xa9, 0x52, 0xa5, 0x4a, 0x95, 0x2a, 0x54, 0xa9, 0x52, 0xa5, 0x4a,
            0x95, 0x2a, 0x95, 0x2a, 0x54, 0xa9, 0x52, 0xa5, 0x4a, 0x95, 0x2a, 0x54, 0xa9, 0x52,
            0xa5, 0x4a, 0x95, 0x2a, 0x00, 0x4a, 0x95, 0x2a, 0x54, 0xa9, 0x52, 0xa5, 0x4a, 0x95,
            0x2a, 0x54, 0xa9, 0x52, 0xa5, 0x4a, 0x95, 0x4a, 0x95, 0x2a, 0x54, 0xa9, 0x52, 0xa5,
            0x4a, 0x95, 0x2a, 0x54, 0xa9, 0x52, 0xa5, 0x4a, 0x95, 0x00, 0x4c, 0x99, 0x32, 0x64,
            0xc9, 0x93, 0x26, 0x4c, 0x99, 0x32, 0x64, 0xc9, 0x93, 0x26, 0x4c, 0x99, 0x4c, 0x99,
            0x32, 0x64, 0xc9, 0x93, 0x26, 0x4c, 0x99, 0x32, 0x64, 0xc9, 0x93, 0x26, 0x4c, 0x99,
            0x00, 0xc3, 0x87, 0x0e, 0x1c, 0x38, 0x70, 0xe1, 0xc3, 0x87, 0x0e, 0x1c, 0x38, 0x70,
            0xe1, 0xc3, 0x87, 0xc3, 0x87, 0x0e, 0x1c, 0x38, 0x70, 0xe1, 0xc3, 0x87, 0x0e, 0x1c,
            0x38, 0x70, 0xe1, 0xc3, 0x87, 0x00, 0x00, 0x00, 0x00, 0x00, 0x00, 0x00, 0x00, 0x00,
            0x00, 0x00, 0x00, 0x00, 0x00, 0x00, 0x00, 0x00, 0x00, 0x00, 0x00, 0x00, 0x00, 0x00,
            0x00, 0x00, 0x00, 0x00, 0x00, 0x00, 0x00, 0x00, 0x00, 0x00, 0x00, 0x00, 0x00, 0x00,
            0x00, 0x00, 0x00, 0x00, 0x00, 0x00, 0x00, 0x00, 0x00, 0x00, 0x00, 0x00, 0x00, 0x00,
            0x00, 0x00, 0x00, 0x00, 0x00, 0x00, 0x00, 0x00, 0x00, 0x00, 0x00, 0x00, 0x00, 0x00,
            0x00, 0x00, 0x00, 0x00, 0x00, 0x00, 0x00, 0x00, 0x00, 0x00, 0x00, 0x00, 0x00, 0x00,
            0x00, 0x00, 0x00, 0x00, 0x00, 0x00, 0x00, 0x00, 0x00, 0x00, 0x00, 0x00, 0x00, 0x00,
            0x00, 0x00, 0x00, 0x00, 0x00, 0x00, 0x00,
        ],
    },
    EncodedCase {
        name: "arithmetic-one-pattern-terminated",
        width: 19,
        height: 11,
        error_kind: 0,
        data: &[
            0x00, 0x00, 0x00, 0x01, 0x30, 0x01, 0x01, 0x00, 0x00, 0x00, 0x13, 0x00, 0x00, 0x00,
            0x13, 0x00, 0x00, 0x00, 0x0b, 0x00, 0x00, 0x00, 0x00, 0x00, 0x00, 0x00, 0x00, 0x63,
            0x00, 0x00, 0x00, 0x00, 0x00, 0x02, 0x10, 0x01, 0x01, 0x00, 0x00, 0x00, 0x0b, 0x00,
            0x05, 0x03, 0x00, 0x00, 0x00, 0x00, 0xca, 0xb1, 0xff, 0xac, 0x00, 0x00, 0x00, 0x03,
            0x17, 0x23, 0x02, 0x01, 0x00, 0x00, 0x00, 0x2a, 0x00, 0x00, 0x00, 0x13, 0x00, 0x00,
            0x00, 0x0b, 0x00, 0x00, 0x00, 0x00, 0x00, 0x00, 0x00, 0x00, 0x04, 0x00, 0x00, 0x00,
            0x00, 0x03, 0x00, 0x00, 0x00, 0x02, 0x00, 0x00, 0x00, 0x00, 0x00, 0x00, 0x00, 0x00,
            0x05, 0x00, 0x00, 0x00, 0xff, 0x7f, 0xff, 0xac,
        ],
        globals: &[],
        expected: &[
            0x94, 0xa4, 0x00, 0x4a, 0x52, 0x00, 0x4a, 0x52, 0x00, 0x00, 0x00, 0x00, 0x00, 0x00,
            0x00, 0x94, 0xa4, 0x00, 0x4a, 0x52, 0x00, 0x4a, 0x52, 0x00, 0x00, 0x00, 0x00, 0x00,
            0x00, 0x00, 0x00, 0x00, 0x00,
        ],
    },
    EncodedCase {
        name: "arithmetic-one-pattern-black-default",
        width: 19,
        height: 11,
        error_kind: 0,
        data: &[
            0x00, 0x00, 0x00, 0x01, 0x30, 0x01, 0x01, 0x00, 0x00, 0x00, 0x13, 0x00, 0x00, 0x00,
            0x13, 0x00, 0x00, 0x00, 0x0b, 0x00, 0x00, 0x00, 0x00, 0x00, 0x00, 0x00, 0x00, 0x63,
            0x00, 0x00, 0x00, 0x00, 0x00, 0x02, 0x10, 0x01, 0x01, 0x00, 0x00, 0x00, 0x0b, 0x00,
            0x05, 0x03, 0x00, 0x00, 0x00, 0x00, 0xca, 0xb1, 0xff, 0xac, 0x00, 0x00, 0x00, 0x03,
            0x17, 0x23, 0x02, 0x01, 0x00, 0x00, 0x00, 0x2a, 0x00, 0x00, 0x00, 0x13, 0x00, 0x00,
            0x00, 0x0b, 0x00, 0x00, 0x00, 0x00, 0x00, 0x00, 0x00, 0x00, 0x04, 0x90, 0x00, 0x00,
            0x00, 0x03, 0x00, 0x00, 0x00, 0x02, 0x00, 0x00, 0x00, 0x00, 0x00, 0x00, 0x00, 0x00,
            0x05, 0x00, 0x00, 0x00, 0xff, 0x7f, 0xff, 0xac,
        ],
        globals: &[],
        expected: &[
            0x94, 0xa5, 0xe0, 0x4a, 0x53, 0xe0, 0x4a, 0x53, 0xe0, 0xff, 0xff, 0xe0, 0xff, 0xff,
            0xe0, 0x94, 0xa5, 0xe0, 0x4a, 0x53, 0xe0, 0x4a, 0x53, 0xe0, 0xff, 0xff, 0xe0, 0xff,
            0xff, 0xe0, 0xff, 0xff, 0xe0,
        ],
    },
    EncodedCase {
        name: "mmr-pattern-width-129",
        width: 261,
        height: 7,
        error_kind: 0,
        data: &[
            0x00, 0x00, 0x00, 0x01, 0x30, 0x01, 0x01, 0x00, 0x00, 0x00, 0x13, 0x00, 0x00, 0x01,
            0x05, 0x00, 0x00, 0x00, 0x07, 0x00, 0x00, 0x00, 0x00, 0x00, 0x00, 0x00, 0x00, 0x63,
            0x00, 0x00, 0x00, 0x00, 0x00, 0x02, 0x10, 0x01, 0x01, 0x00, 0x00, 0x01, 0x59, 0x01,
            0x81, 0x05, 0x00, 0x00, 0x00, 0x01, 0x26, 0xa8, 0xba, 0x23, 0xa2, 0x3a, 0x2e, 0x88,
            0xe8, 0x8e, 0x8b, 0xa2, 0x3a, 0x23, 0xa2, 0xe8, 0x8e, 0x88, 0xe8, 0xba, 0x23, 0xa2,
            0x3a, 0x2e, 0x88, 0xe8, 0x8e, 0x8b, 0xa2, 0x3a, 0x23, 0xa2, 0xe8, 0x8e, 0x88, 0xe8,
            0xba, 0x23, 0xa2, 0x3a, 0x2e, 0x88, 0xe8, 0x8e, 0x8b, 0xa2, 0x3a, 0x23, 0xa2, 0xe8,
            0x8e, 0x88, 0xe8, 0xba, 0x23, 0xa2, 0x3a, 0x2e, 0x88, 0xe8, 0x8e, 0x8b, 0xa2, 0x3a,
            0x23, 0xa2, 0xe8, 0x8e, 0x88, 0xe8, 0xba, 0x23, 0xa2, 0x3a, 0x2e, 0x88, 0xe8, 0x8e,
            0x8b, 0xa2, 0x3a, 0x2e, 0x88, 0xe8, 0x8e, 0x8b, 0xa2, 0x3a, 0x23, 0xa2, 0xe8, 0x8e,
            0x88, 0xe8, 0xba, 0x23, 0xa2, 0x3a, 0x2e, 0x88, 0xe8, 0x8e, 0x8b, 0xa2, 0x3a, 0x23,
            0xa2, 0xe8, 0x8e, 0x88, 0xe8, 0xba, 0x23, 0xa2, 0x3a, 0x2e, 0x88, 0xe8, 0x8e, 0x8b,
            0xa2, 0x3a, 0x23, 0xa2, 0xe8, 0x8e, 0x88, 0xe8, 0xba, 0x23, 0xa2, 0x3a, 0x2e, 0x88,
            0xe8, 0x8e, 0x8b, 0xa2, 0x3a, 0x23, 0xa2, 0xe8, 0x8e, 0x88, 0xe8, 0xba, 0x23, 0xa2,
            0x3a, 0x2e, 0x88, 0xe8, 0x8e, 0x8b, 0xa0, 0x41, 0x2b, 0x09, 0xa4, 0x82, 0x09, 0xa4,
            0x82, 0x09, 0xa4, 0x82, 0x09, 0xa4, 0x82, 0x09, 0xa4, 0x82, 0x09, 0xa4, 0x82, 0x09,
            0xa4, 0x82, 0x09, 0xa4, 0x82, 0x09, 0xa4, 0x82, 0x09, 0xa4, 0x82, 0x09, 0xa4, 0x82,
            0x09, 0xa4, 0x82, 0x09, 0xa4, 0x82, 0x09, 0xa4, 0x82, 0x09, 0xa4, 0x82, 0x09, 0xa4,
            0x82, 0x09, 0xa4, 0x82, 0x09, 0xa4, 0x82, 0x08, 0x74, 0x92, 0xd2, 0x4b, 0x49, 0x2d,
            0x24, 0xb4, 0x92, 0xd2, 0x4b, 0x49, 0x2d, 0x24, 0xb4, 0x92, 0xd2, 0x4b, 0x49, 0x2d,
            0x24, 0xb4, 0x92, 0xd2, 0x4b, 0x49, 0x2d, 0x24, 0xb4, 0x92, 0xd2, 0x4b, 0xef, 0xbe,
            0xfb, 0xef, 0xbe, 0xfb, 0xef, 0xbe, 0xfb, 0xef, 0xbe, 0xfb, 0xef, 0xbd, 0x5a, 0x56,
            0x95, 0xa5, 0x69, 0x5a, 0x56, 0x95, 0xa5, 0x69, 0x5a, 0x56, 0x95, 0xa5, 0x69, 0x5a,
            0x56, 0x95, 0xa5, 0x69, 0x5a, 0x56, 0x95, 0x43, 0x87, 0x0e, 0x1c, 0x38, 0x70, 0xe1,
            0xc3, 0x87, 0x0e, 0x1c, 0x38, 0x70, 0xe1, 0xc3, 0x87, 0x51, 0x51, 0x51, 0x51, 0x51,
            0x51, 0x51, 0x51, 0x51, 0x51, 0x51, 0x51, 0x51, 0x51, 0x51, 0x51, 0x51, 0x51, 0x51,
            0x11, 0x11, 0x11, 0x11, 0x11, 0x11, 0x11, 0x11, 0x11, 0x88, 0x88, 0x88, 0x88, 0x88,
            0x88, 0x88, 0x88, 0x88, 0xc0, 0x04, 0x00, 0x40, 0x00, 0x00, 0x00, 0x03, 0x17, 0x23,
            0x02, 0x01, 0x00, 0x00, 0x00, 0x2a, 0x00, 0x00, 0x01, 0x05, 0x00, 0x00, 0x00, 0x07,
            0x00, 0x00, 0x00, 0x00, 0x00, 0x00, 0x00, 0x00, 0x04, 0x01, 0x00, 0x00, 0x00, 0x02,
            0x00, 0x00, 0x00, 0x01, 0x00, 0x00, 0x00, 0x00, 0x00, 0x00, 0x00, 0x00, 0x81, 0x00,
            0x00, 0x00, 0x50, 0x01, 0x00, 0x10,
        ],
        globals: &[],
        expected: &[
            0x95, 0x2a, 0x54, 0xa9, 0x52, 0xa5, 0x4a, 0x95, 0x2a, 0x54, 0xa9, 0x52, 0xa5, 0x4a,
            0x95, 0x2a, 0x52, 0xa5, 0x4a, 0x95, 0x2a, 0x54, 0xa9, 0x52, 0xa5, 0x4a, 0x95, 0x2a,
            0x54, 0xa9, 0x52, 0xa5, 0x40, 0x4a, 0x95, 0x2a, 0x54, 0xa9, 0x52, 0xa5, 0x4a, 0x95,
            0x2a, 0x54, 0xa9, 0x52, 0xa5, 0x4a, 0x95, 0x15, 0x2a, 0x54, 0xa9, 0x52, 0xa5, 0x4a,
            0x95, 0x2a, 0x54, 0xa9, 0x52, 0xa5, 0x4a, 0x95, 0x2a, 0x40, 0x4c, 0x99, 0x32, 0x64,
            0xc9, 0x93, 0x26, 0x4c, 0x99, 0x32, 0x64, 0xc9, 0x93, 0x26, 0x4c, 0x99, 0x32, 0x64,
            0xc9, 0x93, 0x26, 0x4c, 0x99, 0x32, 0x64, 0xc9, 0x93, 0x26, 0x4c, 0x99, 0x32, 0x64,
            0xc0, 0xc3, 0x87, 0x0e, 0x1c, 0x38, 0x70, 0xe1, 0xc3, 0x87, 0x0e, 0x1c, 0x38, 0x70,
            0xe1, 0xc3, 0x87, 0x70, 0xe1, 0xc3, 0x87, 0x0e, 0x1c, 0x38, 0x70, 0xe1, 0xc3, 0x87,
            0x0e, 0x1c, 0x38, 0x70, 0xe1, 0xc0, 0x00, 0x00, 0x00, 0x00, 0x00, 0x00, 0x00, 0x00,
            0x00, 0x00, 0x00, 0x00, 0x00, 0x00, 0x00, 0x00, 0x7f, 0xff, 0xff, 0xff, 0xff, 0xff,
            0xff, 0xff, 0xff, 0xff, 0xff, 0xff, 0xff, 0xff, 0xff, 0xff, 0xc0, 0x00, 0x00, 0x00,
            0x00, 0x00, 0x00, 0x00, 0x00, 0x00, 0x00, 0x00, 0x00, 0x00, 0x00, 0x00, 0x00, 0x00,
            0x00, 0x00, 0x00, 0x00, 0x00, 0x00, 0x00, 0x00, 0x00, 0x00, 0x00, 0x00, 0x00, 0x00,
            0x00, 0x00, 0x00, 0x00, 0x00, 0x00, 0x00, 0x00, 0x00, 0x00, 0x00, 0x00, 0x00, 0x00,
            0x00, 0x00, 0x00, 0x00, 0x00, 0x00, 0x00, 0x00, 0x00, 0x00, 0x00, 0x00, 0x00, 0x00,
            0x00, 0x00, 0x00, 0x00, 0x00, 0x00, 0x00,
        ],
    },
    EncodedCase {
        name: "mmr-pattern-width-255",
        width: 513,
        height: 7,
        error_kind: 0,
        data: &[
            0x00, 0x00, 0x00, 0x01, 0x30, 0x01, 0x01, 0x00, 0x00, 0x00, 0x13, 0x00, 0x00, 0x02,
            0x01, 0x00, 0x00, 0x00, 0x07, 0x00, 0x00, 0x00, 0x00, 0x00, 0x00, 0x00, 0x00, 0x63,
            0x00, 0x00, 0x00, 0x00, 0x00, 0x02, 0x10, 0x01, 0x01, 0x00, 0x00, 0x02, 0x9f, 0x01,
            0xff, 0x05, 0x00, 0x00, 0x00, 0x01, 0x26, 0xa8, 0xba, 0x23, 0xa2, 0x3a, 0x2e, 0x88,
            0xe8, 0x8e, 0x8b, 0xa2, 0x3a, 0x23, 0xa2, 0xe8, 0x8e, 0x88, 0xe8, 0xba, 0x23, 0xa2,
            0x3a, 0x2e, 0x88, 0xe8, 0x8e, 0x8b, 0xa2, 0x3a, 0x23, 0xa2, 0xe8, 0x8e, 0x88, 0xe8,
            0xba, 0x23, 0xa2, 0x3a, 0x2e, 0x88, 0xe8, 0x8e, 0x8b, 0xa2, 0x3a, 0x23, 0xa2, 0xe8,
            0x8e, 0x88, 0xe8, 0xba, 0x23, 0xa2, 0x3a, 0x2e, 0x88, 0xe8, 0x8e, 0x8b, 0xa2, 0x3a,
            0x23, 0xa2, 0xe8, 0x8e, 0x88, 0xe8, 0xba, 0x23, 0xa2, 0x3a, 0x2e, 0x88, 0xe8, 0x8e,
            0x8b, 0xa2, 0x3a, 0x23, 0xa2, 0xe8, 0x8e, 0x88, 0xe8, 0xba, 0x23, 0xa2, 0x3a, 0x2e,
            0x88, 0xe8, 0x8e, 0x8b, 0xa2, 0x3a, 0x23, 0xa2, 0xe8, 0x8e, 0x88, 0xe8, 0xba, 0x23,
            0xa2, 0x3a, 0x2e, 0x88, 0xe8, 0x8e, 0x8b, 0xa2, 0x3a, 0x23, 0xa2, 0xe8, 0x8e, 0x88,
            0xe8, 0xba, 0x23, 0xa2, 0x3a, 0x2e, 0x88, 0xe8, 0x8e, 0x8b, 0xa2, 0x3a, 0x23, 0xa2,
            0xe8, 0x8e, 0x88, 0xe8, 0xba, 0x23, 0xa2, 0x3a, 0x2e, 0x88, 0xe8, 0x8e, 0x8b, 0xa2,
            0x3a, 0x23, 0xa2, 0xe8, 0x8e, 0x88, 0xe8, 0xba, 0x23, 0xa2, 0xe8, 0x8e, 0x88, 0xe8,
            0xba, 0x23, 0xa2, 0x3a, 0x2e, 0x88, 0xe8, 0x8e, 0x8b, 0xa2, 0x3a, 0x23, 0xa2, 0xe8,
            0x8e, 0x88, 0xe8, 0xba, 0x23, 0xa2, 0x3a, 0x2e, 0x88, 0xe8, 0x8e, 0x8b, 0xa2, 0x3a,
            0x23, 0xa2, 0xe8, 0x8e, 0x88, 0xe8, 0xba, 0x23, 0xa2, 0x3a, 0x2e, 0x88, 0xe8, 0x8e,
            0x8b, 0xa2, 0x3a, 0x23, 0xa2, 0xe8, 0x8e, 0x88, 0xe8, 0xba, 0x23, 0xa2, 0x3a, 0x2e,
            0x88, 0xe8, 0x8e, 0x8b, 0xa2, 0x3a, 0x23, 0xa2, 0xe8, 0x8e, 0x88, 0xe8, 0xba, 0x23,
            0xa2, 0x3a, 0x2e, 0x88, 0xe8, 0x8e, 0x8b, 0xa2, 0x3a, 0x23, 0xa2, 0xe8, 0x8e, 0x88,
            0xe8, 0xba, 0x23, 0xa2, 0x3a, 0x2e, 0x88, 0xe8, 0x8e, 0x8b, 0xa2, 0x3a, 0x23, 0xa2,
            0xe8, 0x8e, 0x88, 0xe8, 0xba, 0x23, 0xa2, 0x3a, 0x2e, 0x88, 0xe8, 0x8e, 0x8b, 0xa2,
            0x3a, 0x23, 0xa2, 0xe8, 0x8e, 0x88, 0xe8, 0xba, 0x23, 0xa2, 0x3a, 0x2e, 0x88, 0xe8,
            0x8e, 0x8b, 0xa2, 0x3a, 0x23, 0xa2, 0xe8, 0x8e, 0x88, 0xe8, 0xba, 0x23, 0xa2, 0x3a,
            0x2e, 0x88, 0xe8, 0x8e, 0x8b, 0xa0, 0x41, 0x2b, 0x09, 0xa4, 0x82, 0x09, 0xa4, 0x82,
            0x09, 0xa4, 0x82, 0x09, 0xa4, 0x82, 0x09, 0xa4, 0x82, 0x09, 0xa4, 0x82, 0x09, 0xa4,
            0x82, 0x09, 0xa4, 0x82, 0x09, 0xa4, 0x82, 0x09, 0xa4, 0x82, 0x09, 0xa4, 0x82, 0x09,
            0xa4, 0x82, 0x09, 0xa4, 0x82, 0x09, 0xa4, 0x82, 0x09, 0xa4, 0x82, 0x09, 0xa4, 0x82,
            0x09, 0xa4, 0x82, 0x09, 0xa4, 0x82, 0x09, 0xa4, 0x82, 0x09, 0xa4, 0x82, 0x09, 0xa4,
            0x82, 0x09, 0xa4, 0x82, 0x09, 0xa4, 0x82, 0x09, 0xa4, 0x82, 0x09, 0xa4, 0x82, 0x09,
            0xa4, 0x82, 0x09, 0xa4, 0x82, 0x09, 0xa4, 0x82, 0x09, 0xa4, 0x82, 0x09, 0xa4, 0x82,
            0x09, 0xa4, 0x82, 0x09, 0xa4, 0x82, 0x09, 0xa4, 0x82, 0x09, 0xa4, 0x82, 0x09, 0xa4,
            0x82, 0x09, 0xa4, 0x82, 0x08, 0x74, 0x92, 0xd2, 0x4b, 0x49, 0x2d, 0x24, 0xb4, 0x92,
            0xd2, 0x4b, 0x49, 0x2d, 0x24, 0xb4, 0x92, 0xd2, 0x4b, 0x49, 0x2d, 0x24, 0xb4, 0x92,
            0xd2, 0x4b, 0x49, 0x2d, 0x24, 0xb4, 0x92, 0xd2, 0x4b, 0x49, 0x2d, 0x24, 0xb4, 0x92,
            0xd2, 0x4b, 0x49, 0x2d, 0x24, 0xb4, 0x92, 0xd2, 0x4b, 0x49, 0x2d, 0x24, 0xb4, 0x92,
            0xd2, 0x4b, 0x49, 0x2d, 0x24, 0xb4, 0x92, 0xd2, 0x4b, 0x49, 0x2d, 0x24, 0xbe, 0xfb,
            0xef, 0xbe, 0xfb, 0xef, 0xbe, 0xfb, 0xef, 0xbe, 0xfb, 0xef, 0xbe, 0xfb, 0xef, 0xbe,
            0xfb, 0xef, 0xbe, 0xfb, 0xef, 0xbe, 0xfb, 0xef, 0xbe, 0xfb, 0xef, 0xbd, 0x5a, 0x56,
            0x95, 0xa5, 0x69, 0x5a, 0x56, 0x95, 0xa5, 0x69, 0x5a, 0x56, 0x95, 0xa5, 0x69, 0x5a,
            0x56, 0x95, 0xa5, 0x69, 0x5a, 0x56, 0x95, 0xa5, 0x69, 0x5a, 0x56, 0x95, 0xa5, 0x69,
            0x5a, 0x56, 0x95, 0xa5, 0x69, 0x5a, 0x56, 0x95, 0xa5, 0x69, 0x5a, 0x56, 0x95, 0xa5,
            0x69, 0x54, 0x38, 0x70, 0xe1, 0xc3, 0x87, 0x0e, 0x1c, 0x38, 0x70, 0xe1, 0xc3, 0x87,
            0x0e, 0x1c, 0x38, 0x70, 0xe1, 0xc3, 0x87, 0x0e, 0x1c, 0x38, 0x70, 0xe1, 0xc3, 0x87,
            0x0e, 0x1c, 0x38, 0x70, 0xe1, 0xd4, 0x54, 0x54, 0x54, 0x54, 0x54, 0x54, 0x54, 0x54,
            0x54, 0x54, 0x54, 0x54, 0x54, 0x54, 0x54, 0x54, 0x54, 0x54, 0x54, 0x54, 0x54, 0x54,
            0x54, 0x54, 0x54, 0x54, 0x54, 0x54, 0x54, 0x54, 0x54, 0x54, 0x54, 0x54, 0x54, 0x54,
            0x44, 0x44, 0x44, 0x44, 0x44, 0x44, 0x44, 0x44, 0x44, 0x44, 0x44, 0x44, 0x44, 0x44,
            0x44, 0x44, 0x44, 0x44, 0x62, 0x22, 0x22, 0x22, 0x22, 0x22, 0x22, 0x22, 0x22, 0x22,
            0x22, 0x22, 0x22, 0x22, 0x22, 0x22, 0x22, 0x22, 0x30, 0x01, 0x00, 0x10, 0x00, 0x00,
            0x00, 0x03, 0x17, 0x23, 0x02, 0x01, 0x00, 0x00, 0x00, 0x2a, 0x00, 0x00, 0x02, 0x01,
            0x00, 0x00, 0x00, 0x07, 0x00, 0x00, 0x00, 0x00, 0x00, 0x00, 0x00, 0x00, 0x04, 0x01,
            0x00, 0x00, 0x00, 0x02, 0x00, 0x00, 0x00, 0x01, 0x00, 0x00, 0x00, 0x00, 0x00, 0x00,
            0x00, 0x00, 0xff, 0x00, 0x00, 0x00, 0x50, 0x01, 0x00, 0x10,
        ],
        globals: &[],
        expected: &[
            0x95, 0x2a, 0x54, 0xa9, 0x52, 0xa5, 0x4a, 0x95, 0x2a, 0x54, 0xa9, 0x52, 0xa5, 0x4a,
            0x95, 0x2a, 0x54, 0xa9, 0x52, 0xa5, 0x4a, 0x95, 0x2a, 0x54, 0xa9, 0x52, 0xa5, 0x4a,
            0x95, 0x2a, 0x54, 0xa9, 0x4a, 0x95, 0x2a, 0x54, 0xa9, 0x52, 0xa5, 0x4a, 0x95, 0x2a,
            0x54, 0xa9, 0x52, 0xa5, 0x4a, 0x95, 0x2a, 0x54, 0xa9, 0x52, 0xa5, 0x4a, 0x95, 0x2a,
            0x54, 0xa9, 0x52, 0xa5, 0x4a, 0x95, 0x2a, 0x54, 0x00, 0x4a, 0x95, 0x2a, 0x54, 0xa9,
            0x52, 0xa5, 0x4a, 0x95, 0x2a, 0x54, 0xa9, 0x52, 0xa5, 0x4a, 0x95, 0x2a, 0x54, 0xa9,
            0x52, 0xa5, 0x4a, 0x95, 0x2a, 0x54, 0xa9, 0x52, 0xa5, 0x4a, 0x95, 0x2a, 0x54, 0x54,
            0xa9, 0x52, 0xa5, 0x4a, 0x95, 0x2a, 0x54, 0xa9, 0x52, 0xa5, 0x4a, 0x95, 0x2a, 0x54,
            0xa9, 0x52, 0xa5, 0x4a, 0x95, 0x2a, 0x54, 0xa9, 0x52, 0xa5, 0x4a, 0x95, 0x2a, 0x54,
            0xa9, 0x52, 0xa4, 0x00, 0x4c, 0x99, 0x32, 0x64, 0xc9, 0x93, 0x26, 0x4c, 0x99, 0x32,
            0x64, 0xc9, 0x93, 0x26, 0x4c, 0x99, 0x32, 0x64, 0xc9, 0x93, 0x26, 0x4c, 0x99, 0x32,
            0x64, 0xc9, 0x93, 0x26, 0x4c, 0x99, 0x32, 0x64, 0xc9, 0x93, 0x26, 0x4c, 0x99, 0x32,
            0x64, 0xc9, 0x93, 0x26, 0x4c, 0x99, 0x32, 0x64, 0xc9, 0x93, 0x26, 0x4c, 0x99, 0x32,
            0x64, 0xc9, 0x93, 0x26, 0x4c, 0x99, 0x32, 0x64, 0xc9, 0x93, 0x26, 0x4c, 0x00, 0xc3,
            0x87, 0x0e, 0x1c, 0x38, 0x70, 0xe1, 0xc3, 0x87, 0x0e, 0x1c, 0x38, 0x70, 0xe1, 0xc3,
            0x87, 0x0e, 0x1c, 0x38, 0x70, 0xe1, 0xc3, 0x87, 0x0e, 0x1c, 0x38, 0x70, 0xe1, 0xc3,
            0x87, 0x0e, 0x1d, 0xc3, 0x87, 0x0e, 0x1c, 0x38, 0x70, 0xe1, 0xc3, 0x87, 0x0e, 0x1c,
            0x38, 0x70, 0xe1, 0xc3, 0x87, 0x0e, 0x1c, 0x38, 0x70, 0xe1, 0xc3, 0x87, 0x0e, 0x1c,
            0x38, 0x70, 0xe1, 0xc3, 0x87, 0x0e, 0x1c, 0x00, 0x00, 0x00, 0x00, 0x00, 0x00, 0x00,
            0x00, 0x00, 0x00, 0x00, 0x00, 0x00, 0x00, 0x00, 0x00, 0x00, 0x00, 0x00, 0x00, 0x00,
            0x00, 0x00, 0x00, 0x00, 0x00, 0x00, 0x00, 0x00, 0x00, 0x00, 0x00, 0x01, 0xff, 0xff,
            0xff, 0xff, 0xff, 0xff, 0xff, 0xff, 0xff, 0xff, 0xff, 0xff, 0xff, 0xff, 0xff, 0xff,
            0xff, 0xff, 0xff, 0xff, 0xff, 0xff, 0xff, 0xff, 0xff, 0xff, 0xff, 0xff, 0xff, 0xff,
            0xff, 0xfc, 0x00, 0x00, 0x00, 0x00, 0x00, 0x00, 0x00, 0x00, 0x00, 0x00, 0x00, 0x00,
            0x00, 0x00, 0x00, 0x00, 0x00, 0x00, 0x00, 0x00, 0x00, 0x00, 0x00, 0x00, 0x00, 0x00,
            0x00, 0x00, 0x00, 0x00, 0x00, 0x00, 0x00, 0x00, 0x00, 0x00, 0x00, 0x00, 0x00, 0x00,
            0x00, 0x00, 0x00, 0x00, 0x00, 0x00, 0x00, 0x00, 0x00, 0x00, 0x00, 0x00, 0x00, 0x00,
            0x00, 0x00, 0x00, 0x00, 0x00, 0x00, 0x00, 0x00, 0x00, 0x00, 0x00, 0x00, 0x00, 0x00,
            0x00, 0x00, 0x00, 0x00, 0x00, 0x00, 0x00, 0x00, 0x00, 0x00, 0x00, 0x00, 0x00, 0x00,
            0x00, 0x00, 0x00, 0x00, 0x00, 0x00, 0x00, 0x00, 0x00, 0x00, 0x00, 0x00, 0x00, 0x00,
            0x00, 0x00, 0x00, 0x00, 0x00, 0x00, 0x00, 0x00, 0x00, 0x00, 0x00, 0x00, 0x00, 0x00,
            0x00, 0x00, 0x00, 0x00, 0x00, 0x00, 0x00, 0x00, 0x00, 0x00, 0x00, 0x00, 0x00, 0x00,
            0x00, 0x00, 0x00, 0x00, 0x00, 0x00, 0x00,
        ],
    },
    EncodedCase {
        name: "arithmetic-singleton-template-1",
        width: 19,
        height: 11,
        error_kind: 0,
        data: &[
            0x00, 0x00, 0x00, 0x01, 0x30, 0x01, 0x01, 0x00, 0x00, 0x00, 0x13, 0x00, 0x00, 0x00,
            0x13, 0x00, 0x00, 0x00, 0x0b, 0x00, 0x00, 0x00, 0x00, 0x00, 0x00, 0x00, 0x00, 0x63,
            0x00, 0x00, 0x00, 0x00, 0x00, 0x02, 0x10, 0x01, 0x01, 0x00, 0x00, 0x00, 0x0b, 0x02,
            0x05, 0x03, 0x00, 0x00, 0x00, 0x00, 0xcb, 0x0b, 0xff, 0xac, 0x00, 0x00, 0x00, 0x03,
            0x17, 0x23, 0x02, 0x01, 0x00, 0x00, 0x00, 0x2a, 0x00, 0x00, 0x00, 0x13, 0x00, 0x00,
            0x00, 0x0b, 0x00, 0x00, 0x00, 0x00, 0x00, 0x00, 0x00, 0x00, 0x04, 0x02, 0x00, 0x00,
            0x00, 0x03, 0x00, 0x00, 0x00, 0x02, 0x00, 0x00, 0x00, 0x00, 0x00, 0x00, 0x00, 0x00,
            0x05, 0x00, 0x00, 0x00, 0xff, 0x7f, 0xff, 0xac,
        ],
        globals: &[],
        expected: &[
            0x94, 0xa4, 0x00, 0x4a, 0x52, 0x00, 0x4a, 0x52, 0x00, 0x00, 0x00, 0x00, 0x00, 0x00,
            0x00, 0x94, 0xa4, 0x00, 0x4a, 0x52, 0x00, 0x4a, 0x52, 0x00, 0x00, 0x00, 0x00, 0x00,
            0x00, 0x00, 0x00, 0x00, 0x00,
        ],
    },
    EncodedCase {
        name: "arithmetic-singleton-template-2",
        width: 19,
        height: 11,
        error_kind: 0,
        data: &[
            0x00, 0x00, 0x00, 0x01, 0x30, 0x01, 0x01, 0x00, 0x00, 0x00, 0x13, 0x00, 0x00, 0x00,
            0x13, 0x00, 0x00, 0x00, 0x0b, 0x00, 0x00, 0x00, 0x00, 0x00, 0x00, 0x00, 0x00, 0x63,
            0x00, 0x00, 0x00, 0x00, 0x00, 0x02, 0x10, 0x01, 0x01, 0x00, 0x00, 0x00, 0x0b, 0x04,
            0x05, 0x03, 0x00, 0x00, 0x00, 0x00, 0xd3, 0x3f, 0xff, 0xac, 0x00, 0x00, 0x00, 0x03,
            0x17, 0x23, 0x02, 0x01, 0x00, 0x00, 0x00, 0x2a, 0x00, 0x00, 0x00, 0x13, 0x00, 0x00,
            0x00, 0x0b, 0x00, 0x00, 0x00, 0x00, 0x00, 0x00, 0x00, 0x00, 0x04, 0x04, 0x00, 0x00,
            0x00, 0x03, 0x00, 0x00, 0x00, 0x02, 0x00, 0x00, 0x00, 0x00, 0x00, 0x00, 0x00, 0x00,
            0x05, 0x00, 0x00, 0x00, 0xff, 0x7f, 0xff, 0xac,
        ],
        globals: &[],
        expected: &[
            0x94, 0xa4, 0x00, 0x4a, 0x52, 0x00, 0x4a, 0x52, 0x00, 0x00, 0x00, 0x00, 0x00, 0x00,
            0x00, 0x94, 0xa4, 0x00, 0x4a, 0x52, 0x00, 0x4a, 0x52, 0x00, 0x00, 0x00, 0x00, 0x00,
            0x00, 0x00, 0x00, 0x00, 0x00,
        ],
    },
    EncodedCase {
        name: "arithmetic-singleton-template-3",
        width: 19,
        height: 11,
        error_kind: 0,
        data: &[
            0x00, 0x00, 0x00, 0x01, 0x30, 0x01, 0x01, 0x00, 0x00, 0x00, 0x13, 0x00, 0x00, 0x00,
            0x13, 0x00, 0x00, 0x00, 0x0b, 0x00, 0x00, 0x00, 0x00, 0x00, 0x00, 0x00, 0x00, 0x63,
            0x00, 0x00, 0x00, 0x00, 0x00, 0x02, 0x10, 0x01, 0x01, 0x00, 0x00, 0x00, 0x0b, 0x06,
            0x05, 0x03, 0x00, 0x00, 0x00, 0x00, 0xca, 0xaf, 0xff, 0xac, 0x00, 0x00, 0x00, 0x03,
            0x17, 0x23, 0x02, 0x01, 0x00, 0x00, 0x00, 0x2a, 0x00, 0x00, 0x00, 0x13, 0x00, 0x00,
            0x00, 0x0b, 0x00, 0x00, 0x00, 0x00, 0x00, 0x00, 0x00, 0x00, 0x04, 0x06, 0x00, 0x00,
            0x00, 0x03, 0x00, 0x00, 0x00, 0x02, 0x00, 0x00, 0x00, 0x00, 0x00, 0x00, 0x00, 0x00,
            0x05, 0x00, 0x00, 0x00, 0xff, 0x7f, 0xff, 0xac,
        ],
        globals: &[],
        expected: &[
            0x94, 0xa4, 0x00, 0x4a, 0x52, 0x00, 0x4a, 0x52, 0x00, 0x00, 0x00, 0x00, 0x00, 0x00,
            0x00, 0x94, 0xa4, 0x00, 0x4a, 0x52, 0x00, 0x4a, 0x52, 0x00, 0x00, 0x00, 0x00, 0x00,
            0x00, 0x00, 0x00, 0x00, 0x00,
        ],
    },
    EncodedCase {
        name: "mmr-overlap-op-0-default-0",
        width: 35,
        height: 19,
        error_kind: 0,
        data: &[
            0x00, 0x00, 0x00, 0x01, 0x30, 0x01, 0x01, 0x00, 0x00, 0x00, 0x13, 0x00, 0x00, 0x00,
            0x23, 0x00, 0x00, 0x00, 0x13, 0x00, 0x00, 0x00, 0x00, 0x00, 0x00, 0x00, 0x00, 0x63,
            0x00, 0x00, 0x00, 0x00, 0x00, 0x02, 0x10, 0x01, 0x01, 0x00, 0x00, 0x00, 0x25, 0x01,
            0x07, 0x05, 0x00, 0x00, 0x00, 0x02, 0x26, 0xa8, 0xba, 0x23, 0xa2, 0x3a, 0x23, 0xa2,
            0xe8, 0x8e, 0x88, 0xe8, 0x10, 0x56, 0x13, 0x49, 0x69, 0x2f, 0xfb, 0x56, 0x16, 0xea,
            0x1c, 0x53, 0x0c, 0x58, 0x83, 0x00, 0x10, 0x01, 0x00, 0x00, 0x00, 0x03, 0x17, 0x23,
            0x02, 0x01, 0x00, 0x00, 0x00, 0x38, 0x00, 0x00, 0x00, 0x23, 0x00, 0x00, 0x00, 0x13,
            0x00, 0x00, 0x00, 0x00, 0x00, 0x00, 0x00, 0x00, 0x04, 0x01, 0x00, 0x00, 0x00, 0x05,
            0x00, 0x00, 0x00, 0x03, 0x00, 0x00, 0x1d, 0x00, 0x00, 0x00, 0x02, 0x00, 0x03, 0x00,
            0x01, 0x00, 0x04, 0x14, 0x20, 0x9a, 0xb0, 0x9c, 0x00, 0x40, 0x04, 0x23, 0xea, 0x82,
            0x09, 0xec, 0x26, 0x00, 0x20, 0x02,
        ],
        globals: &[],
        expected: &[
            0x00, 0x00, 0x00, 0x00, 0x00, 0x00, 0x00, 0x00, 0x00, 0xa0, 0x00, 0x00, 0x00, 0x04,
            0xa0, 0x00, 0x00, 0x00, 0x02, 0x60, 0x00, 0x00, 0x00, 0x02, 0xe0, 0x00, 0x00, 0x00,
            0x06, 0xe0, 0x00, 0x00, 0x00, 0x02, 0xa0, 0x00, 0x00, 0x00, 0x00, 0xe0, 0x00, 0x00,
            0x00, 0x01, 0xe0, 0x00, 0x00, 0x00, 0x03, 0xe0, 0x00, 0x00, 0x00, 0x00, 0xc0, 0x00,
            0x00, 0x00, 0x01, 0xe0, 0x00, 0x00, 0x00, 0x01, 0xe0, 0x00, 0x00, 0x00, 0x00, 0x00,
            0x00, 0x00, 0x00, 0x00, 0x00, 0x00, 0x00, 0x00, 0x00, 0x00, 0x00, 0x00, 0x00, 0x00,
            0x00, 0x00, 0x00, 0x00, 0x00, 0x00, 0x00, 0x00, 0x00, 0x00, 0x00,
        ],
    },
    EncodedCase {
        name: "mmr-overlap-op-0-default-1",
        width: 35,
        height: 19,
        error_kind: 0,
        data: &[
            0x00, 0x00, 0x00, 0x01, 0x30, 0x01, 0x01, 0x00, 0x00, 0x00, 0x13, 0x00, 0x00, 0x00,
            0x23, 0x00, 0x00, 0x00, 0x13, 0x00, 0x00, 0x00, 0x00, 0x00, 0x00, 0x00, 0x00, 0x67,
            0x00, 0x00, 0x00, 0x00, 0x00, 0x02, 0x10, 0x01, 0x01, 0x00, 0x00, 0x00, 0x25, 0x01,
            0x07, 0x05, 0x00, 0x00, 0x00, 0x02, 0x26, 0xa8, 0xba, 0x23, 0xa2, 0x3a, 0x23, 0xa2,
            0xe8, 0x8e, 0x88, 0xe8, 0x10, 0x56, 0x13, 0x49, 0x69, 0x2f, 0xfb, 0x56, 0x16, 0xea,
            0x1c, 0x53, 0x0c, 0x58, 0x83, 0x00, 0x10, 0x01, 0x00, 0x00, 0x00, 0x03, 0x17, 0x23,
            0x02, 0x01, 0x00, 0x00, 0x00, 0x38, 0x00, 0x00, 0x00, 0x23, 0x00, 0x00, 0x00, 0x13,
            0x00, 0x00, 0x00, 0x00, 0x00, 0x00, 0x00, 0x00, 0x04, 0x81, 0x00, 0x00, 0x00, 0x05,
            0x00, 0x00, 0x00, 0x03, 0x00, 0x00, 0x1d, 0x00, 0x00, 0x00, 0x02, 0x00, 0x03, 0x00,
            0x01, 0x00, 0x04, 0x14, 0x20, 0x9a, 0xb0, 0x9c, 0x00, 0x40, 0x04, 0x23, 0xea, 0x82,
            0x09, 0xec, 0x26, 0x00, 0x20, 0x02,
        ],
        globals: &[],
        expected: &[
            0xff, 0xff, 0xff, 0xff, 0xe0, 0xff, 0xff, 0xff, 0xff, 0xe0, 0xff, 0xff, 0xff, 0xff,
            0xe0, 0xff, 0xff, 0xff, 0xff, 0xe0, 0xff, 0xff, 0xff, 0xff, 0xe0, 0xff, 0xff, 0xff,
            0xff, 0xe0, 0xff, 0xff, 0xff, 0xff, 0xe0, 0xff, 0xff, 0xff, 0xff, 0xe0, 0xff, 0xff,
            0xff, 0xff, 0xe0, 0xff, 0xff, 0xff, 0xff, 0xe0, 0xff, 0xff, 0xff, 0xff, 0xe0, 0xff,
            0xff, 0xff, 0xff, 0xe0, 0xff, 0xff, 0xff, 0xff, 0xe0, 0xff, 0xff, 0xff, 0xff, 0xe0,
            0xff, 0xff, 0xff, 0xff, 0xe0, 0xff, 0xff, 0xff, 0xff, 0xe0, 0xff, 0xff, 0xff, 0xff,
            0xe0, 0xff, 0xff, 0xff, 0xff, 0xe0, 0xff, 0xff, 0xff, 0xff, 0xe0,
        ],
    },
    EncodedCase {
        name: "mmr-overlap-op-1-default-0",
        width: 35,
        height: 19,
        error_kind: 0,
        data: &[
            0x00, 0x00, 0x00, 0x01, 0x30, 0x01, 0x01, 0x00, 0x00, 0x00, 0x13, 0x00, 0x00, 0x00,
            0x23, 0x00, 0x00, 0x00, 0x13, 0x00, 0x00, 0x00, 0x00, 0x00, 0x00, 0x00, 0x00, 0x63,
            0x00, 0x00, 0x00, 0x00, 0x00, 0x02, 0x10, 0x01, 0x01, 0x00, 0x00, 0x00, 0x25, 0x01,
            0x07, 0x05, 0x00, 0x00, 0x00, 0x02, 0x26, 0xa8, 0xba, 0x23, 0xa2, 0x3a, 0x23, 0xa2,
            0xe8, 0x8e, 0x88, 0xe8, 0x10, 0x56, 0x13, 0x49, 0x69, 0x2f, 0xfb, 0x56, 0x16, 0xea,
            0x1c, 0x53, 0x0c, 0x58, 0x83, 0x00, 0x10, 0x01, 0x00, 0x00, 0x00, 0x03, 0x17, 0x23,
            0x02, 0x01, 0x00, 0x00, 0x00, 0x38, 0x00, 0x00, 0x00, 0x23, 0x00, 0x00, 0x00, 0x13,
            0x00, 0x00, 0x00, 0x00, 0x00, 0x00, 0x00, 0x00, 0x04, 0x11, 0x00, 0x00, 0x00, 0x05,
            0x00, 0x00, 0x00, 0x03, 0x00, 0x00, 0x1d, 0x00, 0x00, 0x00, 0x02, 0x00, 0x03, 0x00,
            0x01, 0x00, 0x04, 0x14, 0x20, 0x9a, 0xb0, 0x9c, 0x00, 0x40, 0x04, 0x23, 0xea, 0x82,
            0x09, 0xec, 0x26, 0x00, 0x20, 0x02,
        ],
        globals: &[],
        expected: &[
            0x00, 0x00, 0x00, 0x00, 0x00, 0x00, 0x00, 0x00, 0x00, 0x00, 0x00, 0x00, 0x00, 0x00,
            0x00, 0x00, 0x00, 0x00, 0x00, 0x00, 0x00, 0x00, 0x00, 0x00, 0x00, 0x00, 0x00, 0x00,
            0x00, 0x00, 0x00, 0x00, 0x00, 0x00, 0x00, 0x00, 0x00, 0x00, 0x00, 0x00, 0x00, 0x00,
            0x00, 0x00, 0x00, 0x00, 0x00, 0x00, 0x00, 0x00, 0x00, 0x00, 0x00, 0x00, 0x00, 0x00,
            0x00, 0x00, 0x00, 0x00, 0x00, 0x00, 0x00, 0x00, 0x00, 0x00, 0x00, 0x00, 0x00, 0x00,
            0x00, 0x00, 0x00, 0x00, 0x00, 0x00, 0x00, 0x00, 0x00, 0x00, 0x00, 0x00, 0x00, 0x00,
            0x00, 0x00, 0x00, 0x00, 0x00, 0x00, 0x00, 0x00, 0x00, 0x00, 0x00,
        ],
    },
    EncodedCase {
        name: "mmr-overlap-op-1-default-1",
        width: 35,
        height: 19,
        error_kind: 0,
        data: &[
            0x00, 0x00, 0x00, 0x01, 0x30, 0x01, 0x01, 0x00, 0x00, 0x00, 0x13, 0x00, 0x00, 0x00,
            0x23, 0x00, 0x00, 0x00, 0x13, 0x00, 0x00, 0x00, 0x00, 0x00, 0x00, 0x00, 0x00, 0x67,
            0x00, 0x00, 0x00, 0x00, 0x00, 0x02, 0x10, 0x01, 0x01, 0x00, 0x00, 0x00, 0x25, 0x01,
            0x07, 0x05, 0x00, 0x00, 0x00, 0x02, 0x26, 0xa8, 0xba, 0x23, 0xa2, 0x3a, 0x23, 0xa2,
            0xe8, 0x8e, 0x88, 0xe8, 0x10, 0x56, 0x13, 0x49, 0x69, 0x2f, 0xfb, 0x56, 0x16, 0xea,
            0x1c, 0x53, 0x0c, 0x58, 0x83, 0x00, 0x10, 0x01, 0x00, 0x00, 0x00, 0x03, 0x17, 0x23,
            0x02, 0x01, 0x00, 0x00, 0x00, 0x38, 0x00, 0x00, 0x00, 0x23, 0x00, 0x00, 0x00, 0x13,
            0x00, 0x00, 0x00, 0x00, 0x00, 0x00, 0x00, 0x00, 0x04, 0x91, 0x00, 0x00, 0x00, 0x05,
            0x00, 0x00, 0x00, 0x03, 0x00, 0x00, 0x1d, 0x00, 0x00, 0x00, 0x02, 0x00, 0x03, 0x00,
            0x01, 0x00, 0x04, 0x14, 0x20, 0x9a, 0xb0, 0x9c, 0x00, 0x40, 0x04, 0x23, 0xea, 0x82,
            0x09, 0xec, 0x26, 0x00, 0x20, 0x02,
        ],
        globals: &[],
        expected: &[
            0xff, 0xff, 0xff, 0xff, 0xe0, 0xff, 0xff, 0xff, 0xff, 0xa0, 0xff, 0xff, 0xff, 0xfc,
            0x20, 0xff, 0xff, 0xff, 0xfa, 0x40, 0xff, 0xff, 0xff, 0xfa, 0x40, 0xff, 0xff, 0xff,
            0xfe, 0x00, 0xff, 0xff, 0xff, 0xf8, 0x00, 0xff, 0xff, 0xff, 0xfc, 0x80, 0xff, 0xff,
            0xff, 0xfd, 0x00, 0xff, 0xff, 0xff, 0xfe, 0x40, 0xff, 0xff, 0xff, 0xfe, 0xc0, 0xff,
            0xff, 0xff, 0xff, 0xc0, 0xff, 0xff, 0xff, 0xff, 0xe0, 0xff, 0xff, 0xff, 0xff, 0xe0,
            0xff, 0xff, 0xff, 0xff, 0xe0, 0xff, 0xff, 0xff, 0xff, 0xe0, 0xff, 0xff, 0xff, 0xff,
            0xe0, 0xff, 0xff, 0xff, 0xff, 0xe0, 0xff, 0xff, 0xff, 0xff, 0xe0,
        ],
    },
    EncodedCase {
        name: "mmr-overlap-op-2-default-0",
        width: 35,
        height: 19,
        error_kind: 0,
        data: &[
            0x00, 0x00, 0x00, 0x01, 0x30, 0x01, 0x01, 0x00, 0x00, 0x00, 0x13, 0x00, 0x00, 0x00,
            0x23, 0x00, 0x00, 0x00, 0x13, 0x00, 0x00, 0x00, 0x00, 0x00, 0x00, 0x00, 0x00, 0x63,
            0x00, 0x00, 0x00, 0x00, 0x00, 0x02, 0x10, 0x01, 0x01, 0x00, 0x00, 0x00, 0x25, 0x01,
            0x07, 0x05, 0x00, 0x00, 0x00, 0x02, 0x26, 0xa8, 0xba, 0x23, 0xa2, 0x3a, 0x23, 0xa2,
            0xe8, 0x8e, 0x88, 0xe8, 0x10, 0x56, 0x13, 0x49, 0x69, 0x2f, 0xfb, 0x56, 0x16, 0xea,
            0x1c, 0x53, 0x0c, 0x58, 0x83, 0x00, 0x10, 0x01, 0x00, 0x00, 0x00, 0x03, 0x17, 0x23,
            0x02, 0x01, 0x00, 0x00, 0x00, 0x38, 0x00, 0x00, 0x00, 0x23, 0x00, 0x00, 0x00, 0x13,
            0x00, 0x00, 0x00, 0x00, 0x00, 0x00, 0x00, 0x00, 0x04, 0x21, 0x00, 0x00, 0x00, 0x05,
            0x00, 0x00, 0x00, 0x03, 0x00, 0x00, 0x1d, 0x00, 0x00, 0x00, 0x02, 0x00, 0x03, 0x00,
            0x01, 0x00, 0x04, 0x14, 0x20, 0x9a, 0xb0, 0x9c, 0x00, 0x40, 0x04, 0x23, 0xea, 0x82,
            0x09, 0xec, 0x26, 0x00, 0x20, 0x02,
        ],
        globals: &[],
        expected: &[
            0x00, 0x00, 0x00, 0x00, 0x00, 0x00, 0x00, 0x00, 0x00, 0xa0, 0x00, 0x00, 0x00, 0x04,
            0x80, 0x00, 0x00, 0x00, 0x02, 0x20, 0x00, 0x00, 0x00, 0x02, 0xc0, 0x00, 0x00, 0x00,
            0x04, 0x60, 0x00, 0x00, 0x00, 0x02, 0x80, 0x00, 0x00, 0x00, 0x00, 0xc0, 0x00, 0x00,
            0x00, 0x00, 0xa0, 0x00, 0x00, 0x00, 0x03, 0xa0, 0x00, 0x00, 0x00, 0x00, 0xc0, 0x00,
            0x00, 0x00, 0x01, 0xe0, 0x00, 0x00, 0x00, 0x01, 0xe0, 0x00, 0x00, 0x00, 0x00, 0x00,
            0x00, 0x00, 0x00, 0x00, 0x00, 0x00, 0x00, 0x00, 0x00, 0x00, 0x00, 0x00, 0x00, 0x00,
            0x00, 0x00, 0x00, 0x00, 0x00, 0x00, 0x00, 0x00, 0x00, 0x00, 0x00,
        ],
    },
    EncodedCase {
        name: "mmr-overlap-op-2-default-1",
        width: 35,
        height: 19,
        error_kind: 0,
        data: &[
            0x00, 0x00, 0x00, 0x01, 0x30, 0x01, 0x01, 0x00, 0x00, 0x00, 0x13, 0x00, 0x00, 0x00,
            0x23, 0x00, 0x00, 0x00, 0x13, 0x00, 0x00, 0x00, 0x00, 0x00, 0x00, 0x00, 0x00, 0x67,
            0x00, 0x00, 0x00, 0x00, 0x00, 0x02, 0x10, 0x01, 0x01, 0x00, 0x00, 0x00, 0x25, 0x01,
            0x07, 0x05, 0x00, 0x00, 0x00, 0x02, 0x26, 0xa8, 0xba, 0x23, 0xa2, 0x3a, 0x23, 0xa2,
            0xe8, 0x8e, 0x88, 0xe8, 0x10, 0x56, 0x13, 0x49, 0x69, 0x2f, 0xfb, 0x56, 0x16, 0xea,
            0x1c, 0x53, 0x0c, 0x58, 0x83, 0x00, 0x10, 0x01, 0x00, 0x00, 0x00, 0x03, 0x17, 0x23,
            0x02, 0x01, 0x00, 0x00, 0x00, 0x38, 0x00, 0x00, 0x00, 0x23, 0x00, 0x00, 0x00, 0x13,
            0x00, 0x00, 0x00, 0x00, 0x00, 0x00, 0x00, 0x00, 0x04, 0xa1, 0x00, 0x00, 0x00, 0x05,
            0x00, 0x00, 0x00, 0x03, 0x00, 0x00, 0x1d, 0x00, 0x00, 0x00, 0x02, 0x00, 0x03, 0x00,
            0x01, 0x00, 0x04, 0x14, 0x20, 0x9a, 0xb0, 0x9c, 0x00, 0x40, 0x04, 0x23, 0xea, 0x82,
            0x09, 0xec, 0x26, 0x00, 0x20, 0x02,
        ],
        globals: &[],
        expected: &[
            0xff, 0xff, 0xff, 0xff, 0xe0, 0xff, 0xff, 0xff, 0xff, 0x40, 0xff, 0xff, 0xff, 0xfb,
            0x60, 0xff, 0xff, 0xff, 0xfd, 0xc0, 0xff, 0xff, 0xff, 0xfd, 0x20, 0xff, 0xff, 0xff,
            0xfb, 0x80, 0xff, 0xff, 0xff, 0xfd, 0x60, 0xff, 0xff, 0xff, 0xff, 0x20, 0xff, 0xff,
            0xff, 0xff, 0x40, 0xff, 0xff, 0xff, 0xfc, 0x40, 0xff, 0xff, 0xff, 0xff, 0x20, 0xff,
            0xff, 0xff, 0xfe, 0x00, 0xff, 0xff, 0xff, 0xfe, 0x00, 0xff, 0xff, 0xff, 0xff, 0xe0,
            0xff, 0xff, 0xff, 0xff, 0xe0, 0xff, 0xff, 0xff, 0xff, 0xe0, 0xff, 0xff, 0xff, 0xff,
            0xe0, 0xff, 0xff, 0xff, 0xff, 0xe0, 0xff, 0xff, 0xff, 0xff, 0xe0,
        ],
    },
    EncodedCase {
        name: "mmr-overlap-op-3-default-0",
        width: 35,
        height: 19,
        error_kind: 0,
        data: &[
            0x00, 0x00, 0x00, 0x01, 0x30, 0x01, 0x01, 0x00, 0x00, 0x00, 0x13, 0x00, 0x00, 0x00,
            0x23, 0x00, 0x00, 0x00, 0x13, 0x00, 0x00, 0x00, 0x00, 0x00, 0x00, 0x00, 0x00, 0x63,
            0x00, 0x00, 0x00, 0x00, 0x00, 0x02, 0x10, 0x01, 0x01, 0x00, 0x00, 0x00, 0x25, 0x01,
            0x07, 0x05, 0x00, 0x00, 0x00, 0x02, 0x26, 0xa8, 0xba, 0x23, 0xa2, 0x3a, 0x23, 0xa2,
            0xe8, 0x8e, 0x88, 0xe8, 0x10, 0x56, 0x13, 0x49, 0x69, 0x2f, 0xfb, 0x56, 0x16, 0xea,
            0x1c, 0x53, 0x0c, 0x58, 0x83, 0x00, 0x10, 0x01, 0x00, 0x00, 0x00, 0x03, 0x17, 0x23,
            0x02, 0x01, 0x00, 0x00, 0x00, 0x38, 0x00, 0x00, 0x00, 0x23, 0x00, 0x00, 0x00, 0x13,
            0x00, 0x00, 0x00, 0x00, 0x00, 0x00, 0x00, 0x00, 0x04, 0x31, 0x00, 0x00, 0x00, 0x05,
            0x00, 0x00, 0x00, 0x03, 0x00, 0x00, 0x1d, 0x00, 0x00, 0x00, 0x02, 0x00, 0x03, 0x00,
            0x01, 0x00, 0x04, 0x14, 0x20, 0x9a, 0xb0, 0x9c, 0x00, 0x40, 0x04, 0x23, 0xea, 0x82,
            0x09, 0xec, 0x26, 0x00, 0x20, 0x02,
        ],
        globals: &[],
        expected: &[
            0x00, 0x00, 0x00, 0x00, 0x00, 0x00, 0x00, 0x00, 0x00, 0x40, 0x00, 0x00, 0x00, 0x03,
            0x80, 0x00, 0x00, 0x00, 0x05, 0x20, 0x00, 0x00, 0x00, 0x05, 0xa0, 0x00, 0x00, 0x00,
            0x00, 0xe0, 0x00, 0x00, 0x00, 0x06, 0xe0, 0x00, 0x00, 0x00, 0x03, 0x60, 0x00, 0x00,
            0x00, 0x02, 0xe0, 0x00, 0x00, 0x00, 0x01, 0x80, 0x00, 0x00, 0x00, 0x01, 0x00, 0x00,
            0x00, 0x00, 0x00, 0x20, 0x00, 0x00, 0x00, 0x00, 0x00, 0x00, 0x00, 0x00, 0x00, 0x00,
            0x00, 0x00, 0x00, 0x00, 0x00, 0x00, 0x00, 0x00, 0x00, 0x00, 0x00, 0x00, 0x00, 0x00,
            0x00, 0x00, 0x00, 0x00, 0x00, 0x00, 0x00, 0x00, 0x00, 0x00, 0x00,
        ],
    },
    EncodedCase {
        name: "mmr-overlap-op-3-default-1",
        width: 35,
        height: 19,
        error_kind: 0,
        data: &[
            0x00, 0x00, 0x00, 0x01, 0x30, 0x01, 0x01, 0x00, 0x00, 0x00, 0x13, 0x00, 0x00, 0x00,
            0x23, 0x00, 0x00, 0x00, 0x13, 0x00, 0x00, 0x00, 0x00, 0x00, 0x00, 0x00, 0x00, 0x67,
            0x00, 0x00, 0x00, 0x00, 0x00, 0x02, 0x10, 0x01, 0x01, 0x00, 0x00, 0x00, 0x25, 0x01,
            0x07, 0x05, 0x00, 0x00, 0x00, 0x02, 0x26, 0xa8, 0xba, 0x23, 0xa2, 0x3a, 0x23, 0xa2,
            0xe8, 0x8e, 0x88, 0xe8, 0x10, 0x56, 0x13, 0x49, 0x69, 0x2f, 0xfb, 0x56, 0x16, 0xea,
            0x1c, 0x53, 0x0c, 0x58, 0x83, 0x00, 0x10, 0x01, 0x00, 0x00, 0x00, 0x03, 0x17, 0x23,
            0x02, 0x01, 0x00, 0x00, 0x00, 0x38, 0x00, 0x00, 0x00, 0x23, 0x00, 0x00, 0x00, 0x13,
            0x00, 0x00, 0x00, 0x00, 0x00, 0x00, 0x00, 0x00, 0x04, 0xb1, 0x00, 0x00, 0x00, 0x05,
            0x00, 0x00, 0x00, 0x03, 0x00, 0x00, 0x1d, 0x00, 0x00, 0x00, 0x02, 0x00, 0x03, 0x00,
            0x01, 0x00, 0x04, 0x14, 0x20, 0x9a, 0xb0, 0x9c, 0x00, 0x40, 0x04, 0x23, 0xea, 0x82,
            0x09, 0xec, 0x26, 0x00, 0x20, 0x02,
        ],
        globals: &[],
        expected: &[
            0xff, 0xff, 0xff, 0xff, 0xe0, 0xff, 0xff, 0xff, 0xff, 0xa0, 0xff, 0xff, 0xff, 0xfc,
            0x60, 0xff, 0xff, 0xff, 0xfa, 0xc0, 0xff, 0xff, 0xff, 0xfa, 0x40, 0xff, 0xff, 0xff,
            0xff, 0x00, 0xff, 0xff, 0xff, 0xf9, 0x00, 0xff, 0xff, 0xff, 0xfc, 0x80, 0xff, 0xff,
            0xff, 0xfd, 0x00, 0xff, 0xff, 0xff, 0xfe, 0x60, 0xff, 0xff, 0xff, 0xfe, 0xe0, 0xff,
            0xff, 0xff, 0xff, 0xc0, 0xff, 0xff, 0xff, 0xff, 0xe0, 0xff, 0xff, 0xff, 0xff, 0xe0,
            0xff, 0xff, 0xff, 0xff, 0xe0, 0xff, 0xff, 0xff, 0xff, 0xe0, 0xff, 0xff, 0xff, 0xff,
            0xe0, 0xff, 0xff, 0xff, 0xff, 0xe0, 0xff, 0xff, 0xff, 0xff, 0xe0,
        ],
    },
    EncodedCase {
        name: "mmr-overlap-op-4-default-0",
        width: 35,
        height: 19,
        error_kind: 0,
        data: &[
            0x00, 0x00, 0x00, 0x01, 0x30, 0x01, 0x01, 0x00, 0x00, 0x00, 0x13, 0x00, 0x00, 0x00,
            0x23, 0x00, 0x00, 0x00, 0x13, 0x00, 0x00, 0x00, 0x00, 0x00, 0x00, 0x00, 0x00, 0x63,
            0x00, 0x00, 0x00, 0x00, 0x00, 0x02, 0x10, 0x01, 0x01, 0x00, 0x00, 0x00, 0x25, 0x01,
            0x07, 0x05, 0x00, 0x00, 0x00, 0x02, 0x26, 0xa8, 0xba, 0x23, 0xa2, 0x3a, 0x23, 0xa2,
            0xe8, 0x8e, 0x88, 0xe8, 0x10, 0x56, 0x13, 0x49, 0x69, 0x2f, 0xfb, 0x56, 0x16, 0xea,
            0x1c, 0x53, 0x0c, 0x58, 0x83, 0x00, 0x10, 0x01, 0x00, 0x00, 0x00, 0x03, 0x17, 0x23,
            0x02, 0x01, 0x00, 0x00, 0x00, 0x38, 0x00, 0x00, 0x00, 0x23, 0x00, 0x00, 0x00, 0x13,
            0x00, 0x00, 0x00, 0x00, 0x00, 0x00, 0x00, 0x00, 0x04, 0x41, 0x00, 0x00, 0x00, 0x05,
            0x00, 0x00, 0x00, 0x03, 0x00, 0x00, 0x1d, 0x00, 0x00, 0x00, 0x02, 0x00, 0x03, 0x00,
            0x01, 0x00, 0x04, 0x14, 0x20, 0x9a, 0xb0, 0x9c, 0x00, 0x40, 0x04, 0x23, 0xea, 0x82,
            0x09, 0xec, 0x26, 0x00, 0x20, 0x02,
        ],
        globals: &[],
        expected: &[
            0x00, 0x00, 0x00, 0x00, 0x00, 0x00, 0x00, 0x00, 0x00, 0xa0, 0x00, 0x00, 0x00, 0x04,
            0x20, 0x00, 0x00, 0x00, 0x02, 0x60, 0x00, 0x00, 0x00, 0x02, 0xc0, 0x00, 0x00, 0x00,
            0x06, 0xa0, 0x00, 0x00, 0x00, 0x02, 0xa0, 0x00, 0x00, 0x00, 0x00, 0xe0, 0x00, 0x00,
            0x00, 0x01, 0x60, 0x00, 0x00, 0x00, 0x02, 0x40, 0x00, 0x00, 0x00, 0x00, 0xc0, 0x00,
            0x00, 0x00, 0x01, 0xe0, 0x00, 0x00, 0x00, 0x01, 0xe0, 0x00, 0x00, 0x00, 0x00, 0x00,
            0x00, 0x00, 0x00, 0x00, 0x00, 0x00, 0x00, 0x00, 0x00, 0x00, 0x00, 0x00, 0x00, 0x00,
            0x00, 0x00, 0x00, 0x00, 0x00, 0x00, 0x00, 0x00, 0x00, 0x00, 0x00,
        ],
    },
    EncodedCase {
        name: "mmr-overlap-op-4-default-1",
        width: 35,
        height: 19,
        error_kind: 0,
        data: &[
            0x00, 0x00, 0x00, 0x01, 0x30, 0x01, 0x01, 0x00, 0x00, 0x00, 0x13, 0x00, 0x00, 0x00,
            0x23, 0x00, 0x00, 0x00, 0x13, 0x00, 0x00, 0x00, 0x00, 0x00, 0x00, 0x00, 0x00, 0x67,
            0x00, 0x00, 0x00, 0x00, 0x00, 0x02, 0x10, 0x01, 0x01, 0x00, 0x00, 0x00, 0x25, 0x01,
            0x07, 0x05, 0x00, 0x00, 0x00, 0x02, 0x26, 0xa8, 0xba, 0x23, 0xa2, 0x3a, 0x23, 0xa2,
            0xe8, 0x8e, 0x88, 0xe8, 0x10, 0x56, 0x13, 0x49, 0x69, 0x2f, 0xfb, 0x56, 0x16, 0xea,
            0x1c, 0x53, 0x0c, 0x58, 0x83, 0x00, 0x10, 0x01, 0x00, 0x00, 0x00, 0x03, 0x17, 0x23,
            0x02, 0x01, 0x00, 0x00, 0x00, 0x38, 0x00, 0x00, 0x00, 0x23, 0x00, 0x00, 0x00, 0x13,
            0x00, 0x00, 0x00, 0x00, 0x00, 0x00, 0x00, 0x00, 0x04, 0xc1, 0x00, 0x00, 0x00, 0x05,
            0x00, 0x00, 0x00, 0x03, 0x00, 0x00, 0x1d, 0x00, 0x00, 0x00, 0x02, 0x00, 0x03, 0x00,
            0x01, 0x00, 0x04, 0x14, 0x20, 0x9a, 0xb0, 0x9c, 0x00, 0x40, 0x04, 0x23, 0xea, 0x82,
            0x09, 0xec, 0x26, 0x00, 0x20, 0x02,
        ],
        globals: &[],
        expected: &[
            0xff, 0xff, 0xff, 0xff, 0xe0, 0xff, 0xff, 0xff, 0xff, 0xa0, 0xff, 0xff, 0xff, 0xfc,
            0x20, 0xff, 0xff, 0xff, 0xfa, 0x60, 0xff, 0xff, 0xff, 0xfa, 0xc0, 0xff, 0xff, 0xff,
            0xfe, 0xa0, 0xff, 0xff, 0xff, 0xfa, 0xa0, 0xff, 0xff, 0xff, 0xfc, 0xe0, 0xff, 0xff,
            0xff, 0xfd, 0x60, 0xff, 0xff, 0xff, 0xfe, 0x40, 0xff, 0xff, 0xff, 0xfe, 0xc0, 0xff,
            0xff, 0xff, 0xff, 0xe0, 0xff, 0xff, 0xff, 0xff, 0xe0, 0xff, 0xff, 0xff, 0xff, 0xe0,
            0xff, 0xff, 0xff, 0xff, 0xe0, 0xff, 0xff, 0xff, 0xff, 0xe0, 0xff, 0xff, 0xff, 0xff,
            0xe0, 0xff, 0xff, 0xff, 0xff, 0xe0, 0xff, 0xff, 0xff, 0xff, 0xe0,
        ],
    },
    EncodedCase {
        name: "arithmetic-overlap-op-0-default-0",
        width: 35,
        height: 19,
        error_kind: 0,
        data: &[
            0x00, 0x00, 0x00, 0x01, 0x30, 0x01, 0x01, 0x00, 0x00, 0x00, 0x13, 0x00, 0x00, 0x00,
            0x23, 0x00, 0x00, 0x00, 0x13, 0x00, 0x00, 0x00, 0x00, 0x00, 0x00, 0x00, 0x00, 0x63,
            0x00, 0x00, 0x00, 0x00, 0x00, 0x02, 0x10, 0x01, 0x01, 0x00, 0x00, 0x00, 0x16, 0x04,
            0x07, 0x05, 0x00, 0x00, 0x00, 0x02, 0xce, 0x05, 0x1f, 0xc2, 0x55, 0x42, 0x6a, 0x73,
            0xb6, 0xe4, 0xf8, 0xf8, 0x67, 0xff, 0xac, 0x00, 0x00, 0x00, 0x03, 0x17, 0x23, 0x02,
            0x01, 0x00, 0x00, 0x00, 0x2d, 0x00, 0x00, 0x00, 0x23, 0x00, 0x00, 0x00, 0x13, 0x00,
            0x00, 0x00, 0x00, 0x00, 0x00, 0x00, 0x00, 0x04, 0x04, 0x00, 0x00, 0x00, 0x05, 0x00,
            0x00, 0x00, 0x03, 0x00, 0x00, 0x1d, 0x00, 0x00, 0x00, 0x02, 0x00, 0x03, 0x00, 0x01,
            0x00, 0x3d, 0x38, 0x09, 0x31, 0x3f, 0xff, 0xac,
        ],
        globals: &[],
        expected: &[
            0x00, 0x00, 0x00, 0x00, 0x00, 0x00, 0x00, 0x00, 0x00, 0xa0, 0x00, 0x00, 0x00, 0x04,
            0xa0, 0x00, 0x00, 0x00, 0x02, 0x60, 0x00, 0x00, 0x00, 0x02, 0xe0, 0x00, 0x00, 0x00,
            0x06, 0xe0, 0x00, 0x00, 0x00, 0x02, 0xa0, 0x00, 0x00, 0x00, 0x00, 0xe0, 0x00, 0x00,
            0x00, 0x01, 0xe0, 0x00, 0x00, 0x00, 0x03, 0xe0, 0x00, 0x00, 0x00, 0x00, 0xc0, 0x00,
            0x00, 0x00, 0x01, 0xe0, 0x00, 0x00, 0x00, 0x01, 0xe0, 0x00, 0x00, 0x00, 0x00, 0x00,
            0x00, 0x00, 0x00, 0x00, 0x00, 0x00, 0x00, 0x00, 0x00, 0x00, 0x00, 0x00, 0x00, 0x00,
            0x00, 0x00, 0x00, 0x00, 0x00, 0x00, 0x00, 0x00, 0x00, 0x00, 0x00,
        ],
    },
    EncodedCase {
        name: "arithmetic-overlap-op-0-default-1",
        width: 35,
        height: 19,
        error_kind: 0,
        data: &[
            0x00, 0x00, 0x00, 0x01, 0x30, 0x01, 0x01, 0x00, 0x00, 0x00, 0x13, 0x00, 0x00, 0x00,
            0x23, 0x00, 0x00, 0x00, 0x13, 0x00, 0x00, 0x00, 0x00, 0x00, 0x00, 0x00, 0x00, 0x67,
            0x00, 0x00, 0x00, 0x00, 0x00, 0x02, 0x10, 0x01, 0x01, 0x00, 0x00, 0x00, 0x16, 0x04,
            0x07, 0x05, 0x00, 0x00, 0x00, 0x02, 0xce, 0x05, 0x1f, 0xc2, 0x55, 0x42, 0x6a, 0x73,
            0xb6, 0xe4, 0xf8, 0xf8, 0x67, 0xff, 0xac, 0x00, 0x00, 0x00, 0x03, 0x17, 0x23, 0x02,
            0x01, 0x00, 0x00, 0x00, 0x2d, 0x00, 0x00, 0x00, 0x23, 0x00, 0x00, 0x00, 0x13, 0x00,
            0x00, 0x00, 0x00, 0x00, 0x00, 0x00, 0x00, 0x04, 0x84, 0x00, 0x00, 0x00, 0x05, 0x00,
            0x00, 0x00, 0x03, 0x00, 0x00, 0x1d, 0x00, 0x00, 0x00, 0x02, 0x00, 0x03, 0x00, 0x01,
            0x00, 0x3d, 0x38, 0x09, 0x31, 0x3f, 0xff, 0xac,
        ],
        globals: &[],
        expected: &[
            0xff, 0xff, 0xff, 0xff, 0xe0, 0xff, 0xff, 0xff, 0xff, 0xe0, 0xff, 0xff, 0xff, 0xff,
            0xe0, 0xff, 0xff, 0xff, 0xff, 0xe0, 0xff, 0xff, 0xff, 0xff, 0xe0, 0xff, 0xff, 0xff,
            0xff, 0xe0, 0xff, 0xff, 0xff, 0xff, 0xe0, 0xff, 0xff, 0xff, 0xff, 0xe0, 0xff, 0xff,
            0xff, 0xff, 0xe0, 0xff, 0xff, 0xff, 0xff, 0xe0, 0xff, 0xff, 0xff, 0xff, 0xe0, 0xff,
            0xff, 0xff, 0xff, 0xe0, 0xff, 0xff, 0xff, 0xff, 0xe0, 0xff, 0xff, 0xff, 0xff, 0xe0,
            0xff, 0xff, 0xff, 0xff, 0xe0, 0xff, 0xff, 0xff, 0xff, 0xe0, 0xff, 0xff, 0xff, 0xff,
            0xe0, 0xff, 0xff, 0xff, 0xff, 0xe0, 0xff, 0xff, 0xff, 0xff, 0xe0,
        ],
    },
    EncodedCase {
        name: "arithmetic-overlap-op-1-default-0",
        width: 35,
        height: 19,
        error_kind: 0,
        data: &[
            0x00, 0x00, 0x00, 0x01, 0x30, 0x01, 0x01, 0x00, 0x00, 0x00, 0x13, 0x00, 0x00, 0x00,
            0x23, 0x00, 0x00, 0x00, 0x13, 0x00, 0x00, 0x00, 0x00, 0x00, 0x00, 0x00, 0x00, 0x63,
            0x00, 0x00, 0x00, 0x00, 0x00, 0x02, 0x10, 0x01, 0x01, 0x00, 0x00, 0x00, 0x16, 0x04,
            0x07, 0x05, 0x00, 0x00, 0x00, 0x02, 0xce, 0x05, 0x1f, 0xc2, 0x55, 0x42, 0x6a, 0x73,
            0xb6, 0xe4, 0xf8, 0xf8, 0x67, 0xff, 0xac, 0x00, 0x00, 0x00, 0x03, 0x17, 0x23, 0x02,
            0x01, 0x00, 0x00, 0x00, 0x2d, 0x00, 0x00, 0x00, 0x23, 0x00, 0x00, 0x00, 0x13, 0x00,
            0x00, 0x00, 0x00, 0x00, 0x00, 0x00, 0x00, 0x04, 0x14, 0x00, 0x00, 0x00, 0x05, 0x00,
            0x00, 0x00, 0x03, 0x00, 0x00, 0x1d, 0x00, 0x00, 0x00, 0x02, 0x00, 0x03, 0x00, 0x01,
            0x00, 0x3d, 0x38, 0x09, 0x31, 0x3f, 0xff, 0xac,
        ],
        globals: &[],
        expected: &[
            0x00, 0x00, 0x00, 0x00, 0x00, 0x00, 0x00, 0x00, 0x00, 0x00, 0x00, 0x00, 0x00, 0x00,
            0x00, 0x00, 0x00, 0x00, 0x00, 0x00, 0x00, 0x00, 0x00, 0x00, 0x00, 0x00, 0x00, 0x00,
            0x00, 0x00, 0x00, 0x00, 0x00, 0x00, 0x00, 0x00, 0x00, 0x00, 0x00, 0x00, 0x00, 0x00,
            0x00, 0x00, 0x00, 0x00, 0x00, 0x00, 0x00, 0x00, 0x00, 0x00, 0x00, 0x00, 0x00, 0x00,
            0x00, 0x00, 0x00, 0x00, 0x00, 0x00, 0x00, 0x00, 0x00, 0x00, 0x00, 0x00, 0x00, 0x00,
            0x00, 0x00, 0x00, 0x00, 0x00, 0x00, 0x00, 0x00, 0x00, 0x00, 0x00, 0x00, 0x00, 0x00,
            0x00, 0x00, 0x00, 0x00, 0x00, 0x00, 0x00, 0x00, 0x00, 0x00, 0x00,
        ],
    },
    EncodedCase {
        name: "arithmetic-overlap-op-1-default-1",
        width: 35,
        height: 19,
        error_kind: 0,
        data: &[
            0x00, 0x00, 0x00, 0x01, 0x30, 0x01, 0x01, 0x00, 0x00, 0x00, 0x13, 0x00, 0x00, 0x00,
            0x23, 0x00, 0x00, 0x00, 0x13, 0x00, 0x00, 0x00, 0x00, 0x00, 0x00, 0x00, 0x00, 0x67,
            0x00, 0x00, 0x00, 0x00, 0x00, 0x02, 0x10, 0x01, 0x01, 0x00, 0x00, 0x00, 0x16, 0x04,
            0x07, 0x05, 0x00, 0x00, 0x00, 0x02, 0xce, 0x05, 0x1f, 0xc2, 0x55, 0x42, 0x6a, 0x73,
            0xb6, 0xe4, 0xf8, 0xf8, 0x67, 0xff, 0xac, 0x00, 0x00, 0x00, 0x03, 0x17, 0x23, 0x02,
            0x01, 0x00, 0x00, 0x00, 0x2d, 0x00, 0x00, 0x00, 0x23, 0x00, 0x00, 0x00, 0x13, 0x00,
            0x00, 0x00, 0x00, 0x00, 0x00, 0x00, 0x00, 0x04, 0x94, 0x00, 0x00, 0x00, 0x05, 0x00,
            0x00, 0x00, 0x03, 0x00, 0x00, 0x1d, 0x00, 0x00, 0x00, 0x02, 0x00, 0x03, 0x00, 0x01,
            0x00, 0x3d, 0x38, 0x09, 0x31, 0x3f, 0xff, 0xac,
        ],
        globals: &[],
        expected: &[
            0xff, 0xff, 0xff, 0xff, 0xe0, 0xff, 0xff, 0xff, 0xff, 0xa0, 0xff, 0xff, 0xff, 0xfc,
            0x20, 0xff, 0xff, 0xff, 0xfa, 0x40, 0xff, 0xff, 0xff, 0xfa, 0x40, 0xff, 0xff, 0xff,
            0xfe, 0x00, 0xff, 0xff, 0xff, 0xf8, 0x00, 0xff, 0xff, 0xff, 0xfc, 0x80, 0xff, 0xff,
            0xff, 0xfd, 0x00, 0xff, 0xff, 0xff, 0xfe, 0x40, 0xff, 0xff, 0xff, 0xfe, 0xc0, 0xff,
            0xff, 0xff, 0xff, 0xc0, 0xff, 0xff, 0xff, 0xff, 0xe0, 0xff, 0xff, 0xff, 0xff, 0xe0,
            0xff, 0xff, 0xff, 0xff, 0xe0, 0xff, 0xff, 0xff, 0xff, 0xe0, 0xff, 0xff, 0xff, 0xff,
            0xe0, 0xff, 0xff, 0xff, 0xff, 0xe0, 0xff, 0xff, 0xff, 0xff, 0xe0,
        ],
    },
    EncodedCase {
        name: "arithmetic-overlap-op-2-default-0",
        width: 35,
        height: 19,
        error_kind: 0,
        data: &[
            0x00, 0x00, 0x00, 0x01, 0x30, 0x01, 0x01, 0x00, 0x00, 0x00, 0x13, 0x00, 0x00, 0x00,
            0x23, 0x00, 0x00, 0x00, 0x13, 0x00, 0x00, 0x00, 0x00, 0x00, 0x00, 0x00, 0x00, 0x63,
            0x00, 0x00, 0x00, 0x00, 0x00, 0x02, 0x10, 0x01, 0x01, 0x00, 0x00, 0x00, 0x16, 0x04,
            0x07, 0x05, 0x00, 0x00, 0x00, 0x02, 0xce, 0x05, 0x1f, 0xc2, 0x55, 0x42, 0x6a, 0x73,
            0xb6, 0xe4, 0xf8, 0xf8, 0x67, 0xff, 0xac, 0x00, 0x00, 0x00, 0x03, 0x17, 0x23, 0x02,
            0x01, 0x00, 0x00, 0x00, 0x2d, 0x00, 0x00, 0x00, 0x23, 0x00, 0x00, 0x00, 0x13, 0x00,
            0x00, 0x00, 0x00, 0x00, 0x00, 0x00, 0x00, 0x04, 0x24, 0x00, 0x00, 0x00, 0x05, 0x00,
            0x00, 0x00, 0x03, 0x00, 0x00, 0x1d, 0x00, 0x00, 0x00, 0x02, 0x00, 0x03, 0x00, 0x01,
            0x00, 0x3d, 0x38, 0x09, 0x31, 0x3f, 0xff, 0xac,
        ],
        globals: &[],
        expected: &[
            0x00, 0x00, 0x00, 0x00, 0x00, 0x00, 0x00, 0x00, 0x00, 0xa0, 0x00, 0x00, 0x00, 0x04,
            0x80, 0x00, 0x00, 0x00, 0x02, 0x20, 0x00, 0x00, 0x00, 0x02, 0xc0, 0x00, 0x00, 0x00,
            0x04, 0x60, 0x00, 0x00, 0x00, 0x02, 0x80, 0x00, 0x00, 0x00, 0x00, 0xc0, 0x00, 0x00,
            0x00, 0x00, 0xa0, 0x00, 0x00, 0x00, 0x03, 0xa0, 0x00, 0x00, 0x00, 0x00, 0xc0, 0x00,
            0x00, 0x00, 0x01, 0xe0, 0x00, 0x00, 0x00, 0x01, 0xe0, 0x00, 0x00, 0x00, 0x00, 0x00,
            0x00, 0x00, 0x00, 0x00, 0x00, 0x00, 0x00, 0x00, 0x00, 0x00, 0x00, 0x00, 0x00, 0x00,
            0x00, 0x00, 0x00, 0x00, 0x00, 0x00, 0x00, 0x00, 0x00, 0x00, 0x00,
        ],
    },
    EncodedCase {
        name: "arithmetic-overlap-op-2-default-1",
        width: 35,
        height: 19,
        error_kind: 0,
        data: &[
            0x00, 0x00, 0x00, 0x01, 0x30, 0x01, 0x01, 0x00, 0x00, 0x00, 0x13, 0x00, 0x00, 0x00,
            0x23, 0x00, 0x00, 0x00, 0x13, 0x00, 0x00, 0x00, 0x00, 0x00, 0x00, 0x00, 0x00, 0x67,
            0x00, 0x00, 0x00, 0x00, 0x00, 0x02, 0x10, 0x01, 0x01, 0x00, 0x00, 0x00, 0x16, 0x04,
            0x07, 0x05, 0x00, 0x00, 0x00, 0x02, 0xce, 0x05, 0x1f, 0xc2, 0x55, 0x42, 0x6a, 0x73,
            0xb6, 0xe4, 0xf8, 0xf8, 0x67, 0xff, 0xac, 0x00, 0x00, 0x00, 0x03, 0x17, 0x23, 0x02,
            0x01, 0x00, 0x00, 0x00, 0x2d, 0x00, 0x00, 0x00, 0x23, 0x00, 0x00, 0x00, 0x13, 0x00,
            0x00, 0x00, 0x00, 0x00, 0x00, 0x00, 0x00, 0x04, 0xa4, 0x00, 0x00, 0x00, 0x05, 0x00,
            0x00, 0x00, 0x03, 0x00, 0x00, 0x1d, 0x00, 0x00, 0x00, 0x02, 0x00, 0x03, 0x00, 0x01,
            0x00, 0x3d, 0x38, 0x09, 0x31, 0x3f, 0xff, 0xac,
        ],
        globals: &[],
        expected: &[
            0xff, 0xff, 0xff, 0xff, 0xe0, 0xff, 0xff, 0xff, 0xff, 0x40, 0xff, 0xff, 0xff, 0xfb,
            0x60, 0xff, 0xff, 0xff, 0xfd, 0xc0, 0xff, 0xff, 0xff, 0xfd, 0x20, 0xff, 0xff, 0xff,
            0xfb, 0x80, 0xff, 0xff, 0xff, 0xfd, 0x60, 0xff, 0xff, 0xff, 0xff, 0x20, 0xff, 0xff,
            0xff, 0xff, 0x40, 0xff, 0xff, 0xff, 0xfc, 0x40, 0xff, 0xff, 0xff, 0xff, 0x20, 0xff,
            0xff, 0xff, 0xfe, 0x00, 0xff, 0xff, 0xff, 0xfe, 0x00, 0xff, 0xff, 0xff, 0xff, 0xe0,
            0xff, 0xff, 0xff, 0xff, 0xe0, 0xff, 0xff, 0xff, 0xff, 0xe0, 0xff, 0xff, 0xff, 0xff,
            0xe0, 0xff, 0xff, 0xff, 0xff, 0xe0, 0xff, 0xff, 0xff, 0xff, 0xe0,
        ],
    },
    EncodedCase {
        name: "arithmetic-overlap-op-3-default-0",
        width: 35,
        height: 19,
        error_kind: 0,
        data: &[
            0x00, 0x00, 0x00, 0x01, 0x30, 0x01, 0x01, 0x00, 0x00, 0x00, 0x13, 0x00, 0x00, 0x00,
            0x23, 0x00, 0x00, 0x00, 0x13, 0x00, 0x00, 0x00, 0x00, 0x00, 0x00, 0x00, 0x00, 0x63,
            0x00, 0x00, 0x00, 0x00, 0x00, 0x02, 0x10, 0x01, 0x01, 0x00, 0x00, 0x00, 0x16, 0x04,
            0x07, 0x05, 0x00, 0x00, 0x00, 0x02, 0xce, 0x05, 0x1f, 0xc2, 0x55, 0x42, 0x6a, 0x73,
            0xb6, 0xe4, 0xf8, 0xf8, 0x67, 0xff, 0xac, 0x00, 0x00, 0x00, 0x03, 0x17, 0x23, 0x02,
            0x01, 0x00, 0x00, 0x00, 0x2d, 0x00, 0x00, 0x00, 0x23, 0x00, 0x00, 0x00, 0x13, 0x00,
            0x00, 0x00, 0x00, 0x00, 0x00, 0x00, 0x00, 0x04, 0x34, 0x00, 0x00, 0x00, 0x05, 0x00,
            0x00, 0x00, 0x03, 0x00, 0x00, 0x1d, 0x00, 0x00, 0x00, 0x02, 0x00, 0x03, 0x00, 0x01,
            0x00, 0x3d, 0x38, 0x09, 0x31, 0x3f, 0xff, 0xac,
        ],
        globals: &[],
        expected: &[
            0x00, 0x00, 0x00, 0x00, 0x00, 0x00, 0x00, 0x00, 0x00, 0x40, 0x00, 0x00, 0x00, 0x03,
            0x80, 0x00, 0x00, 0x00, 0x05, 0x20, 0x00, 0x00, 0x00, 0x05, 0xa0, 0x00, 0x00, 0x00,
            0x00, 0xe0, 0x00, 0x00, 0x00, 0x06, 0xe0, 0x00, 0x00, 0x00, 0x03, 0x60, 0x00, 0x00,
            0x00, 0x02, 0xe0, 0x00, 0x00, 0x00, 0x01, 0x80, 0x00, 0x00, 0x00, 0x01, 0x00, 0x00,
            0x00, 0x00, 0x00, 0x20, 0x00, 0x00, 0x00, 0x00, 0x00, 0x00, 0x00, 0x00, 0x00, 0x00,
            0x00, 0x00, 0x00, 0x00, 0x00, 0x00, 0x00, 0x00, 0x00, 0x00, 0x00, 0x00, 0x00, 0x00,
            0x00, 0x00, 0x00, 0x00, 0x00, 0x00, 0x00, 0x00, 0x00, 0x00, 0x00,
        ],
    },
    EncodedCase {
        name: "arithmetic-overlap-op-3-default-1",
        width: 35,
        height: 19,
        error_kind: 0,
        data: &[
            0x00, 0x00, 0x00, 0x01, 0x30, 0x01, 0x01, 0x00, 0x00, 0x00, 0x13, 0x00, 0x00, 0x00,
            0x23, 0x00, 0x00, 0x00, 0x13, 0x00, 0x00, 0x00, 0x00, 0x00, 0x00, 0x00, 0x00, 0x67,
            0x00, 0x00, 0x00, 0x00, 0x00, 0x02, 0x10, 0x01, 0x01, 0x00, 0x00, 0x00, 0x16, 0x04,
            0x07, 0x05, 0x00, 0x00, 0x00, 0x02, 0xce, 0x05, 0x1f, 0xc2, 0x55, 0x42, 0x6a, 0x73,
            0xb6, 0xe4, 0xf8, 0xf8, 0x67, 0xff, 0xac, 0x00, 0x00, 0x00, 0x03, 0x17, 0x23, 0x02,
            0x01, 0x00, 0x00, 0x00, 0x2d, 0x00, 0x00, 0x00, 0x23, 0x00, 0x00, 0x00, 0x13, 0x00,
            0x00, 0x00, 0x00, 0x00, 0x00, 0x00, 0x00, 0x04, 0xb4, 0x00, 0x00, 0x00, 0x05, 0x00,
            0x00, 0x00, 0x03, 0x00, 0x00, 0x1d, 0x00, 0x00, 0x00, 0x02, 0x00, 0x03, 0x00, 0x01,
            0x00, 0x3d, 0x38, 0x09, 0x31, 0x3f, 0xff, 0xac,
        ],
        globals: &[],
        expected: &[
            0xff, 0xff, 0xff, 0xff, 0xe0, 0xff, 0xff, 0xff, 0xff, 0xa0, 0xff, 0xff, 0xff, 0xfc,
            0x60, 0xff, 0xff, 0xff, 0xfa, 0xc0, 0xff, 0xff, 0xff, 0xfa, 0x40, 0xff, 0xff, 0xff,
            0xff, 0x00, 0xff, 0xff, 0xff, 0xf9, 0x00, 0xff, 0xff, 0xff, 0xfc, 0x80, 0xff, 0xff,
            0xff, 0xfd, 0x00, 0xff, 0xff, 0xff, 0xfe, 0x60, 0xff, 0xff, 0xff, 0xfe, 0xe0, 0xff,
            0xff, 0xff, 0xff, 0xc0, 0xff, 0xff, 0xff, 0xff, 0xe0, 0xff, 0xff, 0xff, 0xff, 0xe0,
            0xff, 0xff, 0xff, 0xff, 0xe0, 0xff, 0xff, 0xff, 0xff, 0xe0, 0xff, 0xff, 0xff, 0xff,
            0xe0, 0xff, 0xff, 0xff, 0xff, 0xe0, 0xff, 0xff, 0xff, 0xff, 0xe0,
        ],
    },
    EncodedCase {
        name: "arithmetic-overlap-op-4-default-0",
        width: 35,
        height: 19,
        error_kind: 0,
        data: &[
            0x00, 0x00, 0x00, 0x01, 0x30, 0x01, 0x01, 0x00, 0x00, 0x00, 0x13, 0x00, 0x00, 0x00,
            0x23, 0x00, 0x00, 0x00, 0x13, 0x00, 0x00, 0x00, 0x00, 0x00, 0x00, 0x00, 0x00, 0x63,
            0x00, 0x00, 0x00, 0x00, 0x00, 0x02, 0x10, 0x01, 0x01, 0x00, 0x00, 0x00, 0x16, 0x04,
            0x07, 0x05, 0x00, 0x00, 0x00, 0x02, 0xce, 0x05, 0x1f, 0xc2, 0x55, 0x42, 0x6a, 0x73,
            0xb6, 0xe4, 0xf8, 0xf8, 0x67, 0xff, 0xac, 0x00, 0x00, 0x00, 0x03, 0x17, 0x23, 0x02,
            0x01, 0x00, 0x00, 0x00, 0x2d, 0x00, 0x00, 0x00, 0x23, 0x00, 0x00, 0x00, 0x13, 0x00,
            0x00, 0x00, 0x00, 0x00, 0x00, 0x00, 0x00, 0x04, 0x44, 0x00, 0x00, 0x00, 0x05, 0x00,
            0x00, 0x00, 0x03, 0x00, 0x00, 0x1d, 0x00, 0x00, 0x00, 0x02, 0x00, 0x03, 0x00, 0x01,
            0x00, 0x3d, 0x38, 0x09, 0x31, 0x3f, 0xff, 0xac,
        ],
        globals: &[],
        expected: &[
            0x00, 0x00, 0x00, 0x00, 0x00, 0x00, 0x00, 0x00, 0x00, 0xa0, 0x00, 0x00, 0x00, 0x04,
            0x20, 0x00, 0x00, 0x00, 0x02, 0x60, 0x00, 0x00, 0x00, 0x02, 0xc0, 0x00, 0x00, 0x00,
            0x06, 0xa0, 0x00, 0x00, 0x00, 0x02, 0xa0, 0x00, 0x00, 0x00, 0x00, 0xe0, 0x00, 0x00,
            0x00, 0x01, 0x60, 0x00, 0x00, 0x00, 0x02, 0x40, 0x00, 0x00, 0x00, 0x00, 0xc0, 0x00,
            0x00, 0x00, 0x01, 0xe0, 0x00, 0x00, 0x00, 0x01, 0xe0, 0x00, 0x00, 0x00, 0x00, 0x00,
            0x00, 0x00, 0x00, 0x00, 0x00, 0x00, 0x00, 0x00, 0x00, 0x00, 0x00, 0x00, 0x00, 0x00,
            0x00, 0x00, 0x00, 0x00, 0x00, 0x00, 0x00, 0x00, 0x00, 0x00, 0x00,
        ],
    },
    EncodedCase {
        name: "arithmetic-overlap-op-4-default-1",
        width: 35,
        height: 19,
        error_kind: 0,
        data: &[
            0x00, 0x00, 0x00, 0x01, 0x30, 0x01, 0x01, 0x00, 0x00, 0x00, 0x13, 0x00, 0x00, 0x00,
            0x23, 0x00, 0x00, 0x00, 0x13, 0x00, 0x00, 0x00, 0x00, 0x00, 0x00, 0x00, 0x00, 0x67,
            0x00, 0x00, 0x00, 0x00, 0x00, 0x02, 0x10, 0x01, 0x01, 0x00, 0x00, 0x00, 0x16, 0x04,
            0x07, 0x05, 0x00, 0x00, 0x00, 0x02, 0xce, 0x05, 0x1f, 0xc2, 0x55, 0x42, 0x6a, 0x73,
            0xb6, 0xe4, 0xf8, 0xf8, 0x67, 0xff, 0xac, 0x00, 0x00, 0x00, 0x03, 0x17, 0x23, 0x02,
            0x01, 0x00, 0x00, 0x00, 0x2d, 0x00, 0x00, 0x00, 0x23, 0x00, 0x00, 0x00, 0x13, 0x00,
            0x00, 0x00, 0x00, 0x00, 0x00, 0x00, 0x00, 0x04, 0xc4, 0x00, 0x00, 0x00, 0x05, 0x00,
            0x00, 0x00, 0x03, 0x00, 0x00, 0x1d, 0x00, 0x00, 0x00, 0x02, 0x00, 0x03, 0x00, 0x01,
            0x00, 0x3d, 0x38, 0x09, 0x31, 0x3f, 0xff, 0xac,
        ],
        globals: &[],
        expected: &[
            0xff, 0xff, 0xff, 0xff, 0xe0, 0xff, 0xff, 0xff, 0xff, 0xa0, 0xff, 0xff, 0xff, 0xfc,
            0x20, 0xff, 0xff, 0xff, 0xfa, 0x60, 0xff, 0xff, 0xff, 0xfa, 0xc0, 0xff, 0xff, 0xff,
            0xfe, 0xa0, 0xff, 0xff, 0xff, 0xfa, 0xa0, 0xff, 0xff, 0xff, 0xfc, 0xe0, 0xff, 0xff,
            0xff, 0xfd, 0x60, 0xff, 0xff, 0xff, 0xfe, 0x40, 0xff, 0xff, 0xff, 0xfe, 0xc0, 0xff,
            0xff, 0xff, 0xff, 0xe0, 0xff, 0xff, 0xff, 0xff, 0xe0, 0xff, 0xff, 0xff, 0xff, 0xe0,
            0xff, 0xff, 0xff, 0xff, 0xe0, 0xff, 0xff, 0xff, 0xff, 0xe0, 0xff, 0xff, 0xff, 0xff,
            0xe0, 0xff, 0xff, 0xff, 0xff, 0xe0, 0xff, 0xff, 0xff, 0xff, 0xe0,
        ],
    },
    EncodedCase {
        name: "word-boundary-width-31-op-1",
        width: 113,
        height: 13,
        error_kind: 0,
        data: &[
            0x00, 0x00, 0x00, 0x01, 0x30, 0x01, 0x01, 0x00, 0x00, 0x00, 0x13, 0x00, 0x00, 0x00,
            0x71, 0x00, 0x00, 0x00, 0x0d, 0x00, 0x00, 0x00, 0x00, 0x00, 0x00, 0x00, 0x00, 0x67,
            0x00, 0x00, 0x00, 0x00, 0x00, 0x02, 0x10, 0x01, 0x01, 0x00, 0x00, 0x00, 0x76, 0x01,
            0x1f, 0x04, 0x00, 0x00, 0x00, 0x02, 0x26, 0xa8, 0xba, 0x23, 0xa2, 0x3a, 0x2e, 0x88,
            0xe8, 0x8e, 0x8b, 0xa2, 0x3a, 0x23, 0xa2, 0xe8, 0x8e, 0x88, 0xe8, 0xba, 0x23, 0xa2,
            0xe8, 0x8e, 0x88, 0xe8, 0xba, 0x23, 0xa2, 0x3a, 0x2e, 0x88, 0xe8, 0x8e, 0x8b, 0xa2,
            0x3a, 0x23, 0xe4, 0x74, 0x47, 0x45, 0xd1, 0x1d, 0x11, 0xd1, 0x74, 0x47, 0x44, 0x74,
            0x5d, 0x11, 0xd1, 0x1d, 0x02, 0x09, 0x58, 0x4d, 0x24, 0x10, 0x4d, 0x24, 0x10, 0x4d,
            0x24, 0x10, 0x4d, 0x24, 0x10, 0x43, 0xa4, 0x96, 0x92, 0x5a, 0x49, 0x69, 0x25, 0xff,
            0xff, 0xff, 0xfd, 0xf7, 0xdf, 0x7a, 0xb4, 0xad, 0x2b, 0x4a, 0xd2, 0x5b, 0x5b, 0x5b,
            0x5b, 0x5a, 0x87, 0x0e, 0x1c, 0x3a, 0x8a, 0x8a, 0x8a, 0x8a, 0xa6, 0x29, 0x8a, 0x62,
            0x98, 0xa8, 0x00, 0x80, 0x08, 0x00, 0x00, 0x00, 0x03, 0x17, 0x23, 0x02, 0x01, 0x00,
            0x00, 0x00, 0x32, 0x00, 0x00, 0x00, 0x71, 0x00, 0x00, 0x00, 0x0d, 0x00, 0x00, 0x00,
            0x00, 0x00, 0x00, 0x00, 0x00, 0x04, 0x91, 0x00, 0x00, 0x00, 0x03, 0x00, 0x00, 0x00,
            0x02, 0x00, 0x00, 0x1d, 0x80, 0x00, 0x00, 0x03, 0x00, 0x1d, 0x80, 0x00, 0x80, 0x50,
            0x82, 0x60, 0x02, 0x00, 0x20, 0x0a, 0x82, 0x50, 0x01, 0x00, 0x10,
        ],
        globals: &[],
        expected: &[
            0xff, 0xff, 0xff, 0xff, 0xff, 0xff, 0xff, 0xff, 0xff, 0xff, 0xff, 0xff, 0xff, 0xff,
            0x80, 0xff, 0xff, 0xff, 0xff, 0xff, 0xff, 0xff, 0xff, 0xff, 0xff, 0xff, 0xff, 0xff,
            0xff, 0x80, 0xff, 0xff, 0xff, 0xff, 0xff, 0xff, 0xff, 0xf4, 0xa9, 0x52, 0xa5, 0x29,
            0x52, 0xa5, 0x00, 0xff, 0xff, 0xff, 0xfc, 0xa9, 0x52, 0xa5, 0x45, 0x4a, 0x95, 0x2a,
            0x29, 0x52, 0xa5, 0x00, 0xff, 0xff, 0xff, 0xfa, 0x54, 0xa9, 0x52, 0xac, 0x99, 0x32,
            0x64, 0x26, 0x4c, 0x99, 0x00, 0xff, 0xff, 0xff, 0xfa, 0x64, 0xc9, 0x93, 0x2c, 0x38,
            0x70, 0xe1, 0x70, 0xe1, 0xc3, 0x80, 0xff, 0xff, 0xff, 0xfe, 0x1c, 0x38, 0x70, 0xef,
            0xff, 0xff, 0xff, 0xff, 0xff, 0xff, 0x80, 0xff, 0xff, 0xff, 0xff, 0xff, 0xff, 0xff,
            0xff, 0xff, 0xff, 0xff, 0xff, 0xff, 0xff, 0x80, 0xff, 0xff, 0xff, 0xff, 0xff, 0xff,
            0xff, 0xff, 0xff, 0xff, 0xff, 0xff, 0xff, 0xff, 0x80, 0xff, 0xff, 0xff, 0xff, 0xff,
            0xff, 0xff, 0xff, 0xff, 0xff, 0xff, 0xff, 0xff, 0xff, 0x80, 0xff, 0xff, 0xff, 0xff,
            0xff, 0xff, 0xff, 0xff, 0xff, 0xff, 0xff, 0xff, 0xff, 0xff, 0x80, 0xff, 0xff, 0xff,
            0xff, 0xff, 0xff, 0xff, 0xff, 0xff, 0xff, 0xff, 0xff, 0xff, 0xff, 0x80, 0xff, 0xff,
            0xff, 0xff, 0xff, 0xff, 0xff, 0xff, 0xff, 0xff, 0xff, 0xff, 0xff, 0xff, 0x80,
        ],
    },
    EncodedCase {
        name: "word-boundary-width-31-op-3",
        width: 113,
        height: 13,
        error_kind: 0,
        data: &[
            0x00, 0x00, 0x00, 0x01, 0x30, 0x01, 0x01, 0x00, 0x00, 0x00, 0x13, 0x00, 0x00, 0x00,
            0x71, 0x00, 0x00, 0x00, 0x0d, 0x00, 0x00, 0x00, 0x00, 0x00, 0x00, 0x00, 0x00, 0x63,
            0x00, 0x00, 0x00, 0x00, 0x00, 0x02, 0x10, 0x01, 0x01, 0x00, 0x00, 0x00, 0x76, 0x01,
            0x1f, 0x04, 0x00, 0x00, 0x00, 0x02, 0x26, 0xa8, 0xba, 0x23, 0xa2, 0x3a, 0x2e, 0x88,
            0xe8, 0x8e, 0x8b, 0xa2, 0x3a, 0x23, 0xa2, 0xe8, 0x8e, 0x88, 0xe8, 0xba, 0x23, 0xa2,
            0xe8, 0x8e, 0x88, 0xe8, 0xba, 0x23, 0xa2, 0x3a, 0x2e, 0x88, 0xe8, 0x8e, 0x8b, 0xa2,
            0x3a, 0x23, 0xe4, 0x74, 0x47, 0x45, 0xd1, 0x1d, 0x11, 0xd1, 0x74, 0x47, 0x44, 0x74,
            0x5d, 0x11, 0xd1, 0x1d, 0x02, 0x09, 0x58, 0x4d, 0x24, 0x10, 0x4d, 0x24, 0x10, 0x4d,
            0x24, 0x10, 0x4d, 0x24, 0x10, 0x43, 0xa4, 0x96, 0x92, 0x5a, 0x49, 0x69, 0x25, 0xff,
            0xff, 0xff, 0xfd, 0xf7, 0xdf, 0x7a, 0xb4, 0xad, 0x2b, 0x4a, 0xd2, 0x5b, 0x5b, 0x5b,
            0x5b, 0x5a, 0x87, 0x0e, 0x1c, 0x3a, 0x8a, 0x8a, 0x8a, 0x8a, 0xa6, 0x29, 0x8a, 0x62,
            0x98, 0xa8, 0x00, 0x80, 0x08, 0x00, 0x00, 0x00, 0x03, 0x17, 0x23, 0x02, 0x01, 0x00,
            0x00, 0x00, 0x32, 0x00, 0x00, 0x00, 0x71, 0x00, 0x00, 0x00, 0x0d, 0x00, 0x00, 0x00,
            0x00, 0x00, 0x00, 0x00, 0x00, 0x04, 0x31, 0x00, 0x00, 0x00, 0x03, 0x00, 0x00, 0x00,
            0x02, 0x00, 0x00, 0x1d, 0x80, 0x00, 0x00, 0x03, 0x00, 0x1d, 0x80, 0x00, 0x80, 0x50,
            0x82, 0x60, 0x02, 0x00, 0x20, 0x0a, 0x82, 0x50, 0x01, 0x00, 0x10,
        ],
        globals: &[],
        expected: &[
            0x00, 0x00, 0x00, 0x00, 0x00, 0x00, 0x00, 0x00, 0x00, 0x00, 0x00, 0x00, 0x00, 0x00,
            0x00, 0x00, 0x00, 0x00, 0x00, 0x00, 0x00, 0x00, 0x00, 0x00, 0x00, 0x00, 0x00, 0x00,
            0x00, 0x00, 0x00, 0x00, 0x00, 0x00, 0x00, 0x00, 0x00, 0x0b, 0x56, 0xad, 0x5a, 0xd6,
            0xad, 0x5a, 0x80, 0x00, 0x00, 0x00, 0x03, 0x56, 0xad, 0x5a, 0xaa, 0xb5, 0x6a, 0xd5,
            0xd6, 0xad, 0x5a, 0x80, 0x00, 0x00, 0x00, 0x05, 0xab, 0x56, 0xad, 0x43, 0x66, 0xcd,
            0x9b, 0xd9, 0xb3, 0x66, 0x80, 0x00, 0x00, 0x00, 0x05, 0x9b, 0x36, 0x6c, 0xd3, 0xc7,
            0x8f, 0x1e, 0x8f, 0x1e, 0x3c, 0x00, 0x00, 0x00, 0x00, 0x01, 0xe3, 0xc7, 0x8f, 0x10,
            0x00, 0x00, 0x00, 0x00, 0x00, 0x00, 0x00, 0x00, 0x00, 0x00, 0x00, 0x00, 0x00, 0x00,
            0x00, 0x00, 0x00, 0x00, 0x00, 0x00, 0x00, 0x00, 0x00, 0x00, 0x00, 0x00, 0x00, 0x00,
            0x00, 0x00, 0x00, 0x00, 0x00, 0x00, 0x00, 0x00, 0x00, 0x00, 0x00, 0x00, 0x00, 0x00,
            0x00, 0x00, 0x00, 0x00, 0x00, 0x00, 0x00, 0x00, 0x00, 0x00, 0x00, 0x00, 0x00, 0x00,
            0x00, 0x00, 0x00, 0x00, 0x00, 0x00, 0x00, 0x00, 0x00, 0x00, 0x00, 0x00, 0x00, 0x00,
            0x00, 0x00, 0x00, 0x00, 0x00, 0x00, 0x00, 0x00, 0x00, 0x00, 0x00, 0x00, 0x00, 0x00,
            0x00, 0x00, 0x00, 0x00, 0x00, 0x00, 0x00, 0x00, 0x00, 0x00, 0x00, 0x00, 0x00,
        ],
    },
    EncodedCase {
        name: "word-boundary-width-31-op-4",
        width: 113,
        height: 13,
        error_kind: 0,
        data: &[
            0x00, 0x00, 0x00, 0x01, 0x30, 0x01, 0x01, 0x00, 0x00, 0x00, 0x13, 0x00, 0x00, 0x00,
            0x71, 0x00, 0x00, 0x00, 0x0d, 0x00, 0x00, 0x00, 0x00, 0x00, 0x00, 0x00, 0x00, 0x63,
            0x00, 0x00, 0x00, 0x00, 0x00, 0x02, 0x10, 0x01, 0x01, 0x00, 0x00, 0x00, 0x76, 0x01,
            0x1f, 0x04, 0x00, 0x00, 0x00, 0x02, 0x26, 0xa8, 0xba, 0x23, 0xa2, 0x3a, 0x2e, 0x88,
            0xe8, 0x8e, 0x8b, 0xa2, 0x3a, 0x23, 0xa2, 0xe8, 0x8e, 0x88, 0xe8, 0xba, 0x23, 0xa2,
            0xe8, 0x8e, 0x88, 0xe8, 0xba, 0x23, 0xa2, 0x3a, 0x2e, 0x88, 0xe8, 0x8e, 0x8b, 0xa2,
            0x3a, 0x23, 0xe4, 0x74, 0x47, 0x45, 0xd1, 0x1d, 0x11, 0xd1, 0x74, 0x47, 0x44, 0x74,
            0x5d, 0x11, 0xd1, 0x1d, 0x02, 0x09, 0x58, 0x4d, 0x24, 0x10, 0x4d, 0x24, 0x10, 0x4d,
            0x24, 0x10, 0x4d, 0x24, 0x10, 0x43, 0xa4, 0x96, 0x92, 0x5a, 0x49, 0x69, 0x25, 0xff,
            0xff, 0xff, 0xfd, 0xf7, 0xdf, 0x7a, 0xb4, 0xad, 0x2b, 0x4a, 0xd2, 0x5b, 0x5b, 0x5b,
            0x5b, 0x5a, 0x87, 0x0e, 0x1c, 0x3a, 0x8a, 0x8a, 0x8a, 0x8a, 0xa6, 0x29, 0x8a, 0x62,
            0x98, 0xa8, 0x00, 0x80, 0x08, 0x00, 0x00, 0x00, 0x03, 0x17, 0x23, 0x02, 0x01, 0x00,
            0x00, 0x00, 0x32, 0x00, 0x00, 0x00, 0x71, 0x00, 0x00, 0x00, 0x0d, 0x00, 0x00, 0x00,
            0x00, 0x00, 0x00, 0x00, 0x00, 0x04, 0x41, 0x00, 0x00, 0x00, 0x03, 0x00, 0x00, 0x00,
            0x02, 0x00, 0x00, 0x1d, 0x80, 0x00, 0x00, 0x03, 0x00, 0x1d, 0x80, 0x00, 0x80, 0x50,
            0x82, 0x60, 0x02, 0x00, 0x20, 0x0a, 0x82, 0x50, 0x01, 0x00, 0x10,
        ],
        globals: &[],
        expected: &[
            0x00, 0x00, 0x00, 0x00, 0x00, 0x00, 0x00, 0x00, 0x00, 0x00, 0x00, 0x00, 0x00, 0x00,
            0x00, 0x00, 0x00, 0x00, 0x00, 0x00, 0x00, 0x00, 0x00, 0x00, 0x00, 0x00, 0x00, 0x00,
            0x00, 0x00, 0x00, 0x00, 0x00, 0x00, 0x00, 0x00, 0x00, 0x14, 0xa9, 0x52, 0xa5, 0xa9,
            0x52, 0xa5, 0x00, 0x00, 0x00, 0x00, 0x04, 0xa9, 0x52, 0xa5, 0x45, 0x4a, 0x95, 0x2a,
            0xa9, 0x52, 0xa5, 0x00, 0x00, 0x00, 0x00, 0x02, 0x54, 0xa9, 0x52, 0xac, 0x99, 0x32,
            0x64, 0x26, 0x4c, 0x99, 0x00, 0x00, 0x00, 0x00, 0x02, 0x64, 0xc9, 0x93, 0x3c, 0x38,
            0x70, 0xe1, 0x70, 0xe1, 0xc3, 0x80, 0x00, 0x00, 0x00, 0x06, 0x1c, 0x38, 0x70, 0xe0,
            0x00, 0x00, 0x00, 0x00, 0x00, 0x00, 0x00, 0x00, 0x00, 0x00, 0x00, 0x00, 0x00, 0x00,
            0x00, 0x00, 0x00, 0x00, 0x00, 0x00, 0x00, 0x00, 0x00, 0x00, 0x00, 0x00, 0x00, 0x00,
            0x00, 0x00, 0x00, 0x00, 0x00, 0x00, 0x00, 0x00, 0x00, 0x00, 0x00, 0x00, 0x00, 0x00,
            0x00, 0x00, 0x00, 0x00, 0x00, 0x00, 0x00, 0x00, 0x00, 0x00, 0x00, 0x00, 0x00, 0x00,
            0x00, 0x00, 0x00, 0x00, 0x00, 0x00, 0x00, 0x00, 0x00, 0x00, 0x00, 0x00, 0x00, 0x00,
            0x00, 0x00, 0x00, 0x00, 0x00, 0x00, 0x00, 0x00, 0x00, 0x00, 0x00, 0x00, 0x00, 0x00,
            0x00, 0x00, 0x00, 0x00, 0x00, 0x00, 0x00, 0x00, 0x00, 0x00, 0x00, 0x00, 0x00,
        ],
    },
    EncodedCase {
        name: "word-boundary-width-32-op-1",
        width: 113,
        height: 13,
        error_kind: 0,
        data: &[
            0x00, 0x00, 0x00, 0x01, 0x30, 0x01, 0x01, 0x00, 0x00, 0x00, 0x13, 0x00, 0x00, 0x00,
            0x71, 0x00, 0x00, 0x00, 0x0d, 0x00, 0x00, 0x00, 0x00, 0x00, 0x00, 0x00, 0x00, 0x67,
            0x00, 0x00, 0x00, 0x00, 0x00, 0x02, 0x10, 0x01, 0x01, 0x00, 0x00, 0x00, 0x79, 0x01,
            0x20, 0x04, 0x00, 0x00, 0x00, 0x02, 0x26, 0xa8, 0xba, 0x23, 0xa2, 0x3a, 0x2e, 0x88,
            0xe8, 0x8e, 0x8b, 0xa2, 0x3a, 0x23, 0xa2, 0xe8, 0x8e, 0x88, 0xe8, 0xbe, 0x47, 0x45,
            0xd1, 0x1d, 0x11, 0xd1, 0x74, 0x47, 0x44, 0x74, 0x5d, 0x11, 0xd1, 0x1d, 0x17, 0x44,
            0x74, 0x47, 0x44, 0x74, 0x47, 0x44, 0x74, 0x5d, 0x11, 0xd1, 0x1d, 0x17, 0x44, 0x74,
            0x47, 0x45, 0xd1, 0x1d, 0x11, 0xd1, 0x74, 0x12, 0xb0, 0x9a, 0x48, 0x20, 0x9a, 0x48,
            0x20, 0x9a, 0x48, 0x20, 0x9a, 0x48, 0x20, 0x43, 0xa4, 0x96, 0x92, 0x5a, 0x49, 0x69,
            0x25, 0xff, 0xff, 0xff, 0xff, 0xbe, 0xfb, 0xef, 0x56, 0x95, 0xa5, 0x69, 0x5a, 0x51,
            0xda, 0xda, 0xda, 0xda, 0xea, 0x1c, 0x38, 0x70, 0xea, 0x2a, 0x2a, 0x2a, 0x2a, 0x98,
            0xa6, 0x29, 0x8a, 0x62, 0x98, 0x00, 0x80, 0x08, 0x00, 0x00, 0x00, 0x03, 0x17, 0x23,
            0x02, 0x01, 0x00, 0x00, 0x00, 0x32, 0x00, 0x00, 0x00, 0x71, 0x00, 0x00, 0x00, 0x0d,
            0x00, 0x00, 0x00, 0x00, 0x00, 0x00, 0x00, 0x00, 0x04, 0x91, 0x00, 0x00, 0x00, 0x03,
            0x00, 0x00, 0x00, 0x02, 0x00, 0x00, 0x1d, 0x80, 0x00, 0x00, 0x03, 0x00, 0x1d, 0x80,
            0x00, 0x80, 0x50, 0x82, 0x60, 0x02, 0x00, 0x20, 0x0a, 0x82, 0x50, 0x01, 0x00, 0x10,
        ],
        globals: &[],
        expected: &[
            0xff, 0xff, 0xff, 0xff, 0xff, 0xff, 0xff, 0xff, 0xff, 0xff, 0xff, 0xff, 0xff, 0xff,
            0x80, 0xff, 0xff, 0xff, 0xff, 0xff, 0xff, 0xff, 0xff, 0xff, 0xff, 0xff, 0xff, 0xff,
            0xff, 0x80, 0xff, 0xff, 0xff, 0xff, 0xff, 0xff, 0xff, 0xf4, 0xa9, 0x52, 0xa5, 0x09,
            0x52, 0xa5, 0x00, 0xff, 0xff, 0xff, 0xfc, 0xa9, 0x52, 0xa5, 0x45, 0x4a, 0x95, 0x2a,
            0x09, 0x52, 0xa5, 0x00, 0xff, 0xff, 0xff, 0xfa, 0x54, 0xa9, 0x52, 0xa4, 0x99, 0x32,
            0x64, 0x06, 0x4c, 0x99, 0x00, 0xff, 0xff, 0xff, 0xfa, 0x64, 0xc9, 0x93, 0x24, 0x38,
            0x70, 0xe1, 0x50, 0xe1, 0xc3, 0x80, 0xff, 0xff, 0xff, 0xfe, 0x1c, 0x38, 0x70, 0xe7,
            0xff, 0xff, 0xff, 0xff, 0xff, 0xff, 0x80, 0xff, 0xff, 0xff, 0xff, 0xff, 0xff, 0xff,
            0xff, 0xff, 0xff, 0xff, 0xff, 0xff, 0xff, 0x80, 0xff, 0xff, 0xff, 0xff, 0xff, 0xff,
            0xff, 0xff, 0xff, 0xff, 0xff, 0xff, 0xff, 0xff, 0x80, 0xff, 0xff, 0xff, 0xff, 0xff,
            0xff, 0xff, 0xff, 0xff, 0xff, 0xff, 0xff, 0xff, 0xff, 0x80, 0xff, 0xff, 0xff, 0xff,
            0xff, 0xff, 0xff, 0xff, 0xff, 0xff, 0xff, 0xff, 0xff, 0xff, 0x80, 0xff, 0xff, 0xff,
            0xff, 0xff, 0xff, 0xff, 0xff, 0xff, 0xff, 0xff, 0xff, 0xff, 0xff, 0x80, 0xff, 0xff,
            0xff, 0xff, 0xff, 0xff, 0xff, 0xff, 0xff, 0xff, 0xff, 0xff, 0xff, 0xff, 0x80,
        ],
    },
    EncodedCase {
        name: "word-boundary-width-32-op-3",
        width: 113,
        height: 13,
        error_kind: 0,
        data: &[
            0x00, 0x00, 0x00, 0x01, 0x30, 0x01, 0x01, 0x00, 0x00, 0x00, 0x13, 0x00, 0x00, 0x00,
            0x71, 0x00, 0x00, 0x00, 0x0d, 0x00, 0x00, 0x00, 0x00, 0x00, 0x00, 0x00, 0x00, 0x63,
            0x00, 0x00, 0x00, 0x00, 0x00, 0x02, 0x10, 0x01, 0x01, 0x00, 0x00, 0x00, 0x79, 0x01,
            0x20, 0x04, 0x00, 0x00, 0x00, 0x02, 0x26, 0xa8, 0xba, 0x23, 0xa2, 0x3a, 0x2e, 0x88,
            0xe8, 0x8e, 0x8b, 0xa2, 0x3a, 0x23, 0xa2, 0xe8, 0x8e, 0x88, 0xe8, 0xbe, 0x47, 0x45,
            0xd1, 0x1d, 0x11, 0xd1, 0x74, 0x47, 0x44, 0x74, 0x5d, 0x11, 0xd1, 0x1d, 0x17, 0x44,
            0x74, 0x47, 0x44, 0x74, 0x47, 0x44, 0x74, 0x5d, 0x11, 0xd1, 0x1d, 0x17, 0x44, 0x74,
            0x47, 0x45, 0xd1, 0x1d, 0x11, 0xd1, 0x74, 0x12, 0xb0, 0x9a, 0x48, 0x20, 0x9a, 0x48,
            0x20, 0x9a, 0x48, 0x20, 0x9a, 0x48, 0x20, 0x43, 0xa4, 0x96, 0x92, 0x5a, 0x49, 0x69,
            0x25, 0xff, 0xff, 0xff, 0xff, 0xbe, 0xfb, 0xef, 0x56, 0x95, 0xa5, 0x69, 0x5a, 0x51,
            0xda, 0xda, 0xda, 0xda, 0xea, 0x1c, 0x38, 0x70, 0xea, 0x2a, 0x2a, 0x2a, 0x2a, 0x98,
            0xa6, 0x29, 0x8a, 0x62, 0x98, 0x00, 0x80, 0x08, 0x00, 0x00, 0x00, 0x03, 0x17, 0x23,
            0x02, 0x01, 0x00, 0x00, 0x00, 0x32, 0x00, 0x00, 0x00, 0x71, 0x00, 0x00, 0x00, 0x0d,
            0x00, 0x00, 0x00, 0x00, 0x00, 0x00, 0x00, 0x00, 0x04, 0x31, 0x00, 0x00, 0x00, 0x03,
            0x00, 0x00, 0x00, 0x02, 0x00, 0x00, 0x1d, 0x80, 0x00, 0x00, 0x03, 0x00, 0x1d, 0x80,
            0x00, 0x80, 0x50, 0x82, 0x60, 0x02, 0x00, 0x20, 0x0a, 0x82, 0x50, 0x01, 0x00, 0x10,
        ],
        globals: &[],
        expected: &[
            0x00, 0x00, 0x00, 0x00, 0x00, 0x00, 0x00, 0x00, 0x00, 0x00, 0x00, 0x00, 0x00, 0x00,
            0x00, 0x00, 0x00, 0x00, 0x00, 0x00, 0x00, 0x00, 0x00, 0x00, 0x00, 0x00, 0x00, 0x00,
            0x00, 0x00, 0x00, 0x00, 0x00, 0x00, 0x00, 0x00, 0x00, 0x0b, 0x56, 0xad, 0x5a, 0xf6,
            0xad, 0x5a, 0x80, 0x00, 0x00, 0x00, 0x03, 0x56, 0xad, 0x5a, 0xaa, 0xb5, 0x6a, 0xd5,
            0xf6, 0xad, 0x5a, 0x80, 0x00, 0x00, 0x00, 0x05, 0xab, 0x56, 0xad, 0x4b, 0x66, 0xcd,
            0x9b, 0xf9, 0xb3, 0x66, 0x80, 0x00, 0x00, 0x00, 0x05, 0x9b, 0x36, 0x6c, 0xdb, 0xc7,
            0x8f, 0x1e, 0xaf, 0x1e, 0x3c, 0x00, 0x00, 0x00, 0x00, 0x01, 0xe3, 0xc7, 0x8f, 0x18,
            0x00, 0x00, 0x00, 0x00, 0x00, 0x00, 0x00, 0x00, 0x00, 0x00, 0x00, 0x00, 0x00, 0x00,
            0x00, 0x00, 0x00, 0x00, 0x00, 0x00, 0x00, 0x00, 0x00, 0x00, 0x00, 0x00, 0x00, 0x00,
            0x00, 0x00, 0x00, 0x00, 0x00, 0x00, 0x00, 0x00, 0x00, 0x00, 0x00, 0x00, 0x00, 0x00,
            0x00, 0x00, 0x00, 0x00, 0x00, 0x00, 0x00, 0x00, 0x00, 0x00, 0x00, 0x00, 0x00, 0x00,
            0x00, 0x00, 0x00, 0x00, 0x00, 0x00, 0x00, 0x00, 0x00, 0x00, 0x00, 0x00, 0x00, 0x00,
            0x00, 0x00, 0x00, 0x00, 0x00, 0x00, 0x00, 0x00, 0x00, 0x00, 0x00, 0x00, 0x00, 0x00,
            0x00, 0x00, 0x00, 0x00, 0x00, 0x00, 0x00, 0x00, 0x00, 0x00, 0x00, 0x00, 0x00,
        ],
    },
    EncodedCase {
        name: "word-boundary-width-32-op-4",
        width: 113,
        height: 13,
        error_kind: 0,
        data: &[
            0x00, 0x00, 0x00, 0x01, 0x30, 0x01, 0x01, 0x00, 0x00, 0x00, 0x13, 0x00, 0x00, 0x00,
            0x71, 0x00, 0x00, 0x00, 0x0d, 0x00, 0x00, 0x00, 0x00, 0x00, 0x00, 0x00, 0x00, 0x63,
            0x00, 0x00, 0x00, 0x00, 0x00, 0x02, 0x10, 0x01, 0x01, 0x00, 0x00, 0x00, 0x79, 0x01,
            0x20, 0x04, 0x00, 0x00, 0x00, 0x02, 0x26, 0xa8, 0xba, 0x23, 0xa2, 0x3a, 0x2e, 0x88,
            0xe8, 0x8e, 0x8b, 0xa2, 0x3a, 0x23, 0xa2, 0xe8, 0x8e, 0x88, 0xe8, 0xbe, 0x47, 0x45,
            0xd1, 0x1d, 0x11, 0xd1, 0x74, 0x47, 0x44, 0x74, 0x5d, 0x11, 0xd1, 0x1d, 0x17, 0x44,
            0x74, 0x47, 0x44, 0x74, 0x47, 0x44, 0x74, 0x5d, 0x11, 0xd1, 0x1d, 0x17, 0x44, 0x74,
            0x47, 0x45, 0xd1, 0x1d, 0x11, 0xd1, 0x74, 0x12, 0xb0, 0x9a, 0x48, 0x20, 0x9a, 0x48,
            0x20, 0x9a, 0x48, 0x20, 0x9a, 0x48, 0x20, 0x43, 0xa4, 0x96, 0x92, 0x5a, 0x49, 0x69,
            0x25, 0xff, 0xff, 0xff, 0xff, 0xbe, 0xfb, 0xef, 0x56, 0x95, 0xa5, 0x69, 0x5a, 0x51,
            0xda, 0xda, 0xda, 0xda, 0xea, 0x1c, 0x38, 0x70, 0xea, 0x2a, 0x2a, 0x2a, 0x2a, 0x98,
            0xa6, 0x29, 0x8a, 0x62, 0x98, 0x00, 0x80, 0x08, 0x00, 0x00, 0x00, 0x03, 0x17, 0x23,
            0x02, 0x01, 0x00, 0x00, 0x00, 0x32, 0x00, 0x00, 0x00, 0x71, 0x00, 0x00, 0x00, 0x0d,
            0x00, 0x00, 0x00, 0x00, 0x00, 0x00, 0x00, 0x00, 0x04, 0x41, 0x00, 0x00, 0x00, 0x03,
            0x00, 0x00, 0x00, 0x02, 0x00, 0x00, 0x1d, 0x80, 0x00, 0x00, 0x03, 0x00, 0x1d, 0x80,
            0x00, 0x80, 0x50, 0x82, 0x60, 0x02, 0x00, 0x20, 0x0a, 0x82, 0x50, 0x01, 0x00, 0x10,
        ],
        globals: &[],
        expected: &[
            0x00, 0x00, 0x00, 0x00, 0x00, 0x00, 0x00, 0x00, 0x00, 0x00, 0x00, 0x00, 0x00, 0x00,
            0x00, 0x00, 0x00, 0x00, 0x00, 0x00, 0x00, 0x00, 0x00, 0x00, 0x00, 0x00, 0x00, 0x00,
            0x00, 0x00, 0x00, 0x00, 0x00, 0x00, 0x00, 0x00, 0x00, 0x14, 0xa9, 0x52, 0xa5, 0xa9,
            0x52, 0xa5, 0x00, 0x00, 0x00, 0x00, 0x04, 0xa9, 0x52, 0xa5, 0x45, 0x4a, 0x95, 0x2a,
            0xa9, 0x52, 0xa5, 0x00, 0x00, 0x00, 0x00, 0x02, 0x54, 0xa9, 0x52, 0xac, 0x99, 0x32,
            0x64, 0x26, 0x4c, 0x99, 0x00, 0x00, 0x00, 0x00, 0x02, 0x64, 0xc9, 0x93, 0x3c, 0x38,
            0x70, 0xe1, 0x70, 0xe1, 0xc3, 0x80, 0x00, 0x00, 0x00, 0x06, 0x1c, 0x38, 0x70, 0xe0,
            0x00, 0x00, 0x00, 0x00, 0x00, 0x00, 0x00, 0x00, 0x00, 0x00, 0x00, 0x00, 0x00, 0x00,
            0x00, 0x00, 0x00, 0x00, 0x00, 0x00, 0x00, 0x00, 0x00, 0x00, 0x00, 0x00, 0x00, 0x00,
            0x00, 0x00, 0x00, 0x00, 0x00, 0x00, 0x00, 0x00, 0x00, 0x00, 0x00, 0x00, 0x00, 0x00,
            0x00, 0x00, 0x00, 0x00, 0x00, 0x00, 0x00, 0x00, 0x00, 0x00, 0x00, 0x00, 0x00, 0x00,
            0x00, 0x00, 0x00, 0x00, 0x00, 0x00, 0x00, 0x00, 0x00, 0x00, 0x00, 0x00, 0x00, 0x00,
            0x00, 0x00, 0x00, 0x00, 0x00, 0x00, 0x00, 0x00, 0x00, 0x00, 0x00, 0x00, 0x00, 0x00,
            0x00, 0x00, 0x00, 0x00, 0x00, 0x00, 0x00, 0x00, 0x00, 0x00, 0x00, 0x00, 0x00,
        ],
    },
    EncodedCase {
        name: "word-boundary-width-33-op-1",
        width: 113,
        height: 13,
        error_kind: 0,
        data: &[
            0x00, 0x00, 0x00, 0x01, 0x30, 0x01, 0x01, 0x00, 0x00, 0x00, 0x13, 0x00, 0x00, 0x00,
            0x71, 0x00, 0x00, 0x00, 0x0d, 0x00, 0x00, 0x00, 0x00, 0x00, 0x00, 0x00, 0x00, 0x67,
            0x00, 0x00, 0x00, 0x00, 0x00, 0x02, 0x10, 0x01, 0x01, 0x00, 0x00, 0x00, 0x7c, 0x01,
            0x21, 0x04, 0x00, 0x00, 0x00, 0x02, 0x26, 0xa8, 0xba, 0x23, 0xa2, 0x3a, 0x2e, 0x88,
            0xe8, 0x8e, 0x8b, 0xa2, 0x3a, 0x23, 0xa2, 0xe8, 0x8e, 0x88, 0xe8, 0xba, 0x23, 0xa2,
            0x3a, 0x2e, 0x88, 0xe8, 0x8e, 0x8b, 0xa2, 0x3a, 0x23, 0xa2, 0xe8, 0x8e, 0x88, 0xe8,
            0xba, 0x23, 0xa2, 0x3a, 0x2e, 0x88, 0xe8, 0x8e, 0x8b, 0xa2, 0x3a, 0x23, 0xa2, 0xe8,
            0x8e, 0x88, 0xe8, 0xba, 0x23, 0xa2, 0x3a, 0x2e, 0x81, 0x04, 0xac, 0x26, 0x92, 0x08,
            0x26, 0x92, 0x08, 0x26, 0x92, 0x08, 0x26, 0x92, 0x08, 0x26, 0xb4, 0x92, 0xd2, 0x4b,
            0x49, 0x2d, 0x24, 0xb5, 0xff, 0xff, 0xff, 0xfe, 0xfb, 0xef, 0xbf, 0x56, 0x95, 0xa5,
            0x69, 0x5a, 0x51, 0xda, 0xda, 0xda, 0xda, 0xda, 0x87, 0x0e, 0x1c, 0x3b, 0x8a, 0x8a,
            0x8a, 0x8a, 0xa6, 0x29, 0x8a, 0x62, 0x98, 0xa7, 0x00, 0x10, 0x01, 0x00, 0x00, 0x00,
            0x03, 0x17, 0x23, 0x02, 0x01, 0x00, 0x00, 0x00, 0x32, 0x00, 0x00, 0x00, 0x71, 0x00,
            0x00, 0x00, 0x0d, 0x00, 0x00, 0x00, 0x00, 0x00, 0x00, 0x00, 0x00, 0x04, 0x91, 0x00,
            0x00, 0x00, 0x03, 0x00, 0x00, 0x00, 0x02, 0x00, 0x00, 0x1d, 0x80, 0x00, 0x00, 0x03,
            0x00, 0x1d, 0x80, 0x00, 0x80, 0x50, 0x82, 0x60, 0x02, 0x00, 0x20, 0x0a, 0x82, 0x50,
            0x01, 0x00, 0x10,
        ],
        globals: &[],
        expected: &[
            0xff, 0xff, 0xff, 0xff, 0xff, 0xff, 0xff, 0xff, 0xff, 0xff, 0xff, 0xff, 0xff, 0xff,
            0x80, 0xff, 0xff, 0xff, 0xff, 0xff, 0xff, 0xff, 0xff, 0xff, 0xff, 0xff, 0xff, 0xff,
            0xff, 0x80, 0xff, 0xff, 0xff, 0xff, 0xff, 0xff, 0xff, 0xf4, 0xa9, 0x52, 0xa5, 0x09,
            0x52, 0xa5, 0x00, 0xff, 0xff, 0xff, 0xfc, 0xa9, 0x52, 0xa5, 0x41, 0x4a, 0x95, 0x2a,
            0x09, 0x52, 0xa5, 0x00, 0xff, 0xff, 0xff, 0xfa, 0x54, 0xa9, 0x52, 0xa4, 0x99, 0x32,
            0x64, 0x06, 0x4c, 0x99, 0x00, 0xff, 0xff, 0xff, 0xfa, 0x64, 0xc9, 0x93, 0x24, 0x38,
            0x70, 0xe1, 0x40, 0xe1, 0xc3, 0x80, 0xff, 0xff, 0xff, 0xfe, 0x1c, 0x38, 0x70, 0xe3,
            0xff, 0xff, 0xff, 0xff, 0xff, 0xff, 0x80, 0xff, 0xff, 0xff, 0xff, 0xff, 0xff, 0xff,
            0xff, 0xff, 0xff, 0xff, 0xff, 0xff, 0xff, 0x80, 0xff, 0xff, 0xff, 0xff, 0xff, 0xff,
            0xff, 0xff, 0xff, 0xff, 0xff, 0xff, 0xff, 0xff, 0x80, 0xff, 0xff, 0xff, 0xff, 0xff,
            0xff, 0xff, 0xff, 0xff, 0xff, 0xff, 0xff, 0xff, 0xff, 0x80, 0xff, 0xff, 0xff, 0xff,
            0xff, 0xff, 0xff, 0xff, 0xff, 0xff, 0xff, 0xff, 0xff, 0xff, 0x80, 0xff, 0xff, 0xff,
            0xff, 0xff, 0xff, 0xff, 0xff, 0xff, 0xff, 0xff, 0xff, 0xff, 0xff, 0x80, 0xff, 0xff,
            0xff, 0xff, 0xff, 0xff, 0xff, 0xff, 0xff, 0xff, 0xff, 0xff, 0xff, 0xff, 0x80,
        ],
    },
    EncodedCase {
        name: "word-boundary-width-33-op-3",
        width: 113,
        height: 13,
        error_kind: 0,
        data: &[
            0x00, 0x00, 0x00, 0x01, 0x30, 0x01, 0x01, 0x00, 0x00, 0x00, 0x13, 0x00, 0x00, 0x00,
            0x71, 0x00, 0x00, 0x00, 0x0d, 0x00, 0x00, 0x00, 0x00, 0x00, 0x00, 0x00, 0x00, 0x63,
            0x00, 0x00, 0x00, 0x00, 0x00, 0x02, 0x10, 0x01, 0x01, 0x00, 0x00, 0x00, 0x7c, 0x01,
            0x21, 0x04, 0x00, 0x00, 0x00, 0x02, 0x26, 0xa8, 0xba, 0x23, 0xa2, 0x3a, 0x2e, 0x88,
            0xe8, 0x8e, 0x8b, 0xa2, 0x3a, 0x23, 0xa2, 0xe8, 0x8e, 0x88, 0xe8, 0xba, 0x23, 0xa2,
            0x3a, 0x2e, 0x88, 0xe8, 0x8e, 0x8b, 0xa2, 0x3a, 0x23, 0xa2, 0xe8, 0x8e, 0x88, 0xe8,
            0xba, 0x23, 0xa2, 0x3a, 0x2e, 0x88, 0xe8, 0x8e, 0x8b, 0xa2, 0x3a, 0x23, 0xa2, 0xe8,
            0x8e, 0x88, 0xe8, 0xba, 0x23, 0xa2, 0x3a, 0x2e, 0x81, 0x04, 0xac, 0x26, 0x92, 0x08,
            0x26, 0x92, 0x08, 0x26, 0x92, 0x08, 0x26, 0x92, 0x08, 0x26, 0xb4, 0x92, 0xd2, 0x4b,
            0x49, 0x2d, 0x24, 0xb5, 0xff, 0xff, 0xff, 0xfe, 0xfb, 0xef, 0xbf, 0x56, 0x95, 0xa5,
            0x69, 0x5a, 0x51, 0xda, 0xda, 0xda, 0xda, 0xda, 0x87, 0x0e, 0x1c, 0x3b, 0x8a, 0x8a,
            0x8a, 0x8a, 0xa6, 0x29, 0x8a, 0x62, 0x98, 0xa7, 0x00, 0x10, 0x01, 0x00, 0x00, 0x00,
            0x03, 0x17, 0x23, 0x02, 0x01, 0x00, 0x00, 0x00, 0x32, 0x00, 0x00, 0x00, 0x71, 0x00,
            0x00, 0x00, 0x0d, 0x00, 0x00, 0x00, 0x00, 0x00, 0x00, 0x00, 0x00, 0x04, 0x31, 0x00,
            0x00, 0x00, 0x03, 0x00, 0x00, 0x00, 0x02, 0x00, 0x00, 0x1d, 0x80, 0x00, 0x00, 0x03,
            0x00, 0x1d, 0x80, 0x00, 0x80, 0x50, 0x82, 0x60, 0x02, 0x00, 0x20, 0x0a, 0x82, 0x50,
            0x01, 0x00, 0x10,
        ],
        globals: &[],
        expected: &[
            0x00, 0x00, 0x00, 0x00, 0x00, 0x00, 0x00, 0x00, 0x00, 0x00, 0x00, 0x00, 0x00, 0x00,
            0x00, 0x00, 0x00, 0x00, 0x00, 0x00, 0x00, 0x00, 0x00, 0x00, 0x00, 0x00, 0x00, 0x00,
            0x00, 0x00, 0x00, 0x00, 0x00, 0x00, 0x00, 0x00, 0x00, 0x0b, 0x56, 0xad, 0x5a, 0xe6,
            0xad, 0x5a, 0x80, 0x00, 0x00, 0x00, 0x03, 0x56, 0xad, 0x5a, 0xae, 0xb5, 0x6a, 0xd5,
            0xf6, 0xad, 0x5a, 0x80, 0x00, 0x00, 0x00, 0x05, 0xab, 0x56, 0xad, 0x4b, 0x66, 0xcd,
            0x9b, 0xe9, 0xb3, 0x66, 0x80, 0x00, 0x00, 0x00, 0x05, 0x9b, 0x36, 0x6c, 0xdb, 0xc7,
            0x8f, 0x1e, 0xbf, 0x1e, 0x3c, 0x00, 0x00, 0x00, 0x00, 0x01, 0xe3, 0xc7, 0x8f, 0x1c,
            0x00, 0x00, 0x00, 0x00, 0x00, 0x00, 0x00, 0x00, 0x00, 0x00, 0x00, 0x00, 0x00, 0x00,
            0x00, 0x00, 0x00, 0x00, 0x00, 0x00, 0x00, 0x00, 0x00, 0x00, 0x00, 0x00, 0x00, 0x00,
            0x00, 0x00, 0x00, 0x00, 0x00, 0x00, 0x00, 0x00, 0x00, 0x00, 0x00, 0x00, 0x00, 0x00,
            0x00, 0x00, 0x00, 0x00, 0x00, 0x00, 0x00, 0x00, 0x00, 0x00, 0x00, 0x00, 0x00, 0x00,
            0x00, 0x00, 0x00, 0x00, 0x00, 0x00, 0x00, 0x00, 0x00, 0x00, 0x00, 0x00, 0x00, 0x00,
            0x00, 0x00, 0x00, 0x00, 0x00, 0x00, 0x00, 0x00, 0x00, 0x00, 0x00, 0x00, 0x00, 0x00,
            0x00, 0x00, 0x00, 0x00, 0x00, 0x00, 0x00, 0x00, 0x00, 0x00, 0x00, 0x00, 0x00,
        ],
    },
    EncodedCase {
        name: "word-boundary-width-33-op-4",
        width: 113,
        height: 13,
        error_kind: 0,
        data: &[
            0x00, 0x00, 0x00, 0x01, 0x30, 0x01, 0x01, 0x00, 0x00, 0x00, 0x13, 0x00, 0x00, 0x00,
            0x71, 0x00, 0x00, 0x00, 0x0d, 0x00, 0x00, 0x00, 0x00, 0x00, 0x00, 0x00, 0x00, 0x63,
            0x00, 0x00, 0x00, 0x00, 0x00, 0x02, 0x10, 0x01, 0x01, 0x00, 0x00, 0x00, 0x7c, 0x01,
            0x21, 0x04, 0x00, 0x00, 0x00, 0x02, 0x26, 0xa8, 0xba, 0x23, 0xa2, 0x3a, 0x2e, 0x88,
            0xe8, 0x8e, 0x8b, 0xa2, 0x3a, 0x23, 0xa2, 0xe8, 0x8e, 0x88, 0xe8, 0xba, 0x23, 0xa2,
            0x3a, 0x2e, 0x88, 0xe8, 0x8e, 0x8b, 0xa2, 0x3a, 0x23, 0xa2, 0xe8, 0x8e, 0x88, 0xe8,
            0xba, 0x23, 0xa2, 0x3a, 0x2e, 0x88, 0xe8, 0x8e, 0x8b, 0xa2, 0x3a, 0x23, 0xa2, 0xe8,
            0x8e, 0x88, 0xe8, 0xba, 0x23, 0xa2, 0x3a, 0x2e, 0x81, 0x04, 0xac, 0x26, 0x92, 0x08,
            0x26, 0x92, 0x08, 0x26, 0x92, 0x08, 0x26, 0x92, 0x08, 0x26, 0xb4, 0x92, 0xd2, 0x4b,
            0x49, 0x2d, 0x24, 0xb5, 0xff, 0xff, 0xff, 0xfe, 0xfb, 0xef, 0xbf, 0x56, 0x95, 0xa5,
            0x69, 0x5a, 0x51, 0xda, 0xda, 0xda, 0xda, 0xda, 0x87, 0x0e, 0x1c, 0x3b, 0x8a, 0x8a,
            0x8a, 0x8a, 0xa6, 0x29, 0x8a, 0x62, 0x98, 0xa7, 0x00, 0x10, 0x01, 0x00, 0x00, 0x00,
            0x03, 0x17, 0x23, 0x02, 0x01, 0x00, 0x00, 0x00, 0x32, 0x00, 0x00, 0x00, 0x71, 0x00,
            0x00, 0x00, 0x0d, 0x00, 0x00, 0x00, 0x00, 0x00, 0x00, 0x00, 0x00, 0x04, 0x41, 0x00,
            0x00, 0x00, 0x03, 0x00, 0x00, 0x00, 0x02, 0x00, 0x00, 0x1d, 0x80, 0x00, 0x00, 0x03,
            0x00, 0x1d, 0x80, 0x00, 0x80, 0x50, 0x82, 0x60, 0x02, 0x00, 0x20, 0x0a, 0x82, 0x50,
            0x01, 0x00, 0x10,
        ],
        globals: &[],
        expected: &[
            0x00, 0x00, 0x00, 0x00, 0x00, 0x00, 0x00, 0x00, 0x00, 0x00, 0x00, 0x00, 0x00, 0x00,
            0x00, 0x00, 0x00, 0x00, 0x00, 0x00, 0x00, 0x00, 0x00, 0x00, 0x00, 0x00, 0x00, 0x00,
            0x00, 0x00, 0x00, 0x00, 0x00, 0x00, 0x00, 0x00, 0x00, 0x14, 0xa9, 0x52, 0xa5, 0xa9,
            0x52, 0xa5, 0x00, 0x00, 0x00, 0x00, 0x04, 0xa9, 0x52, 0xa5, 0x45, 0x4a, 0x95, 0x2a,
            0xa9, 0x52, 0xa5, 0x00, 0x00, 0x00, 0x00, 0x02, 0x54, 0xa9, 0x52, 0xac, 0x99, 0x32,
            0x64, 0x26, 0x4c, 0x99, 0x00, 0x00, 0x00, 0x00, 0x02, 0x64, 0xc9, 0x93, 0x3c, 0x38,
            0x70, 0xe1, 0x70, 0xe1, 0xc3, 0x80, 0x00, 0x00, 0x00, 0x06, 0x1c, 0x38, 0x70, 0xe0,
            0x00, 0x00, 0x00, 0x00, 0x00, 0x00, 0x00, 0x00, 0x00, 0x00, 0x00, 0x00, 0x00, 0x00,
            0x00, 0x00, 0x00, 0x00, 0x00, 0x00, 0x00, 0x00, 0x00, 0x00, 0x00, 0x00, 0x00, 0x00,
            0x00, 0x00, 0x00, 0x00, 0x00, 0x00, 0x00, 0x00, 0x00, 0x00, 0x00, 0x00, 0x00, 0x00,
            0x00, 0x00, 0x00, 0x00, 0x00, 0x00, 0x00, 0x00, 0x00, 0x00, 0x00, 0x00, 0x00, 0x00,
            0x00, 0x00, 0x00, 0x00, 0x00, 0x00, 0x00, 0x00, 0x00, 0x00, 0x00, 0x00, 0x00, 0x00,
            0x00, 0x00, 0x00, 0x00, 0x00, 0x00, 0x00, 0x00, 0x00, 0x00, 0x00, 0x00, 0x00, 0x00,
            0x00, 0x00, 0x00, 0x00, 0x00, 0x00, 0x00, 0x00, 0x00, 0x00, 0x00, 0x00, 0x00,
        ],
    },
    EncodedCase {
        name: "arithmetic-gray-template-0-skip-0",
        width: 19,
        height: 17,
        error_kind: 0,
        data: &[
            0x00, 0x00, 0x00, 0x01, 0x30, 0x01, 0x01, 0x00, 0x00, 0x00, 0x13, 0x00, 0x00, 0x00,
            0x13, 0x00, 0x00, 0x00, 0x11, 0x00, 0x00, 0x00, 0x00, 0x00, 0x00, 0x00, 0x00, 0x63,
            0x00, 0x00, 0x00, 0x00, 0x00, 0x02, 0x10, 0x01, 0x01, 0x00, 0x00, 0x00, 0x0f, 0x00,
            0x03, 0x03, 0x00, 0x00, 0x00, 0x04, 0xc7, 0x5d, 0xed, 0xdf, 0xeb, 0x5f, 0xff, 0xac,
            0x00, 0x00, 0x00, 0x03, 0x17, 0x23, 0x02, 0x01, 0x00, 0x00, 0x00, 0x35, 0x00, 0x00,
            0x00, 0x13, 0x00, 0x00, 0x00, 0x11, 0x00, 0x00, 0x00, 0x00, 0x00, 0x00, 0x00, 0x00,
            0x04, 0x00, 0x00, 0x00, 0x00, 0x07, 0x00, 0x00, 0x00, 0x05, 0xff, 0xff, 0xf8, 0x80,
            0x00, 0x00, 0x05, 0x40, 0x02, 0x80, 0x00, 0x80, 0x56, 0xf5, 0xf2, 0x1e, 0xb3, 0xd5,
            0x6b, 0x5a, 0xb0, 0x05, 0x5a, 0x80, 0x7f, 0xff, 0xac,
        ],
        globals: &[],
        expected: &[
            0x00, 0x00, 0x00, 0x00, 0x00, 0x00, 0x05, 0x40, 0x00, 0x32, 0x40, 0x00, 0xa2, 0xe0,
            0x00, 0x35, 0xa0, 0x00, 0x85, 0x20, 0x00, 0x4d, 0x80, 0x00, 0x56, 0x40, 0x00, 0xd6,
            0x50, 0x00, 0x9e, 0xd0, 0x00, 0xe4, 0x90, 0x00, 0x45, 0xe0, 0x00, 0x6b, 0x40, 0x00,
            0x0a, 0x40, 0x00, 0x9a, 0x00, 0x00, 0x80, 0x00, 0x00,
        ],
    },
    EncodedCase {
        name: "arithmetic-gray-template-0-skip-1",
        width: 19,
        height: 17,
        error_kind: 0,
        data: &[
            0x00, 0x00, 0x00, 0x01, 0x30, 0x01, 0x01, 0x00, 0x00, 0x00, 0x13, 0x00, 0x00, 0x00,
            0x13, 0x00, 0x00, 0x00, 0x11, 0x00, 0x00, 0x00, 0x00, 0x00, 0x00, 0x00, 0x00, 0x63,
            0x00, 0x00, 0x00, 0x00, 0x00, 0x02, 0x10, 0x01, 0x01, 0x00, 0x00, 0x00, 0x0f, 0x00,
            0x03, 0x03, 0x00, 0x00, 0x00, 0x04, 0xc7, 0x5d, 0xed, 0xdf, 0xeb, 0x5f, 0xff, 0xac,
            0x00, 0x00, 0x00, 0x03, 0x17, 0x23, 0x02, 0x01, 0x00, 0x00, 0x00, 0x31, 0x00, 0x00,
            0x00, 0x13, 0x00, 0x00, 0x00, 0x11, 0x00, 0x00, 0x00, 0x00, 0x00, 0x00, 0x00, 0x00,
            0x04, 0x08, 0x00, 0x00, 0x00, 0x07, 0x00, 0x00, 0x00, 0x05, 0xff, 0xff, 0xf8, 0x80,
            0x00, 0x00, 0x05, 0x40, 0x02, 0x80, 0x00, 0x80, 0x30, 0x54, 0x6d, 0x4d, 0x28, 0x5e,
            0xd6, 0x66, 0x83, 0xff, 0xac,
        ],
        globals: &[],
        expected: &[
            0x00, 0x00, 0x00, 0x00, 0x00, 0x00, 0x05, 0x40, 0x00, 0x32, 0x40, 0x00, 0xa2, 0xe0,
            0x00, 0x35, 0xa0, 0x00, 0x85, 0x20, 0x00, 0x4d, 0x80, 0x00, 0x56, 0x40, 0x00, 0xd6,
            0x50, 0x00, 0x9e, 0xd0, 0x00, 0xe4, 0x90, 0x00, 0x45, 0xe0, 0x00, 0x6b, 0x40, 0x00,
            0x0a, 0x40, 0x00, 0x9a, 0x00, 0x00, 0x80, 0x00, 0x00,
        ],
    },
    EncodedCase {
        name: "arithmetic-gray-template-1-skip-0",
        width: 19,
        height: 17,
        error_kind: 0,
        data: &[
            0x00, 0x00, 0x00, 0x01, 0x30, 0x01, 0x01, 0x00, 0x00, 0x00, 0x13, 0x00, 0x00, 0x00,
            0x13, 0x00, 0x00, 0x00, 0x11, 0x00, 0x00, 0x00, 0x00, 0x00, 0x00, 0x00, 0x00, 0x63,
            0x00, 0x00, 0x00, 0x00, 0x00, 0x02, 0x10, 0x01, 0x01, 0x00, 0x00, 0x00, 0x0f, 0x02,
            0x03, 0x03, 0x00, 0x00, 0x00, 0x04, 0xc5, 0x21, 0xb5, 0xf1, 0xd6, 0xbf, 0xff, 0xac,
            0x00, 0x00, 0x00, 0x03, 0x17, 0x23, 0x02, 0x01, 0x00, 0x00, 0x00, 0x34, 0x00, 0x00,
            0x00, 0x13, 0x00, 0x00, 0x00, 0x11, 0x00, 0x00, 0x00, 0x00, 0x00, 0x00, 0x00, 0x00,
            0x04, 0x02, 0x00, 0x00, 0x00, 0x07, 0x00, 0x00, 0x00, 0x05, 0xff, 0xff, 0xf8, 0x80,
            0x00, 0x00, 0x05, 0x40, 0x02, 0x80, 0x00, 0x80, 0x56, 0xf6, 0x05, 0x8c, 0x77, 0x15,
            0xad, 0x69, 0x7b, 0xc0, 0x05, 0xee, 0xff, 0xac,
        ],
        globals: &[],
        expected: &[
            0x00, 0x00, 0x00, 0x00, 0x00, 0x00, 0x05, 0x40, 0x00, 0x32, 0x40, 0x00, 0xa2, 0xe0,
            0x00, 0x35, 0xa0, 0x00, 0x85, 0x20, 0x00, 0x4d, 0x80, 0x00, 0x56, 0x40, 0x00, 0xd6,
            0x50, 0x00, 0x9e, 0xd0, 0x00, 0xe4, 0x90, 0x00, 0x45, 0xe0, 0x00, 0x6b, 0x40, 0x00,
            0x0a, 0x40, 0x00, 0x9a, 0x00, 0x00, 0x80, 0x00, 0x00,
        ],
    },
    EncodedCase {
        name: "arithmetic-gray-template-1-skip-1",
        width: 19,
        height: 17,
        error_kind: 0,
        data: &[
            0x00, 0x00, 0x00, 0x01, 0x30, 0x01, 0x01, 0x00, 0x00, 0x00, 0x13, 0x00, 0x00, 0x00,
            0x13, 0x00, 0x00, 0x00, 0x11, 0x00, 0x00, 0x00, 0x00, 0x00, 0x00, 0x00, 0x00, 0x63,
            0x00, 0x00, 0x00, 0x00, 0x00, 0x02, 0x10, 0x01, 0x01, 0x00, 0x00, 0x00, 0x0f, 0x02,
            0x03, 0x03, 0x00, 0x00, 0x00, 0x04, 0xc5, 0x21, 0xb5, 0xf1, 0xd6, 0xbf, 0xff, 0xac,
            0x00, 0x00, 0x00, 0x03, 0x17, 0x23, 0x02, 0x01, 0x00, 0x00, 0x00, 0x31, 0x00, 0x00,
            0x00, 0x13, 0x00, 0x00, 0x00, 0x11, 0x00, 0x00, 0x00, 0x00, 0x00, 0x00, 0x00, 0x00,
            0x04, 0x0a, 0x00, 0x00, 0x00, 0x07, 0x00, 0x00, 0x00, 0x05, 0xff, 0xff, 0xf8, 0x80,
            0x00, 0x00, 0x05, 0x40, 0x02, 0x80, 0x00, 0x80, 0x30, 0x55, 0xba, 0x8d, 0x15, 0x6f,
            0x6a, 0x5c, 0xd0, 0xff, 0xac,
        ],
        globals: &[],
        expected: &[
            0x00, 0x00, 0x00, 0x00, 0x00, 0x00, 0x05, 0x40, 0x00, 0x32, 0x40, 0x00, 0xa2, 0xe0,
            0x00, 0x35, 0xa0, 0x00, 0x85, 0x20, 0x00, 0x4d, 0x80, 0x00, 0x56, 0x40, 0x00, 0xd6,
            0x50, 0x00, 0x9e, 0xd0, 0x00, 0xe4, 0x90, 0x00, 0x45, 0xe0, 0x00, 0x6b, 0x40, 0x00,
            0x0a, 0x40, 0x00, 0x9a, 0x00, 0x00, 0x80, 0x00, 0x00,
        ],
    },
    EncodedCase {
        name: "arithmetic-gray-template-2-skip-0",
        width: 19,
        height: 17,
        error_kind: 0,
        data: &[
            0x00, 0x00, 0x00, 0x01, 0x30, 0x01, 0x01, 0x00, 0x00, 0x00, 0x13, 0x00, 0x00, 0x00,
            0x13, 0x00, 0x00, 0x00, 0x11, 0x00, 0x00, 0x00, 0x00, 0x00, 0x00, 0x00, 0x00, 0x63,
            0x00, 0x00, 0x00, 0x00, 0x00, 0x02, 0x10, 0x01, 0x01, 0x00, 0x00, 0x00, 0x0f, 0x04,
            0x03, 0x03, 0x00, 0x00, 0x00, 0x04, 0xc5, 0x21, 0xb5, 0xf1, 0xd6, 0xdb, 0xff, 0xac,
            0x00, 0x00, 0x00, 0x03, 0x17, 0x23, 0x02, 0x01, 0x00, 0x00, 0x00, 0x34, 0x00, 0x00,
            0x00, 0x13, 0x00, 0x00, 0x00, 0x11, 0x00, 0x00, 0x00, 0x00, 0x00, 0x00, 0x00, 0x00,
            0x04, 0x04, 0x00, 0x00, 0x00, 0x07, 0x00, 0x00, 0x00, 0x05, 0xff, 0xff, 0xf8, 0x80,
            0x00, 0x00, 0x05, 0x40, 0x02, 0x80, 0x00, 0x80, 0x57, 0xd6, 0x0a, 0x50, 0x0a, 0xa8,
            0x8a, 0xcc, 0x27, 0x8d, 0x6f, 0x1f, 0xff, 0xac,
        ],
        globals: &[],
        expected: &[
            0x00, 0x00, 0x00, 0x00, 0x00, 0x00, 0x05, 0x40, 0x00, 0x32, 0x40, 0x00, 0xa2, 0xe0,
            0x00, 0x35, 0xa0, 0x00, 0x85, 0x20, 0x00, 0x4d, 0x80, 0x00, 0x56, 0x40, 0x00, 0xd6,
            0x50, 0x00, 0x9e, 0xd0, 0x00, 0xe4, 0x90, 0x00, 0x45, 0xe0, 0x00, 0x6b, 0x40, 0x00,
            0x0a, 0x40, 0x00, 0x9a, 0x00, 0x00, 0x80, 0x00, 0x00,
        ],
    },
    EncodedCase {
        name: "arithmetic-gray-template-2-skip-1",
        width: 19,
        height: 17,
        error_kind: 0,
        data: &[
            0x00, 0x00, 0x00, 0x01, 0x30, 0x01, 0x01, 0x00, 0x00, 0x00, 0x13, 0x00, 0x00, 0x00,
            0x13, 0x00, 0x00, 0x00, 0x11, 0x00, 0x00, 0x00, 0x00, 0x00, 0x00, 0x00, 0x00, 0x63,
            0x00, 0x00, 0x00, 0x00, 0x00, 0x02, 0x10, 0x01, 0x01, 0x00, 0x00, 0x00, 0x0f, 0x04,
            0x03, 0x03, 0x00, 0x00, 0x00, 0x04, 0xc5, 0x21, 0xb5, 0xf1, 0xd6, 0xdb, 0xff, 0xac,
            0x00, 0x00, 0x00, 0x03, 0x17, 0x23, 0x02, 0x01, 0x00, 0x00, 0x00, 0x31, 0x00, 0x00,
            0x00, 0x13, 0x00, 0x00, 0x00, 0x11, 0x00, 0x00, 0x00, 0x00, 0x00, 0x00, 0x00, 0x00,
            0x04, 0x0c, 0x00, 0x00, 0x00, 0x07, 0x00, 0x00, 0x00, 0x05, 0xff, 0xff, 0xf8, 0x80,
            0x00, 0x00, 0x05, 0x40, 0x02, 0x80, 0x00, 0x80, 0x30, 0x55, 0xba, 0x8d, 0x15, 0x6f,
            0x6a, 0x1f, 0x3f, 0xff, 0xac,
        ],
        globals: &[],
        expected: &[
            0x00, 0x00, 0x00, 0x00, 0x00, 0x00, 0x05, 0x40, 0x00, 0x32, 0x40, 0x00, 0xa2, 0xe0,
            0x00, 0x35, 0xa0, 0x00, 0x85, 0x20, 0x00, 0x4d, 0x80, 0x00, 0x56, 0x40, 0x00, 0xd6,
            0x50, 0x00, 0x9e, 0xd0, 0x00, 0xe4, 0x90, 0x00, 0x45, 0xe0, 0x00, 0x6b, 0x40, 0x00,
            0x0a, 0x40, 0x00, 0x9a, 0x00, 0x00, 0x80, 0x00, 0x00,
        ],
    },
    EncodedCase {
        name: "arithmetic-gray-template-3-skip-0",
        width: 19,
        height: 17,
        error_kind: 0,
        data: &[
            0x00, 0x00, 0x00, 0x01, 0x30, 0x01, 0x01, 0x00, 0x00, 0x00, 0x13, 0x00, 0x00, 0x00,
            0x13, 0x00, 0x00, 0x00, 0x11, 0x00, 0x00, 0x00, 0x00, 0x00, 0x00, 0x00, 0x00, 0x63,
            0x00, 0x00, 0x00, 0x00, 0x00, 0x02, 0x10, 0x01, 0x01, 0x00, 0x00, 0x00, 0x0f, 0x06,
            0x03, 0x03, 0x00, 0x00, 0x00, 0x04, 0xc7, 0x5d, 0xed, 0xdf, 0xd8, 0x8b, 0xff, 0xac,
            0x00, 0x00, 0x00, 0x03, 0x17, 0x23, 0x02, 0x01, 0x00, 0x00, 0x00, 0x34, 0x00, 0x00,
            0x00, 0x13, 0x00, 0x00, 0x00, 0x11, 0x00, 0x00, 0x00, 0x00, 0x00, 0x00, 0x00, 0x00,
            0x04, 0x06, 0x00, 0x00, 0x00, 0x07, 0x00, 0x00, 0x00, 0x05, 0xff, 0xff, 0xf8, 0x80,
            0x00, 0x00, 0x05, 0x40, 0x02, 0x80, 0x00, 0x80, 0x57, 0xd4, 0x03, 0xde, 0x7e, 0x93,
            0x00, 0xb3, 0xb3, 0xc4, 0xfe, 0x7f, 0xff, 0xac,
        ],
        globals: &[],
        expected: &[
            0x00, 0x00, 0x00, 0x00, 0x00, 0x00, 0x05, 0x40, 0x00, 0x32, 0x40, 0x00, 0xa2, 0xe0,
            0x00, 0x35, 0xa0, 0x00, 0x85, 0x20, 0x00, 0x4d, 0x80, 0x00, 0x56, 0x40, 0x00, 0xd6,
            0x50, 0x00, 0x9e, 0xd0, 0x00, 0xe4, 0x90, 0x00, 0x45, 0xe0, 0x00, 0x6b, 0x40, 0x00,
            0x0a, 0x40, 0x00, 0x9a, 0x00, 0x00, 0x80, 0x00, 0x00,
        ],
    },
    EncodedCase {
        name: "arithmetic-gray-template-3-skip-1",
        width: 19,
        height: 17,
        error_kind: 0,
        data: &[
            0x00, 0x00, 0x00, 0x01, 0x30, 0x01, 0x01, 0x00, 0x00, 0x00, 0x13, 0x00, 0x00, 0x00,
            0x13, 0x00, 0x00, 0x00, 0x11, 0x00, 0x00, 0x00, 0x00, 0x00, 0x00, 0x00, 0x00, 0x63,
            0x00, 0x00, 0x00, 0x00, 0x00, 0x02, 0x10, 0x01, 0x01, 0x00, 0x00, 0x00, 0x0f, 0x06,
            0x03, 0x03, 0x00, 0x00, 0x00, 0x04, 0xc7, 0x5d, 0xed, 0xdf, 0xd8, 0x8b, 0xff, 0xac,
            0x00, 0x00, 0x00, 0x03, 0x17, 0x23, 0x02, 0x01, 0x00, 0x00, 0x00, 0x30, 0x00, 0x00,
            0x00, 0x13, 0x00, 0x00, 0x00, 0x11, 0x00, 0x00, 0x00, 0x00, 0x00, 0x00, 0x00, 0x00,
            0x04, 0x0e, 0x00, 0x00, 0x00, 0x07, 0x00, 0x00, 0x00, 0x05, 0xff, 0xff, 0xf8, 0x80,
            0x00, 0x00, 0x05, 0x40, 0x02, 0x80, 0x00, 0x80, 0x30, 0x55, 0x41, 0xb4, 0xf7, 0xe7,
            0x13, 0xc7, 0xff, 0xac,
        ],
        globals: &[],
        expected: &[
            0x00, 0x00, 0x00, 0x00, 0x00, 0x00, 0x05, 0x40, 0x00, 0x32, 0x40, 0x00, 0xa2, 0xe0,
            0x00, 0x35, 0xa0, 0x00, 0x85, 0x20, 0x00, 0x4d, 0x80, 0x00, 0x56, 0x40, 0x00, 0xd6,
            0x50, 0x00, 0x9e, 0xd0, 0x00, 0xe4, 0x90, 0x00, 0x45, 0xe0, 0x00, 0x6b, 0x40, 0x00,
            0x0a, 0x40, 0x00, 0x9a, 0x00, 0x00, 0x80, 0x00, 0x00,
        ],
    },
    EncodedCase {
        name: "mmr-gray-3-patterns",
        width: 29,
        height: 11,
        error_kind: 0,
        data: &[
            0x00, 0x00, 0x00, 0x01, 0x30, 0x01, 0x01, 0x00, 0x00, 0x00, 0x13, 0x00, 0x00, 0x00,
            0x1d, 0x00, 0x00, 0x00, 0x0b, 0x00, 0x00, 0x00, 0x00, 0x00, 0x00, 0x00, 0x00, 0x63,
            0x00, 0x00, 0x00, 0x00, 0x00, 0x02, 0x10, 0x01, 0x01, 0x00, 0x00, 0x00, 0x13, 0x01,
            0x03, 0x03, 0x00, 0x00, 0x00, 0x02, 0x26, 0xa8, 0xba, 0x23, 0xea, 0xc2, 0x1f, 0xd2,
            0xc0, 0x04, 0x00, 0x40, 0x00, 0x00, 0x00, 0x03, 0x17, 0x23, 0x02, 0x01, 0x00, 0x00,
            0x00, 0x42, 0x00, 0x00, 0x00, 0x1d, 0x00, 0x00, 0x00, 0x0b, 0x00, 0x00, 0x00, 0x00,
            0x00, 0x00, 0x00, 0x00, 0x04, 0x01, 0x00, 0x00, 0x00, 0x09, 0x00, 0x00, 0x00, 0x03,
            0x00, 0x00, 0x00, 0x00, 0x00, 0x00, 0x00, 0x00, 0x03, 0x00, 0x00, 0x00, 0x2e, 0x8b,
            0xa5, 0x08, 0x26, 0x13, 0x09, 0xb0, 0x98, 0x4d, 0x40, 0x04, 0x00, 0x40, 0x23, 0xe4,
            0x7c, 0x2a, 0x08, 0x26, 0x13, 0x5b, 0x09, 0x84, 0xe0, 0x02, 0x00, 0x20,
        ],
        globals: &[],
        expected: &[
            0x96, 0xcb, 0x65, 0xa0, 0x46, 0xa3, 0x51, 0xa0, 0x4c, 0xa6, 0x53, 0x20, 0xb2, 0xd9,
            0x6c, 0xa0, 0xa8, 0xd4, 0x6a, 0x20, 0x29, 0x94, 0xca, 0x60, 0xb6, 0x5b, 0x2d, 0x80,
            0x35, 0x1a, 0x8d, 0x40, 0x65, 0x32, 0x99, 0x40, 0x00, 0x00, 0x00, 0x00, 0x00, 0x00,
            0x00, 0x00,
        ],
    },
    EncodedCase {
        name: "mmr-gray-5-patterns",
        width: 29,
        height: 11,
        error_kind: 0,
        data: &[
            0x00, 0x00, 0x00, 0x01, 0x30, 0x01, 0x01, 0x00, 0x00, 0x00, 0x13, 0x00, 0x00, 0x00,
            0x1d, 0x00, 0x00, 0x00, 0x0b, 0x00, 0x00, 0x00, 0x00, 0x00, 0x00, 0x00, 0x00, 0x63,
            0x00, 0x00, 0x00, 0x00, 0x00, 0x02, 0x10, 0x01, 0x01, 0x00, 0x00, 0x00, 0x18, 0x01,
            0x03, 0x03, 0x00, 0x00, 0x00, 0x04, 0x26, 0xa8, 0xba, 0x23, 0xe4, 0x74, 0x5d, 0x04,
            0xac, 0x21, 0xee, 0xfa, 0x55, 0xc0, 0x04, 0x00, 0x40, 0x00, 0x00, 0x00, 0x03, 0x17,
            0x23, 0x02, 0x01, 0x00, 0x00, 0x00, 0x49, 0x00, 0x00, 0x00, 0x1d, 0x00, 0x00, 0x00,
            0x0b, 0x00, 0x00, 0x00, 0x00, 0x00, 0x00, 0x00, 0x00, 0x04, 0x01, 0x00, 0x00, 0x00,
            0x09, 0x00, 0x00, 0x00, 0x03, 0x00, 0x00, 0x00, 0x00, 0x00, 0x00, 0x00, 0x00, 0x03,
            0x00, 0x00, 0x00, 0x36, 0xa1, 0x04, 0x21, 0x28, 0x41, 0x08, 0x41, 0x0c, 0x00, 0x40,
            0x04, 0x2f, 0x05, 0x08, 0x20, 0x96, 0x10, 0x41, 0x28, 0x00, 0x80, 0x08, 0x23, 0xe0,
            0x95, 0x04, 0x10, 0x51, 0x08, 0x20, 0xa0, 0x02, 0x00, 0x20,
        ],
        globals: &[],
        expected: &[
            0x96, 0x95, 0x2d, 0x20, 0x46, 0xd8, 0x8d, 0xa0, 0x4c, 0x98, 0x99, 0x20, 0xa5, 0x4b,
            0x4a, 0x80, 0xb6, 0x23, 0x6c, 0x40, 0x26, 0x26, 0x4c, 0x40, 0x52, 0xd2, 0xa5, 0xa0,
            0x88, 0xdb, 0x11, 0xa0, 0x89, 0x93, 0x13, 0x20, 0x00, 0x00, 0x00, 0x00, 0x00, 0x00,
            0x00, 0x00,
        ],
    },
    EncodedCase {
        name: "mmr-gray-16-patterns",
        width: 29,
        height: 11,
        error_kind: 0,
        data: &[
            0x00, 0x00, 0x00, 0x01, 0x30, 0x01, 0x01, 0x00, 0x00, 0x00, 0x13, 0x00, 0x00, 0x00,
            0x1d, 0x00, 0x00, 0x00, 0x0b, 0x00, 0x00, 0x00, 0x00, 0x00, 0x00, 0x00, 0x00, 0x63,
            0x00, 0x00, 0x00, 0x00, 0x00, 0x02, 0x10, 0x01, 0x01, 0x00, 0x00, 0x00, 0x33, 0x01,
            0x03, 0x03, 0x00, 0x00, 0x00, 0x0f, 0x26, 0xa8, 0xba, 0x23, 0xe4, 0x74, 0x5d, 0x11,
            0xd1, 0x74, 0x5d, 0x11, 0xd1, 0x74, 0x47, 0xc8, 0xe8, 0xba, 0x23, 0xa2, 0xe8, 0xba,
            0x23, 0xa0, 0x41, 0x2b, 0x08, 0x7b, 0xbf, 0x61, 0x0f, 0x77, 0xec, 0x21, 0xf4, 0xab,
            0x49, 0x74, 0xab, 0x49, 0x75, 0x00, 0x10, 0x01, 0x00, 0x00, 0x00, 0x03, 0x17, 0x23,
            0x02, 0x01, 0x00, 0x00, 0x00, 0x48, 0x00, 0x00, 0x00, 0x1d, 0x00, 0x00, 0x00, 0x0b,
            0x00, 0x00, 0x00, 0x00, 0x00, 0x00, 0x00, 0x00, 0x04, 0x01, 0x00, 0x00, 0x00, 0x09,
            0x00, 0x00, 0x00, 0x03, 0x00, 0x00, 0x00, 0x00, 0x00, 0x00, 0x00, 0x00, 0x03, 0x00,
            0x00, 0x00, 0x50, 0xa1, 0x40, 0x04, 0x00, 0x40, 0x36, 0x61, 0x42, 0x50, 0x01, 0x00,
            0x10, 0x2e, 0xe1, 0x04, 0xb0, 0x82, 0x80, 0x08, 0x00, 0x80, 0x23, 0xe5, 0xfa, 0x08,
            0x20, 0x82, 0xb0, 0x82, 0x0a, 0x00, 0x20, 0x02,
        ],
        globals: &[],
        expected: &[
            0x96, 0x94, 0x94, 0xa0, 0x46, 0xd8, 0x92, 0x20, 0x4c, 0x99, 0x32, 0x60, 0xa5, 0x25,
            0x2d, 0x20, 0xb6, 0x24, 0x8d, 0xa0, 0x26, 0x4c, 0x99, 0x20, 0x49, 0x4b, 0x4a, 0x40,
            0x89, 0x23, 0x6c, 0x40, 0x93, 0x26, 0x4c, 0x80, 0x00, 0x00, 0x00, 0x00, 0x00, 0x00,
            0x00, 0x00,
        ],
    },
    EncodedCase {
        name: "global-arithmetic-width-128-template-0",
        width: 261,
        height: 7,
        error_kind: 0,
        data: &[
            0x00, 0x00, 0x00, 0x01, 0x30, 0x01, 0x01, 0x00, 0x00, 0x00, 0x13, 0x00, 0x00, 0x01,
            0x05, 0x00, 0x00, 0x00, 0x07, 0x00, 0x00, 0x00, 0x00, 0x00, 0x00, 0x00, 0x00, 0x63,
            0x00, 0x00, 0x00, 0x00, 0x00, 0x03, 0x17, 0x23, 0x00, 0x01, 0x00, 0x00, 0x00, 0x29,
            0x00, 0x00, 0x01, 0x05, 0x00, 0x00, 0x00, 0x07, 0x00, 0x00, 0x00, 0x00, 0x00, 0x00,
            0x00, 0x00, 0x04, 0x00, 0x00, 0x00, 0x00, 0x02, 0x00, 0x00, 0x00, 0x01, 0x00, 0x00,
            0x00, 0x00, 0x00, 0x00, 0x00, 0x00, 0x80, 0x00, 0x00, 0x00, 0x1f, 0xff, 0xac,
        ],
        globals: &[
            0x00, 0x00, 0x00, 0x00, 0x10, 0x01, 0x00, 0x00, 0x00, 0x00, 0x28, 0x00, 0x80, 0x03,
            0x00, 0x00, 0x00, 0x01, 0xc7, 0xb0, 0x7a, 0x63, 0xcb, 0xe5, 0x3c, 0xff, 0x31, 0xc1,
            0x53, 0x56, 0xda, 0x76, 0x5e, 0x0c, 0x1b, 0x39, 0xab, 0xf9, 0x73, 0xe8, 0x5f, 0xb8,
            0xfb, 0x66, 0xfc, 0x91, 0x68, 0x6c, 0xfb, 0xff, 0xac,
        ],
        expected: &[
            0x95, 0x2a, 0x54, 0xa9, 0x52, 0xa5, 0x4a, 0x95, 0x2a, 0x54, 0xa9, 0x52, 0xa5, 0x4a,
            0x95, 0x2a, 0xa5, 0x4a, 0x95, 0x2a, 0x54, 0xa9, 0x52, 0xa5, 0x4a, 0x95, 0x2a, 0x54,
            0xa9, 0x52, 0xa5, 0x4a, 0x00, 0x4a, 0x95, 0x2a, 0x54, 0xa9, 0x52, 0xa5, 0x4a, 0x95,
            0x2a, 0x54, 0xa9, 0x52, 0xa5, 0x4a, 0x95, 0x2a, 0x54, 0xa9, 0x52, 0xa5, 0x4a, 0x95,
            0x2a, 0x54, 0xa9, 0x52, 0xa5, 0x4a, 0x95, 0x2a, 0x54, 0x00, 0x4c, 0x99, 0x32, 0x64,
            0xc9, 0x93, 0x26, 0x4c, 0x99, 0x32, 0x64, 0xc9, 0x93, 0x26, 0x4c, 0x99, 0x64, 0xc9,
            0x93, 0x26, 0x4c, 0x99, 0x32, 0x64, 0xc9, 0x93, 0x26, 0x4c, 0x99, 0x32, 0x64, 0xc9,
            0x00, 0x00, 0x00, 0x00, 0x00, 0x00, 0x00, 0x00, 0x00, 0x00, 0x00, 0x00, 0x00, 0x00,
            0x00, 0x00, 0x00, 0x00, 0x00, 0x00, 0x00, 0x00, 0x00, 0x00, 0x00, 0x00, 0x00, 0x00,
            0x00, 0x00, 0x00, 0x00, 0x00, 0x00, 0x00, 0x00, 0x00, 0x00, 0x00, 0x00, 0x00, 0x00,
            0x00, 0x00, 0x00, 0x00, 0x00, 0x00, 0x00, 0x00, 0x00, 0x00, 0x00, 0x00, 0x00, 0x00,
            0x00, 0x00, 0x00, 0x00, 0x00, 0x00, 0x00, 0x00, 0x00, 0x00, 0x00, 0x00, 0x00, 0x00,
            0x00, 0x00, 0x00, 0x00, 0x00, 0x00, 0x00, 0x00, 0x00, 0x00, 0x00, 0x00, 0x00, 0x00,
            0x00, 0x00, 0x00, 0x00, 0x00, 0x00, 0x00, 0x00, 0x00, 0x00, 0x00, 0x00, 0x00, 0x00,
            0x00, 0x00, 0x00, 0x00, 0x00, 0x00, 0x00, 0x00, 0x00, 0x00, 0x00, 0x00, 0x00, 0x00,
            0x00, 0x00, 0x00, 0x00, 0x00, 0x00, 0x00, 0x00, 0x00, 0x00, 0x00, 0x00, 0x00, 0x00,
            0x00, 0x00, 0x00, 0x00, 0x00, 0x00, 0x00,
        ],
    },
    EncodedCase {
        name: "global-arithmetic-width-128-template-1",
        width: 261,
        height: 7,
        error_kind: 0,
        data: &[
            0x00, 0x00, 0x00, 0x01, 0x30, 0x01, 0x01, 0x00, 0x00, 0x00, 0x13, 0x00, 0x00, 0x01,
            0x05, 0x00, 0x00, 0x00, 0x07, 0x00, 0x00, 0x00, 0x00, 0x00, 0x00, 0x00, 0x00, 0x63,
            0x00, 0x00, 0x00, 0x00, 0x00, 0x03, 0x17, 0x23, 0x00, 0x01, 0x00, 0x00, 0x00, 0x29,
            0x00, 0x00, 0x01, 0x05, 0x00, 0x00, 0x00, 0x07, 0x00, 0x00, 0x00, 0x00, 0x00, 0x00,
            0x00, 0x00, 0x04, 0x02, 0x00, 0x00, 0x00, 0x02, 0x00, 0x00, 0x00, 0x01, 0x00, 0x00,
            0x00, 0x00, 0x00, 0x00, 0x00, 0x00, 0x80, 0x00, 0x00, 0x00, 0x1f, 0xff, 0xac,
        ],
        globals: &[
            0x00, 0x00, 0x00, 0x00, 0x10, 0x01, 0x00, 0x00, 0x00, 0x00, 0x2b, 0x02, 0x80, 0x03,
            0x00, 0x00, 0x00, 0x01, 0xc5, 0x93, 0xbf, 0x59, 0x69, 0xb8, 0xff, 0x80, 0x26, 0x0b,
            0x11, 0xb8, 0x3a, 0x53, 0xc5, 0x27, 0x13, 0x57, 0xf3, 0x54, 0x39, 0x65, 0x4e, 0xb2,
            0x49, 0x24, 0x7e, 0x71, 0xac, 0xdf, 0x28, 0x9c, 0x1b, 0x3d, 0xff, 0xac,
        ],
        expected: &[
            0x95, 0x2a, 0x54, 0xa9, 0x52, 0xa5, 0x4a, 0x95, 0x2a, 0x54, 0xa9, 0x52, 0xa5, 0x4a,
            0x95, 0x2a, 0xa5, 0x4a, 0x95, 0x2a, 0x54, 0xa9, 0x52, 0xa5, 0x4a, 0x95, 0x2a, 0x54,
            0xa9, 0x52, 0xa5, 0x4a, 0x00, 0x4a, 0x95, 0x2a, 0x54, 0xa9, 0x52, 0xa5, 0x4a, 0x95,
            0x2a, 0x54, 0xa9, 0x52, 0xa5, 0x4a, 0x95, 0x2a, 0x54, 0xa9, 0x52, 0xa5, 0x4a, 0x95,
            0x2a, 0x54, 0xa9, 0x52, 0xa5, 0x4a, 0x95, 0x2a, 0x54, 0x00, 0x4c, 0x99, 0x32, 0x64,
            0xc9, 0x93, 0x26, 0x4c, 0x99, 0x32, 0x64, 0xc9, 0x93, 0x26, 0x4c, 0x99, 0x64, 0xc9,
            0x93, 0x26, 0x4c, 0x99, 0x32, 0x64, 0xc9, 0x93, 0x26, 0x4c, 0x99, 0x32, 0x64, 0xc9,
            0x00, 0x00, 0x00, 0x00, 0x00, 0x00, 0x00, 0x00, 0x00, 0x00, 0x00, 0x00, 0x00, 0x00,
            0x00, 0x00, 0x00, 0x00, 0x00, 0x00, 0x00, 0x00, 0x00, 0x00, 0x00, 0x00, 0x00, 0x00,
            0x00, 0x00, 0x00, 0x00, 0x00, 0x00, 0x00, 0x00, 0x00, 0x00, 0x00, 0x00, 0x00, 0x00,
            0x00, 0x00, 0x00, 0x00, 0x00, 0x00, 0x00, 0x00, 0x00, 0x00, 0x00, 0x00, 0x00, 0x00,
            0x00, 0x00, 0x00, 0x00, 0x00, 0x00, 0x00, 0x00, 0x00, 0x00, 0x00, 0x00, 0x00, 0x00,
            0x00, 0x00, 0x00, 0x00, 0x00, 0x00, 0x00, 0x00, 0x00, 0x00, 0x00, 0x00, 0x00, 0x00,
            0x00, 0x00, 0x00, 0x00, 0x00, 0x00, 0x00, 0x00, 0x00, 0x00, 0x00, 0x00, 0x00, 0x00,
            0x00, 0x00, 0x00, 0x00, 0x00, 0x00, 0x00, 0x00, 0x00, 0x00, 0x00, 0x00, 0x00, 0x00,
            0x00, 0x00, 0x00, 0x00, 0x00, 0x00, 0x00, 0x00, 0x00, 0x00, 0x00, 0x00, 0x00, 0x00,
            0x00, 0x00, 0x00, 0x00, 0x00, 0x00, 0x00,
        ],
    },
    EncodedCase {
        name: "global-arithmetic-width-128-template-2",
        width: 261,
        height: 7,
        error_kind: 0,
        data: &[
            0x00, 0x00, 0x00, 0x01, 0x30, 0x01, 0x01, 0x00, 0x00, 0x00, 0x13, 0x00, 0x00, 0x01,
            0x05, 0x00, 0x00, 0x00, 0x07, 0x00, 0x00, 0x00, 0x00, 0x00, 0x00, 0x00, 0x00, 0x63,
            0x00, 0x00, 0x00, 0x00, 0x00, 0x03, 0x17, 0x23, 0x00, 0x01, 0x00, 0x00, 0x00, 0x29,
            0x00, 0x00, 0x01, 0x05, 0x00, 0x00, 0x00, 0x07, 0x00, 0x00, 0x00, 0x00, 0x00, 0x00,
            0x00, 0x00, 0x04, 0x04, 0x00, 0x00, 0x00, 0x02, 0x00, 0x00, 0x00, 0x01, 0x00, 0x00,
            0x00, 0x00, 0x00, 0x00, 0x00, 0x00, 0x80, 0x00, 0x00, 0x00, 0x1f, 0xff, 0xac,
        ],
        globals: &[
            0x00, 0x00, 0x00, 0x00, 0x10, 0x01, 0x00, 0x00, 0x00, 0x00, 0x2a, 0x04, 0x80, 0x03,
            0x00, 0x00, 0x00, 0x01, 0xcd, 0xf5, 0x1f, 0x81, 0x1a, 0x7f, 0xff, 0x82, 0x60, 0xb1,
            0x1b, 0x7e, 0x1c, 0xda, 0xf7, 0x02, 0x35, 0x70, 0x50, 0x51, 0x8a, 0x67, 0xa0, 0x66,
            0x8e, 0xe5, 0xc8, 0x66, 0xf9, 0xf1, 0x9c, 0xdb, 0xe7, 0xff, 0xac,
        ],
        expected: &[
            0x95, 0x2a, 0x54, 0xa9, 0x52, 0xa5, 0x4a, 0x95, 0x2a, 0x54, 0xa9, 0x52, 0xa5, 0x4a,
            0x95, 0x2a, 0xa5, 0x4a, 0x95, 0x2a, 0x54, 0xa9, 0x52, 0xa5, 0x4a, 0x95, 0x2a, 0x54,
            0xa9, 0x52, 0xa5, 0x4a, 0x00, 0x4a, 0x95, 0x2a, 0x54, 0xa9, 0x52, 0xa5, 0x4a, 0x95,
            0x2a, 0x54, 0xa9, 0x52, 0xa5, 0x4a, 0x95, 0x2a, 0x54, 0xa9, 0x52, 0xa5, 0x4a, 0x95,
            0x2a, 0x54, 0xa9, 0x52, 0xa5, 0x4a, 0x95, 0x2a, 0x54, 0x00, 0x4c, 0x99, 0x32, 0x64,
            0xc9, 0x93, 0x26, 0x4c, 0x99, 0x32, 0x64, 0xc9, 0x93, 0x26, 0x4c, 0x99, 0x64, 0xc9,
            0x93, 0x26, 0x4c, 0x99, 0x32, 0x64, 0xc9, 0x93, 0x26, 0x4c, 0x99, 0x32, 0x64, 0xc9,
            0x00, 0x00, 0x00, 0x00, 0x00, 0x00, 0x00, 0x00, 0x00, 0x00, 0x00, 0x00, 0x00, 0x00,
            0x00, 0x00, 0x00, 0x00, 0x00, 0x00, 0x00, 0x00, 0x00, 0x00, 0x00, 0x00, 0x00, 0x00,
            0x00, 0x00, 0x00, 0x00, 0x00, 0x00, 0x00, 0x00, 0x00, 0x00, 0x00, 0x00, 0x00, 0x00,
            0x00, 0x00, 0x00, 0x00, 0x00, 0x00, 0x00, 0x00, 0x00, 0x00, 0x00, 0x00, 0x00, 0x00,
            0x00, 0x00, 0x00, 0x00, 0x00, 0x00, 0x00, 0x00, 0x00, 0x00, 0x00, 0x00, 0x00, 0x00,
            0x00, 0x00, 0x00, 0x00, 0x00, 0x00, 0x00, 0x00, 0x00, 0x00, 0x00, 0x00, 0x00, 0x00,
            0x00, 0x00, 0x00, 0x00, 0x00, 0x00, 0x00, 0x00, 0x00, 0x00, 0x00, 0x00, 0x00, 0x00,
            0x00, 0x00, 0x00, 0x00, 0x00, 0x00, 0x00, 0x00, 0x00, 0x00, 0x00, 0x00, 0x00, 0x00,
            0x00, 0x00, 0x00, 0x00, 0x00, 0x00, 0x00, 0x00, 0x00, 0x00, 0x00, 0x00, 0x00, 0x00,
            0x00, 0x00, 0x00, 0x00, 0x00, 0x00, 0x00,
        ],
    },
    EncodedCase {
        name: "global-arithmetic-width-128-template-3",
        width: 261,
        height: 7,
        error_kind: 0,
        data: &[
            0x00, 0x00, 0x00, 0x01, 0x30, 0x01, 0x01, 0x00, 0x00, 0x00, 0x13, 0x00, 0x00, 0x01,
            0x05, 0x00, 0x00, 0x00, 0x07, 0x00, 0x00, 0x00, 0x00, 0x00, 0x00, 0x00, 0x00, 0x63,
            0x00, 0x00, 0x00, 0x00, 0x00, 0x03, 0x17, 0x23, 0x00, 0x01, 0x00, 0x00, 0x00, 0x29,
            0x00, 0x00, 0x01, 0x05, 0x00, 0x00, 0x00, 0x07, 0x00, 0x00, 0x00, 0x00, 0x00, 0x00,
            0x00, 0x00, 0x04, 0x06, 0x00, 0x00, 0x00, 0x02, 0x00, 0x00, 0x00, 0x01, 0x00, 0x00,
            0x00, 0x00, 0x00, 0x00, 0x00, 0x00, 0x80, 0x00, 0x00, 0x00, 0x1f, 0xff, 0xac,
        ],
        globals: &[
            0x00, 0x00, 0x00, 0x00, 0x10, 0x01, 0x00, 0x00, 0x00, 0x00, 0x27, 0x06, 0x80, 0x03,
            0x00, 0x00, 0x00, 0x01, 0xc7, 0xb0, 0x7a, 0x63, 0xcb, 0xe5, 0x3c, 0xff, 0x31, 0xc1,
            0x53, 0x56, 0xda, 0x76, 0x5e, 0x0c, 0x1b, 0x39, 0xab, 0xfe, 0xc4, 0x69, 0x5e, 0x64,
            0x42, 0xd7, 0x83, 0xaa, 0x22, 0x9c, 0xff, 0xac,
        ],
        expected: &[
            0x95, 0x2a, 0x54, 0xa9, 0x52, 0xa5, 0x4a, 0x95, 0x2a, 0x54, 0xa9, 0x52, 0xa5, 0x4a,
            0x95, 0x2a, 0xa5, 0x4a, 0x95, 0x2a, 0x54, 0xa9, 0x52, 0xa5, 0x4a, 0x95, 0x2a, 0x54,
            0xa9, 0x52, 0xa5, 0x4a, 0x00, 0x4a, 0x95, 0x2a, 0x54, 0xa9, 0x52, 0xa5, 0x4a, 0x95,
            0x2a, 0x54, 0xa9, 0x52, 0xa5, 0x4a, 0x95, 0x2a, 0x54, 0xa9, 0x52, 0xa5, 0x4a, 0x95,
            0x2a, 0x54, 0xa9, 0x52, 0xa5, 0x4a, 0x95, 0x2a, 0x54, 0x00, 0x4c, 0x99, 0x32, 0x64,
            0xc9, 0x93, 0x26, 0x4c, 0x99, 0x32, 0x64, 0xc9, 0x93, 0x26, 0x4c, 0x99, 0x64, 0xc9,
            0x93, 0x26, 0x4c, 0x99, 0x32, 0x64, 0xc9, 0x93, 0x26, 0x4c, 0x99, 0x32, 0x64, 0xc9,
            0x00, 0x00, 0x00, 0x00, 0x00, 0x00, 0x00, 0x00, 0x00, 0x00, 0x00, 0x00, 0x00, 0x00,
            0x00, 0x00, 0x00, 0x00, 0x00, 0x00, 0x00, 0x00, 0x00, 0x00, 0x00, 0x00, 0x00, 0x00,
            0x00, 0x00, 0x00, 0x00, 0x00, 0x00, 0x00, 0x00, 0x00, 0x00, 0x00, 0x00, 0x00, 0x00,
            0x00, 0x00, 0x00, 0x00, 0x00, 0x00, 0x00, 0x00, 0x00, 0x00, 0x00, 0x00, 0x00, 0x00,
            0x00, 0x00, 0x00, 0x00, 0x00, 0x00, 0x00, 0x00, 0x00, 0x00, 0x00, 0x00, 0x00, 0x00,
            0x00, 0x00, 0x00, 0x00, 0x00, 0x00, 0x00, 0x00, 0x00, 0x00, 0x00, 0x00, 0x00, 0x00,
            0x00, 0x00, 0x00, 0x00, 0x00, 0x00, 0x00, 0x00, 0x00, 0x00, 0x00, 0x00, 0x00, 0x00,
            0x00, 0x00, 0x00, 0x00, 0x00, 0x00, 0x00, 0x00, 0x00, 0x00, 0x00, 0x00, 0x00, 0x00,
            0x00, 0x00, 0x00, 0x00, 0x00, 0x00, 0x00, 0x00, 0x00, 0x00, 0x00, 0x00, 0x00, 0x00,
            0x00, 0x00, 0x00, 0x00, 0x00, 0x00, 0x00,
        ],
    },
    EncodedCase {
        name: "extreme-grid-negative",
        width: 19,
        height: 11,
        error_kind: 0,
        data: &[
            0x00, 0x00, 0x00, 0x01, 0x30, 0x01, 0x01, 0x00, 0x00, 0x00, 0x13, 0x00, 0x00, 0x00,
            0x13, 0x00, 0x00, 0x00, 0x0b, 0x00, 0x00, 0x00, 0x00, 0x00, 0x00, 0x00, 0x00, 0x67,
            0x00, 0x00, 0x00, 0x00, 0x00, 0x02, 0x10, 0x01, 0x01, 0x00, 0x00, 0x00, 0x11, 0x01,
            0x03, 0x03, 0x00, 0x00, 0x00, 0x01, 0x26, 0xa8, 0x10, 0x4a, 0xc2, 0x1f, 0x50, 0x01,
            0x00, 0x10, 0x00, 0x00, 0x00, 0x03, 0x17, 0x23, 0x02, 0x01, 0x00, 0x00, 0x00, 0x2d,
            0x00, 0x00, 0x00, 0x13, 0x00, 0x00, 0x00, 0x0b, 0x00, 0x00, 0x00, 0x00, 0x00, 0x00,
            0x00, 0x00, 0x04, 0x91, 0x00, 0x00, 0x00, 0x04, 0x00, 0x00, 0x00, 0x03, 0x80, 0x00,
            0x00, 0x00, 0x80, 0x00, 0x00, 0x00, 0xff, 0xff, 0xff, 0xff, 0x04, 0x12, 0xff, 0x80,
            0x08, 0x00, 0x80,
        ],
        globals: &[],
        expected: &[
            0xff, 0xff, 0xe0, 0xff, 0xff, 0xe0, 0xff, 0xff, 0xe0, 0xff, 0xff, 0xe0, 0xff, 0xff,
            0xe0, 0xff, 0xff, 0xe0, 0xff, 0xff, 0xe0, 0xff, 0xff, 0xe0, 0xff, 0xff, 0xe0, 0xff,
            0xff, 0xe0, 0xff, 0xff, 0xe0,
        ],
    },
    EncodedCase {
        name: "extreme-grid-positive",
        width: 19,
        height: 11,
        error_kind: 0,
        data: &[
            0x00, 0x00, 0x00, 0x01, 0x30, 0x01, 0x01, 0x00, 0x00, 0x00, 0x13, 0x00, 0x00, 0x00,
            0x13, 0x00, 0x00, 0x00, 0x0b, 0x00, 0x00, 0x00, 0x00, 0x00, 0x00, 0x00, 0x00, 0x67,
            0x00, 0x00, 0x00, 0x00, 0x00, 0x02, 0x10, 0x01, 0x01, 0x00, 0x00, 0x00, 0x11, 0x01,
            0x03, 0x03, 0x00, 0x00, 0x00, 0x01, 0x26, 0xa8, 0x10, 0x4a, 0xc2, 0x1f, 0x50, 0x01,
            0x00, 0x10, 0x00, 0x00, 0x00, 0x03, 0x17, 0x23, 0x02, 0x01, 0x00, 0x00, 0x00, 0x2d,
            0x00, 0x00, 0x00, 0x13, 0x00, 0x00, 0x00, 0x0b, 0x00, 0x00, 0x00, 0x00, 0x00, 0x00,
            0x00, 0x00, 0x04, 0x91, 0x00, 0x00, 0x00, 0x04, 0x00, 0x00, 0x00, 0x03, 0x7f, 0xff,
            0xff, 0xff, 0x7f, 0xff, 0xff, 0xff, 0xff, 0xff, 0xff, 0xff, 0x04, 0x12, 0xff, 0x80,
            0x08, 0x00, 0x80,
        ],
        globals: &[],
        expected: &[
            0xff, 0xff, 0xe0, 0xff, 0xff, 0xe0, 0xff, 0xff, 0xe0, 0xff, 0xff, 0xe0, 0xff, 0xff,
            0xe0, 0xff, 0xff, 0xe0, 0xff, 0xff, 0xe0, 0xff, 0xff, 0xe0, 0xff, 0xff, 0xe0, 0xff,
            0xff, 0xe0, 0xff, 0xff, 0xe0,
        ],
    },
    EncodedCase {
        name: "tall-arithmetic-patterns",
        width: 15,
        height: 69,
        error_kind: 0,
        data: &[
            0x00, 0x00, 0x00, 0x01, 0x30, 0x01, 0x01, 0x00, 0x00, 0x00, 0x13, 0x00, 0x00, 0x00,
            0x0f, 0x00, 0x00, 0x00, 0x45, 0x00, 0x00, 0x00, 0x00, 0x00, 0x00, 0x00, 0x00, 0x63,
            0x00, 0x00, 0x00, 0x00, 0x00, 0x02, 0x10, 0x01, 0x01, 0x00, 0x00, 0x00, 0x1e, 0x02,
            0x03, 0x21, 0x00, 0x00, 0x00, 0x02, 0xc5, 0x37, 0x73, 0x66, 0x9e, 0xfa, 0xee, 0xee,
            0xbb, 0xa0, 0xc9, 0x65, 0xff, 0x32, 0x3a, 0x7f, 0xf3, 0x71, 0x3f, 0x42, 0xbf, 0xff,
            0xac, 0x00, 0x00, 0x00, 0x03, 0x17, 0x23, 0x02, 0x01, 0x00, 0x00, 0x00, 0x2b, 0x00,
            0x00, 0x00, 0x0f, 0x00, 0x00, 0x00, 0x45, 0x00, 0x00, 0x00, 0x00, 0x00, 0x00, 0x00,
            0x00, 0x04, 0x02, 0x00, 0x00, 0x00, 0x04, 0x00, 0x00, 0x00, 0x02, 0x00, 0x00, 0x00,
            0x00, 0x00, 0x00, 0x00, 0x00, 0x21, 0x00, 0x00, 0x00, 0x3b, 0x82, 0xcf, 0xff, 0xac,
        ],
        globals: &[],
        expected: &[
            0x80, 0x00, 0x40, 0x00, 0x40, 0x00, 0xc0, 0x00, 0x00, 0x00, 0x00, 0x00, 0x80, 0x00,
            0x80, 0x00, 0x40, 0x00, 0x40, 0x00, 0xc0, 0x00, 0x00, 0x00, 0x00, 0x00, 0x80, 0x00,
            0x80, 0x00, 0x40, 0x00, 0x40, 0x00, 0xc0, 0x00, 0x00, 0x00, 0x00, 0x00, 0x80, 0x00,
            0x80, 0x00, 0x40, 0x00, 0x40, 0x00, 0xc0, 0x00, 0x00, 0x00, 0x00, 0x00, 0x80, 0x00,
            0x80, 0x00, 0x40, 0x00, 0x40, 0x00, 0xc0, 0x00, 0x00, 0x00, 0xa0, 0x00, 0xa0, 0x00,
            0x20, 0x00, 0x60, 0x00, 0xe0, 0x00, 0x60, 0x00, 0x20, 0x00, 0xa0, 0x00, 0xa0, 0x00,
            0x20, 0x00, 0x60, 0x00, 0xe0, 0x00, 0x60, 0x00, 0x20, 0x00, 0xa0, 0x00, 0xa0, 0x00,
            0x20, 0x00, 0x60, 0x00, 0xe0, 0x00, 0x60, 0x00, 0x20, 0x00, 0xa0, 0x00, 0xa0, 0x00,
            0x20, 0x00, 0x60, 0x00, 0xe0, 0x00, 0x60, 0x00, 0x20, 0x00, 0xa0, 0x00, 0xa0, 0x00,
            0x20, 0x00, 0x60, 0x00, 0xe0, 0x00, 0x00, 0x00, 0x00, 0x00, 0x00, 0x00,
        ],
    },
    EncodedCase {
        name: "mmr-pattern-width-128",
        width: 259,
        height: 7,
        error_kind: 0,
        data: &[
            0x00, 0x00, 0x00, 0x01, 0x30, 0x01, 0x01, 0x00, 0x00, 0x00, 0x13, 0x00, 0x00, 0x01,
            0x03, 0x00, 0x00, 0x00, 0x07, 0x00, 0x00, 0x00, 0x00, 0x00, 0x00, 0x00, 0x00, 0x63,
            0x00, 0x00, 0x00, 0x00, 0x00, 0x02, 0x10, 0x01, 0x01, 0x00, 0x00, 0x01, 0x57, 0x01,
            0x80, 0x05, 0x00, 0x00, 0x00, 0x01, 0x26, 0xa8, 0xba, 0x23, 0xa2, 0x3a, 0x2e, 0x88,
            0xe8, 0x8e, 0x8b, 0xa2, 0x3a, 0x23, 0xa2, 0xe8, 0x8e, 0x88, 0xe8, 0xba, 0x23, 0xa2,
            0x3a, 0x2e, 0x88, 0xe8, 0x8e, 0x8b, 0xa2, 0x3a, 0x23, 0xa2, 0xe8, 0x8e, 0x88, 0xe8,
            0xba, 0x23, 0xa2, 0x3a, 0x2e, 0x88, 0xe8, 0x8e, 0x8b, 0xa2, 0x3a, 0x23, 0xa2, 0xe8,
            0x8e, 0x88, 0xe8, 0xba, 0x23, 0xa2, 0x3a, 0x2e, 0x88, 0xe8, 0x8e, 0x8b, 0xa2, 0x3a,
            0x23, 0xa2, 0xe8, 0x8e, 0x88, 0xe8, 0xba, 0x23, 0xa2, 0x3a, 0x2e, 0x88, 0xe8, 0x8e,
            0x88, 0xe8, 0x8e, 0x8b, 0xa2, 0x3a, 0x23, 0xa2, 0xe8, 0x8e, 0x88, 0xe8, 0xba, 0x23,
            0xa2, 0x3a, 0x2e, 0x88, 0xe8, 0x8e, 0x8b, 0xa2, 0x3a, 0x23, 0xa2, 0xe8, 0x8e, 0x88,
            0xe8, 0xba, 0x23, 0xa2, 0x3a, 0x2e, 0x88, 0xe8, 0x8e, 0x8b, 0xa2, 0x3a, 0x23, 0xa2,
            0xe8, 0x8e, 0x88, 0xe8, 0xba, 0x23, 0xa2, 0x3a, 0x2e, 0x88, 0xe8, 0x8e, 0x8b, 0xa2,
            0x3a, 0x23, 0xa2, 0xe8, 0x8e, 0x88, 0xe8, 0xba, 0x23, 0xa2, 0x3a, 0x2e, 0x88, 0xe8,
            0x8e, 0x8b, 0xa2, 0x3a, 0x23, 0xa2, 0xe8, 0x25, 0x61, 0x34, 0x90, 0x41, 0x34, 0x90,
            0x41, 0x34, 0x90, 0x41, 0x34, 0x90, 0x41, 0x34, 0x90, 0x41, 0x34, 0x90, 0x41, 0x34,
            0x90, 0x41, 0x34, 0x90, 0x41, 0x34, 0x90, 0x41, 0x34, 0x90, 0x41, 0x34, 0x90, 0x41,
            0x34, 0x90, 0x41, 0x34, 0x90, 0x41, 0x34, 0x90, 0x41, 0x34, 0x90, 0x41, 0x34, 0x90,
            0x41, 0x34, 0x90, 0x41, 0x34, 0x92, 0x5a, 0x49, 0x69, 0x25, 0xa4, 0x96, 0x92, 0x5a,
            0x49, 0x69, 0x25, 0xa4, 0x96, 0x92, 0x5a, 0x49, 0x69, 0x25, 0xa4, 0x96, 0x92, 0x5a,
            0x49, 0x69, 0x25, 0xa4, 0x96, 0x92, 0x5a, 0x49, 0x69, 0x25, 0xef, 0xbe, 0xfb, 0xef,
            0xbe, 0xfb, 0xef, 0xbe, 0xfb, 0xef, 0xbe, 0xfb, 0xef, 0xbd, 0x5a, 0x56, 0x95, 0xa5,
            0x69, 0x5a, 0x56, 0x95, 0xa5, 0x69, 0x5a, 0x56, 0x95, 0xa5, 0x69, 0x5a, 0x56, 0x95,
            0xa5, 0x69, 0x5a, 0x56, 0x95, 0x43, 0x87, 0x0e, 0x1c, 0x38, 0x70, 0xe1, 0xc3, 0x87,
            0x0e, 0x1c, 0x38, 0x70, 0xe1, 0xc3, 0x86, 0x31, 0x51, 0x51, 0x51, 0x51, 0x51, 0x51,
            0x51, 0x51, 0x51, 0x51, 0x51, 0x51, 0x51, 0x51, 0x51, 0x51, 0x51, 0x51, 0x11, 0x11,
            0x11, 0x11, 0x11, 0x11, 0x11, 0x11, 0x10, 0x62, 0x22, 0x22, 0x22, 0x22, 0x22, 0x22,
            0x22, 0x22, 0x30, 0x01, 0x00, 0x10, 0x00, 0x00, 0x00, 0x03, 0x17, 0x23, 0x02, 0x01,
            0x00, 0x00, 0x00, 0x2a, 0x00, 0x00, 0x01, 0x03, 0x00, 0x00, 0x00, 0x07, 0x00, 0x00,
            0x00, 0x00, 0x00, 0x00, 0x00, 0x00, 0x04, 0x01, 0x00, 0x00, 0x00, 0x02, 0x00, 0x00,
            0x00, 0x01, 0x00, 0x00, 0x00, 0x00, 0x00, 0x00, 0x00, 0x00, 0x80, 0x00, 0x00, 0x00,
            0x50, 0x01, 0x00, 0x10,
        ],
        globals: &[],
        expected: &[
            0x95, 0x2a, 0x54, 0xa9, 0x52, 0xa5, 0x4a, 0x95, 0x2a, 0x54, 0xa9, 0x52, 0xa5, 0x4a,
            0x95, 0x2a, 0xa5, 0x4a, 0x95, 0x2a, 0x54, 0xa9, 0x52, 0xa5, 0x4a, 0x95, 0x2a, 0x54,
            0xa9, 0x52, 0xa5, 0x4a, 0x00, 0x4a, 0x95, 0x2a, 0x54, 0xa9, 0x52, 0xa5, 0x4a, 0x95,
            0x2a, 0x54, 0xa9, 0x52, 0xa5, 0x4a, 0x95, 0x2a, 0x54, 0xa9, 0x52, 0xa5, 0x4a, 0x95,
            0x2a, 0x54, 0xa9, 0x52, 0xa5, 0x4a, 0x95, 0x2a, 0x54, 0x00, 0x4c, 0x99, 0x32, 0x64,
            0xc9, 0x93, 0x26, 0x4c, 0x99, 0x32, 0x64, 0xc9, 0x93, 0x26, 0x4c, 0x99, 0x64, 0xc9,
            0x93, 0x26, 0x4c, 0x99, 0x32, 0x64, 0xc9, 0x93, 0x26, 0x4c, 0x99, 0x32, 0x64, 0xc9,
            0x00, 0xc3, 0x87, 0x0e, 0x1c, 0x38, 0x70, 0xe1, 0xc3, 0x87, 0x0e, 0x1c, 0x38, 0x70,
            0xe1, 0xc3, 0x87, 0xe1, 0xc3, 0x87, 0x0e, 0x1c, 0x38, 0x70, 0xe1, 0xc3, 0x87, 0x0e,
            0x1c, 0x38, 0x70, 0xe1, 0xc3, 0x00, 0x00, 0x00, 0x00, 0x00, 0x00, 0x00, 0x00, 0x00,
            0x00, 0x00, 0x00, 0x00, 0x00, 0x00, 0x00, 0x00, 0xff, 0xff, 0xff, 0xff, 0xff, 0xff,
            0xff, 0xff, 0xff, 0xff, 0xff, 0xff, 0xff, 0xff, 0xff, 0xff, 0x00, 0x00, 0x00, 0x00,
            0x00, 0x00, 0x00, 0x00, 0x00, 0x00, 0x00, 0x00, 0x00, 0x00, 0x00, 0x00, 0x00, 0x00,
            0x00, 0x00, 0x00, 0x00, 0x00, 0x00, 0x00, 0x00, 0x00, 0x00, 0x00, 0x00, 0x00, 0x00,
            0x00, 0x00, 0x00, 0x00, 0x00, 0x00, 0x00, 0x00, 0x00, 0x00, 0x00, 0x00, 0x00, 0x00,
            0x00, 0x00, 0x00, 0x00, 0x00, 0x00, 0x00, 0x00, 0x00, 0x00, 0x00, 0x00, 0x00, 0x00,
            0x00, 0x00, 0x00, 0x00, 0x00, 0x00, 0x00,
        ],
    },
    EncodedCase {
        name: "mmr-repeated-regions",
        width: 23,
        height: 19,
        error_kind: 0,
        data: &[
            0x00, 0x00, 0x00, 0x01, 0x30, 0x01, 0x01, 0x00, 0x00, 0x00, 0x13, 0x00, 0x00, 0x00,
            0x17, 0x00, 0x00, 0x00, 0x13, 0x00, 0x00, 0x00, 0x00, 0x00, 0x00, 0x00, 0x00, 0x63,
            0x00, 0x00, 0x00, 0x00, 0x00, 0x03, 0x17, 0x23, 0x00, 0x01, 0x00, 0x00, 0x00, 0x36,
            0x00, 0x00, 0x00, 0x17, 0x00, 0x00, 0x00, 0x13, 0x00, 0x00, 0x00, 0x00, 0x00, 0x00,
            0x00, 0x00, 0x04, 0x01, 0x00, 0x00, 0x00, 0x04, 0x00, 0x00, 0x00, 0x03, 0x00, 0x00,
            0x00, 0x00, 0x00, 0x00, 0x03, 0x00, 0x04, 0x00, 0x00, 0x80, 0x09, 0x42, 0x09, 0xd8,
            0x4c, 0x00, 0x40, 0x04, 0x04, 0xa8, 0x20, 0x9d, 0xa8, 0x00, 0x80, 0x08, 0x00, 0x00,
            0x00, 0x04, 0x17, 0x23, 0x00, 0x01, 0x00, 0x00, 0x00, 0x36, 0x00, 0x00, 0x00, 0x17,
            0x00, 0x00, 0x00, 0x13, 0x00, 0x00, 0x00, 0x01, 0x00, 0x00, 0x00, 0x01, 0x02, 0x01,
            0x00, 0x00, 0x00, 0x04, 0x00, 0x00, 0x00, 0x03, 0x00, 0x00, 0x00, 0x00, 0x00, 0x00,
            0x03, 0x00, 0x04, 0x00, 0x00, 0x80, 0x09, 0x42, 0x09, 0xd8, 0x4c, 0x00, 0x40, 0x04,
            0x04, 0xa8, 0x20, 0x9d, 0xa8, 0x00, 0x80, 0x08,
        ],
        globals: &[
            0x00, 0x00, 0x00, 0x00, 0x10, 0x01, 0x00, 0x00, 0x00, 0x00, 0x19, 0x01, 0x05, 0x03,
            0x00, 0x00, 0x00, 0x02, 0x26, 0xa8, 0xba, 0x23, 0xa2, 0x3a, 0x2e, 0x81, 0x04, 0xac,
            0x26, 0xb5, 0xff, 0x51, 0xd8, 0x00, 0x80, 0x08,
        ],
        expected: &[
            0x00, 0x00, 0x00, 0x00, 0x09, 0x00, 0x0a, 0xa8, 0x00, 0x97, 0xfa, 0xc0, 0x07, 0x76,
            0x40, 0x6f, 0x1a, 0x80, 0x2d, 0xaf, 0xc0, 0xa8, 0x7f, 0x40, 0xfa, 0xb5, 0x00, 0x76,
            0x75, 0x00, 0x15, 0x4b, 0xc0, 0x57, 0xc3, 0xa0, 0x3f, 0x97, 0x80, 0x3a, 0x92, 0x00,
            0x18, 0x00, 0x00, 0x00, 0x00, 0x00, 0x00, 0x00, 0x00, 0x00, 0x00, 0x00, 0x00, 0x00,
            0x00,
        ],
    },
    EncodedCase {
        name: "arithmetic-repeated-regions",
        width: 23,
        height: 19,
        error_kind: 0,
        data: &[
            0x00, 0x00, 0x00, 0x01, 0x30, 0x01, 0x01, 0x00, 0x00, 0x00, 0x13, 0x00, 0x00, 0x00,
            0x17, 0x00, 0x00, 0x00, 0x13, 0x00, 0x00, 0x00, 0x00, 0x00, 0x00, 0x00, 0x00, 0x63,
            0x00, 0x00, 0x00, 0x00, 0x00, 0x03, 0x17, 0x23, 0x00, 0x01, 0x00, 0x00, 0x00, 0x2c,
            0x00, 0x00, 0x00, 0x17, 0x00, 0x00, 0x00, 0x13, 0x00, 0x00, 0x00, 0x00, 0x00, 0x00,
            0x00, 0x00, 0x04, 0x06, 0x00, 0x00, 0x00, 0x04, 0x00, 0x00, 0x00, 0x03, 0x00, 0x00,
            0x00, 0x00, 0x00, 0x00, 0x03, 0x00, 0x04, 0x00, 0x00, 0x80, 0x3b, 0xa2, 0x11, 0xcf,
            0xff, 0xac, 0x00, 0x00, 0x00, 0x04, 0x17, 0x23, 0x00, 0x01, 0x00, 0x00, 0x00, 0x2c,
            0x00, 0x00, 0x00, 0x17, 0x00, 0x00, 0x00, 0x13, 0x00, 0x00, 0x00, 0x01, 0x00, 0x00,
            0x00, 0x01, 0x02, 0x06, 0x00, 0x00, 0x00, 0x04, 0x00, 0x00, 0x00, 0x03, 0x00, 0x00,
            0x00, 0x00, 0x00, 0x00, 0x03, 0x00, 0x04, 0x00, 0x00, 0x80, 0x3b, 0xa2, 0x11, 0xcf,
            0xff, 0xac,
        ],
        globals: &[
            0x00, 0x00, 0x00, 0x00, 0x10, 0x01, 0x00, 0x00, 0x00, 0x00, 0x0f, 0x06, 0x05, 0x03,
            0x00, 0x00, 0x00, 0x02, 0xc8, 0x98, 0xbf, 0xd6, 0xe2, 0x3f, 0xff, 0xac,
        ],
        expected: &[
            0x00, 0x00, 0x00, 0x00, 0x09, 0x00, 0x0a, 0xa8, 0x00, 0x97, 0xfa, 0xc0, 0x07, 0x76,
            0x40, 0x6f, 0x1a, 0x80, 0x2d, 0xaf, 0xc0, 0xa8, 0x7f, 0x40, 0xfa, 0xb5, 0x00, 0x76,
            0x75, 0x00, 0x15, 0x4b, 0xc0, 0x57, 0xc3, 0xa0, 0x3f, 0x97, 0x80, 0x3a, 0x92, 0x00,
            0x18, 0x00, 0x00, 0x00, 0x00, 0x00, 0x00, 0x00, 0x00, 0x00, 0x00, 0x00, 0x00, 0x00,
            0x00,
        ],
    },
    EncodedCase {
        name: "arithmetic-in-bounds-op-0-default-0",
        width: 65,
        height: 25,
        error_kind: 0,
        data: &[
            0x00, 0x00, 0x00, 0x01, 0x30, 0x01, 0x01, 0x00, 0x00, 0x00, 0x13, 0x00, 0x00, 0x00,
            0x41, 0x00, 0x00, 0x00, 0x19, 0x00, 0x00, 0x00, 0x00, 0x00, 0x00, 0x00, 0x00, 0x63,
            0x00, 0x00, 0x00, 0x00, 0x00, 0x02, 0x10, 0x01, 0x01, 0x00, 0x00, 0x00, 0x16, 0x00,
            0x07, 0x05, 0x00, 0x00, 0x00, 0x02, 0xc7, 0xb3, 0xae, 0x43, 0xce, 0x06, 0x18, 0x13,
            0x86, 0x52, 0x4b, 0x71, 0xbf, 0xff, 0xac, 0x00, 0x00, 0x00, 0x03, 0x17, 0x23, 0x02,
            0x01, 0x00, 0x00, 0x00, 0x2d, 0x00, 0x00, 0x00, 0x41, 0x00, 0x00, 0x00, 0x19, 0x00,
            0x00, 0x00, 0x00, 0x00, 0x00, 0x00, 0x00, 0x04, 0x00, 0x00, 0x00, 0x00, 0x05, 0x00,
            0x00, 0x00, 0x03, 0x00, 0x00, 0x1d, 0x00, 0x00, 0x00, 0x06, 0x00, 0x03, 0x00, 0x01,
            0x00, 0x3d, 0x37, 0x9e, 0x7f, 0x3f, 0xff, 0xac,
        ],
        globals: &[],
        expected: &[
            0x00, 0x00, 0x00, 0x00, 0x00, 0x00, 0x00, 0x00, 0x00, 0x00, 0x00, 0x00, 0x00, 0x00,
            0x00, 0x00, 0x00, 0x00, 0x00, 0x00, 0x00, 0x00, 0x00, 0x52, 0x00, 0x00, 0x00, 0x00,
            0x00, 0x00, 0x00, 0x02, 0x55, 0x00, 0x00, 0x00, 0x00, 0x00, 0x00, 0x00, 0x15, 0x3a,
            0x00, 0x00, 0x00, 0x00, 0x00, 0x00, 0x00, 0xb5, 0x75, 0x00, 0x00, 0x00, 0x00, 0x00,
            0x00, 0x04, 0xaf, 0xff, 0x80, 0x00, 0x00, 0x00, 0x00, 0x00, 0x02, 0x7f, 0x53, 0x00,
            0x00, 0x00, 0x00, 0x00, 0x00, 0x02, 0xff, 0xfd, 0x80, 0x00, 0x00, 0x00, 0x00, 0x00,
            0x06, 0xff, 0xf5, 0x00, 0x00, 0x00, 0x00, 0x00, 0x00, 0x02, 0xaf, 0xfe, 0xc0, 0x00,
            0x00, 0x00, 0x00, 0x00, 0x00, 0xff, 0xfe, 0x00, 0x00, 0x00, 0x00, 0x00, 0x00, 0x01,
            0xea, 0xff, 0xc0, 0x00, 0x00, 0x00, 0x00, 0x00, 0x03, 0xff, 0xfe, 0x00, 0x00, 0x00,
            0x00, 0x00, 0x00, 0x00, 0xdc, 0x00, 0x00, 0x00, 0x00, 0x00, 0x00, 0x00, 0x01, 0xff,
            0x80, 0x00, 0x00, 0x00, 0x00, 0x00, 0x00, 0x01, 0xfc, 0x00, 0x00, 0x00, 0x00, 0x00,
            0x00, 0x00, 0x00, 0x00, 0x00, 0x00, 0x00, 0x00, 0x00, 0x00, 0x00, 0x00, 0x00, 0x00,
            0x00, 0x00, 0x00, 0x00, 0x00, 0x00, 0x00, 0x00, 0x00, 0x00, 0x00, 0x00, 0x00, 0x00,
            0x00, 0x00, 0x00, 0x00, 0x00, 0x00, 0x00, 0x00, 0x00, 0x00, 0x00, 0x00, 0x00, 0x00,
            0x00, 0x00, 0x00, 0x00, 0x00, 0x00, 0x00, 0x00, 0x00, 0x00, 0x00, 0x00, 0x00, 0x00,
            0x00, 0x00, 0x00, 0x00, 0x00, 0x00, 0x00, 0x00, 0x00, 0x00, 0x00, 0x00, 0x00, 0x00,
            0x00,
        ],
    },
    EncodedCase {
        name: "arithmetic-in-bounds-op-0-default-1",
        width: 65,
        height: 25,
        error_kind: 0,
        data: &[
            0x00, 0x00, 0x00, 0x01, 0x30, 0x01, 0x01, 0x00, 0x00, 0x00, 0x13, 0x00, 0x00, 0x00,
            0x41, 0x00, 0x00, 0x00, 0x19, 0x00, 0x00, 0x00, 0x00, 0x00, 0x00, 0x00, 0x00, 0x67,
            0x00, 0x00, 0x00, 0x00, 0x00, 0x02, 0x10, 0x01, 0x01, 0x00, 0x00, 0x00, 0x16, 0x00,
            0x07, 0x05, 0x00, 0x00, 0x00, 0x02, 0xc7, 0xb3, 0xae, 0x43, 0xce, 0x06, 0x18, 0x13,
            0x86, 0x52, 0x4b, 0x71, 0xbf, 0xff, 0xac, 0x00, 0x00, 0x00, 0x03, 0x17, 0x23, 0x02,
            0x01, 0x00, 0x00, 0x00, 0x2d, 0x00, 0x00, 0x00, 0x41, 0x00, 0x00, 0x00, 0x19, 0x00,
            0x00, 0x00, 0x00, 0x00, 0x00, 0x00, 0x00, 0x04, 0x80, 0x00, 0x00, 0x00, 0x05, 0x00,
            0x00, 0x00, 0x03, 0x00, 0x00, 0x1d, 0x00, 0x00, 0x00, 0x06, 0x00, 0x03, 0x00, 0x01,
            0x00, 0x3d, 0x37, 0x9e, 0x7f, 0x3f, 0xff, 0xac,
        ],
        globals: &[],
        expected: &[
            0xff, 0xff, 0xff, 0xff, 0xff, 0xff, 0xff, 0xff, 0x80, 0xff, 0xff, 0xff, 0xff, 0xff,
            0xff, 0xff, 0xff, 0x80, 0xff, 0xff, 0xff, 0xff, 0xff, 0xff, 0xff, 0xff, 0x80, 0xff,
            0xff, 0xff, 0xff, 0xff, 0xff, 0xff, 0xff, 0x80, 0xff, 0xff, 0xff, 0xff, 0xff, 0xff,
            0xff, 0xff, 0x80, 0xff, 0xff, 0xff, 0xff, 0xff, 0xff, 0xff, 0xff, 0x80, 0xff, 0xff,
            0xff, 0xff, 0xff, 0xff, 0xff, 0xff, 0x80, 0xff, 0xff, 0xff, 0xff, 0xff, 0xff, 0xff,
            0xff, 0x80, 0xff, 0xff, 0xff, 0xff, 0xff, 0xff, 0xff, 0xff, 0x80, 0xff, 0xff, 0xff,
            0xff, 0xff, 0xff, 0xff, 0xff, 0x80, 0xff, 0xff, 0xff, 0xff, 0xff, 0xff, 0xff, 0xff,
            0x80, 0xff, 0xff, 0xff, 0xff, 0xff, 0xff, 0xff, 0xff, 0x80, 0xff, 0xff, 0xff, 0xff,
            0xff, 0xff, 0xff, 0xff, 0x80, 0xff, 0xff, 0xff, 0xff, 0xff, 0xff, 0xff, 0xff, 0x80,
            0xff, 0xff, 0xff, 0xff, 0xff, 0xff, 0xff, 0xff, 0x80, 0xff, 0xff, 0xff, 0xff, 0xff,
            0xff, 0xff, 0xff, 0x80, 0xff, 0xff, 0xff, 0xff, 0xff, 0xff, 0xff, 0xff, 0x80, 0xff,
            0xff, 0xff, 0xff, 0xff, 0xff, 0xff, 0xff, 0x80, 0xff, 0xff, 0xff, 0xff, 0xff, 0xff,
            0xff, 0xff, 0x80, 0xff, 0xff, 0xff, 0xff, 0xff, 0xff, 0xff, 0xff, 0x80, 0xff, 0xff,
            0xff, 0xff, 0xff, 0xff, 0xff, 0xff, 0x80, 0xff, 0xff, 0xff, 0xff, 0xff, 0xff, 0xff,
            0xff, 0x80, 0xff, 0xff, 0xff, 0xff, 0xff, 0xff, 0xff, 0xff, 0x80, 0xff, 0xff, 0xff,
            0xff, 0xff, 0xff, 0xff, 0xff, 0x80, 0xff, 0xff, 0xff, 0xff, 0xff, 0xff, 0xff, 0xff,
            0x80,
        ],
    },
    EncodedCase {
        name: "arithmetic-in-bounds-op-1-default-0",
        width: 65,
        height: 25,
        error_kind: 0,
        data: &[
            0x00, 0x00, 0x00, 0x01, 0x30, 0x01, 0x01, 0x00, 0x00, 0x00, 0x13, 0x00, 0x00, 0x00,
            0x41, 0x00, 0x00, 0x00, 0x19, 0x00, 0x00, 0x00, 0x00, 0x00, 0x00, 0x00, 0x00, 0x63,
            0x00, 0x00, 0x00, 0x00, 0x00, 0x02, 0x10, 0x01, 0x01, 0x00, 0x00, 0x00, 0x16, 0x00,
            0x07, 0x05, 0x00, 0x00, 0x00, 0x02, 0xc7, 0xb3, 0xae, 0x43, 0xce, 0x06, 0x18, 0x13,
            0x86, 0x52, 0x4b, 0x71, 0xbf, 0xff, 0xac, 0x00, 0x00, 0x00, 0x03, 0x17, 0x23, 0x02,
            0x01, 0x00, 0x00, 0x00, 0x2d, 0x00, 0x00, 0x00, 0x41, 0x00, 0x00, 0x00, 0x19, 0x00,
            0x00, 0x00, 0x00, 0x00, 0x00, 0x00, 0x00, 0x04, 0x10, 0x00, 0x00, 0x00, 0x05, 0x00,
            0x00, 0x00, 0x03, 0x00, 0x00, 0x1d, 0x00, 0x00, 0x00, 0x06, 0x00, 0x03, 0x00, 0x01,
            0x00, 0x3d, 0x37, 0x9e, 0x7f, 0x3f, 0xff, 0xac,
        ],
        globals: &[],
        expected: &[
            0x00, 0x00, 0x00, 0x00, 0x00, 0x00, 0x00, 0x00, 0x00, 0x00, 0x00, 0x00, 0x00, 0x00,
            0x00, 0x00, 0x00, 0x00, 0x00, 0x00, 0x00, 0x00, 0x00, 0x00, 0x00, 0x00, 0x00, 0x00,
            0x00, 0x00, 0x00, 0x00, 0x00, 0x00, 0x00, 0x00, 0x00, 0x00, 0x00, 0x00, 0x00, 0x00,
            0x00, 0x00, 0x00, 0x00, 0x00, 0x00, 0x00, 0x00, 0x00, 0x00, 0x00, 0x00, 0x00, 0x00,
            0x00, 0x00, 0x00, 0x00, 0x00, 0x00, 0x00, 0x00, 0x00, 0x00, 0x00, 0x00, 0x00, 0x00,
            0x00, 0x00, 0x00, 0x00, 0x00, 0x00, 0x00, 0x00, 0x00, 0x00, 0x00, 0x00, 0x00, 0x00,
            0x00, 0x00, 0x00, 0x00, 0x00, 0x00, 0x00, 0x00, 0x00, 0x00, 0x00, 0x00, 0x00, 0x00,
            0x00, 0x00, 0x00, 0x00, 0x00, 0x00, 0x00, 0x00, 0x00, 0x00, 0x00, 0x00, 0x00, 0x00,
            0x00, 0x00, 0x00, 0x00, 0x00, 0x00, 0x00, 0x00, 0x00, 0x00, 0x00, 0x00, 0x00, 0x00,
            0x00, 0x00, 0x00, 0x00, 0x00, 0x00, 0x00, 0x00, 0x00, 0x00, 0x00, 0x00, 0x00, 0x00,
            0x00, 0x00, 0x00, 0x00, 0x00, 0x00, 0x00, 0x00, 0x00, 0x00, 0x00, 0x00, 0x00, 0x00,
            0x00, 0x00, 0x00, 0x00, 0x00, 0x00, 0x00, 0x00, 0x00, 0x00, 0x00, 0x00, 0x00, 0x00,
            0x00, 0x00, 0x00, 0x00, 0x00, 0x00, 0x00, 0x00, 0x00, 0x00, 0x00, 0x00, 0x00, 0x00,
            0x00, 0x00, 0x00, 0x00, 0x00, 0x00, 0x00, 0x00, 0x00, 0x00, 0x00, 0x00, 0x00, 0x00,
            0x00, 0x00, 0x00, 0x00, 0x00, 0x00, 0x00, 0x00, 0x00, 0x00, 0x00, 0x00, 0x00, 0x00,
            0x00, 0x00, 0x00, 0x00, 0x00, 0x00, 0x00, 0x00, 0x00, 0x00, 0x00, 0x00, 0x00, 0x00,
            0x00,
        ],
    },
    EncodedCase {
        name: "arithmetic-in-bounds-op-1-default-1",
        width: 65,
        height: 25,
        error_kind: 0,
        data: &[
            0x00, 0x00, 0x00, 0x01, 0x30, 0x01, 0x01, 0x00, 0x00, 0x00, 0x13, 0x00, 0x00, 0x00,
            0x41, 0x00, 0x00, 0x00, 0x19, 0x00, 0x00, 0x00, 0x00, 0x00, 0x00, 0x00, 0x00, 0x67,
            0x00, 0x00, 0x00, 0x00, 0x00, 0x02, 0x10, 0x01, 0x01, 0x00, 0x00, 0x00, 0x16, 0x00,
            0x07, 0x05, 0x00, 0x00, 0x00, 0x02, 0xc7, 0xb3, 0xae, 0x43, 0xce, 0x06, 0x18, 0x13,
            0x86, 0x52, 0x4b, 0x71, 0xbf, 0xff, 0xac, 0x00, 0x00, 0x00, 0x03, 0x17, 0x23, 0x02,
            0x01, 0x00, 0x00, 0x00, 0x2d, 0x00, 0x00, 0x00, 0x41, 0x00, 0x00, 0x00, 0x19, 0x00,
            0x00, 0x00, 0x00, 0x00, 0x00, 0x00, 0x00, 0x04, 0x90, 0x00, 0x00, 0x00, 0x05, 0x00,
            0x00, 0x00, 0x03, 0x00, 0x00, 0x1d, 0x00, 0x00, 0x00, 0x06, 0x00, 0x03, 0x00, 0x01,
            0x00, 0x3d, 0x37, 0x9e, 0x7f, 0x3f, 0xff, 0xac,
        ],
        globals: &[],
        expected: &[
            0xff, 0xff, 0xff, 0xff, 0xff, 0xff, 0xff, 0xff, 0x80, 0xff, 0xff, 0xff, 0xff, 0xff,
            0xff, 0xff, 0xff, 0x80, 0xff, 0xff, 0xff, 0xff, 0xff, 0xd2, 0xff, 0xff, 0x80, 0xff,
            0xff, 0xff, 0xff, 0xfe, 0x15, 0xff, 0xff, 0x80, 0xff, 0xff, 0xff, 0xff, 0xf5, 0x22,
            0xff, 0xff, 0x80, 0xff, 0xff, 0xff, 0xff, 0xa5, 0x20, 0x7f, 0xff, 0x80, 0xff, 0xff,
            0xff, 0xfc, 0x20, 0x02, 0xff, 0xff, 0x80, 0xff, 0xff, 0xff, 0xfa, 0x40, 0x03, 0x7f,
            0xff, 0x80, 0xff, 0xff, 0xff, 0xfa, 0x40, 0x00, 0x3f, 0xff, 0x80, 0xff, 0xff, 0xff,
            0xfe, 0x04, 0x00, 0x3f, 0xff, 0x80, 0xff, 0xff, 0xff, 0xf8, 0x04, 0x00, 0xff, 0xff,
            0x80, 0xff, 0xff, 0xff, 0xfc, 0x80, 0x44, 0x3f, 0xff, 0x80, 0xff, 0xff, 0xff, 0xfd,
            0x00, 0x61, 0xff, 0xff, 0x80, 0xff, 0xff, 0xff, 0xfe, 0x40, 0x1f, 0xff, 0xff, 0x80,
            0xff, 0xff, 0xff, 0xfe, 0xc8, 0x0f, 0xff, 0xff, 0x80, 0xff, 0xff, 0xff, 0xff, 0xc3,
            0xff, 0xff, 0xff, 0x80, 0xff, 0xff, 0xff, 0xff, 0xff, 0xff, 0xff, 0xff, 0x80, 0xff,
            0xff, 0xff, 0xff, 0xff, 0xff, 0xff, 0xff, 0x80, 0xff, 0xff, 0xff, 0xff, 0xff, 0xff,
            0xff, 0xff, 0x80, 0xff, 0xff, 0xff, 0xff, 0xff, 0xff, 0xff, 0xff, 0x80, 0xff, 0xff,
            0xff, 0xff, 0xff, 0xff, 0xff, 0xff, 0x80, 0xff, 0xff, 0xff, 0xff, 0xff, 0xff, 0xff,
            0xff, 0x80, 0xff, 0xff, 0xff, 0xff, 0xff, 0xff, 0xff, 0xff, 0x80, 0xff, 0xff, 0xff,
            0xff, 0xff, 0xff, 0xff, 0xff, 0x80, 0xff, 0xff, 0xff, 0xff, 0xff, 0xff, 0xff, 0xff,
            0x80,
        ],
    },
    EncodedCase {
        name: "arithmetic-in-bounds-op-2-default-0",
        width: 65,
        height: 25,
        error_kind: 0,
        data: &[
            0x00, 0x00, 0x00, 0x01, 0x30, 0x01, 0x01, 0x00, 0x00, 0x00, 0x13, 0x00, 0x00, 0x00,
            0x41, 0x00, 0x00, 0x00, 0x19, 0x00, 0x00, 0x00, 0x00, 0x00, 0x00, 0x00, 0x00, 0x63,
            0x00, 0x00, 0x00, 0x00, 0x00, 0x02, 0x10, 0x01, 0x01, 0x00, 0x00, 0x00, 0x16, 0x00,
            0x07, 0x05, 0x00, 0x00, 0x00, 0x02, 0xc7, 0xb3, 0xae, 0x43, 0xce, 0x06, 0x18, 0x13,
            0x86, 0x52, 0x4b, 0x71, 0xbf, 0xff, 0xac, 0x00, 0x00, 0x00, 0x03, 0x17, 0x23, 0x02,
            0x01, 0x00, 0x00, 0x00, 0x2d, 0x00, 0x00, 0x00, 0x41, 0x00, 0x00, 0x00, 0x19, 0x00,
            0x00, 0x00, 0x00, 0x00, 0x00, 0x00, 0x00, 0x04, 0x20, 0x00, 0x00, 0x00, 0x05, 0x00,
            0x00, 0x00, 0x03, 0x00, 0x00, 0x1d, 0x00, 0x00, 0x00, 0x06, 0x00, 0x03, 0x00, 0x01,
            0x00, 0x3d, 0x37, 0x9e, 0x7f, 0x3f, 0xff, 0xac,
        ],
        globals: &[],
        expected: &[
            0x00, 0x00, 0x00, 0x00, 0x00, 0x00, 0x00, 0x00, 0x00, 0x00, 0x00, 0x00, 0x00, 0x00,
            0x00, 0x00, 0x00, 0x00, 0x00, 0x00, 0x00, 0x00, 0x00, 0x52, 0x00, 0x00, 0x00, 0x00,
            0x00, 0x00, 0x00, 0x02, 0x45, 0x00, 0x00, 0x00, 0x00, 0x00, 0x00, 0x00, 0x14, 0x1a,
            0x00, 0x00, 0x00, 0x00, 0x00, 0x00, 0x00, 0xb0, 0x65, 0x00, 0x00, 0x00, 0x00, 0x00,
            0x00, 0x04, 0x8c, 0xf5, 0x80, 0x00, 0x00, 0x00, 0x00, 0x00, 0x02, 0x31, 0x03, 0x00,
            0x00, 0x00, 0x00, 0x00, 0x00, 0x02, 0xd7, 0x09, 0x80, 0x00, 0x00, 0x00, 0x00, 0x00,
            0x04, 0x6d, 0x11, 0x00, 0x00, 0x00, 0x00, 0x00, 0x00, 0x02, 0x8d, 0x72, 0xc0, 0x00,
            0x00, 0x00, 0x00, 0x00, 0x00, 0xde, 0xda, 0x00, 0x00, 0x00, 0x00, 0x00, 0x00, 0x00,
            0xa0, 0x9f, 0xc0, 0x00, 0x00, 0x00, 0x00, 0x00, 0x03, 0xa3, 0x6e, 0x00, 0x00, 0x00,
            0x00, 0x00, 0x00, 0x00, 0xd4, 0x00, 0x00, 0x00, 0x00, 0x00, 0x00, 0x00, 0x01, 0xff,
            0x80, 0x00, 0x00, 0x00, 0x00, 0x00, 0x00, 0x01, 0xfc, 0x00, 0x00, 0x00, 0x00, 0x00,
            0x00, 0x00, 0x00, 0x00, 0x00, 0x00, 0x00, 0x00, 0x00, 0x00, 0x00, 0x00, 0x00, 0x00,
            0x00, 0x00, 0x00, 0x00, 0x00, 0x00, 0x00, 0x00, 0x00, 0x00, 0x00, 0x00, 0x00, 0x00,
            0x00, 0x00, 0x00, 0x00, 0x00, 0x00, 0x00, 0x00, 0x00, 0x00, 0x00, 0x00, 0x00, 0x00,
            0x00, 0x00, 0x00, 0x00, 0x00, 0x00, 0x00, 0x00, 0x00, 0x00, 0x00, 0x00, 0x00, 0x00,
            0x00, 0x00, 0x00, 0x00, 0x00, 0x00, 0x00, 0x00, 0x00, 0x00, 0x00, 0x00, 0x00, 0x00,
            0x00,
        ],
    },
    EncodedCase {
        name: "arithmetic-in-bounds-op-2-default-1",
        width: 65,
        height: 25,
        error_kind: 0,
        data: &[
            0x00, 0x00, 0x00, 0x01, 0x30, 0x01, 0x01, 0x00, 0x00, 0x00, 0x13, 0x00, 0x00, 0x00,
            0x41, 0x00, 0x00, 0x00, 0x19, 0x00, 0x00, 0x00, 0x00, 0x00, 0x00, 0x00, 0x00, 0x67,
            0x00, 0x00, 0x00, 0x00, 0x00, 0x02, 0x10, 0x01, 0x01, 0x00, 0x00, 0x00, 0x16, 0x00,
            0x07, 0x05, 0x00, 0x00, 0x00, 0x02, 0xc7, 0xb3, 0xae, 0x43, 0xce, 0x06, 0x18, 0x13,
            0x86, 0x52, 0x4b, 0x71, 0xbf, 0xff, 0xac, 0x00, 0x00, 0x00, 0x03, 0x17, 0x23, 0x02,
            0x01, 0x00, 0x00, 0x00, 0x2d, 0x00, 0x00, 0x00, 0x41, 0x00, 0x00, 0x00, 0x19, 0x00,
            0x00, 0x00, 0x00, 0x00, 0x00, 0x00, 0x00, 0x04, 0xa0, 0x00, 0x00, 0x00, 0x05, 0x00,
            0x00, 0x00, 0x03, 0x00, 0x00, 0x1d, 0x00, 0x00, 0x00, 0x06, 0x00, 0x03, 0x00, 0x01,
            0x00, 0x3d, 0x37, 0x9e, 0x7f, 0x3f, 0xff, 0xac,
        ],
        globals: &[],
        expected: &[
            0xff, 0xff, 0xff, 0xff, 0xff, 0xff, 0xff, 0xff, 0x80, 0xff, 0xff, 0xff, 0xff, 0xff,
            0xff, 0xff, 0xff, 0x80, 0xff, 0xff, 0xff, 0xff, 0xff, 0xad, 0xff, 0xff, 0x80, 0xff,
            0xff, 0xff, 0xff, 0xfd, 0xba, 0xff, 0xff, 0x80, 0xff, 0xff, 0xff, 0xff, 0xeb, 0xe5,
            0xff, 0xff, 0x80, 0xff, 0xff, 0xff, 0xff, 0x4f, 0x9a, 0xff, 0xff, 0x80, 0xff, 0xff,
            0xff, 0xfb, 0x73, 0x0a, 0x7f, 0xff, 0x80, 0xff, 0xff, 0xff, 0xfd, 0xce, 0xfc, 0xff,
            0xff, 0x80, 0xff, 0xff, 0xff, 0xfd, 0x28, 0xf6, 0x7f, 0xff, 0x80, 0xff, 0xff, 0xff,
            0xfb, 0x92, 0xee, 0xff, 0xff, 0x80, 0xff, 0xff, 0xff, 0xfd, 0x72, 0x8d, 0x3f, 0xff,
            0x80, 0xff, 0xff, 0xff, 0xff, 0x21, 0x25, 0xff, 0xff, 0x80, 0xff, 0xff, 0xff, 0xff,
            0x5f, 0x60, 0x3f, 0xff, 0x80, 0xff, 0xff, 0xff, 0xfc, 0x5c, 0x91, 0xff, 0xff, 0x80,
            0xff, 0xff, 0xff, 0xff, 0x2b, 0xff, 0xff, 0xff, 0x80, 0xff, 0xff, 0xff, 0xfe, 0x00,
            0x7f, 0xff, 0xff, 0x80, 0xff, 0xff, 0xff, 0xfe, 0x03, 0xff, 0xff, 0xff, 0x80, 0xff,
            0xff, 0xff, 0xff, 0xff, 0xff, 0xff, 0xff, 0x80, 0xff, 0xff, 0xff, 0xff, 0xff, 0xff,
            0xff, 0xff, 0x80, 0xff, 0xff, 0xff, 0xff, 0xff, 0xff, 0xff, 0xff, 0x80, 0xff, 0xff,
            0xff, 0xff, 0xff, 0xff, 0xff, 0xff, 0x80, 0xff, 0xff, 0xff, 0xff, 0xff, 0xff, 0xff,
            0xff, 0x80, 0xff, 0xff, 0xff, 0xff, 0xff, 0xff, 0xff, 0xff, 0x80, 0xff, 0xff, 0xff,
            0xff, 0xff, 0xff, 0xff, 0xff, 0x80, 0xff, 0xff, 0xff, 0xff, 0xff, 0xff, 0xff, 0xff,
            0x80,
        ],
    },
    EncodedCase {
        name: "arithmetic-in-bounds-op-3-default-0",
        width: 65,
        height: 25,
        error_kind: 0,
        data: &[
            0x00, 0x00, 0x00, 0x01, 0x30, 0x01, 0x01, 0x00, 0x00, 0x00, 0x13, 0x00, 0x00, 0x00,
            0x41, 0x00, 0x00, 0x00, 0x19, 0x00, 0x00, 0x00, 0x00, 0x00, 0x00, 0x00, 0x00, 0x63,
            0x00, 0x00, 0x00, 0x00, 0x00, 0x02, 0x10, 0x01, 0x01, 0x00, 0x00, 0x00, 0x16, 0x00,
            0x07, 0x05, 0x00, 0x00, 0x00, 0x02, 0xc7, 0xb3, 0xae, 0x43, 0xce, 0x06, 0x18, 0x13,
            0x86, 0x52, 0x4b, 0x71, 0xbf, 0xff, 0xac, 0x00, 0x00, 0x00, 0x03, 0x17, 0x23, 0x02,
            0x01, 0x00, 0x00, 0x00, 0x2d, 0x00, 0x00, 0x00, 0x41, 0x00, 0x00, 0x00, 0x19, 0x00,
            0x00, 0x00, 0x00, 0x00, 0x00, 0x00, 0x00, 0x04, 0x30, 0x00, 0x00, 0x00, 0x05, 0x00,
            0x00, 0x00, 0x03, 0x00, 0x00, 0x1d, 0x00, 0x00, 0x00, 0x06, 0x00, 0x03, 0x00, 0x01,
            0x00, 0x3d, 0x37, 0x9e, 0x7f, 0x3f, 0xff, 0xac,
        ],
        globals: &[],
        expected: &[
            0x00, 0x00, 0x00, 0x00, 0x00, 0x00, 0x00, 0x00, 0x00, 0x00, 0x00, 0x00, 0x00, 0x00,
            0x00, 0x00, 0x00, 0x00, 0x00, 0x00, 0x00, 0x00, 0x00, 0x2d, 0x00, 0x00, 0x00, 0x00,
            0x00, 0x00, 0x00, 0x01, 0xc2, 0x00, 0x00, 0x00, 0x00, 0x00, 0x00, 0x00, 0x08, 0x5d,
            0x00, 0x00, 0x00, 0x00, 0x00, 0x00, 0x00, 0x52, 0x1d, 0x80, 0x00, 0x00, 0x00, 0x00,
            0x00, 0x03, 0x9f, 0x71, 0x00, 0x00, 0x00, 0x00, 0x00, 0x00, 0x05, 0x2d, 0x18, 0x80,
            0x00, 0x00, 0x00, 0x00, 0x00, 0x05, 0xb7, 0xf5, 0xc0, 0x00, 0x00, 0x00, 0x00, 0x00,
            0x00, 0xea, 0xd3, 0x40, 0x00, 0x00, 0x00, 0x00, 0x00, 0x06, 0xf3, 0x7f, 0x00, 0x00,
            0x00, 0x00, 0x00, 0x00, 0x03, 0x6e, 0xab, 0xc0, 0x00, 0x00, 0x00, 0x00, 0x00, 0x02,
            0xe3, 0x0e, 0x00, 0x00, 0x00, 0x00, 0x00, 0x00, 0x01, 0x9f, 0xe0, 0x00, 0x00, 0x00,
            0x00, 0x00, 0x00, 0x01, 0x10, 0x70, 0x00, 0x00, 0x00, 0x00, 0x00, 0x00, 0x00, 0x3c,
            0x00, 0x00, 0x00, 0x00, 0x00, 0x00, 0x00, 0x00, 0x00, 0x00, 0x00, 0x00, 0x00, 0x00,
            0x00, 0x00, 0x00, 0x00, 0x00, 0x00, 0x00, 0x00, 0x00, 0x00, 0x00, 0x00, 0x00, 0x00,
            0x00, 0x00, 0x00, 0x00, 0x00, 0x00, 0x00, 0x00, 0x00, 0x00, 0x00, 0x00, 0x00, 0x00,
            0x00, 0x00, 0x00, 0x00, 0x00, 0x00, 0x00, 0x00, 0x00, 0x00, 0x00, 0x00, 0x00, 0x00,
            0x00, 0x00, 0x00, 0x00, 0x00, 0x00, 0x00, 0x00, 0x00, 0x00, 0x00, 0x00, 0x00, 0x00,
            0x00, 0x00, 0x00, 0x00, 0x00, 0x00, 0x00, 0x00, 0x00, 0x00, 0x00, 0x00, 0x00, 0x00,
            0x00,
        ],
    },
    EncodedCase {
        name: "arithmetic-in-bounds-op-3-default-1",
        width: 65,
        height: 25,
        error_kind: 0,
        data: &[
            0x00, 0x00, 0x00, 0x01, 0x30, 0x01, 0x01, 0x00, 0x00, 0x00, 0x13, 0x00, 0x00, 0x00,
            0x41, 0x00, 0x00, 0x00, 0x19, 0x00, 0x00, 0x00, 0x00, 0x00, 0x00, 0x00, 0x00, 0x67,
            0x00, 0x00, 0x00, 0x00, 0x00, 0x02, 0x10, 0x01, 0x01, 0x00, 0x00, 0x00, 0x16, 0x00,
            0x07, 0x05, 0x00, 0x00, 0x00, 0x02, 0xc7, 0xb3, 0xae, 0x43, 0xce, 0x06, 0x18, 0x13,
            0x86, 0x52, 0x4b, 0x71, 0xbf, 0xff, 0xac, 0x00, 0x00, 0x00, 0x03, 0x17, 0x23, 0x02,
            0x01, 0x00, 0x00, 0x00, 0x2d, 0x00, 0x00, 0x00, 0x41, 0x00, 0x00, 0x00, 0x19, 0x00,
            0x00, 0x00, 0x00, 0x00, 0x00, 0x00, 0x00, 0x04, 0xb0, 0x00, 0x00, 0x00, 0x05, 0x00,
            0x00, 0x00, 0x03, 0x00, 0x00, 0x1d, 0x00, 0x00, 0x00, 0x06, 0x00, 0x03, 0x00, 0x01,
            0x00, 0x3d, 0x37, 0x9e, 0x7f, 0x3f, 0xff, 0xac,
        ],
        globals: &[],
        expected: &[
            0xff, 0xff, 0xff, 0xff, 0xff, 0xff, 0xff, 0xff, 0x80, 0xff, 0xff, 0xff, 0xff, 0xff,
            0xff, 0xff, 0xff, 0x80, 0xff, 0xff, 0xff, 0xff, 0xff, 0xd2, 0xff, 0xff, 0x80, 0xff,
            0xff, 0xff, 0xff, 0xfe, 0x3d, 0xff, 0xff, 0x80, 0xff, 0xff, 0xff, 0xff, 0xf7, 0xa2,
            0xff, 0xff, 0x80, 0xff, 0xff, 0xff, 0xff, 0xad, 0xe2, 0x7f, 0xff, 0x80, 0xff, 0xff,
            0xff, 0xfc, 0x60, 0x8e, 0xff, 0xff, 0x80, 0xff, 0xff, 0xff, 0xfa, 0xd2, 0xe7, 0x7f,
            0xff, 0x80, 0xff, 0xff, 0xff, 0xfa, 0x48, 0x0a, 0x3f, 0xff, 0x80, 0xff, 0xff, 0xff,
            0xff, 0x15, 0x2c, 0xbf, 0xff, 0x80, 0xff, 0xff, 0xff, 0xf9, 0x0c, 0x80, 0xff, 0xff,
            0x80, 0xff, 0xff, 0xff, 0xfc, 0x91, 0x54, 0x3f, 0xff, 0x80, 0xff, 0xff, 0xff, 0xfd,
            0x1c, 0xf1, 0xff, 0xff, 0x80, 0xff, 0xff, 0xff, 0xfe, 0x60, 0x1f, 0xff, 0xff, 0x80,
            0xff, 0xff, 0xff, 0xfe, 0xef, 0x8f, 0xff, 0xff, 0x80, 0xff, 0xff, 0xff, 0xff, 0xc3,
            0xff, 0xff, 0xff, 0x80, 0xff, 0xff, 0xff, 0xff, 0xff, 0xff, 0xff, 0xff, 0x80, 0xff,
            0xff, 0xff, 0xff, 0xff, 0xff, 0xff, 0xff, 0x80, 0xff, 0xff, 0xff, 0xff, 0xff, 0xff,
            0xff, 0xff, 0x80, 0xff, 0xff, 0xff, 0xff, 0xff, 0xff, 0xff, 0xff, 0x80, 0xff, 0xff,
            0xff, 0xff, 0xff, 0xff, 0xff, 0xff, 0x80, 0xff, 0xff, 0xff, 0xff, 0xff, 0xff, 0xff,
            0xff, 0x80, 0xff, 0xff, 0xff, 0xff, 0xff, 0xff, 0xff, 0xff, 0x80, 0xff, 0xff, 0xff,
            0xff, 0xff, 0xff, 0xff, 0xff, 0x80, 0xff, 0xff, 0xff, 0xff, 0xff, 0xff, 0xff, 0xff,
            0x80,
        ],
    },
    EncodedCase {
        name: "arithmetic-in-bounds-op-4-default-0",
        width: 65,
        height: 25,
        error_kind: 0,
        data: &[
            0x00, 0x00, 0x00, 0x01, 0x30, 0x01, 0x01, 0x00, 0x00, 0x00, 0x13, 0x00, 0x00, 0x00,
            0x41, 0x00, 0x00, 0x00, 0x19, 0x00, 0x00, 0x00, 0x00, 0x00, 0x00, 0x00, 0x00, 0x63,
            0x00, 0x00, 0x00, 0x00, 0x00, 0x02, 0x10, 0x01, 0x01, 0x00, 0x00, 0x00, 0x16, 0x00,
            0x07, 0x05, 0x00, 0x00, 0x00, 0x02, 0xc7, 0xb3, 0xae, 0x43, 0xce, 0x06, 0x18, 0x13,
            0x86, 0x52, 0x4b, 0x71, 0xbf, 0xff, 0xac, 0x00, 0x00, 0x00, 0x03, 0x17, 0x23, 0x02,
            0x01, 0x00, 0x00, 0x00, 0x2d, 0x00, 0x00, 0x00, 0x41, 0x00, 0x00, 0x00, 0x19, 0x00,
            0x00, 0x00, 0x00, 0x00, 0x00, 0x00, 0x00, 0x04, 0x40, 0x00, 0x00, 0x00, 0x05, 0x00,
            0x00, 0x00, 0x03, 0x00, 0x00, 0x1d, 0x00, 0x00, 0x00, 0x06, 0x00, 0x03, 0x00, 0x01,
            0x00, 0x3d, 0x37, 0x9e, 0x7f, 0x3f, 0xff, 0xac,
        ],
        globals: &[],
        expected: &[
            0x00, 0x00, 0x00, 0x00, 0x00, 0x00, 0x00, 0x00, 0x00, 0x00, 0x00, 0x00, 0x00, 0x00,
            0x00, 0x00, 0x00, 0x00, 0x00, 0x00, 0x00, 0x00, 0x00, 0x52, 0x00, 0x00, 0x00, 0x00,
            0x00, 0x00, 0x00, 0x02, 0x15, 0x00, 0x00, 0x00, 0x00, 0x00, 0x00, 0x00, 0x15, 0x32,
            0x00, 0x00, 0x00, 0x00, 0x00, 0x00, 0x00, 0xb5, 0x65, 0x00, 0x00, 0x00, 0x00, 0x00,
            0x00, 0x04, 0x27, 0x52, 0x80, 0x00, 0x00, 0x00, 0x00, 0x00, 0x02, 0x6b, 0x53, 0x00,
            0x00, 0x00, 0x00, 0x00, 0x00, 0x02, 0xc2, 0x75, 0x00, 0x00, 0x00, 0x00, 0x00, 0x00,
            0x06, 0xa6, 0xb5, 0x00, 0x00, 0x00, 0x00, 0x00, 0x00, 0x02, 0xac, 0x24, 0xc0, 0x00,
            0x00, 0x00, 0x00, 0x00, 0x00, 0xea, 0x6e, 0x00, 0x00, 0x00, 0x00, 0x00, 0x00, 0x01,
            0x6a, 0xff, 0xc0, 0x00, 0x00, 0x00, 0x00, 0x00, 0x02, 0x4e, 0xfe, 0x00, 0x00, 0x00,
            0x00, 0x00, 0x00, 0x00, 0xd8, 0x00, 0x00, 0x00, 0x00, 0x00, 0x00, 0x00, 0x01, 0xff,
            0x80, 0x00, 0x00, 0x00, 0x00, 0x00, 0x00, 0x01, 0xfc, 0x00, 0x00, 0x00, 0x00, 0x00,
            0x00, 0x00, 0x00, 0x00, 0x00, 0x00, 0x00, 0x00, 0x00, 0x00, 0x00, 0x00, 0x00, 0x00,
            0x00, 0x00, 0x00, 0x00, 0x00, 0x00, 0x00, 0x00, 0x00, 0x00, 0x00, 0x00, 0x00, 0x00,
            0x00, 0x00, 0x00, 0x00, 0x00, 0x00, 0x00, 0x00, 0x00, 0x00, 0x00, 0x00, 0x00, 0x00,
            0x00, 0x00, 0x00, 0x00, 0x00, 0x00, 0x00, 0x00, 0x00, 0x00, 0x00, 0x00, 0x00, 0x00,
            0x00, 0x00, 0x00, 0x00, 0x00, 0x00, 0x00, 0x00, 0x00, 0x00, 0x00, 0x00, 0x00, 0x00,
            0x00,
        ],
    },
    EncodedCase {
        name: "arithmetic-in-bounds-op-4-default-1",
        width: 65,
        height: 25,
        error_kind: 0,
        data: &[
            0x00, 0x00, 0x00, 0x01, 0x30, 0x01, 0x01, 0x00, 0x00, 0x00, 0x13, 0x00, 0x00, 0x00,
            0x41, 0x00, 0x00, 0x00, 0x19, 0x00, 0x00, 0x00, 0x00, 0x00, 0x00, 0x00, 0x00, 0x67,
            0x00, 0x00, 0x00, 0x00, 0x00, 0x02, 0x10, 0x01, 0x01, 0x00, 0x00, 0x00, 0x16, 0x00,
            0x07, 0x05, 0x00, 0x00, 0x00, 0x02, 0xc7, 0xb3, 0xae, 0x43, 0xce, 0x06, 0x18, 0x13,
            0x86, 0x52, 0x4b, 0x71, 0xbf, 0xff, 0xac, 0x00, 0x00, 0x00, 0x03, 0x17, 0x23, 0x02,
            0x01, 0x00, 0x00, 0x00, 0x2d, 0x00, 0x00, 0x00, 0x41, 0x00, 0x00, 0x00, 0x19, 0x00,
            0x00, 0x00, 0x00, 0x00, 0x00, 0x00, 0x00, 0x04, 0xc0, 0x00, 0x00, 0x00, 0x05, 0x00,
            0x00, 0x00, 0x03, 0x00, 0x00, 0x1d, 0x00, 0x00, 0x00, 0x06, 0x00, 0x03, 0x00, 0x01,
            0x00, 0x3d, 0x37, 0x9e, 0x7f, 0x3f, 0xff, 0xac,
        ],
        globals: &[],
        expected: &[
            0xff, 0xff, 0xff, 0xff, 0xff, 0xff, 0xff, 0xff, 0x80, 0xff, 0xff, 0xff, 0xff, 0xff,
            0xff, 0xff, 0xff, 0x80, 0xff, 0xff, 0xff, 0xff, 0xff, 0xd2, 0xff, 0xff, 0x80, 0xff,
            0xff, 0xff, 0xff, 0xfe, 0x15, 0xff, 0xff, 0x80, 0xff, 0xff, 0xff, 0xff, 0xf5, 0x32,
            0xff, 0xff, 0x80, 0xff, 0xff, 0xff, 0xff, 0xb5, 0x65, 0x7f, 0xff, 0x80, 0xff, 0xff,
            0xff, 0xfc, 0x27, 0x52, 0xff, 0xff, 0x80, 0xff, 0xff, 0xff, 0xfa, 0x6b, 0x53, 0x7f,
            0xff, 0x80, 0xff, 0xff, 0xff, 0xfa, 0xc2, 0x75, 0x3f, 0xff, 0x80, 0xff, 0xff, 0xff,
            0xfe, 0xa6, 0xb5, 0x3f, 0xff, 0x80, 0xff, 0xff, 0xff, 0xfa, 0xac, 0x24, 0xff, 0xff,
            0x80, 0xff, 0xff, 0xff, 0xfc, 0xea, 0x6e, 0x3f, 0xff, 0x80, 0xff, 0xff, 0xff, 0xfd,
            0x6a, 0xff, 0xff, 0xff, 0x80, 0xff, 0xff, 0xff, 0xfe, 0x4e, 0xff, 0xff, 0xff, 0x80,
            0xff, 0xff, 0xff, 0xfe, 0xd8, 0x0f, 0xff, 0xff, 0x80, 0xff, 0xff, 0xff, 0xff, 0xff,
            0xff, 0xff, 0xff, 0x80, 0xff, 0xff, 0xff, 0xff, 0xff, 0xff, 0xff, 0xff, 0x80, 0xff,
            0xff, 0xff, 0xff, 0xff, 0xff, 0xff, 0xff, 0x80, 0xff, 0xff, 0xff, 0xff, 0xff, 0xff,
            0xff, 0xff, 0x80, 0xff, 0xff, 0xff, 0xff, 0xff, 0xff, 0xff, 0xff, 0x80, 0xff, 0xff,
            0xff, 0xff, 0xff, 0xff, 0xff, 0xff, 0x80, 0xff, 0xff, 0xff, 0xff, 0xff, 0xff, 0xff,
            0xff, 0x80, 0xff, 0xff, 0xff, 0xff, 0xff, 0xff, 0xff, 0xff, 0x80, 0xff, 0xff, 0xff,
            0xff, 0xff, 0xff, 0xff, 0xff, 0x80, 0xff, 0xff, 0xff, 0xff, 0xff, 0xff, 0xff, 0xff,
            0x80,
        ],
    },
    EncodedCase {
        name: "arithmetic-in-bounds-and-complement-control",
        width: 65,
        height: 25,
        error_kind: 0,
        data: &[
            0x00, 0x00, 0x00, 0x01, 0x30, 0x01, 0x01, 0x00, 0x00, 0x00, 0x13, 0x00, 0x00, 0x00,
            0x41, 0x00, 0x00, 0x00, 0x19, 0x00, 0x00, 0x00, 0x00, 0x00, 0x00, 0x00, 0x00, 0x63,
            0x00, 0x00, 0x00, 0x00, 0x00, 0x02, 0x10, 0x01, 0x01, 0x00, 0x00, 0x00, 0x16, 0x00,
            0x07, 0x05, 0x00, 0x00, 0x00, 0x02, 0x0e, 0x58, 0x04, 0xfc, 0xab, 0xb3, 0x6f, 0xd8,
            0xf3, 0x5b, 0x69, 0x1c, 0x7f, 0xff, 0xac, 0x00, 0x00, 0x00, 0x03, 0x17, 0x23, 0x02,
            0x01, 0x00, 0x00, 0x00, 0x2d, 0x00, 0x00, 0x00, 0x41, 0x00, 0x00, 0x00, 0x19, 0x00,
            0x00, 0x00, 0x00, 0x00, 0x00, 0x00, 0x00, 0x04, 0x00, 0x00, 0x00, 0x00, 0x05, 0x00,
            0x00, 0x00, 0x03, 0x00, 0x00, 0x1d, 0x00, 0x00, 0x00, 0x06, 0x00, 0x03, 0x00, 0x01,
            0x00, 0x3d, 0x37, 0x9e, 0x7f, 0x3f, 0xff, 0xac,
        ],
        globals: &[],
        expected: &[
            0x00, 0x00, 0x00, 0x00, 0x00, 0x00, 0x00, 0x00, 0x00, 0x00, 0x00, 0x00, 0x00, 0x00,
            0x00, 0x00, 0x00, 0x00, 0x00, 0x00, 0x00, 0x00, 0x00, 0x2d, 0x00, 0x00, 0x00, 0x00,
            0x00, 0x00, 0x00, 0x01, 0xea, 0x00, 0x00, 0x00, 0x00, 0x00, 0x00, 0x00, 0x0a, 0xdd,
            0x00, 0x00, 0x00, 0x00, 0x00, 0x00, 0x00, 0x5a, 0xdf, 0x80, 0x00, 0x00, 0x00, 0x00,
            0x00, 0x03, 0xdf, 0xfd, 0x00, 0x00, 0x00, 0x00, 0x00, 0x00, 0x05, 0xbf, 0xfc, 0x80,
            0x00, 0x00, 0x00, 0x00, 0x00, 0x05, 0xbf, 0xff, 0xc0, 0x00, 0x00, 0x00, 0x00, 0x00,
            0x01, 0xfb, 0xff, 0xc0, 0x00, 0x00, 0x00, 0x00, 0x00, 0x07, 0xfb, 0xff, 0x00, 0x00,
            0x00, 0x00, 0x00, 0x00, 0x03, 0x7f, 0xbb, 0xc0, 0x00, 0x00, 0x00, 0x00, 0x00, 0x02,
            0xff, 0x9e, 0x00, 0x00, 0x00, 0x00, 0x00, 0x00, 0x01, 0xbf, 0xe0, 0x00, 0x00, 0x00,
            0x00, 0x00, 0x00, 0x01, 0x37, 0xf0, 0x00, 0x00, 0x00, 0x00, 0x00, 0x00, 0x00, 0x3c,
            0x00, 0x00, 0x00, 0x00, 0x00, 0x00, 0x00, 0x00, 0x00, 0x00, 0x00, 0x00, 0x00, 0x00,
            0x00, 0x00, 0x00, 0x00, 0x00, 0x00, 0x00, 0x00, 0x00, 0x00, 0x00, 0x00, 0x00, 0x00,
            0x00, 0x00, 0x00, 0x00, 0x00, 0x00, 0x00, 0x00, 0x00, 0x00, 0x00, 0x00, 0x00, 0x00,
            0x00, 0x00, 0x00, 0x00, 0x00, 0x00, 0x00, 0x00, 0x00, 0x00, 0x00, 0x00, 0x00, 0x00,
            0x00, 0x00, 0x00, 0x00, 0x00, 0x00, 0x00, 0x00, 0x00, 0x00, 0x00, 0x00, 0x00, 0x00,
            0x00, 0x00, 0x00, 0x00, 0x00, 0x00, 0x00, 0x00, 0x00, 0x00, 0x00, 0x00, 0x00, 0x00,
            0x00,
        ],
    },
];
pub(super) const INVALID: &[EncodedCase] = &[
    EncodedCase {
        name: "pattern-reserved-bit-3",
        width: 19,
        height: 11,
        error_kind: 1,
        data: &[
            0x00, 0x00, 0x00, 0x01, 0x30, 0x01, 0x01, 0x00, 0x00, 0x00, 0x13, 0x00, 0x00, 0x00,
            0x13, 0x00, 0x00, 0x00, 0x0b, 0x00, 0x00, 0x00, 0x00, 0x00, 0x00, 0x00, 0x00, 0x63,
            0x00, 0x00, 0x00, 0x00, 0x00, 0x02, 0x10, 0x01, 0x01, 0x00, 0x00, 0x00, 0x15, 0x09,
            0x05, 0x03, 0x00, 0x00, 0x00, 0x01, 0x26, 0xa8, 0xba, 0x23, 0xa0, 0x41, 0x58, 0x4d,
            0x6b, 0xea, 0xc0, 0x04, 0x00, 0x40, 0x00, 0x00, 0x00, 0x03, 0x17, 0x23, 0x02, 0x01,
            0x00, 0x00, 0x00, 0x2b, 0x00, 0x00, 0x00, 0x13, 0x00, 0x00, 0x00, 0x0b, 0x00, 0x00,
            0x00, 0x00, 0x00, 0x00, 0x00, 0x00, 0x04, 0x01, 0x00, 0x00, 0x00, 0x03, 0x00, 0x00,
            0x00, 0x02, 0x00, 0x00, 0x00, 0x00, 0x00, 0x00, 0x00, 0x00, 0x05, 0x00, 0x00, 0x00,
            0x09, 0x78, 0x00, 0x80, 0x08,
        ],
        globals: &[],
        expected: &[],
    },
    EncodedCase {
        name: "pattern-reserved-bit-4",
        width: 19,
        height: 11,
        error_kind: 1,
        data: &[
            0x00, 0x00, 0x00, 0x01, 0x30, 0x01, 0x01, 0x00, 0x00, 0x00, 0x13, 0x00, 0x00, 0x00,
            0x13, 0x00, 0x00, 0x00, 0x0b, 0x00, 0x00, 0x00, 0x00, 0x00, 0x00, 0x00, 0x00, 0x63,
            0x00, 0x00, 0x00, 0x00, 0x00, 0x02, 0x10, 0x01, 0x01, 0x00, 0x00, 0x00, 0x15, 0x11,
            0x05, 0x03, 0x00, 0x00, 0x00, 0x01, 0x26, 0xa8, 0xba, 0x23, 0xa0, 0x41, 0x58, 0x4d,
            0x6b, 0xea, 0xc0, 0x04, 0x00, 0x40, 0x00, 0x00, 0x00, 0x03, 0x17, 0x23, 0x02, 0x01,
            0x00, 0x00, 0x00, 0x2b, 0x00, 0x00, 0x00, 0x13, 0x00, 0x00, 0x00, 0x0b, 0x00, 0x00,
            0x00, 0x00, 0x00, 0x00, 0x00, 0x00, 0x04, 0x01, 0x00, 0x00, 0x00, 0x03, 0x00, 0x00,
            0x00, 0x02, 0x00, 0x00, 0x00, 0x00, 0x00, 0x00, 0x00, 0x00, 0x05, 0x00, 0x00, 0x00,
            0x09, 0x78, 0x00, 0x80, 0x08,
        ],
        globals: &[],
        expected: &[],
    },
    EncodedCase {
        name: "pattern-reserved-bit-5",
        width: 19,
        height: 11,
        error_kind: 1,
        data: &[
            0x00, 0x00, 0x00, 0x01, 0x30, 0x01, 0x01, 0x00, 0x00, 0x00, 0x13, 0x00, 0x00, 0x00,
            0x13, 0x00, 0x00, 0x00, 0x0b, 0x00, 0x00, 0x00, 0x00, 0x00, 0x00, 0x00, 0x00, 0x63,
            0x00, 0x00, 0x00, 0x00, 0x00, 0x02, 0x10, 0x01, 0x01, 0x00, 0x00, 0x00, 0x15, 0x21,
            0x05, 0x03, 0x00, 0x00, 0x00, 0x01, 0x26, 0xa8, 0xba, 0x23, 0xa0, 0x41, 0x58, 0x4d,
            0x6b, 0xea, 0xc0, 0x04, 0x00, 0x40, 0x00, 0x00, 0x00, 0x03, 0x17, 0x23, 0x02, 0x01,
            0x00, 0x00, 0x00, 0x2b, 0x00, 0x00, 0x00, 0x13, 0x00, 0x00, 0x00, 0x0b, 0x00, 0x00,
            0x00, 0x00, 0x00, 0x00, 0x00, 0x00, 0x04, 0x01, 0x00, 0x00, 0x00, 0x03, 0x00, 0x00,
            0x00, 0x02, 0x00, 0x00, 0x00, 0x00, 0x00, 0x00, 0x00, 0x00, 0x05, 0x00, 0x00, 0x00,
            0x09, 0x78, 0x00, 0x80, 0x08,
        ],
        globals: &[],
        expected: &[],
    },
    EncodedCase {
        name: "pattern-reserved-bit-6",
        width: 19,
        height: 11,
        error_kind: 1,
        data: &[
            0x00, 0x00, 0x00, 0x01, 0x30, 0x01, 0x01, 0x00, 0x00, 0x00, 0x13, 0x00, 0x00, 0x00,
            0x13, 0x00, 0x00, 0x00, 0x0b, 0x00, 0x00, 0x00, 0x00, 0x00, 0x00, 0x00, 0x00, 0x63,
            0x00, 0x00, 0x00, 0x00, 0x00, 0x02, 0x10, 0x01, 0x01, 0x00, 0x00, 0x00, 0x15, 0x41,
            0x05, 0x03, 0x00, 0x00, 0x00, 0x01, 0x26, 0xa8, 0xba, 0x23, 0xa0, 0x41, 0x58, 0x4d,
            0x6b, 0xea, 0xc0, 0x04, 0x00, 0x40, 0x00, 0x00, 0x00, 0x03, 0x17, 0x23, 0x02, 0x01,
            0x00, 0x00, 0x00, 0x2b, 0x00, 0x00, 0x00, 0x13, 0x00, 0x00, 0x00, 0x0b, 0x00, 0x00,
            0x00, 0x00, 0x00, 0x00, 0x00, 0x00, 0x04, 0x01, 0x00, 0x00, 0x00, 0x03, 0x00, 0x00,
            0x00, 0x02, 0x00, 0x00, 0x00, 0x00, 0x00, 0x00, 0x00, 0x00, 0x05, 0x00, 0x00, 0x00,
            0x09, 0x78, 0x00, 0x80, 0x08,
        ],
        globals: &[],
        expected: &[],
    },
    EncodedCase {
        name: "pattern-reserved-bit-7",
        width: 19,
        height: 11,
        error_kind: 1,
        data: &[
            0x00, 0x00, 0x00, 0x01, 0x30, 0x01, 0x01, 0x00, 0x00, 0x00, 0x13, 0x00, 0x00, 0x00,
            0x13, 0x00, 0x00, 0x00, 0x0b, 0x00, 0x00, 0x00, 0x00, 0x00, 0x00, 0x00, 0x00, 0x63,
            0x00, 0x00, 0x00, 0x00, 0x00, 0x02, 0x10, 0x01, 0x01, 0x00, 0x00, 0x00, 0x15, 0x81,
            0x05, 0x03, 0x00, 0x00, 0x00, 0x01, 0x26, 0xa8, 0xba, 0x23, 0xa0, 0x41, 0x58, 0x4d,
            0x6b, 0xea, 0xc0, 0x04, 0x00, 0x40, 0x00, 0x00, 0x00, 0x03, 0x17, 0x23, 0x02, 0x01,
            0x00, 0x00, 0x00, 0x2b, 0x00, 0x00, 0x00, 0x13, 0x00, 0x00, 0x00, 0x0b, 0x00, 0x00,
            0x00, 0x00, 0x00, 0x00, 0x00, 0x00, 0x04, 0x01, 0x00, 0x00, 0x00, 0x03, 0x00, 0x00,
            0x00, 0x02, 0x00, 0x00, 0x00, 0x00, 0x00, 0x00, 0x00, 0x00, 0x05, 0x00, 0x00, 0x00,
            0x09, 0x78, 0x00, 0x80, 0x08,
        ],
        globals: &[],
        expected: &[],
    },
    EncodedCase {
        name: "mmr-pattern-template-1",
        width: 19,
        height: 11,
        error_kind: 1,
        data: &[
            0x00, 0x00, 0x00, 0x01, 0x30, 0x01, 0x01, 0x00, 0x00, 0x00, 0x13, 0x00, 0x00, 0x00,
            0x13, 0x00, 0x00, 0x00, 0x0b, 0x00, 0x00, 0x00, 0x00, 0x00, 0x00, 0x00, 0x00, 0x63,
            0x00, 0x00, 0x00, 0x00, 0x00, 0x02, 0x10, 0x01, 0x01, 0x00, 0x00, 0x00, 0x15, 0x03,
            0x05, 0x03, 0x00, 0x00, 0x00, 0x01, 0x26, 0xa8, 0xba, 0x23, 0xa0, 0x41, 0x58, 0x4d,
            0x6b, 0xea, 0xc0, 0x04, 0x00, 0x40, 0x00, 0x00, 0x00, 0x03, 0x17, 0x23, 0x02, 0x01,
            0x00, 0x00, 0x00, 0x2b, 0x00, 0x00, 0x00, 0x13, 0x00, 0x00, 0x00, 0x0b, 0x00, 0x00,
            0x00, 0x00, 0x00, 0x00, 0x00, 0x00, 0x04, 0x01, 0x00, 0x00, 0x00, 0x03, 0x00, 0x00,
            0x00, 0x02, 0x00, 0x00, 0x00, 0x00, 0x00, 0x00, 0x00, 0x00, 0x05, 0x00, 0x00, 0x00,
            0x09, 0x78, 0x00, 0x80, 0x08,
        ],
        globals: &[],
        expected: &[],
    },
    EncodedCase {
        name: "mmr-halftone-template-1",
        width: 19,
        height: 11,
        error_kind: 1,
        data: &[
            0x00, 0x00, 0x00, 0x01, 0x30, 0x01, 0x01, 0x00, 0x00, 0x00, 0x13, 0x00, 0x00, 0x00,
            0x13, 0x00, 0x00, 0x00, 0x0b, 0x00, 0x00, 0x00, 0x00, 0x00, 0x00, 0x00, 0x00, 0x63,
            0x00, 0x00, 0x00, 0x00, 0x00, 0x02, 0x10, 0x01, 0x01, 0x00, 0x00, 0x00, 0x15, 0x01,
            0x05, 0x03, 0x00, 0x00, 0x00, 0x01, 0x26, 0xa8, 0xba, 0x23, 0xa0, 0x41, 0x58, 0x4d,
            0x6b, 0xea, 0xc0, 0x04, 0x00, 0x40, 0x00, 0x00, 0x00, 0x03, 0x17, 0x23, 0x02, 0x01,
            0x00, 0x00, 0x00, 0x2b, 0x00, 0x00, 0x00, 0x13, 0x00, 0x00, 0x00, 0x0b, 0x00, 0x00,
            0x00, 0x00, 0x00, 0x00, 0x00, 0x00, 0x04, 0x03, 0x00, 0x00, 0x00, 0x03, 0x00, 0x00,
            0x00, 0x02, 0x00, 0x00, 0x00, 0x00, 0x00, 0x00, 0x00, 0x00, 0x05, 0x00, 0x00, 0x00,
            0x09, 0x78, 0x00, 0x80, 0x08,
        ],
        globals: &[],
        expected: &[],
    },
    EncodedCase {
        name: "mmr-pattern-template-2",
        width: 19,
        height: 11,
        error_kind: 1,
        data: &[
            0x00, 0x00, 0x00, 0x01, 0x30, 0x01, 0x01, 0x00, 0x00, 0x00, 0x13, 0x00, 0x00, 0x00,
            0x13, 0x00, 0x00, 0x00, 0x0b, 0x00, 0x00, 0x00, 0x00, 0x00, 0x00, 0x00, 0x00, 0x63,
            0x00, 0x00, 0x00, 0x00, 0x00, 0x02, 0x10, 0x01, 0x01, 0x00, 0x00, 0x00, 0x15, 0x05,
            0x05, 0x03, 0x00, 0x00, 0x00, 0x01, 0x26, 0xa8, 0xba, 0x23, 0xa0, 0x41, 0x58, 0x4d,
            0x6b, 0xea, 0xc0, 0x04, 0x00, 0x40, 0x00, 0x00, 0x00, 0x03, 0x17, 0x23, 0x02, 0x01,
            0x00, 0x00, 0x00, 0x2b, 0x00, 0x00, 0x00, 0x13, 0x00, 0x00, 0x00, 0x0b, 0x00, 0x00,
            0x00, 0x00, 0x00, 0x00, 0x00, 0x00, 0x04, 0x01, 0x00, 0x00, 0x00, 0x03, 0x00, 0x00,
            0x00, 0x02, 0x00, 0x00, 0x00, 0x00, 0x00, 0x00, 0x00, 0x00, 0x05, 0x00, 0x00, 0x00,
            0x09, 0x78, 0x00, 0x80, 0x08,
        ],
        globals: &[],
        expected: &[],
    },
    EncodedCase {
        name: "mmr-halftone-template-2",
        width: 19,
        height: 11,
        error_kind: 1,
        data: &[
            0x00, 0x00, 0x00, 0x01, 0x30, 0x01, 0x01, 0x00, 0x00, 0x00, 0x13, 0x00, 0x00, 0x00,
            0x13, 0x00, 0x00, 0x00, 0x0b, 0x00, 0x00, 0x00, 0x00, 0x00, 0x00, 0x00, 0x00, 0x63,
            0x00, 0x00, 0x00, 0x00, 0x00, 0x02, 0x10, 0x01, 0x01, 0x00, 0x00, 0x00, 0x15, 0x01,
            0x05, 0x03, 0x00, 0x00, 0x00, 0x01, 0x26, 0xa8, 0xba, 0x23, 0xa0, 0x41, 0x58, 0x4d,
            0x6b, 0xea, 0xc0, 0x04, 0x00, 0x40, 0x00, 0x00, 0x00, 0x03, 0x17, 0x23, 0x02, 0x01,
            0x00, 0x00, 0x00, 0x2b, 0x00, 0x00, 0x00, 0x13, 0x00, 0x00, 0x00, 0x0b, 0x00, 0x00,
            0x00, 0x00, 0x00, 0x00, 0x00, 0x00, 0x04, 0x05, 0x00, 0x00, 0x00, 0x03, 0x00, 0x00,
            0x00, 0x02, 0x00, 0x00, 0x00, 0x00, 0x00, 0x00, 0x00, 0x00, 0x05, 0x00, 0x00, 0x00,
            0x09, 0x78, 0x00, 0x80, 0x08,
        ],
        globals: &[],
        expected: &[],
    },
    EncodedCase {
        name: "mmr-pattern-template-3",
        width: 19,
        height: 11,
        error_kind: 1,
        data: &[
            0x00, 0x00, 0x00, 0x01, 0x30, 0x01, 0x01, 0x00, 0x00, 0x00, 0x13, 0x00, 0x00, 0x00,
            0x13, 0x00, 0x00, 0x00, 0x0b, 0x00, 0x00, 0x00, 0x00, 0x00, 0x00, 0x00, 0x00, 0x63,
            0x00, 0x00, 0x00, 0x00, 0x00, 0x02, 0x10, 0x01, 0x01, 0x00, 0x00, 0x00, 0x15, 0x07,
            0x05, 0x03, 0x00, 0x00, 0x00, 0x01, 0x26, 0xa8, 0xba, 0x23, 0xa0, 0x41, 0x58, 0x4d,
            0x6b, 0xea, 0xc0, 0x04, 0x00, 0x40, 0x00, 0x00, 0x00, 0x03, 0x17, 0x23, 0x02, 0x01,
            0x00, 0x00, 0x00, 0x2b, 0x00, 0x00, 0x00, 0x13, 0x00, 0x00, 0x00, 0x0b, 0x00, 0x00,
            0x00, 0x00, 0x00, 0x00, 0x00, 0x00, 0x04, 0x01, 0x00, 0x00, 0x00, 0x03, 0x00, 0x00,
            0x00, 0x02, 0x00, 0x00, 0x00, 0x00, 0x00, 0x00, 0x00, 0x00, 0x05, 0x00, 0x00, 0x00,
            0x09, 0x78, 0x00, 0x80, 0x08,
        ],
        globals: &[],
        expected: &[],
    },
    EncodedCase {
        name: "mmr-halftone-template-3",
        width: 19,
        height: 11,
        error_kind: 1,
        data: &[
            0x00, 0x00, 0x00, 0x01, 0x30, 0x01, 0x01, 0x00, 0x00, 0x00, 0x13, 0x00, 0x00, 0x00,
            0x13, 0x00, 0x00, 0x00, 0x0b, 0x00, 0x00, 0x00, 0x00, 0x00, 0x00, 0x00, 0x00, 0x63,
            0x00, 0x00, 0x00, 0x00, 0x00, 0x02, 0x10, 0x01, 0x01, 0x00, 0x00, 0x00, 0x15, 0x01,
            0x05, 0x03, 0x00, 0x00, 0x00, 0x01, 0x26, 0xa8, 0xba, 0x23, 0xa0, 0x41, 0x58, 0x4d,
            0x6b, 0xea, 0xc0, 0x04, 0x00, 0x40, 0x00, 0x00, 0x00, 0x03, 0x17, 0x23, 0x02, 0x01,
            0x00, 0x00, 0x00, 0x2b, 0x00, 0x00, 0x00, 0x13, 0x00, 0x00, 0x00, 0x0b, 0x00, 0x00,
            0x00, 0x00, 0x00, 0x00, 0x00, 0x00, 0x04, 0x07, 0x00, 0x00, 0x00, 0x03, 0x00, 0x00,
            0x00, 0x02, 0x00, 0x00, 0x00, 0x00, 0x00, 0x00, 0x00, 0x00, 0x05, 0x00, 0x00, 0x00,
            0x09, 0x78, 0x00, 0x80, 0x08,
        ],
        globals: &[],
        expected: &[],
    },
    EncodedCase {
        name: "mmr-halftone-skip",
        width: 19,
        height: 11,
        error_kind: 1,
        data: &[
            0x00, 0x00, 0x00, 0x01, 0x30, 0x01, 0x01, 0x00, 0x00, 0x00, 0x13, 0x00, 0x00, 0x00,
            0x13, 0x00, 0x00, 0x00, 0x0b, 0x00, 0x00, 0x00, 0x00, 0x00, 0x00, 0x00, 0x00, 0x63,
            0x00, 0x00, 0x00, 0x00, 0x00, 0x02, 0x10, 0x01, 0x01, 0x00, 0x00, 0x00, 0x15, 0x01,
            0x05, 0x03, 0x00, 0x00, 0x00, 0x01, 0x26, 0xa8, 0xba, 0x23, 0xa0, 0x41, 0x58, 0x4d,
            0x6b, 0xea, 0xc0, 0x04, 0x00, 0x40, 0x00, 0x00, 0x00, 0x03, 0x17, 0x23, 0x02, 0x01,
            0x00, 0x00, 0x00, 0x2b, 0x00, 0x00, 0x00, 0x13, 0x00, 0x00, 0x00, 0x0b, 0x00, 0x00,
            0x00, 0x00, 0x00, 0x00, 0x00, 0x00, 0x04, 0x09, 0x00, 0x00, 0x00, 0x03, 0x00, 0x00,
            0x00, 0x02, 0x00, 0x00, 0x00, 0x00, 0x00, 0x00, 0x00, 0x00, 0x05, 0x00, 0x00, 0x00,
            0x09, 0x78, 0x00, 0x80, 0x08,
        ],
        globals: &[],
        expected: &[],
    },
    EncodedCase {
        name: "halftone-operator-5",
        width: 19,
        height: 11,
        error_kind: 3,
        data: &[
            0x00, 0x00, 0x00, 0x01, 0x30, 0x01, 0x01, 0x00, 0x00, 0x00, 0x13, 0x00, 0x00, 0x00,
            0x13, 0x00, 0x00, 0x00, 0x0b, 0x00, 0x00, 0x00, 0x00, 0x00, 0x00, 0x00, 0x00, 0x63,
            0x00, 0x00, 0x00, 0x00, 0x00, 0x02, 0x10, 0x01, 0x01, 0x00, 0x00, 0x00, 0x15, 0x01,
            0x05, 0x03, 0x00, 0x00, 0x00, 0x01, 0x26, 0xa8, 0xba, 0x23, 0xa0, 0x41, 0x58, 0x4d,
            0x6b, 0xea, 0xc0, 0x04, 0x00, 0x40, 0x00, 0x00, 0x00, 0x03, 0x17, 0x23, 0x02, 0x01,
            0x00, 0x00, 0x00, 0x2b, 0x00, 0x00, 0x00, 0x13, 0x00, 0x00, 0x00, 0x0b, 0x00, 0x00,
            0x00, 0x00, 0x00, 0x00, 0x00, 0x00, 0x04, 0x51, 0x00, 0x00, 0x00, 0x03, 0x00, 0x00,
            0x00, 0x02, 0x00, 0x00, 0x00, 0x00, 0x00, 0x00, 0x00, 0x00, 0x05, 0x00, 0x00, 0x00,
            0x09, 0x78, 0x00, 0x80, 0x08,
        ],
        globals: &[],
        expected: &[],
    },
    EncodedCase {
        name: "halftone-operator-6",
        width: 19,
        height: 11,
        error_kind: 3,
        data: &[
            0x00, 0x00, 0x00, 0x01, 0x30, 0x01, 0x01, 0x00, 0x00, 0x00, 0x13, 0x00, 0x00, 0x00,
            0x13, 0x00, 0x00, 0x00, 0x0b, 0x00, 0x00, 0x00, 0x00, 0x00, 0x00, 0x00, 0x00, 0x63,
            0x00, 0x00, 0x00, 0x00, 0x00, 0x02, 0x10, 0x01, 0x01, 0x00, 0x00, 0x00, 0x15, 0x01,
            0x05, 0x03, 0x00, 0x00, 0x00, 0x01, 0x26, 0xa8, 0xba, 0x23, 0xa0, 0x41, 0x58, 0x4d,
            0x6b, 0xea, 0xc0, 0x04, 0x00, 0x40, 0x00, 0x00, 0x00, 0x03, 0x17, 0x23, 0x02, 0x01,
            0x00, 0x00, 0x00, 0x2b, 0x00, 0x00, 0x00, 0x13, 0x00, 0x00, 0x00, 0x0b, 0x00, 0x00,
            0x00, 0x00, 0x00, 0x00, 0x00, 0x00, 0x04, 0x61, 0x00, 0x00, 0x00, 0x03, 0x00, 0x00,
            0x00, 0x02, 0x00, 0x00, 0x00, 0x00, 0x00, 0x00, 0x00, 0x00, 0x05, 0x00, 0x00, 0x00,
            0x09, 0x78, 0x00, 0x80, 0x08,
        ],
        globals: &[],
        expected: &[],
    },
    EncodedCase {
        name: "halftone-operator-7",
        width: 19,
        height: 11,
        error_kind: 3,
        data: &[
            0x00, 0x00, 0x00, 0x01, 0x30, 0x01, 0x01, 0x00, 0x00, 0x00, 0x13, 0x00, 0x00, 0x00,
            0x13, 0x00, 0x00, 0x00, 0x0b, 0x00, 0x00, 0x00, 0x00, 0x00, 0x00, 0x00, 0x00, 0x63,
            0x00, 0x00, 0x00, 0x00, 0x00, 0x02, 0x10, 0x01, 0x01, 0x00, 0x00, 0x00, 0x15, 0x01,
            0x05, 0x03, 0x00, 0x00, 0x00, 0x01, 0x26, 0xa8, 0xba, 0x23, 0xa0, 0x41, 0x58, 0x4d,
            0x6b, 0xea, 0xc0, 0x04, 0x00, 0x40, 0x00, 0x00, 0x00, 0x03, 0x17, 0x23, 0x02, 0x01,
            0x00, 0x00, 0x00, 0x2b, 0x00, 0x00, 0x00, 0x13, 0x00, 0x00, 0x00, 0x0b, 0x00, 0x00,
            0x00, 0x00, 0x00, 0x00, 0x00, 0x00, 0x04, 0x71, 0x00, 0x00, 0x00, 0x03, 0x00, 0x00,
            0x00, 0x02, 0x00, 0x00, 0x00, 0x00, 0x00, 0x00, 0x00, 0x00, 0x05, 0x00, 0x00, 0x00,
            0x09, 0x78, 0x00, 0x80, 0x08,
        ],
        globals: &[],
        expected: &[],
    },
    EncodedCase {
        name: "arithmetic-width-129-template-0",
        width: 261,
        height: 7,
        error_kind: 2,
        data: &[
            0x00, 0x00, 0x00, 0x01, 0x30, 0x01, 0x01, 0x00, 0x00, 0x00, 0x13, 0x00, 0x00, 0x01,
            0x05, 0x00, 0x00, 0x00, 0x07, 0x00, 0x00, 0x00, 0x00, 0x00, 0x00, 0x00, 0x00, 0x63,
            0x00, 0x00, 0x00, 0x00, 0x00, 0x02, 0x10, 0x01, 0x01, 0x00, 0x00, 0x00, 0x2e, 0x00,
            0x81, 0x05, 0x00, 0x00, 0x00, 0x01, 0xc7, 0xb0, 0x7a, 0x63, 0xcb, 0xe5, 0x3c, 0xff,
            0x32, 0x61, 0x1d, 0xde, 0xf4, 0x16, 0x15, 0x7f, 0xcd, 0xb8, 0x5f, 0x59, 0xc1, 0x37,
            0xfd, 0x23, 0xa9, 0x79, 0x99, 0xe3, 0xf9, 0x40, 0xe4, 0x04, 0x72, 0xff, 0x7f, 0xd0,
            0x2f, 0xff, 0xac, 0x00, 0x00, 0x00, 0x03, 0x17, 0x23, 0x02, 0x01, 0x00, 0x00, 0x00,
            0x29, 0x00, 0x00, 0x01, 0x05, 0x00, 0x00, 0x00, 0x07, 0x00, 0x00, 0x00, 0x00, 0x00,
            0x00, 0x00, 0x00, 0x04, 0x00, 0x00, 0x00, 0x00, 0x02, 0x00, 0x00, 0x00, 0x01, 0x00,
            0x00, 0x00, 0x00, 0x00, 0x00, 0x00, 0x00, 0x81, 0x00, 0x00, 0x00, 0x1f, 0xff, 0xac,
        ],
        globals: &[],
        expected: &[],
    },
    EncodedCase {
        name: "arithmetic-width-255-template-0",
        width: 513,
        height: 7,
        error_kind: 2,
        data: &[
            0x00, 0x00, 0x00, 0x01, 0x30, 0x01, 0x01, 0x00, 0x00, 0x00, 0x13, 0x00, 0x00, 0x02,
            0x01, 0x00, 0x00, 0x00, 0x07, 0x00, 0x00, 0x00, 0x00, 0x00, 0x00, 0x00, 0x00, 0x63,
            0x00, 0x00, 0x00, 0x00, 0x00, 0x02, 0x10, 0x01, 0x01, 0x00, 0x00, 0x00, 0x39, 0x00,
            0xff, 0x05, 0x00, 0x00, 0x00, 0x01, 0xc7, 0xb0, 0x7a, 0x63, 0xcb, 0xe5, 0x3c, 0xff,
            0x31, 0x6c, 0x60, 0xad, 0xb6, 0xdb, 0x6d, 0xa7, 0x80, 0xc8, 0xa4, 0xef, 0x2c, 0x21,
            0xab, 0xff, 0x77, 0x9f, 0x6d, 0xfd, 0x4b, 0x99, 0xbf, 0xfe, 0x8a, 0xe3, 0xde, 0xd8,
            0xcf, 0x1f, 0xfe, 0xc6, 0x6c, 0xfd, 0x61, 0xdf, 0xff, 0x7f, 0xef, 0x3f, 0xff, 0xac,
            0x00, 0x00, 0x00, 0x03, 0x17, 0x23, 0x02, 0x01, 0x00, 0x00, 0x00, 0x29, 0x00, 0x00,
            0x02, 0x01, 0x00, 0x00, 0x00, 0x07, 0x00, 0x00, 0x00, 0x00, 0x00, 0x00, 0x00, 0x00,
            0x04, 0x00, 0x00, 0x00, 0x00, 0x02, 0x00, 0x00, 0x00, 0x01, 0x00, 0x00, 0x00, 0x00,
            0x00, 0x00, 0x00, 0x00, 0xff, 0x00, 0x00, 0x00, 0x1f, 0xff, 0xac,
        ],
        globals: &[],
        expected: &[],
    },
    EncodedCase {
        name: "arithmetic-width-129-template-1",
        width: 261,
        height: 7,
        error_kind: 2,
        data: &[
            0x00, 0x00, 0x00, 0x01, 0x30, 0x01, 0x01, 0x00, 0x00, 0x00, 0x13, 0x00, 0x00, 0x01,
            0x05, 0x00, 0x00, 0x00, 0x07, 0x00, 0x00, 0x00, 0x00, 0x00, 0x00, 0x00, 0x00, 0x63,
            0x00, 0x00, 0x00, 0x00, 0x00, 0x02, 0x10, 0x01, 0x01, 0x00, 0x00, 0x00, 0x3b, 0x02,
            0x81, 0x05, 0x00, 0x00, 0x00, 0x01, 0xc5, 0x93, 0xbf, 0x59, 0x69, 0xb8, 0xff, 0x7f,
            0xfa, 0xa4, 0x20, 0x69, 0x0d, 0x8b, 0x24, 0x96, 0x3b, 0x12, 0xaf, 0xfb, 0x1c, 0x79,
            0xae, 0x29, 0x54, 0x92, 0x49, 0x2e, 0xcb, 0xe9, 0xbf, 0x14, 0xe4, 0x6d, 0xf4, 0x21,
            0xd7, 0x8f, 0xfa, 0xcd, 0xe7, 0x9f, 0x77, 0xf7, 0xff, 0x7e, 0xc0, 0x19, 0x00, 0x7f,
            0xff, 0xac, 0x00, 0x00, 0x00, 0x03, 0x17, 0x23, 0x02, 0x01, 0x00, 0x00, 0x00, 0x29,
            0x00, 0x00, 0x01, 0x05, 0x00, 0x00, 0x00, 0x07, 0x00, 0x00, 0x00, 0x00, 0x00, 0x00,
            0x00, 0x00, 0x04, 0x02, 0x00, 0x00, 0x00, 0x02, 0x00, 0x00, 0x00, 0x01, 0x00, 0x00,
            0x00, 0x00, 0x00, 0x00, 0x00, 0x00, 0x81, 0x00, 0x00, 0x00, 0x1f, 0xff, 0xac,
        ],
        globals: &[],
        expected: &[],
    },
    EncodedCase {
        name: "arithmetic-width-255-template-1",
        width: 513,
        height: 7,
        error_kind: 2,
        data: &[
            0x00, 0x00, 0x00, 0x01, 0x30, 0x01, 0x01, 0x00, 0x00, 0x00, 0x13, 0x00, 0x00, 0x02,
            0x01, 0x00, 0x00, 0x00, 0x07, 0x00, 0x00, 0x00, 0x00, 0x00, 0x00, 0x00, 0x00, 0x63,
            0x00, 0x00, 0x00, 0x00, 0x00, 0x02, 0x10, 0x01, 0x01, 0x00, 0x00, 0x00, 0x56, 0x02,
            0xff, 0x05, 0x00, 0x00, 0x00, 0x01, 0xc5, 0x93, 0xbf, 0x59, 0x69, 0xb8, 0xff, 0x7f,
            0xff, 0x7f, 0xff, 0x7f, 0xff, 0x7f, 0xff, 0x7e, 0xa9, 0x08, 0x1a, 0x43, 0x62, 0xc9,
            0x24, 0x92, 0x49, 0x24, 0x92, 0x49, 0x24, 0x96, 0x3b, 0x12, 0xaf, 0xff, 0x44, 0xd4,
            0xe6, 0xb8, 0xa5, 0x52, 0x49, 0x24, 0x92, 0x49, 0x24, 0x92, 0x49, 0x24, 0x92, 0xec,
            0xbe, 0x9b, 0xff, 0x6d, 0x4c, 0xcd, 0xbf, 0xf7, 0x08, 0x17, 0x8f, 0xff, 0x25, 0xda,
            0x1e, 0x7f, 0xf4, 0xcb, 0x7f, 0xff, 0x7f, 0x8d, 0x4c, 0x80, 0x3f, 0xff, 0x7f, 0xff,
            0xac, 0x00, 0x00, 0x00, 0x03, 0x17, 0x23, 0x02, 0x01, 0x00, 0x00, 0x00, 0x29, 0x00,
            0x00, 0x02, 0x01, 0x00, 0x00, 0x00, 0x07, 0x00, 0x00, 0x00, 0x00, 0x00, 0x00, 0x00,
            0x00, 0x04, 0x02, 0x00, 0x00, 0x00, 0x02, 0x00, 0x00, 0x00, 0x01, 0x00, 0x00, 0x00,
            0x00, 0x00, 0x00, 0x00, 0x00, 0xff, 0x00, 0x00, 0x00, 0x1f, 0xff, 0xac,
        ],
        globals: &[],
        expected: &[],
    },
    EncodedCase {
        name: "arithmetic-width-129-template-2",
        width: 261,
        height: 7,
        error_kind: 2,
        data: &[
            0x00, 0x00, 0x00, 0x01, 0x30, 0x01, 0x01, 0x00, 0x00, 0x00, 0x13, 0x00, 0x00, 0x01,
            0x05, 0x00, 0x00, 0x00, 0x07, 0x00, 0x00, 0x00, 0x00, 0x00, 0x00, 0x00, 0x00, 0x63,
            0x00, 0x00, 0x00, 0x00, 0x00, 0x02, 0x10, 0x01, 0x01, 0x00, 0x00, 0x00, 0x3b, 0x04,
            0x81, 0x05, 0x00, 0x00, 0x00, 0x01, 0xcd, 0xf5, 0x1f, 0x81, 0x1a, 0x7f, 0xff, 0x7f,
            0xaa, 0x42, 0x05, 0xf8, 0x85, 0x08, 0x98, 0x95, 0x5d, 0xab, 0x68, 0xd2, 0x05, 0x87,
            0x56, 0xa4, 0x47, 0x70, 0x3a, 0xac, 0xdf, 0xe2, 0x94, 0x36, 0xfa, 0x5b, 0xa7, 0x8f,
            0x9e, 0x96, 0xcc, 0x93, 0x81, 0xd1, 0xcd, 0x94, 0x5f, 0xff, 0x67, 0x12, 0x00, 0x3f,
            0xff, 0xac, 0x00, 0x00, 0x00, 0x03, 0x17, 0x23, 0x02, 0x01, 0x00, 0x00, 0x00, 0x29,
            0x00, 0x00, 0x01, 0x05, 0x00, 0x00, 0x00, 0x07, 0x00, 0x00, 0x00, 0x00, 0x00, 0x00,
            0x00, 0x00, 0x04, 0x04, 0x00, 0x00, 0x00, 0x02, 0x00, 0x00, 0x00, 0x01, 0x00, 0x00,
            0x00, 0x00, 0x00, 0x00, 0x00, 0x00, 0x81, 0x00, 0x00, 0x00, 0x1f, 0xff, 0xac,
        ],
        globals: &[],
        expected: &[],
    },
    EncodedCase {
        name: "arithmetic-width-255-template-2",
        width: 513,
        height: 7,
        error_kind: 2,
        data: &[
            0x00, 0x00, 0x00, 0x01, 0x30, 0x01, 0x01, 0x00, 0x00, 0x00, 0x13, 0x00, 0x00, 0x02,
            0x01, 0x00, 0x00, 0x00, 0x07, 0x00, 0x00, 0x00, 0x00, 0x00, 0x00, 0x00, 0x00, 0x63,
            0x00, 0x00, 0x00, 0x00, 0x00, 0x02, 0x10, 0x01, 0x01, 0x00, 0x00, 0x00, 0x57, 0x04,
            0xff, 0x05, 0x00, 0x00, 0x00, 0x01, 0xcd, 0xf5, 0x1f, 0x81, 0x1a, 0x7f, 0xff, 0x7f,
            0xff, 0x7f, 0xff, 0x7f, 0xff, 0x7f, 0xff, 0x6a, 0x90, 0x81, 0x7e, 0x21, 0x42, 0x26,
            0x43, 0xc8, 0x79, 0x0f, 0x21, 0xe4, 0x0e, 0x06, 0x35, 0x7f, 0xd1, 0x75, 0x9c, 0x48,
            0xb3, 0xa1, 0xb0, 0x9f, 0xff, 0x7f, 0xff, 0x7f, 0xff, 0x7f, 0xfa, 0xc5, 0x56, 0x6f,
            0xfe, 0xeb, 0xdc, 0xdb, 0xff, 0x3c, 0xec, 0x78, 0xff, 0x7a, 0xbe, 0x00, 0x7f, 0xb7,
            0x21, 0x05, 0xd5, 0x77, 0x64, 0x0d, 0xff, 0x7f, 0xfa, 0x68, 0x70, 0x07, 0xff, 0x7f,
            0xff, 0xac, 0x00, 0x00, 0x00, 0x03, 0x17, 0x23, 0x02, 0x01, 0x00, 0x00, 0x00, 0x29,
            0x00, 0x00, 0x02, 0x01, 0x00, 0x00, 0x00, 0x07, 0x00, 0x00, 0x00, 0x00, 0x00, 0x00,
            0x00, 0x00, 0x04, 0x04, 0x00, 0x00, 0x00, 0x02, 0x00, 0x00, 0x00, 0x01, 0x00, 0x00,
            0x00, 0x00, 0x00, 0x00, 0x00, 0x00, 0xff, 0x00, 0x00, 0x00, 0x1f, 0xff, 0xac,
        ],
        globals: &[],
        expected: &[],
    },
    EncodedCase {
        name: "arithmetic-width-129-template-3",
        width: 261,
        height: 7,
        error_kind: 2,
        data: &[
            0x00, 0x00, 0x00, 0x01, 0x30, 0x01, 0x01, 0x00, 0x00, 0x00, 0x13, 0x00, 0x00, 0x01,
            0x05, 0x00, 0x00, 0x00, 0x07, 0x00, 0x00, 0x00, 0x00, 0x00, 0x00, 0x00, 0x00, 0x63,
            0x00, 0x00, 0x00, 0x00, 0x00, 0x02, 0x10, 0x01, 0x01, 0x00, 0x00, 0x00, 0x39, 0x06,
            0x81, 0x05, 0x00, 0x00, 0x00, 0x01, 0xc7, 0xb0, 0x7a, 0x63, 0xcb, 0xe5, 0x3c, 0xff,
            0x33, 0x64, 0xb3, 0x2d, 0xc9, 0x24, 0x92, 0x48, 0xff, 0x8b, 0x6a, 0xff, 0x69, 0x99,
            0xd5, 0xe3, 0xe3, 0xd5, 0x7d, 0x0b, 0x69, 0xa7, 0xc1, 0xc6, 0x78, 0xfe, 0x3c, 0x92,
            0x78, 0xfb, 0xc6, 0x6b, 0x53, 0xff, 0x7a, 0x61, 0x5c, 0x01, 0xff, 0x7f, 0xff, 0xac,
            0x00, 0x00, 0x00, 0x03, 0x17, 0x23, 0x02, 0x01, 0x00, 0x00, 0x00, 0x29, 0x00, 0x00,
            0x01, 0x05, 0x00, 0x00, 0x00, 0x07, 0x00, 0x00, 0x00, 0x00, 0x00, 0x00, 0x00, 0x00,
            0x04, 0x06, 0x00, 0x00, 0x00, 0x02, 0x00, 0x00, 0x00, 0x01, 0x00, 0x00, 0x00, 0x00,
            0x00, 0x00, 0x00, 0x00, 0x81, 0x00, 0x00, 0x00, 0x1f, 0xff, 0xac,
        ],
        globals: &[],
        expected: &[],
    },
    EncodedCase {
        name: "arithmetic-width-255-template-3",
        width: 513,
        height: 7,
        error_kind: 2,
        data: &[
            0x00, 0x00, 0x00, 0x01, 0x30, 0x01, 0x01, 0x00, 0x00, 0x00, 0x13, 0x00, 0x00, 0x02,
            0x01, 0x00, 0x00, 0x00, 0x07, 0x00, 0x00, 0x00, 0x00, 0x00, 0x00, 0x00, 0x00, 0x63,
            0x00, 0x00, 0x00, 0x00, 0x00, 0x02, 0x10, 0x01, 0x01, 0x00, 0x00, 0x00, 0x4b, 0x06,
            0xff, 0x05, 0x00, 0x00, 0x00, 0x01, 0xc7, 0xb0, 0x7a, 0x63, 0xcb, 0xe5, 0x3c, 0xff,
            0x31, 0x6c, 0x60, 0xad, 0xb6, 0xdb, 0x6d, 0xab, 0xe6, 0xd6, 0xe1, 0xf6, 0xdb, 0x6d,
            0xb6, 0xdb, 0x6d, 0xb6, 0xdb, 0x6d, 0xb6, 0xd8, 0x59, 0x6d, 0x5f, 0xff, 0x41, 0xfc,
            0xd5, 0xff, 0x1b, 0xb5, 0xb5, 0xff, 0x04, 0x2e, 0xb4, 0xfd, 0x32, 0xb5, 0xe3, 0xff,
            0x6b, 0x3d, 0xa7, 0x8f, 0xff, 0x23, 0x1f, 0x75, 0x1c, 0xc7, 0x3b, 0x4a, 0xce, 0x00,
            0xff, 0x7f, 0xff, 0xac, 0x00, 0x00, 0x00, 0x03, 0x17, 0x23, 0x02, 0x01, 0x00, 0x00,
            0x00, 0x29, 0x00, 0x00, 0x02, 0x01, 0x00, 0x00, 0x00, 0x07, 0x00, 0x00, 0x00, 0x00,
            0x00, 0x00, 0x00, 0x00, 0x04, 0x06, 0x00, 0x00, 0x00, 0x02, 0x00, 0x00, 0x00, 0x01,
            0x00, 0x00, 0x00, 0x00, 0x00, 0x00, 0x00, 0x00, 0xff, 0x00, 0x00, 0x00, 0x1f, 0xff,
            0xac,
        ],
        globals: &[],
        expected: &[],
    },
    EncodedCase {
        name: "zero-pattern-width",
        width: 19,
        height: 11,
        error_kind: 4,
        data: &[
            0x00, 0x00, 0x00, 0x01, 0x30, 0x01, 0x01, 0x00, 0x00, 0x00, 0x13, 0x00, 0x00, 0x00,
            0x13, 0x00, 0x00, 0x00, 0x0b, 0x00, 0x00, 0x00, 0x00, 0x00, 0x00, 0x00, 0x00, 0x63,
            0x00, 0x00, 0x00, 0x00, 0x00, 0x02, 0x10, 0x01, 0x01, 0x00, 0x00, 0x00, 0x15, 0x01,
            0x00, 0x03, 0x00, 0x00, 0x00, 0x01, 0x26, 0xa8, 0xba, 0x23, 0xa0, 0x41, 0x58, 0x4d,
            0x6b, 0xea, 0xc0, 0x04, 0x00, 0x40, 0x00, 0x00, 0x00, 0x03, 0x17, 0x23, 0x02, 0x01,
            0x00, 0x00, 0x00, 0x2b, 0x00, 0x00, 0x00, 0x13, 0x00, 0x00, 0x00, 0x0b, 0x00, 0x00,
            0x00, 0x00, 0x00, 0x00, 0x00, 0x00, 0x04, 0x01, 0x00, 0x00, 0x00, 0x03, 0x00, 0x00,
            0x00, 0x02, 0x00, 0x00, 0x00, 0x00, 0x00, 0x00, 0x00, 0x00, 0x05, 0x00, 0x00, 0x00,
            0x09, 0x78, 0x00, 0x80, 0x08,
        ],
        globals: &[],
        expected: &[],
    },
    EncodedCase {
        name: "zero-pattern-height",
        width: 19,
        height: 11,
        error_kind: 4,
        data: &[
            0x00, 0x00, 0x00, 0x01, 0x30, 0x01, 0x01, 0x00, 0x00, 0x00, 0x13, 0x00, 0x00, 0x00,
            0x13, 0x00, 0x00, 0x00, 0x0b, 0x00, 0x00, 0x00, 0x00, 0x00, 0x00, 0x00, 0x00, 0x63,
            0x00, 0x00, 0x00, 0x00, 0x00, 0x02, 0x10, 0x01, 0x01, 0x00, 0x00, 0x00, 0x15, 0x01,
            0x05, 0x00, 0x00, 0x00, 0x00, 0x01, 0x26, 0xa8, 0xba, 0x23, 0xa0, 0x41, 0x58, 0x4d,
            0x6b, 0xea, 0xc0, 0x04, 0x00, 0x40, 0x00, 0x00, 0x00, 0x03, 0x17, 0x23, 0x02, 0x01,
            0x00, 0x00, 0x00, 0x2b, 0x00, 0x00, 0x00, 0x13, 0x00, 0x00, 0x00, 0x0b, 0x00, 0x00,
            0x00, 0x00, 0x00, 0x00, 0x00, 0x00, 0x04, 0x01, 0x00, 0x00, 0x00, 0x03, 0x00, 0x00,
            0x00, 0x02, 0x00, 0x00, 0x00, 0x00, 0x00, 0x00, 0x00, 0x00, 0x05, 0x00, 0x00, 0x00,
            0x09, 0x78, 0x00, 0x80, 0x08,
        ],
        globals: &[],
        expected: &[],
    },
];
