// Authored T.88 7.2.3/7.2.4 reference lifetime and attachment controls.
// Symbol bitmaps and standard Huffman codes come from the independent raw
// collective controls; comments contain explicit terminated R/P pairs.
// Poppler confirms 42 cases; jbig2dec confirms the five Poppler refusals.
// Shared globals include valid chains closed by a different PDF image and
// different page bitmaps to detect decoder state leaking between images.
// Provenance: pdf-test-suite/reports/jbig2-reference-lifetimes-2026-09-11/.
pub(super) struct EncodedCase {
    pub(super) name: &'static str,
    pub(super) data: &'static [u8],
    pub(super) globals: &'static [u8],
    pub(super) second: &'static [u8],
    pub(super) first_shift: bool,
    pub(super) second_shift: bool,
}
pub(super) const CASES: &[EncodedCase] = &[
    EncodedCase {
        name: "dictionary-final-use-clears",
        first_shift: false,
        second_shift: false,
        data: &[
            0x00, 0x00, 0x00, 0x01, 0x30, 0x01, 0x01, 0x00, 0x00, 0x00, 0x13, 0x00, 0x00, 0x00,
            0x09, 0x00, 0x00, 0x00, 0x07, 0x00, 0x00, 0x00, 0x00, 0x00, 0x00, 0x00, 0x00, 0x63,
            0x00, 0x00, 0x00, 0x00, 0x00, 0x02, 0x00, 0x01, 0x01, 0x00, 0x00, 0x00, 0x1e, 0x00,
            0x01, 0x00, 0x00, 0x00, 0x01, 0x00, 0x00, 0x00, 0x01, 0xe7, 0xdb, 0xf0, 0x00, 0x95,
            0x00, 0x4a, 0x80, 0x4c, 0x80, 0xc3, 0x80, 0x00, 0x00, 0x1c, 0x00, 0x93, 0x00, 0x00,
            0x40, 0x00, 0x00, 0x00, 0x03, 0x07, 0x20, 0x02, 0x01, 0x00, 0x00, 0x00, 0x2d, 0x00,
            0x00, 0x00, 0x09, 0x00, 0x00, 0x00, 0x07, 0x00, 0x00, 0x00, 0x00, 0x00, 0x00, 0x00,
            0x00, 0x04, 0x00, 0x11, 0x00, 0x00, 0x00, 0x00, 0x00, 0x01, 0x01, 0x00, 0x00, 0x00,
            0x00, 0x00, 0x00, 0x00, 0x00, 0x00, 0x00, 0x00, 0x00, 0x00, 0x00, 0x00, 0x00, 0x00,
            0x00, 0x04,
        ],
        globals: &[],
        second: &[],
    },
    EncodedCase {
        name: "dictionary-kept-for-two-text-regions",
        first_shift: false,
        second_shift: false,
        data: &[
            0x00, 0x00, 0x00, 0x01, 0x30, 0x01, 0x01, 0x00, 0x00, 0x00, 0x13, 0x00, 0x00, 0x00,
            0x09, 0x00, 0x00, 0x00, 0x07, 0x00, 0x00, 0x00, 0x00, 0x00, 0x00, 0x00, 0x00, 0x63,
            0x00, 0x00, 0x00, 0x00, 0x00, 0x02, 0x00, 0x01, 0x01, 0x00, 0x00, 0x00, 0x1e, 0x00,
            0x01, 0x00, 0x00, 0x00, 0x01, 0x00, 0x00, 0x00, 0x01, 0xe7, 0xdb, 0xf0, 0x00, 0x95,
            0x00, 0x4a, 0x80, 0x4c, 0x80, 0xc3, 0x80, 0x00, 0x00, 0x1c, 0x00, 0x93, 0x00, 0x00,
            0x40, 0x00, 0x00, 0x00, 0x03, 0x07, 0x23, 0x02, 0x01, 0x00, 0x00, 0x00, 0x2d, 0x00,
            0x00, 0x00, 0x09, 0x00, 0x00, 0x00, 0x07, 0x00, 0x00, 0x00, 0x00, 0x00, 0x00, 0x00,
            0x00, 0x04, 0x00, 0x11, 0x00, 0x00, 0x00, 0x00, 0x00, 0x01, 0x01, 0x00, 0x00, 0x00,
            0x00, 0x00, 0x00, 0x00, 0x00, 0x00, 0x00, 0x00, 0x00, 0x00, 0x00, 0x00, 0x00, 0x00,
            0x00, 0x04, 0x00, 0x00, 0x00, 0x04, 0x07, 0x20, 0x02, 0x01, 0x00, 0x00, 0x00, 0x2d,
            0x00, 0x00, 0x00, 0x09, 0x00, 0x00, 0x00, 0x07, 0x00, 0x00, 0x00, 0x00, 0x00, 0x00,
            0x00, 0x00, 0x04, 0x00, 0x11, 0x00, 0x00, 0x00, 0x00, 0x00, 0x01, 0x01, 0x00, 0x00,
            0x00, 0x00, 0x00, 0x00, 0x00, 0x00, 0x00, 0x00, 0x00, 0x00, 0x00, 0x00, 0x00, 0x00,
            0x00, 0x00, 0x04,
        ],
        globals: &[],
        second: &[],
    },
    EncodedCase {
        name: "extension-preserves-dictionary",
        first_shift: false,
        second_shift: false,
        data: &[
            0x00, 0x00, 0x00, 0x01, 0x30, 0x01, 0x01, 0x00, 0x00, 0x00, 0x13, 0x00, 0x00, 0x00,
            0x09, 0x00, 0x00, 0x00, 0x07, 0x00, 0x00, 0x00, 0x00, 0x00, 0x00, 0x00, 0x00, 0x63,
            0x00, 0x00, 0x00, 0x00, 0x00, 0x02, 0x00, 0x01, 0x01, 0x00, 0x00, 0x00, 0x1e, 0x00,
            0x01, 0x00, 0x00, 0x00, 0x01, 0x00, 0x00, 0x00, 0x01, 0xe7, 0xdb, 0xf0, 0x00, 0x95,
            0x00, 0x4a, 0x80, 0x4c, 0x80, 0xc3, 0x80, 0x00, 0x00, 0x1c, 0x00, 0x93, 0x00, 0x00,
            0x40, 0x00, 0x00, 0x00, 0x03, 0x3e, 0x22, 0x02, 0x01, 0x00, 0x00, 0x00, 0x09, 0x20,
            0x00, 0x00, 0x00, 0x52, 0x00, 0x50, 0x00, 0x00, 0x00, 0x00, 0x00, 0x04, 0x07, 0x20,
            0x02, 0x01, 0x00, 0x00, 0x00, 0x2d, 0x00, 0x00, 0x00, 0x09, 0x00, 0x00, 0x00, 0x07,
            0x00, 0x00, 0x00, 0x00, 0x00, 0x00, 0x00, 0x00, 0x04, 0x00, 0x11, 0x00, 0x00, 0x00,
            0x00, 0x00, 0x01, 0x01, 0x00, 0x00, 0x00, 0x00, 0x00, 0x00, 0x00, 0x00, 0x00, 0x00,
            0x00, 0x00, 0x00, 0x00, 0x00, 0x00, 0x00, 0x00, 0x04,
        ],
        globals: &[],
        second: &[],
    },
    EncodedCase {
        name: "extension-clears-after-text",
        first_shift: false,
        second_shift: false,
        data: &[
            0x00, 0x00, 0x00, 0x01, 0x30, 0x01, 0x01, 0x00, 0x00, 0x00, 0x13, 0x00, 0x00, 0x00,
            0x09, 0x00, 0x00, 0x00, 0x07, 0x00, 0x00, 0x00, 0x00, 0x00, 0x00, 0x00, 0x00, 0x63,
            0x00, 0x00, 0x00, 0x00, 0x00, 0x02, 0x00, 0x01, 0x01, 0x00, 0x00, 0x00, 0x1e, 0x00,
            0x01, 0x00, 0x00, 0x00, 0x01, 0x00, 0x00, 0x00, 0x01, 0xe7, 0xdb, 0xf0, 0x00, 0x95,
            0x00, 0x4a, 0x80, 0x4c, 0x80, 0xc3, 0x80, 0x00, 0x00, 0x1c, 0x00, 0x93, 0x00, 0x00,
            0x40, 0x00, 0x00, 0x00, 0x03, 0x07, 0x23, 0x02, 0x01, 0x00, 0x00, 0x00, 0x2d, 0x00,
            0x00, 0x00, 0x09, 0x00, 0x00, 0x00, 0x07, 0x00, 0x00, 0x00, 0x00, 0x00, 0x00, 0x00,
            0x00, 0x04, 0x00, 0x11, 0x00, 0x00, 0x00, 0x00, 0x00, 0x01, 0x01, 0x00, 0x00, 0x00,
            0x00, 0x00, 0x00, 0x00, 0x00, 0x00, 0x00, 0x00, 0x00, 0x00, 0x00, 0x00, 0x00, 0x00,
            0x00, 0x04, 0x00, 0x00, 0x00, 0x04, 0x3e, 0x20, 0x02, 0x01, 0x00, 0x00, 0x00, 0x09,
            0x20, 0x00, 0x00, 0x00, 0x52, 0x00, 0x50, 0x00, 0x00,
        ],
        globals: &[],
        second: &[],
    },
    EncodedCase {
        name: "unrelated-dictionary-not-retained",
        first_shift: false,
        second_shift: false,
        data: &[
            0x00, 0x00, 0x00, 0x01, 0x30, 0x01, 0x01, 0x00, 0x00, 0x00, 0x13, 0x00, 0x00, 0x00,
            0x09, 0x00, 0x00, 0x00, 0x07, 0x00, 0x00, 0x00, 0x00, 0x00, 0x00, 0x00, 0x00, 0x63,
            0x00, 0x00, 0x00, 0x00, 0x00, 0x02, 0x00, 0x01, 0x01, 0x00, 0x00, 0x00, 0x1e, 0x00,
            0x01, 0x00, 0x00, 0x00, 0x01, 0x00, 0x00, 0x00, 0x01, 0xe7, 0xdb, 0xf0, 0x00, 0x95,
            0x00, 0x4a, 0x80, 0x4c, 0x80, 0xc3, 0x80, 0x00, 0x00, 0x1c, 0x00, 0x93, 0x00, 0x00,
            0x40, 0x00, 0x00, 0x00, 0x03, 0x00, 0x00, 0x01, 0x00, 0x00, 0x00, 0x1e, 0x00, 0x01,
            0x00, 0x00, 0x00, 0x01, 0x00, 0x00, 0x00, 0x01, 0xe7, 0xdb, 0xf0, 0x00, 0x95, 0x00,
            0x4a, 0x80, 0x4c, 0x80, 0xc3, 0x80, 0x00, 0x00, 0x1c, 0x00, 0x93, 0x00, 0x00, 0x40,
            0x00, 0x00, 0x00, 0x04, 0x07, 0x20, 0x02, 0x01, 0x00, 0x00, 0x00, 0x2d, 0x00, 0x00,
            0x00, 0x09, 0x00, 0x00, 0x00, 0x07, 0x00, 0x00, 0x00, 0x00, 0x00, 0x00, 0x00, 0x00,
            0x04, 0x00, 0x11, 0x00, 0x00, 0x00, 0x00, 0x00, 0x01, 0x01, 0x00, 0x00, 0x00, 0x00,
            0x00, 0x00, 0x00, 0x00, 0x00, 0x00, 0x00, 0x00, 0x00, 0x00, 0x00, 0x00, 0x00, 0x00,
            0x04,
        ],
        globals: &[],
        second: &[],
    },
    EncodedCase {
        name: "page-info-not-retained",
        first_shift: false,
        second_shift: false,
        data: &[
            0x00, 0x00, 0x00, 0x01, 0x30, 0x00, 0x01, 0x00, 0x00, 0x00, 0x13, 0x00, 0x00, 0x00,
            0x09, 0x00, 0x00, 0x00, 0x07, 0x00, 0x00, 0x00, 0x00, 0x00, 0x00, 0x00, 0x00, 0x63,
            0x00, 0x00, 0x00, 0x00, 0x00, 0x02, 0x00, 0x01, 0x01, 0x00, 0x00, 0x00, 0x1e, 0x00,
            0x01, 0x00, 0x00, 0x00, 0x01, 0x00, 0x00, 0x00, 0x01, 0xe7, 0xdb, 0xf0, 0x00, 0x95,
            0x00, 0x4a, 0x80, 0x4c, 0x80, 0xc3, 0x80, 0x00, 0x00, 0x1c, 0x00, 0x93, 0x00, 0x00,
            0x40, 0x00, 0x00, 0x00, 0x03, 0x07, 0x20, 0x02, 0x01, 0x00, 0x00, 0x00, 0x2d, 0x00,
            0x00, 0x00, 0x09, 0x00, 0x00, 0x00, 0x07, 0x00, 0x00, 0x00, 0x00, 0x00, 0x00, 0x00,
            0x00, 0x04, 0x00, 0x11, 0x00, 0x00, 0x00, 0x00, 0x00, 0x01, 0x01, 0x00, 0x00, 0x00,
            0x00, 0x00, 0x00, 0x00, 0x00, 0x00, 0x00, 0x00, 0x00, 0x00, 0x00, 0x00, 0x00, 0x00,
            0x00, 0x04,
        ],
        globals: &[],
        second: &[],
    },
    EncodedCase {
        name: "extension-final-use-clears",
        first_shift: false,
        second_shift: false,
        data: &[
            0x00, 0x00, 0x00, 0x01, 0x30, 0x01, 0x01, 0x00, 0x00, 0x00, 0x13, 0x00, 0x00, 0x00,
            0x09, 0x00, 0x00, 0x00, 0x07, 0x00, 0x00, 0x00, 0x00, 0x00, 0x00, 0x00, 0x00, 0x63,
            0x00, 0x00, 0x00, 0x00, 0x00, 0x02, 0x00, 0x01, 0x01, 0x00, 0x00, 0x00, 0x1e, 0x00,
            0x01, 0x00, 0x00, 0x00, 0x01, 0x00, 0x00, 0x00, 0x01, 0xe7, 0xdb, 0xf0, 0x00, 0x95,
            0x00, 0x4a, 0x80, 0x4c, 0x80, 0xc3, 0x80, 0x00, 0x00, 0x1c, 0x00, 0x93, 0x00, 0x00,
            0x40, 0x00, 0x00, 0x00, 0x03, 0x07, 0x20, 0x02, 0x01, 0x00, 0x00, 0x00, 0x2d, 0x00,
            0x00, 0x00, 0x09, 0x00, 0x00, 0x00, 0x07, 0x00, 0x00, 0x00, 0x00, 0x00, 0x00, 0x00,
            0x00, 0x04, 0x00, 0x11, 0x00, 0x00, 0x00, 0x00, 0x00, 0x01, 0x01, 0x00, 0x00, 0x00,
            0x00, 0x00, 0x00, 0x00, 0x00, 0x00, 0x00, 0x00, 0x00, 0x00, 0x00, 0x00, 0x00, 0x00,
            0x00, 0x04, 0x00, 0x00, 0x00, 0x0a, 0x3e, 0x01, 0x01, 0x00, 0x00, 0x00, 0x09, 0x20,
            0x00, 0x00, 0x00, 0x52, 0x00, 0x50, 0x00, 0x00, 0x00, 0x00, 0x00, 0x0b, 0x3e, 0x20,
            0x0a, 0x01, 0x00, 0x00, 0x00, 0x09, 0x20, 0x00, 0x00, 0x00, 0x52, 0x00, 0x50, 0x00,
            0x00,
        ],
        globals: &[],
        second: &[],
    },
    EncodedCase {
        name: "ordinary-owner-kept-at-end",
        first_shift: false,
        second_shift: false,
        data: &[
            0x00, 0x00, 0x00, 0x01, 0x30, 0x01, 0x01, 0x00, 0x00, 0x00, 0x13, 0x00, 0x00, 0x00,
            0x09, 0x00, 0x00, 0x00, 0x07, 0x00, 0x00, 0x00, 0x00, 0x00, 0x00, 0x00, 0x00, 0x63,
            0x00, 0x00, 0x00, 0x00, 0x00, 0x02, 0x00, 0x01, 0x01, 0x00, 0x00, 0x00, 0x1e, 0x00,
            0x01, 0x00, 0x00, 0x00, 0x01, 0x00, 0x00, 0x00, 0x01, 0xe7, 0xdb, 0xf0, 0x00, 0x95,
            0x00, 0x4a, 0x80, 0x4c, 0x80, 0xc3, 0x80, 0x00, 0x00, 0x1c, 0x00, 0x93, 0x00, 0x00,
            0x40, 0x00, 0x00, 0x00, 0x03, 0x07, 0x20, 0x02, 0x01, 0x00, 0x00, 0x00, 0x2d, 0x00,
            0x00, 0x00, 0x09, 0x00, 0x00, 0x00, 0x07, 0x00, 0x00, 0x00, 0x00, 0x00, 0x00, 0x00,
            0x00, 0x04, 0x00, 0x11, 0x00, 0x00, 0x00, 0x00, 0x00, 0x01, 0x01, 0x00, 0x00, 0x00,
            0x00, 0x00, 0x00, 0x00, 0x00, 0x00, 0x00, 0x00, 0x00, 0x00, 0x00, 0x00, 0x00, 0x00,
            0x00, 0x04, 0x00, 0x00, 0x00, 0x0a, 0x00, 0x01, 0x01, 0x00, 0x00, 0x00, 0x1e, 0x00,
            0x01, 0x00, 0x00, 0x00, 0x01, 0x00, 0x00, 0x00, 0x01, 0xe7, 0xdb, 0xf0, 0x00, 0x95,
            0x00, 0x4a, 0x80, 0x4c, 0x80, 0xc3, 0x80, 0x00, 0x00, 0x1c, 0x00, 0x93, 0x00, 0x00,
            0x40, 0x00, 0x00, 0x00, 0x0b, 0x3e, 0x22, 0x0a, 0x01, 0x00, 0x00, 0x00, 0x09, 0x20,
            0x00, 0x00, 0x00, 0x52, 0x00, 0x50, 0x00, 0x00,
        ],
        globals: &[],
        second: &[],
    },
    EncodedCase {
        name: "duplicate-current-references-clear-after-use",
        first_shift: false,
        second_shift: false,
        data: &[
            0x00, 0x00, 0x00, 0x01, 0x30, 0x01, 0x01, 0x00, 0x00, 0x00, 0x13, 0x00, 0x00, 0x00,
            0x09, 0x00, 0x00, 0x00, 0x07, 0x00, 0x00, 0x00, 0x00, 0x00, 0x00, 0x00, 0x00, 0x63,
            0x00, 0x00, 0x00, 0x00, 0x00, 0x02, 0x00, 0x01, 0x01, 0x00, 0x00, 0x00, 0x1e, 0x00,
            0x01, 0x00, 0x00, 0x00, 0x01, 0x00, 0x00, 0x00, 0x01, 0xe7, 0xdb, 0xf0, 0x00, 0x95,
            0x00, 0x4a, 0x80, 0x4c, 0x80, 0xc3, 0x80, 0x00, 0x00, 0x1c, 0x00, 0x93, 0x00, 0x00,
            0x40, 0x00, 0x00, 0x00, 0x03, 0x07, 0x23, 0x02, 0x01, 0x00, 0x00, 0x00, 0x2d, 0x00,
            0x00, 0x00, 0x09, 0x00, 0x00, 0x00, 0x07, 0x00, 0x00, 0x00, 0x00, 0x00, 0x00, 0x00,
            0x00, 0x04, 0x00, 0x11, 0x00, 0x00, 0x00, 0x00, 0x00, 0x01, 0x01, 0x00, 0x00, 0x00,
            0x00, 0x00, 0x00, 0x00, 0x00, 0x00, 0x00, 0x00, 0x00, 0x00, 0x00, 0x00, 0x00, 0x00,
            0x00, 0x04, 0x00, 0x00, 0x00, 0x04, 0x3e, 0x44, 0x02, 0x02, 0x01, 0x00, 0x00, 0x00,
            0x09, 0x20, 0x00, 0x00, 0x00, 0x52, 0x00, 0x50, 0x00, 0x00,
        ],
        globals: &[],
        second: &[],
    },
    EncodedCase {
        name: "count-4-clear-reference-1",
        first_shift: false,
        second_shift: false,
        data: &[
            0x00, 0x00, 0x00, 0x01, 0x30, 0x01, 0x01, 0x00, 0x00, 0x00, 0x13, 0x00, 0x00, 0x00,
            0x09, 0x00, 0x00, 0x00, 0x07, 0x00, 0x00, 0x00, 0x00, 0x00, 0x00, 0x00, 0x00, 0x63,
            0x00, 0x00, 0x00, 0x00, 0x00, 0x02, 0x00, 0x01, 0x01, 0x00, 0x00, 0x00, 0x1e, 0x00,
            0x01, 0x00, 0x00, 0x00, 0x01, 0x00, 0x00, 0x00, 0x01, 0xe7, 0xdb, 0xf0, 0x00, 0x95,
            0x00, 0x4a, 0x80, 0x4c, 0x80, 0xc3, 0x80, 0x00, 0x00, 0x1c, 0x00, 0x93, 0x00, 0x00,
            0x40, 0x00, 0x00, 0x00, 0x03, 0x00, 0x01, 0x01, 0x00, 0x00, 0x00, 0x1e, 0x00, 0x01,
            0x00, 0x00, 0x00, 0x01, 0x00, 0x00, 0x00, 0x01, 0xe7, 0xdb, 0xf0, 0x00, 0x95, 0x00,
            0x4a, 0x80, 0x4c, 0x80, 0xc3, 0x80, 0x00, 0x00, 0x1c, 0x00, 0x93, 0x00, 0x00, 0x40,
            0x00, 0x00, 0x00, 0x04, 0x00, 0x01, 0x01, 0x00, 0x00, 0x00, 0x1e, 0x00, 0x01, 0x00,
            0x00, 0x00, 0x01, 0x00, 0x00, 0x00, 0x01, 0xe7, 0xdb, 0xf0, 0x00, 0x95, 0x00, 0x4a,
            0x80, 0x4c, 0x80, 0xc3, 0x80, 0x00, 0x00, 0x1c, 0x00, 0x93, 0x00, 0x00, 0x40, 0x00,
            0x00, 0x00, 0x05, 0x00, 0x01, 0x01, 0x00, 0x00, 0x00, 0x1e, 0x00, 0x01, 0x00, 0x00,
            0x00, 0x01, 0x00, 0x00, 0x00, 0x01, 0xe7, 0xdb, 0xf0, 0x00, 0x95, 0x00, 0x4a, 0x80,
            0x4c, 0x80, 0xc3, 0x80, 0x00, 0x00, 0x1c, 0x00, 0x93, 0x00, 0x00, 0x40, 0x00, 0x00,
            0x00, 0x64, 0x3e, 0x9c, 0x02, 0x03, 0x04, 0x05, 0x01, 0x00, 0x00, 0x00, 0x09, 0x20,
            0x00, 0x00, 0x00, 0x52, 0x00, 0x50, 0x00, 0x00, 0x00, 0x00, 0x00, 0x65, 0x07, 0x20,
            0x03, 0x01, 0x00, 0x00, 0x00, 0x2d, 0x00, 0x00, 0x00, 0x09, 0x00, 0x00, 0x00, 0x07,
            0x00, 0x00, 0x00, 0x00, 0x00, 0x00, 0x00, 0x00, 0x04, 0x00, 0x11, 0x00, 0x00, 0x00,
            0x00, 0x00, 0x01, 0x01, 0x00, 0x00, 0x00, 0x00, 0x00, 0x00, 0x00, 0x00, 0x00, 0x00,
            0x00, 0x00, 0x00, 0x00, 0x00, 0x00, 0x00, 0x00, 0x04,
        ],
        globals: &[],
        second: &[],
    },
    EncodedCase {
        name: "count-4-clear-reference-4",
        first_shift: false,
        second_shift: false,
        data: &[
            0x00, 0x00, 0x00, 0x01, 0x30, 0x01, 0x01, 0x00, 0x00, 0x00, 0x13, 0x00, 0x00, 0x00,
            0x09, 0x00, 0x00, 0x00, 0x07, 0x00, 0x00, 0x00, 0x00, 0x00, 0x00, 0x00, 0x00, 0x63,
            0x00, 0x00, 0x00, 0x00, 0x00, 0x02, 0x00, 0x01, 0x01, 0x00, 0x00, 0x00, 0x1e, 0x00,
            0x01, 0x00, 0x00, 0x00, 0x01, 0x00, 0x00, 0x00, 0x01, 0xe7, 0xdb, 0xf0, 0x00, 0x95,
            0x00, 0x4a, 0x80, 0x4c, 0x80, 0xc3, 0x80, 0x00, 0x00, 0x1c, 0x00, 0x93, 0x00, 0x00,
            0x40, 0x00, 0x00, 0x00, 0x03, 0x00, 0x01, 0x01, 0x00, 0x00, 0x00, 0x1e, 0x00, 0x01,
            0x00, 0x00, 0x00, 0x01, 0x00, 0x00, 0x00, 0x01, 0xe7, 0xdb, 0xf0, 0x00, 0x95, 0x00,
            0x4a, 0x80, 0x4c, 0x80, 0xc3, 0x80, 0x00, 0x00, 0x1c, 0x00, 0x93, 0x00, 0x00, 0x40,
            0x00, 0x00, 0x00, 0x04, 0x00, 0x01, 0x01, 0x00, 0x00, 0x00, 0x1e, 0x00, 0x01, 0x00,
            0x00, 0x00, 0x01, 0x00, 0x00, 0x00, 0x01, 0xe7, 0xdb, 0xf0, 0x00, 0x95, 0x00, 0x4a,
            0x80, 0x4c, 0x80, 0xc3, 0x80, 0x00, 0x00, 0x1c, 0x00, 0x93, 0x00, 0x00, 0x40, 0x00,
            0x00, 0x00, 0x05, 0x00, 0x01, 0x01, 0x00, 0x00, 0x00, 0x1e, 0x00, 0x01, 0x00, 0x00,
            0x00, 0x01, 0x00, 0x00, 0x00, 0x01, 0xe7, 0xdb, 0xf0, 0x00, 0x95, 0x00, 0x4a, 0x80,
            0x4c, 0x80, 0xc3, 0x80, 0x00, 0x00, 0x1c, 0x00, 0x93, 0x00, 0x00, 0x40, 0x00, 0x00,
            0x00, 0x64, 0x3e, 0x8e, 0x02, 0x03, 0x04, 0x05, 0x01, 0x00, 0x00, 0x00, 0x09, 0x20,
            0x00, 0x00, 0x00, 0x52, 0x00, 0x50, 0x00, 0x00, 0x00, 0x00, 0x00, 0x65, 0x07, 0x20,
            0x02, 0x01, 0x00, 0x00, 0x00, 0x2d, 0x00, 0x00, 0x00, 0x09, 0x00, 0x00, 0x00, 0x07,
            0x00, 0x00, 0x00, 0x00, 0x00, 0x00, 0x00, 0x00, 0x04, 0x00, 0x11, 0x00, 0x00, 0x00,
            0x00, 0x00, 0x01, 0x01, 0x00, 0x00, 0x00, 0x00, 0x00, 0x00, 0x00, 0x00, 0x00, 0x00,
            0x00, 0x00, 0x00, 0x00, 0x00, 0x00, 0x00, 0x00, 0x04,
        ],
        globals: &[],
        second: &[],
    },
    EncodedCase {
        name: "count-5-clear-reference-1",
        first_shift: false,
        second_shift: false,
        data: &[
            0x00, 0x00, 0x00, 0x01, 0x30, 0x01, 0x01, 0x00, 0x00, 0x00, 0x13, 0x00, 0x00, 0x00,
            0x09, 0x00, 0x00, 0x00, 0x07, 0x00, 0x00, 0x00, 0x00, 0x00, 0x00, 0x00, 0x00, 0x63,
            0x00, 0x00, 0x00, 0x00, 0x00, 0x02, 0x00, 0x01, 0x01, 0x00, 0x00, 0x00, 0x1e, 0x00,
            0x01, 0x00, 0x00, 0x00, 0x01, 0x00, 0x00, 0x00, 0x01, 0xe7, 0xdb, 0xf0, 0x00, 0x95,
            0x00, 0x4a, 0x80, 0x4c, 0x80, 0xc3, 0x80, 0x00, 0x00, 0x1c, 0x00, 0x93, 0x00, 0x00,
            0x40, 0x00, 0x00, 0x00, 0x03, 0x00, 0x01, 0x01, 0x00, 0x00, 0x00, 0x1e, 0x00, 0x01,
            0x00, 0x00, 0x00, 0x01, 0x00, 0x00, 0x00, 0x01, 0xe7, 0xdb, 0xf0, 0x00, 0x95, 0x00,
            0x4a, 0x80, 0x4c, 0x80, 0xc3, 0x80, 0x00, 0x00, 0x1c, 0x00, 0x93, 0x00, 0x00, 0x40,
            0x00, 0x00, 0x00, 0x04, 0x00, 0x01, 0x01, 0x00, 0x00, 0x00, 0x1e, 0x00, 0x01, 0x00,
            0x00, 0x00, 0x01, 0x00, 0x00, 0x00, 0x01, 0xe7, 0xdb, 0xf0, 0x00, 0x95, 0x00, 0x4a,
            0x80, 0x4c, 0x80, 0xc3, 0x80, 0x00, 0x00, 0x1c, 0x00, 0x93, 0x00, 0x00, 0x40, 0x00,
            0x00, 0x00, 0x05, 0x00, 0x01, 0x01, 0x00, 0x00, 0x00, 0x1e, 0x00, 0x01, 0x00, 0x00,
            0x00, 0x01, 0x00, 0x00, 0x00, 0x01, 0xe7, 0xdb, 0xf0, 0x00, 0x95, 0x00, 0x4a, 0x80,
            0x4c, 0x80, 0xc3, 0x80, 0x00, 0x00, 0x1c, 0x00, 0x93, 0x00, 0x00, 0x40, 0x00, 0x00,
            0x00, 0x06, 0x00, 0x01, 0x01, 0x00, 0x00, 0x00, 0x1e, 0x00, 0x01, 0x00, 0x00, 0x00,
            0x01, 0x00, 0x00, 0x00, 0x01, 0xe7, 0xdb, 0xf0, 0x00, 0x95, 0x00, 0x4a, 0x80, 0x4c,
            0x80, 0xc3, 0x80, 0x00, 0x00, 0x1c, 0x00, 0x93, 0x00, 0x00, 0x40, 0x00, 0x00, 0x00,
            0x64, 0x3e, 0xe0, 0x00, 0x00, 0x05, 0x3c, 0x02, 0x03, 0x04, 0x05, 0x06, 0x01, 0x00,
            0x00, 0x00, 0x09, 0x20, 0x00, 0x00, 0x00, 0x52, 0x00, 0x50, 0x00, 0x00, 0x00, 0x00,
            0x00, 0x65, 0x07, 0x20, 0x03, 0x01, 0x00, 0x00, 0x00, 0x2d, 0x00, 0x00, 0x00, 0x09,
            0x00, 0x00, 0x00, 0x07, 0x00, 0x00, 0x00, 0x00, 0x00, 0x00, 0x00, 0x00, 0x04, 0x00,
            0x11, 0x00, 0x00, 0x00, 0x00, 0x00, 0x01, 0x01, 0x00, 0x00, 0x00, 0x00, 0x00, 0x00,
            0x00, 0x00, 0x00, 0x00, 0x00, 0x00, 0x00, 0x00, 0x00, 0x00, 0x00, 0x00, 0x04,
        ],
        globals: &[],
        second: &[],
    },
    EncodedCase {
        name: "count-5-clear-reference-5",
        first_shift: false,
        second_shift: false,
        data: &[
            0x00, 0x00, 0x00, 0x01, 0x30, 0x01, 0x01, 0x00, 0x00, 0x00, 0x13, 0x00, 0x00, 0x00,
            0x09, 0x00, 0x00, 0x00, 0x07, 0x00, 0x00, 0x00, 0x00, 0x00, 0x00, 0x00, 0x00, 0x63,
            0x00, 0x00, 0x00, 0x00, 0x00, 0x02, 0x00, 0x01, 0x01, 0x00, 0x00, 0x00, 0x1e, 0x00,
            0x01, 0x00, 0x00, 0x00, 0x01, 0x00, 0x00, 0x00, 0x01, 0xe7, 0xdb, 0xf0, 0x00, 0x95,
            0x00, 0x4a, 0x80, 0x4c, 0x80, 0xc3, 0x80, 0x00, 0x00, 0x1c, 0x00, 0x93, 0x00, 0x00,
            0x40, 0x00, 0x00, 0x00, 0x03, 0x00, 0x01, 0x01, 0x00, 0x00, 0x00, 0x1e, 0x00, 0x01,
            0x00, 0x00, 0x00, 0x01, 0x00, 0x00, 0x00, 0x01, 0xe7, 0xdb, 0xf0, 0x00, 0x95, 0x00,
            0x4a, 0x80, 0x4c, 0x80, 0xc3, 0x80, 0x00, 0x00, 0x1c, 0x00, 0x93, 0x00, 0x00, 0x40,
            0x00, 0x00, 0x00, 0x04, 0x00, 0x01, 0x01, 0x00, 0x00, 0x00, 0x1e, 0x00, 0x01, 0x00,
            0x00, 0x00, 0x01, 0x00, 0x00, 0x00, 0x01, 0xe7, 0xdb, 0xf0, 0x00, 0x95, 0x00, 0x4a,
            0x80, 0x4c, 0x80, 0xc3, 0x80, 0x00, 0x00, 0x1c, 0x00, 0x93, 0x00, 0x00, 0x40, 0x00,
            0x00, 0x00, 0x05, 0x00, 0x01, 0x01, 0x00, 0x00, 0x00, 0x1e, 0x00, 0x01, 0x00, 0x00,
            0x00, 0x01, 0x00, 0x00, 0x00, 0x01, 0xe7, 0xdb, 0xf0, 0x00, 0x95, 0x00, 0x4a, 0x80,
            0x4c, 0x80, 0xc3, 0x80, 0x00, 0x00, 0x1c, 0x00, 0x93, 0x00, 0x00, 0x40, 0x00, 0x00,
            0x00, 0x06, 0x00, 0x01, 0x01, 0x00, 0x00, 0x00, 0x1e, 0x00, 0x01, 0x00, 0x00, 0x00,
            0x01, 0x00, 0x00, 0x00, 0x01, 0xe7, 0xdb, 0xf0, 0x00, 0x95, 0x00, 0x4a, 0x80, 0x4c,
            0x80, 0xc3, 0x80, 0x00, 0x00, 0x1c, 0x00, 0x93, 0x00, 0x00, 0x40, 0x00, 0x00, 0x00,
            0x64, 0x3e, 0xe0, 0x00, 0x00, 0x05, 0x1e, 0x02, 0x03, 0x04, 0x05, 0x06, 0x01, 0x00,
            0x00, 0x00, 0x09, 0x20, 0x00, 0x00, 0x00, 0x52, 0x00, 0x50, 0x00, 0x00, 0x00, 0x00,
            0x00, 0x65, 0x07, 0x20, 0x02, 0x01, 0x00, 0x00, 0x00, 0x2d, 0x00, 0x00, 0x00, 0x09,
            0x00, 0x00, 0x00, 0x07, 0x00, 0x00, 0x00, 0x00, 0x00, 0x00, 0x00, 0x00, 0x04, 0x00,
            0x11, 0x00, 0x00, 0x00, 0x00, 0x00, 0x01, 0x01, 0x00, 0x00, 0x00, 0x00, 0x00, 0x00,
            0x00, 0x00, 0x00, 0x00, 0x00, 0x00, 0x00, 0x00, 0x00, 0x00, 0x00, 0x00, 0x04,
        ],
        globals: &[],
        second: &[],
    },
    EncodedCase {
        name: "count-7-clear-reference-1",
        first_shift: false,
        second_shift: false,
        data: &[
            0x00, 0x00, 0x00, 0x01, 0x30, 0x01, 0x01, 0x00, 0x00, 0x00, 0x13, 0x00, 0x00, 0x00,
            0x09, 0x00, 0x00, 0x00, 0x07, 0x00, 0x00, 0x00, 0x00, 0x00, 0x00, 0x00, 0x00, 0x63,
            0x00, 0x00, 0x00, 0x00, 0x00, 0x02, 0x00, 0x01, 0x01, 0x00, 0x00, 0x00, 0x1e, 0x00,
            0x01, 0x00, 0x00, 0x00, 0x01, 0x00, 0x00, 0x00, 0x01, 0xe7, 0xdb, 0xf0, 0x00, 0x95,
            0x00, 0x4a, 0x80, 0x4c, 0x80, 0xc3, 0x80, 0x00, 0x00, 0x1c, 0x00, 0x93, 0x00, 0x00,
            0x40, 0x00, 0x00, 0x00, 0x03, 0x00, 0x01, 0x01, 0x00, 0x00, 0x00, 0x1e, 0x00, 0x01,
            0x00, 0x00, 0x00, 0x01, 0x00, 0x00, 0x00, 0x01, 0xe7, 0xdb, 0xf0, 0x00, 0x95, 0x00,
            0x4a, 0x80, 0x4c, 0x80, 0xc3, 0x80, 0x00, 0x00, 0x1c, 0x00, 0x93, 0x00, 0x00, 0x40,
            0x00, 0x00, 0x00, 0x04, 0x00, 0x01, 0x01, 0x00, 0x00, 0x00, 0x1e, 0x00, 0x01, 0x00,
            0x00, 0x00, 0x01, 0x00, 0x00, 0x00, 0x01, 0xe7, 0xdb, 0xf0, 0x00, 0x95, 0x00, 0x4a,
            0x80, 0x4c, 0x80, 0xc3, 0x80, 0x00, 0x00, 0x1c, 0x00, 0x93, 0x00, 0x00, 0x40, 0x00,
            0x00, 0x00, 0x05, 0x00, 0x01, 0x01, 0x00, 0x00, 0x00, 0x1e, 0x00, 0x01, 0x00, 0x00,
            0x00, 0x01, 0x00, 0x00, 0x00, 0x01, 0xe7, 0xdb, 0xf0, 0x00, 0x95, 0x00, 0x4a, 0x80,
            0x4c, 0x80, 0xc3, 0x80, 0x00, 0x00, 0x1c, 0x00, 0x93, 0x00, 0x00, 0x40, 0x00, 0x00,
            0x00, 0x06, 0x00, 0x01, 0x01, 0x00, 0x00, 0x00, 0x1e, 0x00, 0x01, 0x00, 0x00, 0x00,
            0x01, 0x00, 0x00, 0x00, 0x01, 0xe7, 0xdb, 0xf0, 0x00, 0x95, 0x00, 0x4a, 0x80, 0x4c,
            0x80, 0xc3, 0x80, 0x00, 0x00, 0x1c, 0x00, 0x93, 0x00, 0x00, 0x40, 0x00, 0x00, 0x00,
            0x07, 0x00, 0x01, 0x01, 0x00, 0x00, 0x00, 0x1e, 0x00, 0x01, 0x00, 0x00, 0x00, 0x01,
            0x00, 0x00, 0x00, 0x01, 0xe7, 0xdb, 0xf0, 0x00, 0x95, 0x00, 0x4a, 0x80, 0x4c, 0x80,
            0xc3, 0x80, 0x00, 0x00, 0x1c, 0x00, 0x93, 0x00, 0x00, 0x40, 0x00, 0x00, 0x00, 0x08,
            0x00, 0x01, 0x01, 0x00, 0x00, 0x00, 0x1e, 0x00, 0x01, 0x00, 0x00, 0x00, 0x01, 0x00,
            0x00, 0x00, 0x01, 0xe7, 0xdb, 0xf0, 0x00, 0x95, 0x00, 0x4a, 0x80, 0x4c, 0x80, 0xc3,
            0x80, 0x00, 0x00, 0x1c, 0x00, 0x93, 0x00, 0x00, 0x40, 0x00, 0x00, 0x00, 0x64, 0x3e,
            0xe0, 0x00, 0x00, 0x07, 0xfc, 0x02, 0x03, 0x04, 0x05, 0x06, 0x07, 0x08, 0x01, 0x00,
            0x00, 0x00, 0x09, 0x20, 0x00, 0x00, 0x00, 0x52, 0x00, 0x50, 0x00, 0x00, 0x00, 0x00,
            0x00, 0x65, 0x07, 0x20, 0x03, 0x01, 0x00, 0x00, 0x00, 0x2d, 0x00, 0x00, 0x00, 0x09,
            0x00, 0x00, 0x00, 0x07, 0x00, 0x00, 0x00, 0x00, 0x00, 0x00, 0x00, 0x00, 0x04, 0x00,
            0x11, 0x00, 0x00, 0x00, 0x00, 0x00, 0x01, 0x01, 0x00, 0x00, 0x00, 0x00, 0x00, 0x00,
            0x00, 0x00, 0x00, 0x00, 0x00, 0x00, 0x00, 0x00, 0x00, 0x00, 0x00, 0x00, 0x04,
        ],
        globals: &[],
        second: &[],
    },
    EncodedCase {
        name: "count-7-clear-reference-7",
        first_shift: false,
        second_shift: false,
        data: &[
            0x00, 0x00, 0x00, 0x01, 0x30, 0x01, 0x01, 0x00, 0x00, 0x00, 0x13, 0x00, 0x00, 0x00,
            0x09, 0x00, 0x00, 0x00, 0x07, 0x00, 0x00, 0x00, 0x00, 0x00, 0x00, 0x00, 0x00, 0x63,
            0x00, 0x00, 0x00, 0x00, 0x00, 0x02, 0x00, 0x01, 0x01, 0x00, 0x00, 0x00, 0x1e, 0x00,
            0x01, 0x00, 0x00, 0x00, 0x01, 0x00, 0x00, 0x00, 0x01, 0xe7, 0xdb, 0xf0, 0x00, 0x95,
            0x00, 0x4a, 0x80, 0x4c, 0x80, 0xc3, 0x80, 0x00, 0x00, 0x1c, 0x00, 0x93, 0x00, 0x00,
            0x40, 0x00, 0x00, 0x00, 0x03, 0x00, 0x01, 0x01, 0x00, 0x00, 0x00, 0x1e, 0x00, 0x01,
            0x00, 0x00, 0x00, 0x01, 0x00, 0x00, 0x00, 0x01, 0xe7, 0xdb, 0xf0, 0x00, 0x95, 0x00,
            0x4a, 0x80, 0x4c, 0x80, 0xc3, 0x80, 0x00, 0x00, 0x1c, 0x00, 0x93, 0x00, 0x00, 0x40,
            0x00, 0x00, 0x00, 0x04, 0x00, 0x01, 0x01, 0x00, 0x00, 0x00, 0x1e, 0x00, 0x01, 0x00,
            0x00, 0x00, 0x01, 0x00, 0x00, 0x00, 0x01, 0xe7, 0xdb, 0xf0, 0x00, 0x95, 0x00, 0x4a,
            0x80, 0x4c, 0x80, 0xc3, 0x80, 0x00, 0x00, 0x1c, 0x00, 0x93, 0x00, 0x00, 0x40, 0x00,
            0x00, 0x00, 0x05, 0x00, 0x01, 0x01, 0x00, 0x00, 0x00, 0x1e, 0x00, 0x01, 0x00, 0x00,
            0x00, 0x01, 0x00, 0x00, 0x00, 0x01, 0xe7, 0xdb, 0xf0, 0x00, 0x95, 0x00, 0x4a, 0x80,
            0x4c, 0x80, 0xc3, 0x80, 0x00, 0x00, 0x1c, 0x00, 0x93, 0x00, 0x00, 0x40, 0x00, 0x00,
            0x00, 0x06, 0x00, 0x01, 0x01, 0x00, 0x00, 0x00, 0x1e, 0x00, 0x01, 0x00, 0x00, 0x00,
            0x01, 0x00, 0x00, 0x00, 0x01, 0xe7, 0xdb, 0xf0, 0x00, 0x95, 0x00, 0x4a, 0x80, 0x4c,
            0x80, 0xc3, 0x80, 0x00, 0x00, 0x1c, 0x00, 0x93, 0x00, 0x00, 0x40, 0x00, 0x00, 0x00,
            0x07, 0x00, 0x01, 0x01, 0x00, 0x00, 0x00, 0x1e, 0x00, 0x01, 0x00, 0x00, 0x00, 0x01,
            0x00, 0x00, 0x00, 0x01, 0xe7, 0xdb, 0xf0, 0x00, 0x95, 0x00, 0x4a, 0x80, 0x4c, 0x80,
            0xc3, 0x80, 0x00, 0x00, 0x1c, 0x00, 0x93, 0x00, 0x00, 0x40, 0x00, 0x00, 0x00, 0x08,
            0x00, 0x01, 0x01, 0x00, 0x00, 0x00, 0x1e, 0x00, 0x01, 0x00, 0x00, 0x00, 0x01, 0x00,
            0x00, 0x00, 0x01, 0xe7, 0xdb, 0xf0, 0x00, 0x95, 0x00, 0x4a, 0x80, 0x4c, 0x80, 0xc3,
            0x80, 0x00, 0x00, 0x1c, 0x00, 0x93, 0x00, 0x00, 0x40, 0x00, 0x00, 0x00, 0x64, 0x3e,
            0xe0, 0x00, 0x00, 0x07, 0x7e, 0x02, 0x03, 0x04, 0x05, 0x06, 0x07, 0x08, 0x01, 0x00,
            0x00, 0x00, 0x09, 0x20, 0x00, 0x00, 0x00, 0x52, 0x00, 0x50, 0x00, 0x00, 0x00, 0x00,
            0x00, 0x65, 0x07, 0x20, 0x02, 0x01, 0x00, 0x00, 0x00, 0x2d, 0x00, 0x00, 0x00, 0x09,
            0x00, 0x00, 0x00, 0x07, 0x00, 0x00, 0x00, 0x00, 0x00, 0x00, 0x00, 0x00, 0x04, 0x00,
            0x11, 0x00, 0x00, 0x00, 0x00, 0x00, 0x01, 0x01, 0x00, 0x00, 0x00, 0x00, 0x00, 0x00,
            0x00, 0x00, 0x00, 0x00, 0x00, 0x00, 0x00, 0x00, 0x00, 0x00, 0x00, 0x00, 0x04,
        ],
        globals: &[],
        second: &[],
    },
    EncodedCase {
        name: "count-8-clear-reference-1",
        first_shift: false,
        second_shift: false,
        data: &[
            0x00, 0x00, 0x00, 0x01, 0x30, 0x01, 0x01, 0x00, 0x00, 0x00, 0x13, 0x00, 0x00, 0x00,
            0x09, 0x00, 0x00, 0x00, 0x07, 0x00, 0x00, 0x00, 0x00, 0x00, 0x00, 0x00, 0x00, 0x63,
            0x00, 0x00, 0x00, 0x00, 0x00, 0x02, 0x00, 0x01, 0x01, 0x00, 0x00, 0x00, 0x1e, 0x00,
            0x01, 0x00, 0x00, 0x00, 0x01, 0x00, 0x00, 0x00, 0x01, 0xe7, 0xdb, 0xf0, 0x00, 0x95,
            0x00, 0x4a, 0x80, 0x4c, 0x80, 0xc3, 0x80, 0x00, 0x00, 0x1c, 0x00, 0x93, 0x00, 0x00,
            0x40, 0x00, 0x00, 0x00, 0x03, 0x00, 0x01, 0x01, 0x00, 0x00, 0x00, 0x1e, 0x00, 0x01,
            0x00, 0x00, 0x00, 0x01, 0x00, 0x00, 0x00, 0x01, 0xe7, 0xdb, 0xf0, 0x00, 0x95, 0x00,
            0x4a, 0x80, 0x4c, 0x80, 0xc3, 0x80, 0x00, 0x00, 0x1c, 0x00, 0x93, 0x00, 0x00, 0x40,
            0x00, 0x00, 0x00, 0x04, 0x00, 0x01, 0x01, 0x00, 0x00, 0x00, 0x1e, 0x00, 0x01, 0x00,
            0x00, 0x00, 0x01, 0x00, 0x00, 0x00, 0x01, 0xe7, 0xdb, 0xf0, 0x00, 0x95, 0x00, 0x4a,
            0x80, 0x4c, 0x80, 0xc3, 0x80, 0x00, 0x00, 0x1c, 0x00, 0x93, 0x00, 0x00, 0x40, 0x00,
            0x00, 0x00, 0x05, 0x00, 0x01, 0x01, 0x00, 0x00, 0x00, 0x1e, 0x00, 0x01, 0x00, 0x00,
            0x00, 0x01, 0x00, 0x00, 0x00, 0x01, 0xe7, 0xdb, 0xf0, 0x00, 0x95, 0x00, 0x4a, 0x80,
            0x4c, 0x80, 0xc3, 0x80, 0x00, 0x00, 0x1c, 0x00, 0x93, 0x00, 0x00, 0x40, 0x00, 0x00,
            0x00, 0x06, 0x00, 0x01, 0x01, 0x00, 0x00, 0x00, 0x1e, 0x00, 0x01, 0x00, 0x00, 0x00,
            0x01, 0x00, 0x00, 0x00, 0x01, 0xe7, 0xdb, 0xf0, 0x00, 0x95, 0x00, 0x4a, 0x80, 0x4c,
            0x80, 0xc3, 0x80, 0x00, 0x00, 0x1c, 0x00, 0x93, 0x00, 0x00, 0x40, 0x00, 0x00, 0x00,
            0x07, 0x00, 0x01, 0x01, 0x00, 0x00, 0x00, 0x1e, 0x00, 0x01, 0x00, 0x00, 0x00, 0x01,
            0x00, 0x00, 0x00, 0x01, 0xe7, 0xdb, 0xf0, 0x00, 0x95, 0x00, 0x4a, 0x80, 0x4c, 0x80,
            0xc3, 0x80, 0x00, 0x00, 0x1c, 0x00, 0x93, 0x00, 0x00, 0x40, 0x00, 0x00, 0x00, 0x08,
            0x00, 0x01, 0x01, 0x00, 0x00, 0x00, 0x1e, 0x00, 0x01, 0x00, 0x00, 0x00, 0x01, 0x00,
            0x00, 0x00, 0x01, 0xe7, 0xdb, 0xf0, 0x00, 0x95, 0x00, 0x4a, 0x80, 0x4c, 0x80, 0xc3,
            0x80, 0x00, 0x00, 0x1c, 0x00, 0x93, 0x00, 0x00, 0x40, 0x00, 0x00, 0x00, 0x09, 0x00,
            0x01, 0x01, 0x00, 0x00, 0x00, 0x1e, 0x00, 0x01, 0x00, 0x00, 0x00, 0x01, 0x00, 0x00,
            0x00, 0x01, 0xe7, 0xdb, 0xf0, 0x00, 0x95, 0x00, 0x4a, 0x80, 0x4c, 0x80, 0xc3, 0x80,
            0x00, 0x00, 0x1c, 0x00, 0x93, 0x00, 0x00, 0x40, 0x00, 0x00, 0x00, 0x64, 0x3e, 0xe0,
            0x00, 0x00, 0x08, 0xfc, 0x01, 0x02, 0x03, 0x04, 0x05, 0x06, 0x07, 0x08, 0x09, 0x01,
            0x00, 0x00, 0x00, 0x09, 0x20, 0x00, 0x00, 0x00, 0x52, 0x00, 0x50, 0x00, 0x00, 0x00,
            0x00, 0x00, 0x65, 0x07, 0x20, 0x03, 0x01, 0x00, 0x00, 0x00, 0x2d, 0x00, 0x00, 0x00,
            0x09, 0x00, 0x00, 0x00, 0x07, 0x00, 0x00, 0x00, 0x00, 0x00, 0x00, 0x00, 0x00, 0x04,
            0x00, 0x11, 0x00, 0x00, 0x00, 0x00, 0x00, 0x01, 0x01, 0x00, 0x00, 0x00, 0x00, 0x00,
            0x00, 0x00, 0x00, 0x00, 0x00, 0x00, 0x00, 0x00, 0x00, 0x00, 0x00, 0x00, 0x00, 0x04,
        ],
        globals: &[],
        second: &[],
    },
    EncodedCase {
        name: "count-8-clear-reference-8",
        first_shift: false,
        second_shift: false,
        data: &[
            0x00, 0x00, 0x00, 0x01, 0x30, 0x01, 0x01, 0x00, 0x00, 0x00, 0x13, 0x00, 0x00, 0x00,
            0x09, 0x00, 0x00, 0x00, 0x07, 0x00, 0x00, 0x00, 0x00, 0x00, 0x00, 0x00, 0x00, 0x63,
            0x00, 0x00, 0x00, 0x00, 0x00, 0x02, 0x00, 0x01, 0x01, 0x00, 0x00, 0x00, 0x1e, 0x00,
            0x01, 0x00, 0x00, 0x00, 0x01, 0x00, 0x00, 0x00, 0x01, 0xe7, 0xdb, 0xf0, 0x00, 0x95,
            0x00, 0x4a, 0x80, 0x4c, 0x80, 0xc3, 0x80, 0x00, 0x00, 0x1c, 0x00, 0x93, 0x00, 0x00,
            0x40, 0x00, 0x00, 0x00, 0x03, 0x00, 0x01, 0x01, 0x00, 0x00, 0x00, 0x1e, 0x00, 0x01,
            0x00, 0x00, 0x00, 0x01, 0x00, 0x00, 0x00, 0x01, 0xe7, 0xdb, 0xf0, 0x00, 0x95, 0x00,
            0x4a, 0x80, 0x4c, 0x80, 0xc3, 0x80, 0x00, 0x00, 0x1c, 0x00, 0x93, 0x00, 0x00, 0x40,
            0x00, 0x00, 0x00, 0x04, 0x00, 0x01, 0x01, 0x00, 0x00, 0x00, 0x1e, 0x00, 0x01, 0x00,
            0x00, 0x00, 0x01, 0x00, 0x00, 0x00, 0x01, 0xe7, 0xdb, 0xf0, 0x00, 0x95, 0x00, 0x4a,
            0x80, 0x4c, 0x80, 0xc3, 0x80, 0x00, 0x00, 0x1c, 0x00, 0x93, 0x00, 0x00, 0x40, 0x00,
            0x00, 0x00, 0x05, 0x00, 0x01, 0x01, 0x00, 0x00, 0x00, 0x1e, 0x00, 0x01, 0x00, 0x00,
            0x00, 0x01, 0x00, 0x00, 0x00, 0x01, 0xe7, 0xdb, 0xf0, 0x00, 0x95, 0x00, 0x4a, 0x80,
            0x4c, 0x80, 0xc3, 0x80, 0x00, 0x00, 0x1c, 0x00, 0x93, 0x00, 0x00, 0x40, 0x00, 0x00,
            0x00, 0x06, 0x00, 0x01, 0x01, 0x00, 0x00, 0x00, 0x1e, 0x00, 0x01, 0x00, 0x00, 0x00,
            0x01, 0x00, 0x00, 0x00, 0x01, 0xe7, 0xdb, 0xf0, 0x00, 0x95, 0x00, 0x4a, 0x80, 0x4c,
            0x80, 0xc3, 0x80, 0x00, 0x00, 0x1c, 0x00, 0x93, 0x00, 0x00, 0x40, 0x00, 0x00, 0x00,
            0x07, 0x00, 0x01, 0x01, 0x00, 0x00, 0x00, 0x1e, 0x00, 0x01, 0x00, 0x00, 0x00, 0x01,
            0x00, 0x00, 0x00, 0x01, 0xe7, 0xdb, 0xf0, 0x00, 0x95, 0x00, 0x4a, 0x80, 0x4c, 0x80,
            0xc3, 0x80, 0x00, 0x00, 0x1c, 0x00, 0x93, 0x00, 0x00, 0x40, 0x00, 0x00, 0x00, 0x08,
            0x00, 0x01, 0x01, 0x00, 0x00, 0x00, 0x1e, 0x00, 0x01, 0x00, 0x00, 0x00, 0x01, 0x00,
            0x00, 0x00, 0x01, 0xe7, 0xdb, 0xf0, 0x00, 0x95, 0x00, 0x4a, 0x80, 0x4c, 0x80, 0xc3,
            0x80, 0x00, 0x00, 0x1c, 0x00, 0x93, 0x00, 0x00, 0x40, 0x00, 0x00, 0x00, 0x09, 0x00,
            0x01, 0x01, 0x00, 0x00, 0x00, 0x1e, 0x00, 0x01, 0x00, 0x00, 0x00, 0x01, 0x00, 0x00,
            0x00, 0x01, 0xe7, 0xdb, 0xf0, 0x00, 0x95, 0x00, 0x4a, 0x80, 0x4c, 0x80, 0xc3, 0x80,
            0x00, 0x00, 0x1c, 0x00, 0x93, 0x00, 0x00, 0x40, 0x00, 0x00, 0x00, 0x64, 0x3e, 0xe0,
            0x00, 0x00, 0x08, 0xfe, 0x00, 0x02, 0x03, 0x04, 0x05, 0x06, 0x07, 0x08, 0x09, 0x01,
            0x00, 0x00, 0x00, 0x09, 0x20, 0x00, 0x00, 0x00, 0x52, 0x00, 0x50, 0x00, 0x00, 0x00,
            0x00, 0x00, 0x65, 0x07, 0x20, 0x02, 0x01, 0x00, 0x00, 0x00, 0x2d, 0x00, 0x00, 0x00,
            0x09, 0x00, 0x00, 0x00, 0x07, 0x00, 0x00, 0x00, 0x00, 0x00, 0x00, 0x00, 0x00, 0x04,
            0x00, 0x11, 0x00, 0x00, 0x00, 0x00, 0x00, 0x01, 0x01, 0x00, 0x00, 0x00, 0x00, 0x00,
            0x00, 0x00, 0x00, 0x00, 0x00, 0x00, 0x00, 0x00, 0x00, 0x00, 0x00, 0x00, 0x00, 0x04,
        ],
        globals: &[],
        second: &[],
    },
    EncodedCase {
        name: "count-9-clear-reference-1",
        first_shift: false,
        second_shift: false,
        data: &[
            0x00, 0x00, 0x00, 0x01, 0x30, 0x01, 0x01, 0x00, 0x00, 0x00, 0x13, 0x00, 0x00, 0x00,
            0x09, 0x00, 0x00, 0x00, 0x07, 0x00, 0x00, 0x00, 0x00, 0x00, 0x00, 0x00, 0x00, 0x63,
            0x00, 0x00, 0x00, 0x00, 0x00, 0x02, 0x00, 0x01, 0x01, 0x00, 0x00, 0x00, 0x1e, 0x00,
            0x01, 0x00, 0x00, 0x00, 0x01, 0x00, 0x00, 0x00, 0x01, 0xe7, 0xdb, 0xf0, 0x00, 0x95,
            0x00, 0x4a, 0x80, 0x4c, 0x80, 0xc3, 0x80, 0x00, 0x00, 0x1c, 0x00, 0x93, 0x00, 0x00,
            0x40, 0x00, 0x00, 0x00, 0x03, 0x00, 0x01, 0x01, 0x00, 0x00, 0x00, 0x1e, 0x00, 0x01,
            0x00, 0x00, 0x00, 0x01, 0x00, 0x00, 0x00, 0x01, 0xe7, 0xdb, 0xf0, 0x00, 0x95, 0x00,
            0x4a, 0x80, 0x4c, 0x80, 0xc3, 0x80, 0x00, 0x00, 0x1c, 0x00, 0x93, 0x00, 0x00, 0x40,
            0x00, 0x00, 0x00, 0x04, 0x00, 0x01, 0x01, 0x00, 0x00, 0x00, 0x1e, 0x00, 0x01, 0x00,
            0x00, 0x00, 0x01, 0x00, 0x00, 0x00, 0x01, 0xe7, 0xdb, 0xf0, 0x00, 0x95, 0x00, 0x4a,
            0x80, 0x4c, 0x80, 0xc3, 0x80, 0x00, 0x00, 0x1c, 0x00, 0x93, 0x00, 0x00, 0x40, 0x00,
            0x00, 0x00, 0x05, 0x00, 0x01, 0x01, 0x00, 0x00, 0x00, 0x1e, 0x00, 0x01, 0x00, 0x00,
            0x00, 0x01, 0x00, 0x00, 0x00, 0x01, 0xe7, 0xdb, 0xf0, 0x00, 0x95, 0x00, 0x4a, 0x80,
            0x4c, 0x80, 0xc3, 0x80, 0x00, 0x00, 0x1c, 0x00, 0x93, 0x00, 0x00, 0x40, 0x00, 0x00,
            0x00, 0x06, 0x00, 0x01, 0x01, 0x00, 0x00, 0x00, 0x1e, 0x00, 0x01, 0x00, 0x00, 0x00,
            0x01, 0x00, 0x00, 0x00, 0x01, 0xe7, 0xdb, 0xf0, 0x00, 0x95, 0x00, 0x4a, 0x80, 0x4c,
            0x80, 0xc3, 0x80, 0x00, 0x00, 0x1c, 0x00, 0x93, 0x00, 0x00, 0x40, 0x00, 0x00, 0x00,
            0x07, 0x00, 0x01, 0x01, 0x00, 0x00, 0x00, 0x1e, 0x00, 0x01, 0x00, 0x00, 0x00, 0x01,
            0x00, 0x00, 0x00, 0x01, 0xe7, 0xdb, 0xf0, 0x00, 0x95, 0x00, 0x4a, 0x80, 0x4c, 0x80,
            0xc3, 0x80, 0x00, 0x00, 0x1c, 0x00, 0x93, 0x00, 0x00, 0x40, 0x00, 0x00, 0x00, 0x08,
            0x00, 0x01, 0x01, 0x00, 0x00, 0x00, 0x1e, 0x00, 0x01, 0x00, 0x00, 0x00, 0x01, 0x00,
            0x00, 0x00, 0x01, 0xe7, 0xdb, 0xf0, 0x00, 0x95, 0x00, 0x4a, 0x80, 0x4c, 0x80, 0xc3,
            0x80, 0x00, 0x00, 0x1c, 0x00, 0x93, 0x00, 0x00, 0x40, 0x00, 0x00, 0x00, 0x09, 0x00,
            0x01, 0x01, 0x00, 0x00, 0x00, 0x1e, 0x00, 0x01, 0x00, 0x00, 0x00, 0x01, 0x00, 0x00,
            0x00, 0x01, 0xe7, 0xdb, 0xf0, 0x00, 0x95, 0x00, 0x4a, 0x80, 0x4c, 0x80, 0xc3, 0x80,
            0x00, 0x00, 0x1c, 0x00, 0x93, 0x00, 0x00, 0x40, 0x00, 0x00, 0x00, 0x0a, 0x00, 0x01,
            0x01, 0x00, 0x00, 0x00, 0x1e, 0x00, 0x01, 0x00, 0x00, 0x00, 0x01, 0x00, 0x00, 0x00,
            0x01, 0xe7, 0xdb, 0xf0, 0x00, 0x95, 0x00, 0x4a, 0x80, 0x4c, 0x80, 0xc3, 0x80, 0x00,
            0x00, 0x1c, 0x00, 0x93, 0x00, 0x00, 0x40, 0x00, 0x00, 0x00, 0x64, 0x3e, 0xe0, 0x00,
            0x00, 0x09, 0xfc, 0x03, 0x02, 0x03, 0x04, 0x05, 0x06, 0x07, 0x08, 0x09, 0x0a, 0x01,
            0x00, 0x00, 0x00, 0x09, 0x20, 0x00, 0x00, 0x00, 0x52, 0x00, 0x50, 0x00, 0x00, 0x00,
            0x00, 0x00, 0x65, 0x07, 0x20, 0x03, 0x01, 0x00, 0x00, 0x00, 0x2d, 0x00, 0x00, 0x00,
            0x09, 0x00, 0x00, 0x00, 0x07, 0x00, 0x00, 0x00, 0x00, 0x00, 0x00, 0x00, 0x00, 0x04,
            0x00, 0x11, 0x00, 0x00, 0x00, 0x00, 0x00, 0x01, 0x01, 0x00, 0x00, 0x00, 0x00, 0x00,
            0x00, 0x00, 0x00, 0x00, 0x00, 0x00, 0x00, 0x00, 0x00, 0x00, 0x00, 0x00, 0x00, 0x04,
        ],
        globals: &[],
        second: &[],
    },
    EncodedCase {
        name: "count-9-clear-reference-9",
        first_shift: false,
        second_shift: false,
        data: &[
            0x00, 0x00, 0x00, 0x01, 0x30, 0x01, 0x01, 0x00, 0x00, 0x00, 0x13, 0x00, 0x00, 0x00,
            0x09, 0x00, 0x00, 0x00, 0x07, 0x00, 0x00, 0x00, 0x00, 0x00, 0x00, 0x00, 0x00, 0x63,
            0x00, 0x00, 0x00, 0x00, 0x00, 0x02, 0x00, 0x01, 0x01, 0x00, 0x00, 0x00, 0x1e, 0x00,
            0x01, 0x00, 0x00, 0x00, 0x01, 0x00, 0x00, 0x00, 0x01, 0xe7, 0xdb, 0xf0, 0x00, 0x95,
            0x00, 0x4a, 0x80, 0x4c, 0x80, 0xc3, 0x80, 0x00, 0x00, 0x1c, 0x00, 0x93, 0x00, 0x00,
            0x40, 0x00, 0x00, 0x00, 0x03, 0x00, 0x01, 0x01, 0x00, 0x00, 0x00, 0x1e, 0x00, 0x01,
            0x00, 0x00, 0x00, 0x01, 0x00, 0x00, 0x00, 0x01, 0xe7, 0xdb, 0xf0, 0x00, 0x95, 0x00,
            0x4a, 0x80, 0x4c, 0x80, 0xc3, 0x80, 0x00, 0x00, 0x1c, 0x00, 0x93, 0x00, 0x00, 0x40,
            0x00, 0x00, 0x00, 0x04, 0x00, 0x01, 0x01, 0x00, 0x00, 0x00, 0x1e, 0x00, 0x01, 0x00,
            0x00, 0x00, 0x01, 0x00, 0x00, 0x00, 0x01, 0xe7, 0xdb, 0xf0, 0x00, 0x95, 0x00, 0x4a,
            0x80, 0x4c, 0x80, 0xc3, 0x80, 0x00, 0x00, 0x1c, 0x00, 0x93, 0x00, 0x00, 0x40, 0x00,
            0x00, 0x00, 0x05, 0x00, 0x01, 0x01, 0x00, 0x00, 0x00, 0x1e, 0x00, 0x01, 0x00, 0x00,
            0x00, 0x01, 0x00, 0x00, 0x00, 0x01, 0xe7, 0xdb, 0xf0, 0x00, 0x95, 0x00, 0x4a, 0x80,
            0x4c, 0x80, 0xc3, 0x80, 0x00, 0x00, 0x1c, 0x00, 0x93, 0x00, 0x00, 0x40, 0x00, 0x00,
            0x00, 0x06, 0x00, 0x01, 0x01, 0x00, 0x00, 0x00, 0x1e, 0x00, 0x01, 0x00, 0x00, 0x00,
            0x01, 0x00, 0x00, 0x00, 0x01, 0xe7, 0xdb, 0xf0, 0x00, 0x95, 0x00, 0x4a, 0x80, 0x4c,
            0x80, 0xc3, 0x80, 0x00, 0x00, 0x1c, 0x00, 0x93, 0x00, 0x00, 0x40, 0x00, 0x00, 0x00,
            0x07, 0x00, 0x01, 0x01, 0x00, 0x00, 0x00, 0x1e, 0x00, 0x01, 0x00, 0x00, 0x00, 0x01,
            0x00, 0x00, 0x00, 0x01, 0xe7, 0xdb, 0xf0, 0x00, 0x95, 0x00, 0x4a, 0x80, 0x4c, 0x80,
            0xc3, 0x80, 0x00, 0x00, 0x1c, 0x00, 0x93, 0x00, 0x00, 0x40, 0x00, 0x00, 0x00, 0x08,
            0x00, 0x01, 0x01, 0x00, 0x00, 0x00, 0x1e, 0x00, 0x01, 0x00, 0x00, 0x00, 0x01, 0x00,
            0x00, 0x00, 0x01, 0xe7, 0xdb, 0xf0, 0x00, 0x95, 0x00, 0x4a, 0x80, 0x4c, 0x80, 0xc3,
            0x80, 0x00, 0x00, 0x1c, 0x00, 0x93, 0x00, 0x00, 0x40, 0x00, 0x00, 0x00, 0x09, 0x00,
            0x01, 0x01, 0x00, 0x00, 0x00, 0x1e, 0x00, 0x01, 0x00, 0x00, 0x00, 0x01, 0x00, 0x00,
            0x00, 0x01, 0xe7, 0xdb, 0xf0, 0x00, 0x95, 0x00, 0x4a, 0x80, 0x4c, 0x80, 0xc3, 0x80,
            0x00, 0x00, 0x1c, 0x00, 0x93, 0x00, 0x00, 0x40, 0x00, 0x00, 0x00, 0x0a, 0x00, 0x01,
            0x01, 0x00, 0x00, 0x00, 0x1e, 0x00, 0x01, 0x00, 0x00, 0x00, 0x01, 0x00, 0x00, 0x00,
            0x01, 0xe7, 0xdb, 0xf0, 0x00, 0x95, 0x00, 0x4a, 0x80, 0x4c, 0x80, 0xc3, 0x80, 0x00,
            0x00, 0x1c, 0x00, 0x93, 0x00, 0x00, 0x40, 0x00, 0x00, 0x00, 0x64, 0x3e, 0xe0, 0x00,
            0x00, 0x09, 0xfe, 0x01, 0x02, 0x03, 0x04, 0x05, 0x06, 0x07, 0x08, 0x09, 0x0a, 0x01,
            0x00, 0x00, 0x00, 0x09, 0x20, 0x00, 0x00, 0x00, 0x52, 0x00, 0x50, 0x00, 0x00, 0x00,
            0x00, 0x00, 0x65, 0x07, 0x20, 0x02, 0x01, 0x00, 0x00, 0x00, 0x2d, 0x00, 0x00, 0x00,
            0x09, 0x00, 0x00, 0x00, 0x07, 0x00, 0x00, 0x00, 0x00, 0x00, 0x00, 0x00, 0x00, 0x04,
            0x00, 0x11, 0x00, 0x00, 0x00, 0x00, 0x00, 0x01, 0x01, 0x00, 0x00, 0x00, 0x00, 0x00,
            0x00, 0x00, 0x00, 0x00, 0x00, 0x00, 0x00, 0x00, 0x00, 0x00, 0x00, 0x00, 0x00, 0x04,
        ],
        globals: &[],
        second: &[],
    },
    EncodedCase {
        name: "count-15-clear-reference-1",
        first_shift: false,
        second_shift: false,
        data: &[
            0x00, 0x00, 0x00, 0x01, 0x30, 0x01, 0x01, 0x00, 0x00, 0x00, 0x13, 0x00, 0x00, 0x00,
            0x09, 0x00, 0x00, 0x00, 0x07, 0x00, 0x00, 0x00, 0x00, 0x00, 0x00, 0x00, 0x00, 0x63,
            0x00, 0x00, 0x00, 0x00, 0x00, 0x02, 0x00, 0x01, 0x01, 0x00, 0x00, 0x00, 0x1e, 0x00,
            0x01, 0x00, 0x00, 0x00, 0x01, 0x00, 0x00, 0x00, 0x01, 0xe7, 0xdb, 0xf0, 0x00, 0x95,
            0x00, 0x4a, 0x80, 0x4c, 0x80, 0xc3, 0x80, 0x00, 0x00, 0x1c, 0x00, 0x93, 0x00, 0x00,
            0x40, 0x00, 0x00, 0x00, 0x03, 0x00, 0x01, 0x01, 0x00, 0x00, 0x00, 0x1e, 0x00, 0x01,
            0x00, 0x00, 0x00, 0x01, 0x00, 0x00, 0x00, 0x01, 0xe7, 0xdb, 0xf0, 0x00, 0x95, 0x00,
            0x4a, 0x80, 0x4c, 0x80, 0xc3, 0x80, 0x00, 0x00, 0x1c, 0x00, 0x93, 0x00, 0x00, 0x40,
            0x00, 0x00, 0x00, 0x04, 0x00, 0x01, 0x01, 0x00, 0x00, 0x00, 0x1e, 0x00, 0x01, 0x00,
            0x00, 0x00, 0x01, 0x00, 0x00, 0x00, 0x01, 0xe7, 0xdb, 0xf0, 0x00, 0x95, 0x00, 0x4a,
            0x80, 0x4c, 0x80, 0xc3, 0x80, 0x00, 0x00, 0x1c, 0x00, 0x93, 0x00, 0x00, 0x40, 0x00,
            0x00, 0x00, 0x05, 0x00, 0x01, 0x01, 0x00, 0x00, 0x00, 0x1e, 0x00, 0x01, 0x00, 0x00,
            0x00, 0x01, 0x00, 0x00, 0x00, 0x01, 0xe7, 0xdb, 0xf0, 0x00, 0x95, 0x00, 0x4a, 0x80,
            0x4c, 0x80, 0xc3, 0x80, 0x00, 0x00, 0x1c, 0x00, 0x93, 0x00, 0x00, 0x40, 0x00, 0x00,
            0x00, 0x06, 0x00, 0x01, 0x01, 0x00, 0x00, 0x00, 0x1e, 0x00, 0x01, 0x00, 0x00, 0x00,
            0x01, 0x00, 0x00, 0x00, 0x01, 0xe7, 0xdb, 0xf0, 0x00, 0x95, 0x00, 0x4a, 0x80, 0x4c,
            0x80, 0xc3, 0x80, 0x00, 0x00, 0x1c, 0x00, 0x93, 0x00, 0x00, 0x40, 0x00, 0x00, 0x00,
            0x07, 0x00, 0x01, 0x01, 0x00, 0x00, 0x00, 0x1e, 0x00, 0x01, 0x00, 0x00, 0x00, 0x01,
            0x00, 0x00, 0x00, 0x01, 0xe7, 0xdb, 0xf0, 0x00, 0x95, 0x00, 0x4a, 0x80, 0x4c, 0x80,
            0xc3, 0x80, 0x00, 0x00, 0x1c, 0x00, 0x93, 0x00, 0x00, 0x40, 0x00, 0x00, 0x00, 0x08,
            0x00, 0x01, 0x01, 0x00, 0x00, 0x00, 0x1e, 0x00, 0x01, 0x00, 0x00, 0x00, 0x01, 0x00,
            0x00, 0x00, 0x01, 0xe7, 0xdb, 0xf0, 0x00, 0x95, 0x00, 0x4a, 0x80, 0x4c, 0x80, 0xc3,
            0x80, 0x00, 0x00, 0x1c, 0x00, 0x93, 0x00, 0x00, 0x40, 0x00, 0x00, 0x00, 0x09, 0x00,
            0x01, 0x01, 0x00, 0x00, 0x00, 0x1e, 0x00, 0x01, 0x00, 0x00, 0x00, 0x01, 0x00, 0x00,
            0x00, 0x01, 0xe7, 0xdb, 0xf0, 0x00, 0x95, 0x00, 0x4a, 0x80, 0x4c, 0x80, 0xc3, 0x80,
            0x00, 0x00, 0x1c, 0x00, 0x93, 0x00, 0x00, 0x40, 0x00, 0x00, 0x00, 0x0a, 0x00, 0x01,
            0x01, 0x00, 0x00, 0x00, 0x1e, 0x00, 0x01, 0x00, 0x00, 0x00, 0x01, 0x00, 0x00, 0x00,
            0x01, 0xe7, 0xdb, 0xf0, 0x00, 0x95, 0x00, 0x4a, 0x80, 0x4c, 0x80, 0xc3, 0x80, 0x00,
            0x00, 0x1c, 0x00, 0x93, 0x00, 0x00, 0x40, 0x00, 0x00, 0x00, 0x0b, 0x00, 0x01, 0x01,
            0x00, 0x00, 0x00, 0x1e, 0x00, 0x01, 0x00, 0x00, 0x00, 0x01, 0x00, 0x00, 0x00, 0x01,
            0xe7, 0xdb, 0xf0, 0x00, 0x95, 0x00, 0x4a, 0x80, 0x4c, 0x80, 0xc3, 0x80, 0x00, 0x00,
            0x1c, 0x00, 0x93, 0x00, 0x00, 0x40, 0x00, 0x00, 0x00, 0x0c, 0x00, 0x01, 0x01, 0x00,
            0x00, 0x00, 0x1e, 0x00, 0x01, 0x00, 0x00, 0x00, 0x01, 0x00, 0x00, 0x00, 0x01, 0xe7,
            0xdb, 0xf0, 0x00, 0x95, 0x00, 0x4a, 0x80, 0x4c, 0x80, 0xc3, 0x80, 0x00, 0x00, 0x1c,
            0x00, 0x93, 0x00, 0x00, 0x40, 0x00, 0x00, 0x00, 0x0d, 0x00, 0x01, 0x01, 0x00, 0x00,
            0x00, 0x1e, 0x00, 0x01, 0x00, 0x00, 0x00, 0x01, 0x00, 0x00, 0x00, 0x01, 0xe7, 0xdb,
            0xf0, 0x00, 0x95, 0x00, 0x4a, 0x80, 0x4c, 0x80, 0xc3, 0x80, 0x00, 0x00, 0x1c, 0x00,
            0x93, 0x00, 0x00, 0x40, 0x00, 0x00, 0x00, 0x0e, 0x00, 0x01, 0x01, 0x00, 0x00, 0x00,
            0x1e, 0x00, 0x01, 0x00, 0x00, 0x00, 0x01, 0x00, 0x00, 0x00, 0x01, 0xe7, 0xdb, 0xf0,
            0x00, 0x95, 0x00, 0x4a, 0x80, 0x4c, 0x80, 0xc3, 0x80, 0x00, 0x00, 0x1c, 0x00, 0x93,
            0x00, 0x00, 0x40, 0x00, 0x00, 0x00, 0x0f, 0x00, 0x01, 0x01, 0x00, 0x00, 0x00, 0x1e,
            0x00, 0x01, 0x00, 0x00, 0x00, 0x01, 0x00, 0x00, 0x00, 0x01, 0xe7, 0xdb, 0xf0, 0x00,
            0x95, 0x00, 0x4a, 0x80, 0x4c, 0x80, 0xc3, 0x80, 0x00, 0x00, 0x1c, 0x00, 0x93, 0x00,
            0x00, 0x40, 0x00, 0x00, 0x00, 0x10, 0x00, 0x01, 0x01, 0x00, 0x00, 0x00, 0x1e, 0x00,
            0x01, 0x00, 0x00, 0x00, 0x01, 0x00, 0x00, 0x00, 0x01, 0xe7, 0xdb, 0xf0, 0x00, 0x95,
            0x00, 0x4a, 0x80, 0x4c, 0x80, 0xc3, 0x80, 0x00, 0x00, 0x1c, 0x00, 0x93, 0x00, 0x00,
            0x40, 0x00, 0x00, 0x00, 0x64, 0x3e, 0xe0, 0x00, 0x00, 0x0f, 0xfc, 0xff, 0x02, 0x03,
            0x04, 0x05, 0x06, 0x07, 0x08, 0x09, 0x0a, 0x0b, 0x0c, 0x0d, 0x0e, 0x0f, 0x10, 0x01,
            0x00, 0x00, 0x00, 0x09, 0x20, 0x00, 0x00, 0x00, 0x52, 0x00, 0x50, 0x00, 0x00, 0x00,
            0x00, 0x00, 0x65, 0x07, 0x20, 0x03, 0x01, 0x00, 0x00, 0x00, 0x2d, 0x00, 0x00, 0x00,
            0x09, 0x00, 0x00, 0x00, 0x07, 0x00, 0x00, 0x00, 0x00, 0x00, 0x00, 0x00, 0x00, 0x04,
            0x00, 0x11, 0x00, 0x00, 0x00, 0x00, 0x00, 0x01, 0x01, 0x00, 0x00, 0x00, 0x00, 0x00,
            0x00, 0x00, 0x00, 0x00, 0x00, 0x00, 0x00, 0x00, 0x00, 0x00, 0x00, 0x00, 0x00, 0x04,
        ],
        globals: &[],
        second: &[],
    },
    EncodedCase {
        name: "count-15-clear-reference-15",
        first_shift: false,
        second_shift: false,
        data: &[
            0x00, 0x00, 0x00, 0x01, 0x30, 0x01, 0x01, 0x00, 0x00, 0x00, 0x13, 0x00, 0x00, 0x00,
            0x09, 0x00, 0x00, 0x00, 0x07, 0x00, 0x00, 0x00, 0x00, 0x00, 0x00, 0x00, 0x00, 0x63,
            0x00, 0x00, 0x00, 0x00, 0x00, 0x02, 0x00, 0x01, 0x01, 0x00, 0x00, 0x00, 0x1e, 0x00,
            0x01, 0x00, 0x00, 0x00, 0x01, 0x00, 0x00, 0x00, 0x01, 0xe7, 0xdb, 0xf0, 0x00, 0x95,
            0x00, 0x4a, 0x80, 0x4c, 0x80, 0xc3, 0x80, 0x00, 0x00, 0x1c, 0x00, 0x93, 0x00, 0x00,
            0x40, 0x00, 0x00, 0x00, 0x03, 0x00, 0x01, 0x01, 0x00, 0x00, 0x00, 0x1e, 0x00, 0x01,
            0x00, 0x00, 0x00, 0x01, 0x00, 0x00, 0x00, 0x01, 0xe7, 0xdb, 0xf0, 0x00, 0x95, 0x00,
            0x4a, 0x80, 0x4c, 0x80, 0xc3, 0x80, 0x00, 0x00, 0x1c, 0x00, 0x93, 0x00, 0x00, 0x40,
            0x00, 0x00, 0x00, 0x04, 0x00, 0x01, 0x01, 0x00, 0x00, 0x00, 0x1e, 0x00, 0x01, 0x00,
            0x00, 0x00, 0x01, 0x00, 0x00, 0x00, 0x01, 0xe7, 0xdb, 0xf0, 0x00, 0x95, 0x00, 0x4a,
            0x80, 0x4c, 0x80, 0xc3, 0x80, 0x00, 0x00, 0x1c, 0x00, 0x93, 0x00, 0x00, 0x40, 0x00,
            0x00, 0x00, 0x05, 0x00, 0x01, 0x01, 0x00, 0x00, 0x00, 0x1e, 0x00, 0x01, 0x00, 0x00,
            0x00, 0x01, 0x00, 0x00, 0x00, 0x01, 0xe7, 0xdb, 0xf0, 0x00, 0x95, 0x00, 0x4a, 0x80,
            0x4c, 0x80, 0xc3, 0x80, 0x00, 0x00, 0x1c, 0x00, 0x93, 0x00, 0x00, 0x40, 0x00, 0x00,
            0x00, 0x06, 0x00, 0x01, 0x01, 0x00, 0x00, 0x00, 0x1e, 0x00, 0x01, 0x00, 0x00, 0x00,
            0x01, 0x00, 0x00, 0x00, 0x01, 0xe7, 0xdb, 0xf0, 0x00, 0x95, 0x00, 0x4a, 0x80, 0x4c,
            0x80, 0xc3, 0x80, 0x00, 0x00, 0x1c, 0x00, 0x93, 0x00, 0x00, 0x40, 0x00, 0x00, 0x00,
            0x07, 0x00, 0x01, 0x01, 0x00, 0x00, 0x00, 0x1e, 0x00, 0x01, 0x00, 0x00, 0x00, 0x01,
            0x00, 0x00, 0x00, 0x01, 0xe7, 0xdb, 0xf0, 0x00, 0x95, 0x00, 0x4a, 0x80, 0x4c, 0x80,
            0xc3, 0x80, 0x00, 0x00, 0x1c, 0x00, 0x93, 0x00, 0x00, 0x40, 0x00, 0x00, 0x00, 0x08,
            0x00, 0x01, 0x01, 0x00, 0x00, 0x00, 0x1e, 0x00, 0x01, 0x00, 0x00, 0x00, 0x01, 0x00,
            0x00, 0x00, 0x01, 0xe7, 0xdb, 0xf0, 0x00, 0x95, 0x00, 0x4a, 0x80, 0x4c, 0x80, 0xc3,
            0x80, 0x00, 0x00, 0x1c, 0x00, 0x93, 0x00, 0x00, 0x40, 0x00, 0x00, 0x00, 0x09, 0x00,
            0x01, 0x01, 0x00, 0x00, 0x00, 0x1e, 0x00, 0x01, 0x00, 0x00, 0x00, 0x01, 0x00, 0x00,
            0x00, 0x01, 0xe7, 0xdb, 0xf0, 0x00, 0x95, 0x00, 0x4a, 0x80, 0x4c, 0x80, 0xc3, 0x80,
            0x00, 0x00, 0x1c, 0x00, 0x93, 0x00, 0x00, 0x40, 0x00, 0x00, 0x00, 0x0a, 0x00, 0x01,
            0x01, 0x00, 0x00, 0x00, 0x1e, 0x00, 0x01, 0x00, 0x00, 0x00, 0x01, 0x00, 0x00, 0x00,
            0x01, 0xe7, 0xdb, 0xf0, 0x00, 0x95, 0x00, 0x4a, 0x80, 0x4c, 0x80, 0xc3, 0x80, 0x00,
            0x00, 0x1c, 0x00, 0x93, 0x00, 0x00, 0x40, 0x00, 0x00, 0x00, 0x0b, 0x00, 0x01, 0x01,
            0x00, 0x00, 0x00, 0x1e, 0x00, 0x01, 0x00, 0x00, 0x00, 0x01, 0x00, 0x00, 0x00, 0x01,
            0xe7, 0xdb, 0xf0, 0x00, 0x95, 0x00, 0x4a, 0x80, 0x4c, 0x80, 0xc3, 0x80, 0x00, 0x00,
            0x1c, 0x00, 0x93, 0x00, 0x00, 0x40, 0x00, 0x00, 0x00, 0x0c, 0x00, 0x01, 0x01, 0x00,
            0x00, 0x00, 0x1e, 0x00, 0x01, 0x00, 0x00, 0x00, 0x01, 0x00, 0x00, 0x00, 0x01, 0xe7,
            0xdb, 0xf0, 0x00, 0x95, 0x00, 0x4a, 0x80, 0x4c, 0x80, 0xc3, 0x80, 0x00, 0x00, 0x1c,
            0x00, 0x93, 0x00, 0x00, 0x40, 0x00, 0x00, 0x00, 0x0d, 0x00, 0x01, 0x01, 0x00, 0x00,
            0x00, 0x1e, 0x00, 0x01, 0x00, 0x00, 0x00, 0x01, 0x00, 0x00, 0x00, 0x01, 0xe7, 0xdb,
            0xf0, 0x00, 0x95, 0x00, 0x4a, 0x80, 0x4c, 0x80, 0xc3, 0x80, 0x00, 0x00, 0x1c, 0x00,
            0x93, 0x00, 0x00, 0x40, 0x00, 0x00, 0x00, 0x0e, 0x00, 0x01, 0x01, 0x00, 0x00, 0x00,
            0x1e, 0x00, 0x01, 0x00, 0x00, 0x00, 0x01, 0x00, 0x00, 0x00, 0x01, 0xe7, 0xdb, 0xf0,
            0x00, 0x95, 0x00, 0x4a, 0x80, 0x4c, 0x80, 0xc3, 0x80, 0x00, 0x00, 0x1c, 0x00, 0x93,
            0x00, 0x00, 0x40, 0x00, 0x00, 0x00, 0x0f, 0x00, 0x01, 0x01, 0x00, 0x00, 0x00, 0x1e,
            0x00, 0x01, 0x00, 0x00, 0x00, 0x01, 0x00, 0x00, 0x00, 0x01, 0xe7, 0xdb, 0xf0, 0x00,
            0x95, 0x00, 0x4a, 0x80, 0x4c, 0x80, 0xc3, 0x80, 0x00, 0x00, 0x1c, 0x00, 0x93, 0x00,
            0x00, 0x40, 0x00, 0x00, 0x00, 0x10, 0x00, 0x01, 0x01, 0x00, 0x00, 0x00, 0x1e, 0x00,
            0x01, 0x00, 0x00, 0x00, 0x01, 0x00, 0x00, 0x00, 0x01, 0xe7, 0xdb, 0xf0, 0x00, 0x95,
            0x00, 0x4a, 0x80, 0x4c, 0x80, 0xc3, 0x80, 0x00, 0x00, 0x1c, 0x00, 0x93, 0x00, 0x00,
            0x40, 0x00, 0x00, 0x00, 0x64, 0x3e, 0xe0, 0x00, 0x00, 0x0f, 0xfe, 0x7f, 0x02, 0x03,
            0x04, 0x05, 0x06, 0x07, 0x08, 0x09, 0x0a, 0x0b, 0x0c, 0x0d, 0x0e, 0x0f, 0x10, 0x01,
            0x00, 0x00, 0x00, 0x09, 0x20, 0x00, 0x00, 0x00, 0x52, 0x00, 0x50, 0x00, 0x00, 0x00,
            0x00, 0x00, 0x65, 0x07, 0x20, 0x02, 0x01, 0x00, 0x00, 0x00, 0x2d, 0x00, 0x00, 0x00,
            0x09, 0x00, 0x00, 0x00, 0x07, 0x00, 0x00, 0x00, 0x00, 0x00, 0x00, 0x00, 0x00, 0x04,
            0x00, 0x11, 0x00, 0x00, 0x00, 0x00, 0x00, 0x01, 0x01, 0x00, 0x00, 0x00, 0x00, 0x00,
            0x00, 0x00, 0x00, 0x00, 0x00, 0x00, 0x00, 0x00, 0x00, 0x00, 0x00, 0x00, 0x00, 0x04,
        ],
        globals: &[],
        second: &[],
    },
    EncodedCase {
        name: "count-16-clear-reference-1",
        first_shift: false,
        second_shift: false,
        data: &[
            0x00, 0x00, 0x00, 0x01, 0x30, 0x01, 0x01, 0x00, 0x00, 0x00, 0x13, 0x00, 0x00, 0x00,
            0x09, 0x00, 0x00, 0x00, 0x07, 0x00, 0x00, 0x00, 0x00, 0x00, 0x00, 0x00, 0x00, 0x63,
            0x00, 0x00, 0x00, 0x00, 0x00, 0x02, 0x00, 0x01, 0x01, 0x00, 0x00, 0x00, 0x1e, 0x00,
            0x01, 0x00, 0x00, 0x00, 0x01, 0x00, 0x00, 0x00, 0x01, 0xe7, 0xdb, 0xf0, 0x00, 0x95,
            0x00, 0x4a, 0x80, 0x4c, 0x80, 0xc3, 0x80, 0x00, 0x00, 0x1c, 0x00, 0x93, 0x00, 0x00,
            0x40, 0x00, 0x00, 0x00, 0x03, 0x00, 0x01, 0x01, 0x00, 0x00, 0x00, 0x1e, 0x00, 0x01,
            0x00, 0x00, 0x00, 0x01, 0x00, 0x00, 0x00, 0x01, 0xe7, 0xdb, 0xf0, 0x00, 0x95, 0x00,
            0x4a, 0x80, 0x4c, 0x80, 0xc3, 0x80, 0x00, 0x00, 0x1c, 0x00, 0x93, 0x00, 0x00, 0x40,
            0x00, 0x00, 0x00, 0x04, 0x00, 0x01, 0x01, 0x00, 0x00, 0x00, 0x1e, 0x00, 0x01, 0x00,
            0x00, 0x00, 0x01, 0x00, 0x00, 0x00, 0x01, 0xe7, 0xdb, 0xf0, 0x00, 0x95, 0x00, 0x4a,
            0x80, 0x4c, 0x80, 0xc3, 0x80, 0x00, 0x00, 0x1c, 0x00, 0x93, 0x00, 0x00, 0x40, 0x00,
            0x00, 0x00, 0x05, 0x00, 0x01, 0x01, 0x00, 0x00, 0x00, 0x1e, 0x00, 0x01, 0x00, 0x00,
            0x00, 0x01, 0x00, 0x00, 0x00, 0x01, 0xe7, 0xdb, 0xf0, 0x00, 0x95, 0x00, 0x4a, 0x80,
            0x4c, 0x80, 0xc3, 0x80, 0x00, 0x00, 0x1c, 0x00, 0x93, 0x00, 0x00, 0x40, 0x00, 0x00,
            0x00, 0x06, 0x00, 0x01, 0x01, 0x00, 0x00, 0x00, 0x1e, 0x00, 0x01, 0x00, 0x00, 0x00,
            0x01, 0x00, 0x00, 0x00, 0x01, 0xe7, 0xdb, 0xf0, 0x00, 0x95, 0x00, 0x4a, 0x80, 0x4c,
            0x80, 0xc3, 0x80, 0x00, 0x00, 0x1c, 0x00, 0x93, 0x00, 0x00, 0x40, 0x00, 0x00, 0x00,
            0x07, 0x00, 0x01, 0x01, 0x00, 0x00, 0x00, 0x1e, 0x00, 0x01, 0x00, 0x00, 0x00, 0x01,
            0x00, 0x00, 0x00, 0x01, 0xe7, 0xdb, 0xf0, 0x00, 0x95, 0x00, 0x4a, 0x80, 0x4c, 0x80,
            0xc3, 0x80, 0x00, 0x00, 0x1c, 0x00, 0x93, 0x00, 0x00, 0x40, 0x00, 0x00, 0x00, 0x08,
            0x00, 0x01, 0x01, 0x00, 0x00, 0x00, 0x1e, 0x00, 0x01, 0x00, 0x00, 0x00, 0x01, 0x00,
            0x00, 0x00, 0x01, 0xe7, 0xdb, 0xf0, 0x00, 0x95, 0x00, 0x4a, 0x80, 0x4c, 0x80, 0xc3,
            0x80, 0x00, 0x00, 0x1c, 0x00, 0x93, 0x00, 0x00, 0x40, 0x00, 0x00, 0x00, 0x09, 0x00,
            0x01, 0x01, 0x00, 0x00, 0x00, 0x1e, 0x00, 0x01, 0x00, 0x00, 0x00, 0x01, 0x00, 0x00,
            0x00, 0x01, 0xe7, 0xdb, 0xf0, 0x00, 0x95, 0x00, 0x4a, 0x80, 0x4c, 0x80, 0xc3, 0x80,
            0x00, 0x00, 0x1c, 0x00, 0x93, 0x00, 0x00, 0x40, 0x00, 0x00, 0x00, 0x0a, 0x00, 0x01,
            0x01, 0x00, 0x00, 0x00, 0x1e, 0x00, 0x01, 0x00, 0x00, 0x00, 0x01, 0x00, 0x00, 0x00,
            0x01, 0xe7, 0xdb, 0xf0, 0x00, 0x95, 0x00, 0x4a, 0x80, 0x4c, 0x80, 0xc3, 0x80, 0x00,
            0x00, 0x1c, 0x00, 0x93, 0x00, 0x00, 0x40, 0x00, 0x00, 0x00, 0x0b, 0x00, 0x01, 0x01,
            0x00, 0x00, 0x00, 0x1e, 0x00, 0x01, 0x00, 0x00, 0x00, 0x01, 0x00, 0x00, 0x00, 0x01,
            0xe7, 0xdb, 0xf0, 0x00, 0x95, 0x00, 0x4a, 0x80, 0x4c, 0x80, 0xc3, 0x80, 0x00, 0x00,
            0x1c, 0x00, 0x93, 0x00, 0x00, 0x40, 0x00, 0x00, 0x00, 0x0c, 0x00, 0x01, 0x01, 0x00,
            0x00, 0x00, 0x1e, 0x00, 0x01, 0x00, 0x00, 0x00, 0x01, 0x00, 0x00, 0x00, 0x01, 0xe7,
            0xdb, 0xf0, 0x00, 0x95, 0x00, 0x4a, 0x80, 0x4c, 0x80, 0xc3, 0x80, 0x00, 0x00, 0x1c,
            0x00, 0x93, 0x00, 0x00, 0x40, 0x00, 0x00, 0x00, 0x0d, 0x00, 0x01, 0x01, 0x00, 0x00,
            0x00, 0x1e, 0x00, 0x01, 0x00, 0x00, 0x00, 0x01, 0x00, 0x00, 0x00, 0x01, 0xe7, 0xdb,
            0xf0, 0x00, 0x95, 0x00, 0x4a, 0x80, 0x4c, 0x80, 0xc3, 0x80, 0x00, 0x00, 0x1c, 0x00,
            0x93, 0x00, 0x00, 0x40, 0x00, 0x00, 0x00, 0x0e, 0x00, 0x01, 0x01, 0x00, 0x00, 0x00,
            0x1e, 0x00, 0x01, 0x00, 0x00, 0x00, 0x01, 0x00, 0x00, 0x00, 0x01, 0xe7, 0xdb, 0xf0,
            0x00, 0x95, 0x00, 0x4a, 0x80, 0x4c, 0x80, 0xc3, 0x80, 0x00, 0x00, 0x1c, 0x00, 0x93,
            0x00, 0x00, 0x40, 0x00, 0x00, 0x00, 0x0f, 0x00, 0x01, 0x01, 0x00, 0x00, 0x00, 0x1e,
            0x00, 0x01, 0x00, 0x00, 0x00, 0x01, 0x00, 0x00, 0x00, 0x01, 0xe7, 0xdb, 0xf0, 0x00,
            0x95, 0x00, 0x4a, 0x80, 0x4c, 0x80, 0xc3, 0x80, 0x00, 0x00, 0x1c, 0x00, 0x93, 0x00,
            0x00, 0x40, 0x00, 0x00, 0x00, 0x10, 0x00, 0x01, 0x01, 0x00, 0x00, 0x00, 0x1e, 0x00,
            0x01, 0x00, 0x00, 0x00, 0x01, 0x00, 0x00, 0x00, 0x01, 0xe7, 0xdb, 0xf0, 0x00, 0x95,
            0x00, 0x4a, 0x80, 0x4c, 0x80, 0xc3, 0x80, 0x00, 0x00, 0x1c, 0x00, 0x93, 0x00, 0x00,
            0x40, 0x00, 0x00, 0x00, 0x11, 0x00, 0x01, 0x01, 0x00, 0x00, 0x00, 0x1e, 0x00, 0x01,
            0x00, 0x00, 0x00, 0x01, 0x00, 0x00, 0x00, 0x01, 0xe7, 0xdb, 0xf0, 0x00, 0x95, 0x00,
            0x4a, 0x80, 0x4c, 0x80, 0xc3, 0x80, 0x00, 0x00, 0x1c, 0x00, 0x93, 0x00, 0x00, 0x40,
            0x00, 0x00, 0x00, 0x64, 0x3e, 0xe0, 0x00, 0x00, 0x10, 0xfc, 0xff, 0x01, 0x02, 0x03,
            0x04, 0x05, 0x06, 0x07, 0x08, 0x09, 0x0a, 0x0b, 0x0c, 0x0d, 0x0e, 0x0f, 0x10, 0x11,
            0x01, 0x00, 0x00, 0x00, 0x09, 0x20, 0x00, 0x00, 0x00, 0x52, 0x00, 0x50, 0x00, 0x00,
            0x00, 0x00, 0x00, 0x65, 0x07, 0x20, 0x03, 0x01, 0x00, 0x00, 0x00, 0x2d, 0x00, 0x00,
            0x00, 0x09, 0x00, 0x00, 0x00, 0x07, 0x00, 0x00, 0x00, 0x00, 0x00, 0x00, 0x00, 0x00,
            0x04, 0x00, 0x11, 0x00, 0x00, 0x00, 0x00, 0x00, 0x01, 0x01, 0x00, 0x00, 0x00, 0x00,
            0x00, 0x00, 0x00, 0x00, 0x00, 0x00, 0x00, 0x00, 0x00, 0x00, 0x00, 0x00, 0x00, 0x00,
            0x04,
        ],
        globals: &[],
        second: &[],
    },
    EncodedCase {
        name: "count-16-clear-reference-16",
        first_shift: false,
        second_shift: false,
        data: &[
            0x00, 0x00, 0x00, 0x01, 0x30, 0x01, 0x01, 0x00, 0x00, 0x00, 0x13, 0x00, 0x00, 0x00,
            0x09, 0x00, 0x00, 0x00, 0x07, 0x00, 0x00, 0x00, 0x00, 0x00, 0x00, 0x00, 0x00, 0x63,
            0x00, 0x00, 0x00, 0x00, 0x00, 0x02, 0x00, 0x01, 0x01, 0x00, 0x00, 0x00, 0x1e, 0x00,
            0x01, 0x00, 0x00, 0x00, 0x01, 0x00, 0x00, 0x00, 0x01, 0xe7, 0xdb, 0xf0, 0x00, 0x95,
            0x00, 0x4a, 0x80, 0x4c, 0x80, 0xc3, 0x80, 0x00, 0x00, 0x1c, 0x00, 0x93, 0x00, 0x00,
            0x40, 0x00, 0x00, 0x00, 0x03, 0x00, 0x01, 0x01, 0x00, 0x00, 0x00, 0x1e, 0x00, 0x01,
            0x00, 0x00, 0x00, 0x01, 0x00, 0x00, 0x00, 0x01, 0xe7, 0xdb, 0xf0, 0x00, 0x95, 0x00,
            0x4a, 0x80, 0x4c, 0x80, 0xc3, 0x80, 0x00, 0x00, 0x1c, 0x00, 0x93, 0x00, 0x00, 0x40,
            0x00, 0x00, 0x00, 0x04, 0x00, 0x01, 0x01, 0x00, 0x00, 0x00, 0x1e, 0x00, 0x01, 0x00,
            0x00, 0x00, 0x01, 0x00, 0x00, 0x00, 0x01, 0xe7, 0xdb, 0xf0, 0x00, 0x95, 0x00, 0x4a,
            0x80, 0x4c, 0x80, 0xc3, 0x80, 0x00, 0x00, 0x1c, 0x00, 0x93, 0x00, 0x00, 0x40, 0x00,
            0x00, 0x00, 0x05, 0x00, 0x01, 0x01, 0x00, 0x00, 0x00, 0x1e, 0x00, 0x01, 0x00, 0x00,
            0x00, 0x01, 0x00, 0x00, 0x00, 0x01, 0xe7, 0xdb, 0xf0, 0x00, 0x95, 0x00, 0x4a, 0x80,
            0x4c, 0x80, 0xc3, 0x80, 0x00, 0x00, 0x1c, 0x00, 0x93, 0x00, 0x00, 0x40, 0x00, 0x00,
            0x00, 0x06, 0x00, 0x01, 0x01, 0x00, 0x00, 0x00, 0x1e, 0x00, 0x01, 0x00, 0x00, 0x00,
            0x01, 0x00, 0x00, 0x00, 0x01, 0xe7, 0xdb, 0xf0, 0x00, 0x95, 0x00, 0x4a, 0x80, 0x4c,
            0x80, 0xc3, 0x80, 0x00, 0x00, 0x1c, 0x00, 0x93, 0x00, 0x00, 0x40, 0x00, 0x00, 0x00,
            0x07, 0x00, 0x01, 0x01, 0x00, 0x00, 0x00, 0x1e, 0x00, 0x01, 0x00, 0x00, 0x00, 0x01,
            0x00, 0x00, 0x00, 0x01, 0xe7, 0xdb, 0xf0, 0x00, 0x95, 0x00, 0x4a, 0x80, 0x4c, 0x80,
            0xc3, 0x80, 0x00, 0x00, 0x1c, 0x00, 0x93, 0x00, 0x00, 0x40, 0x00, 0x00, 0x00, 0x08,
            0x00, 0x01, 0x01, 0x00, 0x00, 0x00, 0x1e, 0x00, 0x01, 0x00, 0x00, 0x00, 0x01, 0x00,
            0x00, 0x00, 0x01, 0xe7, 0xdb, 0xf0, 0x00, 0x95, 0x00, 0x4a, 0x80, 0x4c, 0x80, 0xc3,
            0x80, 0x00, 0x00, 0x1c, 0x00, 0x93, 0x00, 0x00, 0x40, 0x00, 0x00, 0x00, 0x09, 0x00,
            0x01, 0x01, 0x00, 0x00, 0x00, 0x1e, 0x00, 0x01, 0x00, 0x00, 0x00, 0x01, 0x00, 0x00,
            0x00, 0x01, 0xe7, 0xdb, 0xf0, 0x00, 0x95, 0x00, 0x4a, 0x80, 0x4c, 0x80, 0xc3, 0x80,
            0x00, 0x00, 0x1c, 0x00, 0x93, 0x00, 0x00, 0x40, 0x00, 0x00, 0x00, 0x0a, 0x00, 0x01,
            0x01, 0x00, 0x00, 0x00, 0x1e, 0x00, 0x01, 0x00, 0x00, 0x00, 0x01, 0x00, 0x00, 0x00,
            0x01, 0xe7, 0xdb, 0xf0, 0x00, 0x95, 0x00, 0x4a, 0x80, 0x4c, 0x80, 0xc3, 0x80, 0x00,
            0x00, 0x1c, 0x00, 0x93, 0x00, 0x00, 0x40, 0x00, 0x00, 0x00, 0x0b, 0x00, 0x01, 0x01,
            0x00, 0x00, 0x00, 0x1e, 0x00, 0x01, 0x00, 0x00, 0x00, 0x01, 0x00, 0x00, 0x00, 0x01,
            0xe7, 0xdb, 0xf0, 0x00, 0x95, 0x00, 0x4a, 0x80, 0x4c, 0x80, 0xc3, 0x80, 0x00, 0x00,
            0x1c, 0x00, 0x93, 0x00, 0x00, 0x40, 0x00, 0x00, 0x00, 0x0c, 0x00, 0x01, 0x01, 0x00,
            0x00, 0x00, 0x1e, 0x00, 0x01, 0x00, 0x00, 0x00, 0x01, 0x00, 0x00, 0x00, 0x01, 0xe7,
            0xdb, 0xf0, 0x00, 0x95, 0x00, 0x4a, 0x80, 0x4c, 0x80, 0xc3, 0x80, 0x00, 0x00, 0x1c,
            0x00, 0x93, 0x00, 0x00, 0x40, 0x00, 0x00, 0x00, 0x0d, 0x00, 0x01, 0x01, 0x00, 0x00,
            0x00, 0x1e, 0x00, 0x01, 0x00, 0x00, 0x00, 0x01, 0x00, 0x00, 0x00, 0x01, 0xe7, 0xdb,
            0xf0, 0x00, 0x95, 0x00, 0x4a, 0x80, 0x4c, 0x80, 0xc3, 0x80, 0x00, 0x00, 0x1c, 0x00,
            0x93, 0x00, 0x00, 0x40, 0x00, 0x00, 0x00, 0x0e, 0x00, 0x01, 0x01, 0x00, 0x00, 0x00,
            0x1e, 0x00, 0x01, 0x00, 0x00, 0x00, 0x01, 0x00, 0x00, 0x00, 0x01, 0xe7, 0xdb, 0xf0,
            0x00, 0x95, 0x00, 0x4a, 0x80, 0x4c, 0x80, 0xc3, 0x80, 0x00, 0x00, 0x1c, 0x00, 0x93,
            0x00, 0x00, 0x40, 0x00, 0x00, 0x00, 0x0f, 0x00, 0x01, 0x01, 0x00, 0x00, 0x00, 0x1e,
            0x00, 0x01, 0x00, 0x00, 0x00, 0x01, 0x00, 0x00, 0x00, 0x01, 0xe7, 0xdb, 0xf0, 0x00,
            0x95, 0x00, 0x4a, 0x80, 0x4c, 0x80, 0xc3, 0x80, 0x00, 0x00, 0x1c, 0x00, 0x93, 0x00,
            0x00, 0x40, 0x00, 0x00, 0x00, 0x10, 0x00, 0x01, 0x01, 0x00, 0x00, 0x00, 0x1e, 0x00,
            0x01, 0x00, 0x00, 0x00, 0x01, 0x00, 0x00, 0x00, 0x01, 0xe7, 0xdb, 0xf0, 0x00, 0x95,
            0x00, 0x4a, 0x80, 0x4c, 0x80, 0xc3, 0x80, 0x00, 0x00, 0x1c, 0x00, 0x93, 0x00, 0x00,
            0x40, 0x00, 0x00, 0x00, 0x11, 0x00, 0x01, 0x01, 0x00, 0x00, 0x00, 0x1e, 0x00, 0x01,
            0x00, 0x00, 0x00, 0x01, 0x00, 0x00, 0x00, 0x01, 0xe7, 0xdb, 0xf0, 0x00, 0x95, 0x00,
            0x4a, 0x80, 0x4c, 0x80, 0xc3, 0x80, 0x00, 0x00, 0x1c, 0x00, 0x93, 0x00, 0x00, 0x40,
            0x00, 0x00, 0x00, 0x64, 0x3e, 0xe0, 0x00, 0x00, 0x10, 0xfe, 0xff, 0x00, 0x02, 0x03,
            0x04, 0x05, 0x06, 0x07, 0x08, 0x09, 0x0a, 0x0b, 0x0c, 0x0d, 0x0e, 0x0f, 0x10, 0x11,
            0x01, 0x00, 0x00, 0x00, 0x09, 0x20, 0x00, 0x00, 0x00, 0x52, 0x00, 0x50, 0x00, 0x00,
            0x00, 0x00, 0x00, 0x65, 0x07, 0x20, 0x02, 0x01, 0x00, 0x00, 0x00, 0x2d, 0x00, 0x00,
            0x00, 0x09, 0x00, 0x00, 0x00, 0x07, 0x00, 0x00, 0x00, 0x00, 0x00, 0x00, 0x00, 0x00,
            0x04, 0x00, 0x11, 0x00, 0x00, 0x00, 0x00, 0x00, 0x01, 0x01, 0x00, 0x00, 0x00, 0x00,
            0x00, 0x00, 0x00, 0x00, 0x00, 0x00, 0x00, 0x00, 0x00, 0x00, 0x00, 0x00, 0x00, 0x00,
            0x04,
        ],
        globals: &[],
        second: &[],
    },
    EncodedCase {
        name: "count-17-clear-reference-1",
        first_shift: false,
        second_shift: false,
        data: &[
            0x00, 0x00, 0x00, 0x01, 0x30, 0x01, 0x01, 0x00, 0x00, 0x00, 0x13, 0x00, 0x00, 0x00,
            0x09, 0x00, 0x00, 0x00, 0x07, 0x00, 0x00, 0x00, 0x00, 0x00, 0x00, 0x00, 0x00, 0x63,
            0x00, 0x00, 0x00, 0x00, 0x00, 0x02, 0x00, 0x01, 0x01, 0x00, 0x00, 0x00, 0x1e, 0x00,
            0x01, 0x00, 0x00, 0x00, 0x01, 0x00, 0x00, 0x00, 0x01, 0xe7, 0xdb, 0xf0, 0x00, 0x95,
            0x00, 0x4a, 0x80, 0x4c, 0x80, 0xc3, 0x80, 0x00, 0x00, 0x1c, 0x00, 0x93, 0x00, 0x00,
            0x40, 0x00, 0x00, 0x00, 0x03, 0x00, 0x01, 0x01, 0x00, 0x00, 0x00, 0x1e, 0x00, 0x01,
            0x00, 0x00, 0x00, 0x01, 0x00, 0x00, 0x00, 0x01, 0xe7, 0xdb, 0xf0, 0x00, 0x95, 0x00,
            0x4a, 0x80, 0x4c, 0x80, 0xc3, 0x80, 0x00, 0x00, 0x1c, 0x00, 0x93, 0x00, 0x00, 0x40,
            0x00, 0x00, 0x00, 0x04, 0x00, 0x01, 0x01, 0x00, 0x00, 0x00, 0x1e, 0x00, 0x01, 0x00,
            0x00, 0x00, 0x01, 0x00, 0x00, 0x00, 0x01, 0xe7, 0xdb, 0xf0, 0x00, 0x95, 0x00, 0x4a,
            0x80, 0x4c, 0x80, 0xc3, 0x80, 0x00, 0x00, 0x1c, 0x00, 0x93, 0x00, 0x00, 0x40, 0x00,
            0x00, 0x00, 0x05, 0x00, 0x01, 0x01, 0x00, 0x00, 0x00, 0x1e, 0x00, 0x01, 0x00, 0x00,
            0x00, 0x01, 0x00, 0x00, 0x00, 0x01, 0xe7, 0xdb, 0xf0, 0x00, 0x95, 0x00, 0x4a, 0x80,
            0x4c, 0x80, 0xc3, 0x80, 0x00, 0x00, 0x1c, 0x00, 0x93, 0x00, 0x00, 0x40, 0x00, 0x00,
            0x00, 0x06, 0x00, 0x01, 0x01, 0x00, 0x00, 0x00, 0x1e, 0x00, 0x01, 0x00, 0x00, 0x00,
            0x01, 0x00, 0x00, 0x00, 0x01, 0xe7, 0xdb, 0xf0, 0x00, 0x95, 0x00, 0x4a, 0x80, 0x4c,
            0x80, 0xc3, 0x80, 0x00, 0x00, 0x1c, 0x00, 0x93, 0x00, 0x00, 0x40, 0x00, 0x00, 0x00,
            0x07, 0x00, 0x01, 0x01, 0x00, 0x00, 0x00, 0x1e, 0x00, 0x01, 0x00, 0x00, 0x00, 0x01,
            0x00, 0x00, 0x00, 0x01, 0xe7, 0xdb, 0xf0, 0x00, 0x95, 0x00, 0x4a, 0x80, 0x4c, 0x80,
            0xc3, 0x80, 0x00, 0x00, 0x1c, 0x00, 0x93, 0x00, 0x00, 0x40, 0x00, 0x00, 0x00, 0x08,
            0x00, 0x01, 0x01, 0x00, 0x00, 0x00, 0x1e, 0x00, 0x01, 0x00, 0x00, 0x00, 0x01, 0x00,
            0x00, 0x00, 0x01, 0xe7, 0xdb, 0xf0, 0x00, 0x95, 0x00, 0x4a, 0x80, 0x4c, 0x80, 0xc3,
            0x80, 0x00, 0x00, 0x1c, 0x00, 0x93, 0x00, 0x00, 0x40, 0x00, 0x00, 0x00, 0x09, 0x00,
            0x01, 0x01, 0x00, 0x00, 0x00, 0x1e, 0x00, 0x01, 0x00, 0x00, 0x00, 0x01, 0x00, 0x00,
            0x00, 0x01, 0xe7, 0xdb, 0xf0, 0x00, 0x95, 0x00, 0x4a, 0x80, 0x4c, 0x80, 0xc3, 0x80,
            0x00, 0x00, 0x1c, 0x00, 0x93, 0x00, 0x00, 0x40, 0x00, 0x00, 0x00, 0x0a, 0x00, 0x01,
            0x01, 0x00, 0x00, 0x00, 0x1e, 0x00, 0x01, 0x00, 0x00, 0x00, 0x01, 0x00, 0x00, 0x00,
            0x01, 0xe7, 0xdb, 0xf0, 0x00, 0x95, 0x00, 0x4a, 0x80, 0x4c, 0x80, 0xc3, 0x80, 0x00,
            0x00, 0x1c, 0x00, 0x93, 0x00, 0x00, 0x40, 0x00, 0x00, 0x00, 0x0b, 0x00, 0x01, 0x01,
            0x00, 0x00, 0x00, 0x1e, 0x00, 0x01, 0x00, 0x00, 0x00, 0x01, 0x00, 0x00, 0x00, 0x01,
            0xe7, 0xdb, 0xf0, 0x00, 0x95, 0x00, 0x4a, 0x80, 0x4c, 0x80, 0xc3, 0x80, 0x00, 0x00,
            0x1c, 0x00, 0x93, 0x00, 0x00, 0x40, 0x00, 0x00, 0x00, 0x0c, 0x00, 0x01, 0x01, 0x00,
            0x00, 0x00, 0x1e, 0x00, 0x01, 0x00, 0x00, 0x00, 0x01, 0x00, 0x00, 0x00, 0x01, 0xe7,
            0xdb, 0xf0, 0x00, 0x95, 0x00, 0x4a, 0x80, 0x4c, 0x80, 0xc3, 0x80, 0x00, 0x00, 0x1c,
            0x00, 0x93, 0x00, 0x00, 0x40, 0x00, 0x00, 0x00, 0x0d, 0x00, 0x01, 0x01, 0x00, 0x00,
            0x00, 0x1e, 0x00, 0x01, 0x00, 0x00, 0x00, 0x01, 0x00, 0x00, 0x00, 0x01, 0xe7, 0xdb,
            0xf0, 0x00, 0x95, 0x00, 0x4a, 0x80, 0x4c, 0x80, 0xc3, 0x80, 0x00, 0x00, 0x1c, 0x00,
            0x93, 0x00, 0x00, 0x40, 0x00, 0x00, 0x00, 0x0e, 0x00, 0x01, 0x01, 0x00, 0x00, 0x00,
            0x1e, 0x00, 0x01, 0x00, 0x00, 0x00, 0x01, 0x00, 0x00, 0x00, 0x01, 0xe7, 0xdb, 0xf0,
            0x00, 0x95, 0x00, 0x4a, 0x80, 0x4c, 0x80, 0xc3, 0x80, 0x00, 0x00, 0x1c, 0x00, 0x93,
            0x00, 0x00, 0x40, 0x00, 0x00, 0x00, 0x0f, 0x00, 0x01, 0x01, 0x00, 0x00, 0x00, 0x1e,
            0x00, 0x01, 0x00, 0x00, 0x00, 0x01, 0x00, 0x00, 0x00, 0x01, 0xe7, 0xdb, 0xf0, 0x00,
            0x95, 0x00, 0x4a, 0x80, 0x4c, 0x80, 0xc3, 0x80, 0x00, 0x00, 0x1c, 0x00, 0x93, 0x00,
            0x00, 0x40, 0x00, 0x00, 0x00, 0x10, 0x00, 0x01, 0x01, 0x00, 0x00, 0x00, 0x1e, 0x00,
            0x01, 0x00, 0x00, 0x00, 0x01, 0x00, 0x00, 0x00, 0x01, 0xe7, 0xdb, 0xf0, 0x00, 0x95,
            0x00, 0x4a, 0x80, 0x4c, 0x80, 0xc3, 0x80, 0x00, 0x00, 0x1c, 0x00, 0x93, 0x00, 0x00,
            0x40, 0x00, 0x00, 0x00, 0x11, 0x00, 0x01, 0x01, 0x00, 0x00, 0x00, 0x1e, 0x00, 0x01,
            0x00, 0x00, 0x00, 0x01, 0x00, 0x00, 0x00, 0x01, 0xe7, 0xdb, 0xf0, 0x00, 0x95, 0x00,
            0x4a, 0x80, 0x4c, 0x80, 0xc3, 0x80, 0x00, 0x00, 0x1c, 0x00, 0x93, 0x00, 0x00, 0x40,
            0x00, 0x00, 0x00, 0x12, 0x00, 0x01, 0x01, 0x00, 0x00, 0x00, 0x1e, 0x00, 0x01, 0x00,
            0x00, 0x00, 0x01, 0x00, 0x00, 0x00, 0x01, 0xe7, 0xdb, 0xf0, 0x00, 0x95, 0x00, 0x4a,
            0x80, 0x4c, 0x80, 0xc3, 0x80, 0x00, 0x00, 0x1c, 0x00, 0x93, 0x00, 0x00, 0x40, 0x00,
            0x00, 0x00, 0x64, 0x3e, 0xe0, 0x00, 0x00, 0x11, 0xfc, 0xff, 0x03, 0x02, 0x03, 0x04,
            0x05, 0x06, 0x07, 0x08, 0x09, 0x0a, 0x0b, 0x0c, 0x0d, 0x0e, 0x0f, 0x10, 0x11, 0x12,
            0x01, 0x00, 0x00, 0x00, 0x09, 0x20, 0x00, 0x00, 0x00, 0x52, 0x00, 0x50, 0x00, 0x00,
            0x00, 0x00, 0x00, 0x65, 0x07, 0x20, 0x03, 0x01, 0x00, 0x00, 0x00, 0x2d, 0x00, 0x00,
            0x00, 0x09, 0x00, 0x00, 0x00, 0x07, 0x00, 0x00, 0x00, 0x00, 0x00, 0x00, 0x00, 0x00,
            0x04, 0x00, 0x11, 0x00, 0x00, 0x00, 0x00, 0x00, 0x01, 0x01, 0x00, 0x00, 0x00, 0x00,
            0x00, 0x00, 0x00, 0x00, 0x00, 0x00, 0x00, 0x00, 0x00, 0x00, 0x00, 0x00, 0x00, 0x00,
            0x04,
        ],
        globals: &[],
        second: &[],
    },
    EncodedCase {
        name: "count-17-clear-reference-8",
        first_shift: false,
        second_shift: false,
        data: &[
            0x00, 0x00, 0x00, 0x01, 0x30, 0x01, 0x01, 0x00, 0x00, 0x00, 0x13, 0x00, 0x00, 0x00,
            0x09, 0x00, 0x00, 0x00, 0x07, 0x00, 0x00, 0x00, 0x00, 0x00, 0x00, 0x00, 0x00, 0x63,
            0x00, 0x00, 0x00, 0x00, 0x00, 0x02, 0x00, 0x01, 0x01, 0x00, 0x00, 0x00, 0x1e, 0x00,
            0x01, 0x00, 0x00, 0x00, 0x01, 0x00, 0x00, 0x00, 0x01, 0xe7, 0xdb, 0xf0, 0x00, 0x95,
            0x00, 0x4a, 0x80, 0x4c, 0x80, 0xc3, 0x80, 0x00, 0x00, 0x1c, 0x00, 0x93, 0x00, 0x00,
            0x40, 0x00, 0x00, 0x00, 0x03, 0x00, 0x01, 0x01, 0x00, 0x00, 0x00, 0x1e, 0x00, 0x01,
            0x00, 0x00, 0x00, 0x01, 0x00, 0x00, 0x00, 0x01, 0xe7, 0xdb, 0xf0, 0x00, 0x95, 0x00,
            0x4a, 0x80, 0x4c, 0x80, 0xc3, 0x80, 0x00, 0x00, 0x1c, 0x00, 0x93, 0x00, 0x00, 0x40,
            0x00, 0x00, 0x00, 0x04, 0x00, 0x01, 0x01, 0x00, 0x00, 0x00, 0x1e, 0x00, 0x01, 0x00,
            0x00, 0x00, 0x01, 0x00, 0x00, 0x00, 0x01, 0xe7, 0xdb, 0xf0, 0x00, 0x95, 0x00, 0x4a,
            0x80, 0x4c, 0x80, 0xc3, 0x80, 0x00, 0x00, 0x1c, 0x00, 0x93, 0x00, 0x00, 0x40, 0x00,
            0x00, 0x00, 0x05, 0x00, 0x01, 0x01, 0x00, 0x00, 0x00, 0x1e, 0x00, 0x01, 0x00, 0x00,
            0x00, 0x01, 0x00, 0x00, 0x00, 0x01, 0xe7, 0xdb, 0xf0, 0x00, 0x95, 0x00, 0x4a, 0x80,
            0x4c, 0x80, 0xc3, 0x80, 0x00, 0x00, 0x1c, 0x00, 0x93, 0x00, 0x00, 0x40, 0x00, 0x00,
            0x00, 0x06, 0x00, 0x01, 0x01, 0x00, 0x00, 0x00, 0x1e, 0x00, 0x01, 0x00, 0x00, 0x00,
            0x01, 0x00, 0x00, 0x00, 0x01, 0xe7, 0xdb, 0xf0, 0x00, 0x95, 0x00, 0x4a, 0x80, 0x4c,
            0x80, 0xc3, 0x80, 0x00, 0x00, 0x1c, 0x00, 0x93, 0x00, 0x00, 0x40, 0x00, 0x00, 0x00,
            0x07, 0x00, 0x01, 0x01, 0x00, 0x00, 0x00, 0x1e, 0x00, 0x01, 0x00, 0x00, 0x00, 0x01,
            0x00, 0x00, 0x00, 0x01, 0xe7, 0xdb, 0xf0, 0x00, 0x95, 0x00, 0x4a, 0x80, 0x4c, 0x80,
            0xc3, 0x80, 0x00, 0x00, 0x1c, 0x00, 0x93, 0x00, 0x00, 0x40, 0x00, 0x00, 0x00, 0x08,
            0x00, 0x01, 0x01, 0x00, 0x00, 0x00, 0x1e, 0x00, 0x01, 0x00, 0x00, 0x00, 0x01, 0x00,
            0x00, 0x00, 0x01, 0xe7, 0xdb, 0xf0, 0x00, 0x95, 0x00, 0x4a, 0x80, 0x4c, 0x80, 0xc3,
            0x80, 0x00, 0x00, 0x1c, 0x00, 0x93, 0x00, 0x00, 0x40, 0x00, 0x00, 0x00, 0x09, 0x00,
            0x01, 0x01, 0x00, 0x00, 0x00, 0x1e, 0x00, 0x01, 0x00, 0x00, 0x00, 0x01, 0x00, 0x00,
            0x00, 0x01, 0xe7, 0xdb, 0xf0, 0x00, 0x95, 0x00, 0x4a, 0x80, 0x4c, 0x80, 0xc3, 0x80,
            0x00, 0x00, 0x1c, 0x00, 0x93, 0x00, 0x00, 0x40, 0x00, 0x00, 0x00, 0x0a, 0x00, 0x01,
            0x01, 0x00, 0x00, 0x00, 0x1e, 0x00, 0x01, 0x00, 0x00, 0x00, 0x01, 0x00, 0x00, 0x00,
            0x01, 0xe7, 0xdb, 0xf0, 0x00, 0x95, 0x00, 0x4a, 0x80, 0x4c, 0x80, 0xc3, 0x80, 0x00,
            0x00, 0x1c, 0x00, 0x93, 0x00, 0x00, 0x40, 0x00, 0x00, 0x00, 0x0b, 0x00, 0x01, 0x01,
            0x00, 0x00, 0x00, 0x1e, 0x00, 0x01, 0x00, 0x00, 0x00, 0x01, 0x00, 0x00, 0x00, 0x01,
            0xe7, 0xdb, 0xf0, 0x00, 0x95, 0x00, 0x4a, 0x80, 0x4c, 0x80, 0xc3, 0x80, 0x00, 0x00,
            0x1c, 0x00, 0x93, 0x00, 0x00, 0x40, 0x00, 0x00, 0x00, 0x0c, 0x00, 0x01, 0x01, 0x00,
            0x00, 0x00, 0x1e, 0x00, 0x01, 0x00, 0x00, 0x00, 0x01, 0x00, 0x00, 0x00, 0x01, 0xe7,
            0xdb, 0xf0, 0x00, 0x95, 0x00, 0x4a, 0x80, 0x4c, 0x80, 0xc3, 0x80, 0x00, 0x00, 0x1c,
            0x00, 0x93, 0x00, 0x00, 0x40, 0x00, 0x00, 0x00, 0x0d, 0x00, 0x01, 0x01, 0x00, 0x00,
            0x00, 0x1e, 0x00, 0x01, 0x00, 0x00, 0x00, 0x01, 0x00, 0x00, 0x00, 0x01, 0xe7, 0xdb,
            0xf0, 0x00, 0x95, 0x00, 0x4a, 0x80, 0x4c, 0x80, 0xc3, 0x80, 0x00, 0x00, 0x1c, 0x00,
            0x93, 0x00, 0x00, 0x40, 0x00, 0x00, 0x00, 0x0e, 0x00, 0x01, 0x01, 0x00, 0x00, 0x00,
            0x1e, 0x00, 0x01, 0x00, 0x00, 0x00, 0x01, 0x00, 0x00, 0x00, 0x01, 0xe7, 0xdb, 0xf0,
            0x00, 0x95, 0x00, 0x4a, 0x80, 0x4c, 0x80, 0xc3, 0x80, 0x00, 0x00, 0x1c, 0x00, 0x93,
            0x00, 0x00, 0x40, 0x00, 0x00, 0x00, 0x0f, 0x00, 0x01, 0x01, 0x00, 0x00, 0x00, 0x1e,
            0x00, 0x01, 0x00, 0x00, 0x00, 0x01, 0x00, 0x00, 0x00, 0x01, 0xe7, 0xdb, 0xf0, 0x00,
            0x95, 0x00, 0x4a, 0x80, 0x4c, 0x80, 0xc3, 0x80, 0x00, 0x00, 0x1c, 0x00, 0x93, 0x00,
            0x00, 0x40, 0x00, 0x00, 0x00, 0x10, 0x00, 0x01, 0x01, 0x00, 0x00, 0x00, 0x1e, 0x00,
            0x01, 0x00, 0x00, 0x00, 0x01, 0x00, 0x00, 0x00, 0x01, 0xe7, 0xdb, 0xf0, 0x00, 0x95,
            0x00, 0x4a, 0x80, 0x4c, 0x80, 0xc3, 0x80, 0x00, 0x00, 0x1c, 0x00, 0x93, 0x00, 0x00,
            0x40, 0x00, 0x00, 0x00, 0x11, 0x00, 0x01, 0x01, 0x00, 0x00, 0x00, 0x1e, 0x00, 0x01,
            0x00, 0x00, 0x00, 0x01, 0x00, 0x00, 0x00, 0x01, 0xe7, 0xdb, 0xf0, 0x00, 0x95, 0x00,
            0x4a, 0x80, 0x4c, 0x80, 0xc3, 0x80, 0x00, 0x00, 0x1c, 0x00, 0x93, 0x00, 0x00, 0x40,
            0x00, 0x00, 0x00, 0x12, 0x00, 0x01, 0x01, 0x00, 0x00, 0x00, 0x1e, 0x00, 0x01, 0x00,
            0x00, 0x00, 0x01, 0x00, 0x00, 0x00, 0x01, 0xe7, 0xdb, 0xf0, 0x00, 0x95, 0x00, 0x4a,
            0x80, 0x4c, 0x80, 0xc3, 0x80, 0x00, 0x00, 0x1c, 0x00, 0x93, 0x00, 0x00, 0x40, 0x00,
            0x00, 0x00, 0x64, 0x3e, 0xe0, 0x00, 0x00, 0x11, 0xfe, 0xfe, 0x03, 0x02, 0x03, 0x04,
            0x05, 0x06, 0x07, 0x08, 0x09, 0x0a, 0x0b, 0x0c, 0x0d, 0x0e, 0x0f, 0x10, 0x11, 0x12,
            0x01, 0x00, 0x00, 0x00, 0x09, 0x20, 0x00, 0x00, 0x00, 0x52, 0x00, 0x50, 0x00, 0x00,
            0x00, 0x00, 0x00, 0x65, 0x07, 0x20, 0x02, 0x01, 0x00, 0x00, 0x00, 0x2d, 0x00, 0x00,
            0x00, 0x09, 0x00, 0x00, 0x00, 0x07, 0x00, 0x00, 0x00, 0x00, 0x00, 0x00, 0x00, 0x00,
            0x04, 0x00, 0x11, 0x00, 0x00, 0x00, 0x00, 0x00, 0x01, 0x01, 0x00, 0x00, 0x00, 0x00,
            0x00, 0x00, 0x00, 0x00, 0x00, 0x00, 0x00, 0x00, 0x00, 0x00, 0x00, 0x00, 0x00, 0x00,
            0x04,
        ],
        globals: &[],
        second: &[],
    },
    EncodedCase {
        name: "count-17-clear-reference-9",
        first_shift: false,
        second_shift: false,
        data: &[
            0x00, 0x00, 0x00, 0x01, 0x30, 0x01, 0x01, 0x00, 0x00, 0x00, 0x13, 0x00, 0x00, 0x00,
            0x09, 0x00, 0x00, 0x00, 0x07, 0x00, 0x00, 0x00, 0x00, 0x00, 0x00, 0x00, 0x00, 0x63,
            0x00, 0x00, 0x00, 0x00, 0x00, 0x02, 0x00, 0x01, 0x01, 0x00, 0x00, 0x00, 0x1e, 0x00,
            0x01, 0x00, 0x00, 0x00, 0x01, 0x00, 0x00, 0x00, 0x01, 0xe7, 0xdb, 0xf0, 0x00, 0x95,
            0x00, 0x4a, 0x80, 0x4c, 0x80, 0xc3, 0x80, 0x00, 0x00, 0x1c, 0x00, 0x93, 0x00, 0x00,
            0x40, 0x00, 0x00, 0x00, 0x03, 0x00, 0x01, 0x01, 0x00, 0x00, 0x00, 0x1e, 0x00, 0x01,
            0x00, 0x00, 0x00, 0x01, 0x00, 0x00, 0x00, 0x01, 0xe7, 0xdb, 0xf0, 0x00, 0x95, 0x00,
            0x4a, 0x80, 0x4c, 0x80, 0xc3, 0x80, 0x00, 0x00, 0x1c, 0x00, 0x93, 0x00, 0x00, 0x40,
            0x00, 0x00, 0x00, 0x04, 0x00, 0x01, 0x01, 0x00, 0x00, 0x00, 0x1e, 0x00, 0x01, 0x00,
            0x00, 0x00, 0x01, 0x00, 0x00, 0x00, 0x01, 0xe7, 0xdb, 0xf0, 0x00, 0x95, 0x00, 0x4a,
            0x80, 0x4c, 0x80, 0xc3, 0x80, 0x00, 0x00, 0x1c, 0x00, 0x93, 0x00, 0x00, 0x40, 0x00,
            0x00, 0x00, 0x05, 0x00, 0x01, 0x01, 0x00, 0x00, 0x00, 0x1e, 0x00, 0x01, 0x00, 0x00,
            0x00, 0x01, 0x00, 0x00, 0x00, 0x01, 0xe7, 0xdb, 0xf0, 0x00, 0x95, 0x00, 0x4a, 0x80,
            0x4c, 0x80, 0xc3, 0x80, 0x00, 0x00, 0x1c, 0x00, 0x93, 0x00, 0x00, 0x40, 0x00, 0x00,
            0x00, 0x06, 0x00, 0x01, 0x01, 0x00, 0x00, 0x00, 0x1e, 0x00, 0x01, 0x00, 0x00, 0x00,
            0x01, 0x00, 0x00, 0x00, 0x01, 0xe7, 0xdb, 0xf0, 0x00, 0x95, 0x00, 0x4a, 0x80, 0x4c,
            0x80, 0xc3, 0x80, 0x00, 0x00, 0x1c, 0x00, 0x93, 0x00, 0x00, 0x40, 0x00, 0x00, 0x00,
            0x07, 0x00, 0x01, 0x01, 0x00, 0x00, 0x00, 0x1e, 0x00, 0x01, 0x00, 0x00, 0x00, 0x01,
            0x00, 0x00, 0x00, 0x01, 0xe7, 0xdb, 0xf0, 0x00, 0x95, 0x00, 0x4a, 0x80, 0x4c, 0x80,
            0xc3, 0x80, 0x00, 0x00, 0x1c, 0x00, 0x93, 0x00, 0x00, 0x40, 0x00, 0x00, 0x00, 0x08,
            0x00, 0x01, 0x01, 0x00, 0x00, 0x00, 0x1e, 0x00, 0x01, 0x00, 0x00, 0x00, 0x01, 0x00,
            0x00, 0x00, 0x01, 0xe7, 0xdb, 0xf0, 0x00, 0x95, 0x00, 0x4a, 0x80, 0x4c, 0x80, 0xc3,
            0x80, 0x00, 0x00, 0x1c, 0x00, 0x93, 0x00, 0x00, 0x40, 0x00, 0x00, 0x00, 0x09, 0x00,
            0x01, 0x01, 0x00, 0x00, 0x00, 0x1e, 0x00, 0x01, 0x00, 0x00, 0x00, 0x01, 0x00, 0x00,
            0x00, 0x01, 0xe7, 0xdb, 0xf0, 0x00, 0x95, 0x00, 0x4a, 0x80, 0x4c, 0x80, 0xc3, 0x80,
            0x00, 0x00, 0x1c, 0x00, 0x93, 0x00, 0x00, 0x40, 0x00, 0x00, 0x00, 0x0a, 0x00, 0x01,
            0x01, 0x00, 0x00, 0x00, 0x1e, 0x00, 0x01, 0x00, 0x00, 0x00, 0x01, 0x00, 0x00, 0x00,
            0x01, 0xe7, 0xdb, 0xf0, 0x00, 0x95, 0x00, 0x4a, 0x80, 0x4c, 0x80, 0xc3, 0x80, 0x00,
            0x00, 0x1c, 0x00, 0x93, 0x00, 0x00, 0x40, 0x00, 0x00, 0x00, 0x0b, 0x00, 0x01, 0x01,
            0x00, 0x00, 0x00, 0x1e, 0x00, 0x01, 0x00, 0x00, 0x00, 0x01, 0x00, 0x00, 0x00, 0x01,
            0xe7, 0xdb, 0xf0, 0x00, 0x95, 0x00, 0x4a, 0x80, 0x4c, 0x80, 0xc3, 0x80, 0x00, 0x00,
            0x1c, 0x00, 0x93, 0x00, 0x00, 0x40, 0x00, 0x00, 0x00, 0x0c, 0x00, 0x01, 0x01, 0x00,
            0x00, 0x00, 0x1e, 0x00, 0x01, 0x00, 0x00, 0x00, 0x01, 0x00, 0x00, 0x00, 0x01, 0xe7,
            0xdb, 0xf0, 0x00, 0x95, 0x00, 0x4a, 0x80, 0x4c, 0x80, 0xc3, 0x80, 0x00, 0x00, 0x1c,
            0x00, 0x93, 0x00, 0x00, 0x40, 0x00, 0x00, 0x00, 0x0d, 0x00, 0x01, 0x01, 0x00, 0x00,
            0x00, 0x1e, 0x00, 0x01, 0x00, 0x00, 0x00, 0x01, 0x00, 0x00, 0x00, 0x01, 0xe7, 0xdb,
            0xf0, 0x00, 0x95, 0x00, 0x4a, 0x80, 0x4c, 0x80, 0xc3, 0x80, 0x00, 0x00, 0x1c, 0x00,
            0x93, 0x00, 0x00, 0x40, 0x00, 0x00, 0x00, 0x0e, 0x00, 0x01, 0x01, 0x00, 0x00, 0x00,
            0x1e, 0x00, 0x01, 0x00, 0x00, 0x00, 0x01, 0x00, 0x00, 0x00, 0x01, 0xe7, 0xdb, 0xf0,
            0x00, 0x95, 0x00, 0x4a, 0x80, 0x4c, 0x80, 0xc3, 0x80, 0x00, 0x00, 0x1c, 0x00, 0x93,
            0x00, 0x00, 0x40, 0x00, 0x00, 0x00, 0x0f, 0x00, 0x01, 0x01, 0x00, 0x00, 0x00, 0x1e,
            0x00, 0x01, 0x00, 0x00, 0x00, 0x01, 0x00, 0x00, 0x00, 0x01, 0xe7, 0xdb, 0xf0, 0x00,
            0x95, 0x00, 0x4a, 0x80, 0x4c, 0x80, 0xc3, 0x80, 0x00, 0x00, 0x1c, 0x00, 0x93, 0x00,
            0x00, 0x40, 0x00, 0x00, 0x00, 0x10, 0x00, 0x01, 0x01, 0x00, 0x00, 0x00, 0x1e, 0x00,
            0x01, 0x00, 0x00, 0x00, 0x01, 0x00, 0x00, 0x00, 0x01, 0xe7, 0xdb, 0xf0, 0x00, 0x95,
            0x00, 0x4a, 0x80, 0x4c, 0x80, 0xc3, 0x80, 0x00, 0x00, 0x1c, 0x00, 0x93, 0x00, 0x00,
            0x40, 0x00, 0x00, 0x00, 0x11, 0x00, 0x01, 0x01, 0x00, 0x00, 0x00, 0x1e, 0x00, 0x01,
            0x00, 0x00, 0x00, 0x01, 0x00, 0x00, 0x00, 0x01, 0xe7, 0xdb, 0xf0, 0x00, 0x95, 0x00,
            0x4a, 0x80, 0x4c, 0x80, 0xc3, 0x80, 0x00, 0x00, 0x1c, 0x00, 0x93, 0x00, 0x00, 0x40,
            0x00, 0x00, 0x00, 0x12, 0x00, 0x01, 0x01, 0x00, 0x00, 0x00, 0x1e, 0x00, 0x01, 0x00,
            0x00, 0x00, 0x01, 0x00, 0x00, 0x00, 0x01, 0xe7, 0xdb, 0xf0, 0x00, 0x95, 0x00, 0x4a,
            0x80, 0x4c, 0x80, 0xc3, 0x80, 0x00, 0x00, 0x1c, 0x00, 0x93, 0x00, 0x00, 0x40, 0x00,
            0x00, 0x00, 0x64, 0x3e, 0xe0, 0x00, 0x00, 0x11, 0xfe, 0xfd, 0x03, 0x02, 0x03, 0x04,
            0x05, 0x06, 0x07, 0x08, 0x09, 0x0a, 0x0b, 0x0c, 0x0d, 0x0e, 0x0f, 0x10, 0x11, 0x12,
            0x01, 0x00, 0x00, 0x00, 0x09, 0x20, 0x00, 0x00, 0x00, 0x52, 0x00, 0x50, 0x00, 0x00,
            0x00, 0x00, 0x00, 0x65, 0x07, 0x20, 0x02, 0x01, 0x00, 0x00, 0x00, 0x2d, 0x00, 0x00,
            0x00, 0x09, 0x00, 0x00, 0x00, 0x07, 0x00, 0x00, 0x00, 0x00, 0x00, 0x00, 0x00, 0x00,
            0x04, 0x00, 0x11, 0x00, 0x00, 0x00, 0x00, 0x00, 0x01, 0x01, 0x00, 0x00, 0x00, 0x00,
            0x00, 0x00, 0x00, 0x00, 0x00, 0x00, 0x00, 0x00, 0x00, 0x00, 0x00, 0x00, 0x00, 0x00,
            0x04,
        ],
        globals: &[],
        second: &[],
    },
    EncodedCase {
        name: "count-17-clear-reference-16",
        first_shift: false,
        second_shift: false,
        data: &[
            0x00, 0x00, 0x00, 0x01, 0x30, 0x01, 0x01, 0x00, 0x00, 0x00, 0x13, 0x00, 0x00, 0x00,
            0x09, 0x00, 0x00, 0x00, 0x07, 0x00, 0x00, 0x00, 0x00, 0x00, 0x00, 0x00, 0x00, 0x63,
            0x00, 0x00, 0x00, 0x00, 0x00, 0x02, 0x00, 0x01, 0x01, 0x00, 0x00, 0x00, 0x1e, 0x00,
            0x01, 0x00, 0x00, 0x00, 0x01, 0x00, 0x00, 0x00, 0x01, 0xe7, 0xdb, 0xf0, 0x00, 0x95,
            0x00, 0x4a, 0x80, 0x4c, 0x80, 0xc3, 0x80, 0x00, 0x00, 0x1c, 0x00, 0x93, 0x00, 0x00,
            0x40, 0x00, 0x00, 0x00, 0x03, 0x00, 0x01, 0x01, 0x00, 0x00, 0x00, 0x1e, 0x00, 0x01,
            0x00, 0x00, 0x00, 0x01, 0x00, 0x00, 0x00, 0x01, 0xe7, 0xdb, 0xf0, 0x00, 0x95, 0x00,
            0x4a, 0x80, 0x4c, 0x80, 0xc3, 0x80, 0x00, 0x00, 0x1c, 0x00, 0x93, 0x00, 0x00, 0x40,
            0x00, 0x00, 0x00, 0x04, 0x00, 0x01, 0x01, 0x00, 0x00, 0x00, 0x1e, 0x00, 0x01, 0x00,
            0x00, 0x00, 0x01, 0x00, 0x00, 0x00, 0x01, 0xe7, 0xdb, 0xf0, 0x00, 0x95, 0x00, 0x4a,
            0x80, 0x4c, 0x80, 0xc3, 0x80, 0x00, 0x00, 0x1c, 0x00, 0x93, 0x00, 0x00, 0x40, 0x00,
            0x00, 0x00, 0x05, 0x00, 0x01, 0x01, 0x00, 0x00, 0x00, 0x1e, 0x00, 0x01, 0x00, 0x00,
            0x00, 0x01, 0x00, 0x00, 0x00, 0x01, 0xe7, 0xdb, 0xf0, 0x00, 0x95, 0x00, 0x4a, 0x80,
            0x4c, 0x80, 0xc3, 0x80, 0x00, 0x00, 0x1c, 0x00, 0x93, 0x00, 0x00, 0x40, 0x00, 0x00,
            0x00, 0x06, 0x00, 0x01, 0x01, 0x00, 0x00, 0x00, 0x1e, 0x00, 0x01, 0x00, 0x00, 0x00,
            0x01, 0x00, 0x00, 0x00, 0x01, 0xe7, 0xdb, 0xf0, 0x00, 0x95, 0x00, 0x4a, 0x80, 0x4c,
            0x80, 0xc3, 0x80, 0x00, 0x00, 0x1c, 0x00, 0x93, 0x00, 0x00, 0x40, 0x00, 0x00, 0x00,
            0x07, 0x00, 0x01, 0x01, 0x00, 0x00, 0x00, 0x1e, 0x00, 0x01, 0x00, 0x00, 0x00, 0x01,
            0x00, 0x00, 0x00, 0x01, 0xe7, 0xdb, 0xf0, 0x00, 0x95, 0x00, 0x4a, 0x80, 0x4c, 0x80,
            0xc3, 0x80, 0x00, 0x00, 0x1c, 0x00, 0x93, 0x00, 0x00, 0x40, 0x00, 0x00, 0x00, 0x08,
            0x00, 0x01, 0x01, 0x00, 0x00, 0x00, 0x1e, 0x00, 0x01, 0x00, 0x00, 0x00, 0x01, 0x00,
            0x00, 0x00, 0x01, 0xe7, 0xdb, 0xf0, 0x00, 0x95, 0x00, 0x4a, 0x80, 0x4c, 0x80, 0xc3,
            0x80, 0x00, 0x00, 0x1c, 0x00, 0x93, 0x00, 0x00, 0x40, 0x00, 0x00, 0x00, 0x09, 0x00,
            0x01, 0x01, 0x00, 0x00, 0x00, 0x1e, 0x00, 0x01, 0x00, 0x00, 0x00, 0x01, 0x00, 0x00,
            0x00, 0x01, 0xe7, 0xdb, 0xf0, 0x00, 0x95, 0x00, 0x4a, 0x80, 0x4c, 0x80, 0xc3, 0x80,
            0x00, 0x00, 0x1c, 0x00, 0x93, 0x00, 0x00, 0x40, 0x00, 0x00, 0x00, 0x0a, 0x00, 0x01,
            0x01, 0x00, 0x00, 0x00, 0x1e, 0x00, 0x01, 0x00, 0x00, 0x00, 0x01, 0x00, 0x00, 0x00,
            0x01, 0xe7, 0xdb, 0xf0, 0x00, 0x95, 0x00, 0x4a, 0x80, 0x4c, 0x80, 0xc3, 0x80, 0x00,
            0x00, 0x1c, 0x00, 0x93, 0x00, 0x00, 0x40, 0x00, 0x00, 0x00, 0x0b, 0x00, 0x01, 0x01,
            0x00, 0x00, 0x00, 0x1e, 0x00, 0x01, 0x00, 0x00, 0x00, 0x01, 0x00, 0x00, 0x00, 0x01,
            0xe7, 0xdb, 0xf0, 0x00, 0x95, 0x00, 0x4a, 0x80, 0x4c, 0x80, 0xc3, 0x80, 0x00, 0x00,
            0x1c, 0x00, 0x93, 0x00, 0x00, 0x40, 0x00, 0x00, 0x00, 0x0c, 0x00, 0x01, 0x01, 0x00,
            0x00, 0x00, 0x1e, 0x00, 0x01, 0x00, 0x00, 0x00, 0x01, 0x00, 0x00, 0x00, 0x01, 0xe7,
            0xdb, 0xf0, 0x00, 0x95, 0x00, 0x4a, 0x80, 0x4c, 0x80, 0xc3, 0x80, 0x00, 0x00, 0x1c,
            0x00, 0x93, 0x00, 0x00, 0x40, 0x00, 0x00, 0x00, 0x0d, 0x00, 0x01, 0x01, 0x00, 0x00,
            0x00, 0x1e, 0x00, 0x01, 0x00, 0x00, 0x00, 0x01, 0x00, 0x00, 0x00, 0x01, 0xe7, 0xdb,
            0xf0, 0x00, 0x95, 0x00, 0x4a, 0x80, 0x4c, 0x80, 0xc3, 0x80, 0x00, 0x00, 0x1c, 0x00,
            0x93, 0x00, 0x00, 0x40, 0x00, 0x00, 0x00, 0x0e, 0x00, 0x01, 0x01, 0x00, 0x00, 0x00,
            0x1e, 0x00, 0x01, 0x00, 0x00, 0x00, 0x01, 0x00, 0x00, 0x00, 0x01, 0xe7, 0xdb, 0xf0,
            0x00, 0x95, 0x00, 0x4a, 0x80, 0x4c, 0x80, 0xc3, 0x80, 0x00, 0x00, 0x1c, 0x00, 0x93,
            0x00, 0x00, 0x40, 0x00, 0x00, 0x00, 0x0f, 0x00, 0x01, 0x01, 0x00, 0x00, 0x00, 0x1e,
            0x00, 0x01, 0x00, 0x00, 0x00, 0x01, 0x00, 0x00, 0x00, 0x01, 0xe7, 0xdb, 0xf0, 0x00,
            0x95, 0x00, 0x4a, 0x80, 0x4c, 0x80, 0xc3, 0x80, 0x00, 0x00, 0x1c, 0x00, 0x93, 0x00,
            0x00, 0x40, 0x00, 0x00, 0x00, 0x10, 0x00, 0x01, 0x01, 0x00, 0x00, 0x00, 0x1e, 0x00,
            0x01, 0x00, 0x00, 0x00, 0x01, 0x00, 0x00, 0x00, 0x01, 0xe7, 0xdb, 0xf0, 0x00, 0x95,
            0x00, 0x4a, 0x80, 0x4c, 0x80, 0xc3, 0x80, 0x00, 0x00, 0x1c, 0x00, 0x93, 0x00, 0x00,
            0x40, 0x00, 0x00, 0x00, 0x11, 0x00, 0x01, 0x01, 0x00, 0x00, 0x00, 0x1e, 0x00, 0x01,
            0x00, 0x00, 0x00, 0x01, 0x00, 0x00, 0x00, 0x01, 0xe7, 0xdb, 0xf0, 0x00, 0x95, 0x00,
            0x4a, 0x80, 0x4c, 0x80, 0xc3, 0x80, 0x00, 0x00, 0x1c, 0x00, 0x93, 0x00, 0x00, 0x40,
            0x00, 0x00, 0x00, 0x12, 0x00, 0x01, 0x01, 0x00, 0x00, 0x00, 0x1e, 0x00, 0x01, 0x00,
            0x00, 0x00, 0x01, 0x00, 0x00, 0x00, 0x01, 0xe7, 0xdb, 0xf0, 0x00, 0x95, 0x00, 0x4a,
            0x80, 0x4c, 0x80, 0xc3, 0x80, 0x00, 0x00, 0x1c, 0x00, 0x93, 0x00, 0x00, 0x40, 0x00,
            0x00, 0x00, 0x64, 0x3e, 0xe0, 0x00, 0x00, 0x11, 0xfe, 0xff, 0x02, 0x02, 0x03, 0x04,
            0x05, 0x06, 0x07, 0x08, 0x09, 0x0a, 0x0b, 0x0c, 0x0d, 0x0e, 0x0f, 0x10, 0x11, 0x12,
            0x01, 0x00, 0x00, 0x00, 0x09, 0x20, 0x00, 0x00, 0x00, 0x52, 0x00, 0x50, 0x00, 0x00,
            0x00, 0x00, 0x00, 0x65, 0x07, 0x20, 0x02, 0x01, 0x00, 0x00, 0x00, 0x2d, 0x00, 0x00,
            0x00, 0x09, 0x00, 0x00, 0x00, 0x07, 0x00, 0x00, 0x00, 0x00, 0x00, 0x00, 0x00, 0x00,
            0x04, 0x00, 0x11, 0x00, 0x00, 0x00, 0x00, 0x00, 0x01, 0x01, 0x00, 0x00, 0x00, 0x00,
            0x00, 0x00, 0x00, 0x00, 0x00, 0x00, 0x00, 0x00, 0x00, 0x00, 0x00, 0x00, 0x00, 0x00,
            0x04,
        ],
        globals: &[],
        second: &[],
    },
    EncodedCase {
        name: "count-17-clear-reference-17",
        first_shift: false,
        second_shift: false,
        data: &[
            0x00, 0x00, 0x00, 0x01, 0x30, 0x01, 0x01, 0x00, 0x00, 0x00, 0x13, 0x00, 0x00, 0x00,
            0x09, 0x00, 0x00, 0x00, 0x07, 0x00, 0x00, 0x00, 0x00, 0x00, 0x00, 0x00, 0x00, 0x63,
            0x00, 0x00, 0x00, 0x00, 0x00, 0x02, 0x00, 0x01, 0x01, 0x00, 0x00, 0x00, 0x1e, 0x00,
            0x01, 0x00, 0x00, 0x00, 0x01, 0x00, 0x00, 0x00, 0x01, 0xe7, 0xdb, 0xf0, 0x00, 0x95,
            0x00, 0x4a, 0x80, 0x4c, 0x80, 0xc3, 0x80, 0x00, 0x00, 0x1c, 0x00, 0x93, 0x00, 0x00,
            0x40, 0x00, 0x00, 0x00, 0x03, 0x00, 0x01, 0x01, 0x00, 0x00, 0x00, 0x1e, 0x00, 0x01,
            0x00, 0x00, 0x00, 0x01, 0x00, 0x00, 0x00, 0x01, 0xe7, 0xdb, 0xf0, 0x00, 0x95, 0x00,
            0x4a, 0x80, 0x4c, 0x80, 0xc3, 0x80, 0x00, 0x00, 0x1c, 0x00, 0x93, 0x00, 0x00, 0x40,
            0x00, 0x00, 0x00, 0x04, 0x00, 0x01, 0x01, 0x00, 0x00, 0x00, 0x1e, 0x00, 0x01, 0x00,
            0x00, 0x00, 0x01, 0x00, 0x00, 0x00, 0x01, 0xe7, 0xdb, 0xf0, 0x00, 0x95, 0x00, 0x4a,
            0x80, 0x4c, 0x80, 0xc3, 0x80, 0x00, 0x00, 0x1c, 0x00, 0x93, 0x00, 0x00, 0x40, 0x00,
            0x00, 0x00, 0x05, 0x00, 0x01, 0x01, 0x00, 0x00, 0x00, 0x1e, 0x00, 0x01, 0x00, 0x00,
            0x00, 0x01, 0x00, 0x00, 0x00, 0x01, 0xe7, 0xdb, 0xf0, 0x00, 0x95, 0x00, 0x4a, 0x80,
            0x4c, 0x80, 0xc3, 0x80, 0x00, 0x00, 0x1c, 0x00, 0x93, 0x00, 0x00, 0x40, 0x00, 0x00,
            0x00, 0x06, 0x00, 0x01, 0x01, 0x00, 0x00, 0x00, 0x1e, 0x00, 0x01, 0x00, 0x00, 0x00,
            0x01, 0x00, 0x00, 0x00, 0x01, 0xe7, 0xdb, 0xf0, 0x00, 0x95, 0x00, 0x4a, 0x80, 0x4c,
            0x80, 0xc3, 0x80, 0x00, 0x00, 0x1c, 0x00, 0x93, 0x00, 0x00, 0x40, 0x00, 0x00, 0x00,
            0x07, 0x00, 0x01, 0x01, 0x00, 0x00, 0x00, 0x1e, 0x00, 0x01, 0x00, 0x00, 0x00, 0x01,
            0x00, 0x00, 0x00, 0x01, 0xe7, 0xdb, 0xf0, 0x00, 0x95, 0x00, 0x4a, 0x80, 0x4c, 0x80,
            0xc3, 0x80, 0x00, 0x00, 0x1c, 0x00, 0x93, 0x00, 0x00, 0x40, 0x00, 0x00, 0x00, 0x08,
            0x00, 0x01, 0x01, 0x00, 0x00, 0x00, 0x1e, 0x00, 0x01, 0x00, 0x00, 0x00, 0x01, 0x00,
            0x00, 0x00, 0x01, 0xe7, 0xdb, 0xf0, 0x00, 0x95, 0x00, 0x4a, 0x80, 0x4c, 0x80, 0xc3,
            0x80, 0x00, 0x00, 0x1c, 0x00, 0x93, 0x00, 0x00, 0x40, 0x00, 0x00, 0x00, 0x09, 0x00,
            0x01, 0x01, 0x00, 0x00, 0x00, 0x1e, 0x00, 0x01, 0x00, 0x00, 0x00, 0x01, 0x00, 0x00,
            0x00, 0x01, 0xe7, 0xdb, 0xf0, 0x00, 0x95, 0x00, 0x4a, 0x80, 0x4c, 0x80, 0xc3, 0x80,
            0x00, 0x00, 0x1c, 0x00, 0x93, 0x00, 0x00, 0x40, 0x00, 0x00, 0x00, 0x0a, 0x00, 0x01,
            0x01, 0x00, 0x00, 0x00, 0x1e, 0x00, 0x01, 0x00, 0x00, 0x00, 0x01, 0x00, 0x00, 0x00,
            0x01, 0xe7, 0xdb, 0xf0, 0x00, 0x95, 0x00, 0x4a, 0x80, 0x4c, 0x80, 0xc3, 0x80, 0x00,
            0x00, 0x1c, 0x00, 0x93, 0x00, 0x00, 0x40, 0x00, 0x00, 0x00, 0x0b, 0x00, 0x01, 0x01,
            0x00, 0x00, 0x00, 0x1e, 0x00, 0x01, 0x00, 0x00, 0x00, 0x01, 0x00, 0x00, 0x00, 0x01,
            0xe7, 0xdb, 0xf0, 0x00, 0x95, 0x00, 0x4a, 0x80, 0x4c, 0x80, 0xc3, 0x80, 0x00, 0x00,
            0x1c, 0x00, 0x93, 0x00, 0x00, 0x40, 0x00, 0x00, 0x00, 0x0c, 0x00, 0x01, 0x01, 0x00,
            0x00, 0x00, 0x1e, 0x00, 0x01, 0x00, 0x00, 0x00, 0x01, 0x00, 0x00, 0x00, 0x01, 0xe7,
            0xdb, 0xf0, 0x00, 0x95, 0x00, 0x4a, 0x80, 0x4c, 0x80, 0xc3, 0x80, 0x00, 0x00, 0x1c,
            0x00, 0x93, 0x00, 0x00, 0x40, 0x00, 0x00, 0x00, 0x0d, 0x00, 0x01, 0x01, 0x00, 0x00,
            0x00, 0x1e, 0x00, 0x01, 0x00, 0x00, 0x00, 0x01, 0x00, 0x00, 0x00, 0x01, 0xe7, 0xdb,
            0xf0, 0x00, 0x95, 0x00, 0x4a, 0x80, 0x4c, 0x80, 0xc3, 0x80, 0x00, 0x00, 0x1c, 0x00,
            0x93, 0x00, 0x00, 0x40, 0x00, 0x00, 0x00, 0x0e, 0x00, 0x01, 0x01, 0x00, 0x00, 0x00,
            0x1e, 0x00, 0x01, 0x00, 0x00, 0x00, 0x01, 0x00, 0x00, 0x00, 0x01, 0xe7, 0xdb, 0xf0,
            0x00, 0x95, 0x00, 0x4a, 0x80, 0x4c, 0x80, 0xc3, 0x80, 0x00, 0x00, 0x1c, 0x00, 0x93,
            0x00, 0x00, 0x40, 0x00, 0x00, 0x00, 0x0f, 0x00, 0x01, 0x01, 0x00, 0x00, 0x00, 0x1e,
            0x00, 0x01, 0x00, 0x00, 0x00, 0x01, 0x00, 0x00, 0x00, 0x01, 0xe7, 0xdb, 0xf0, 0x00,
            0x95, 0x00, 0x4a, 0x80, 0x4c, 0x80, 0xc3, 0x80, 0x00, 0x00, 0x1c, 0x00, 0x93, 0x00,
            0x00, 0x40, 0x00, 0x00, 0x00, 0x10, 0x00, 0x01, 0x01, 0x00, 0x00, 0x00, 0x1e, 0x00,
            0x01, 0x00, 0x00, 0x00, 0x01, 0x00, 0x00, 0x00, 0x01, 0xe7, 0xdb, 0xf0, 0x00, 0x95,
            0x00, 0x4a, 0x80, 0x4c, 0x80, 0xc3, 0x80, 0x00, 0x00, 0x1c, 0x00, 0x93, 0x00, 0x00,
            0x40, 0x00, 0x00, 0x00, 0x11, 0x00, 0x01, 0x01, 0x00, 0x00, 0x00, 0x1e, 0x00, 0x01,
            0x00, 0x00, 0x00, 0x01, 0x00, 0x00, 0x00, 0x01, 0xe7, 0xdb, 0xf0, 0x00, 0x95, 0x00,
            0x4a, 0x80, 0x4c, 0x80, 0xc3, 0x80, 0x00, 0x00, 0x1c, 0x00, 0x93, 0x00, 0x00, 0x40,
            0x00, 0x00, 0x00, 0x12, 0x00, 0x01, 0x01, 0x00, 0x00, 0x00, 0x1e, 0x00, 0x01, 0x00,
            0x00, 0x00, 0x01, 0x00, 0x00, 0x00, 0x01, 0xe7, 0xdb, 0xf0, 0x00, 0x95, 0x00, 0x4a,
            0x80, 0x4c, 0x80, 0xc3, 0x80, 0x00, 0x00, 0x1c, 0x00, 0x93, 0x00, 0x00, 0x40, 0x00,
            0x00, 0x00, 0x64, 0x3e, 0xe0, 0x00, 0x00, 0x11, 0xfe, 0xff, 0x01, 0x02, 0x03, 0x04,
            0x05, 0x06, 0x07, 0x08, 0x09, 0x0a, 0x0b, 0x0c, 0x0d, 0x0e, 0x0f, 0x10, 0x11, 0x12,
            0x01, 0x00, 0x00, 0x00, 0x09, 0x20, 0x00, 0x00, 0x00, 0x52, 0x00, 0x50, 0x00, 0x00,
            0x00, 0x00, 0x00, 0x65, 0x07, 0x20, 0x02, 0x01, 0x00, 0x00, 0x00, 0x2d, 0x00, 0x00,
            0x00, 0x09, 0x00, 0x00, 0x00, 0x07, 0x00, 0x00, 0x00, 0x00, 0x00, 0x00, 0x00, 0x00,
            0x04, 0x00, 0x11, 0x00, 0x00, 0x00, 0x00, 0x00, 0x01, 0x01, 0x00, 0x00, 0x00, 0x00,
            0x00, 0x00, 0x00, 0x00, 0x00, 0x00, 0x00, 0x00, 0x00, 0x00, 0x00, 0x00, 0x00, 0x00,
            0x04,
        ],
        globals: &[],
        second: &[],
    },
    EncodedCase {
        name: "deferred-page-info",
        first_shift: false,
        second_shift: false,
        data: &[
            0x00, 0x00, 0x00, 0x01, 0xb0, 0x01, 0x01, 0x00, 0x00, 0x00, 0x13, 0x00, 0x00, 0x00,
            0x09, 0x00, 0x00, 0x00, 0x07, 0x00, 0x00, 0x00, 0x00, 0x00, 0x00, 0x00, 0x00, 0x63,
            0x00, 0x00, 0x00, 0x00, 0x00, 0x02, 0x3e, 0x20, 0x01, 0x01, 0x00, 0x00, 0x00, 0x09,
            0x20, 0x00, 0x00, 0x00, 0x52, 0x00, 0x50, 0x00, 0x00, 0x00, 0x00, 0x00, 0x0a, 0x00,
            0x01, 0x01, 0x00, 0x00, 0x00, 0x1e, 0x00, 0x01, 0x00, 0x00, 0x00, 0x01, 0x00, 0x00,
            0x00, 0x01, 0xe7, 0xdb, 0xf0, 0x00, 0x95, 0x00, 0x4a, 0x80, 0x4c, 0x80, 0xc3, 0x80,
            0x00, 0x00, 0x1c, 0x00, 0x93, 0x00, 0x00, 0x40, 0x00, 0x00, 0x00, 0x0b, 0x07, 0x20,
            0x0a, 0x01, 0x00, 0x00, 0x00, 0x2d, 0x00, 0x00, 0x00, 0x09, 0x00, 0x00, 0x00, 0x07,
            0x00, 0x00, 0x00, 0x00, 0x00, 0x00, 0x00, 0x00, 0x04, 0x00, 0x11, 0x00, 0x00, 0x00,
            0x00, 0x00, 0x01, 0x01, 0x00, 0x00, 0x00, 0x00, 0x00, 0x00, 0x00, 0x00, 0x00, 0x00,
            0x00, 0x00, 0x00, 0x00, 0x00, 0x00, 0x00, 0x00, 0x04,
        ],
        globals: &[],
        second: &[],
    },
    EncodedCase {
        name: "deferred-dictionary-single-extension",
        first_shift: false,
        second_shift: false,
        data: &[
            0x00, 0x00, 0x00, 0x01, 0x30, 0x01, 0x01, 0x00, 0x00, 0x00, 0x13, 0x00, 0x00, 0x00,
            0x09, 0x00, 0x00, 0x00, 0x07, 0x00, 0x00, 0x00, 0x00, 0x00, 0x00, 0x00, 0x00, 0x63,
            0x00, 0x00, 0x00, 0x00, 0x00, 0x02, 0x00, 0x01, 0x01, 0x00, 0x00, 0x00, 0x1e, 0x00,
            0x01, 0x00, 0x00, 0x00, 0x01, 0x00, 0x00, 0x00, 0x01, 0xe7, 0xdb, 0xf0, 0x00, 0x95,
            0x00, 0x4a, 0x80, 0x4c, 0x80, 0xc3, 0x80, 0x00, 0x00, 0x1c, 0x00, 0x93, 0x00, 0x00,
            0x40, 0x00, 0x00, 0x00, 0x03, 0x07, 0x20, 0x02, 0x01, 0x00, 0x00, 0x00, 0x2d, 0x00,
            0x00, 0x00, 0x09, 0x00, 0x00, 0x00, 0x07, 0x00, 0x00, 0x00, 0x00, 0x00, 0x00, 0x00,
            0x00, 0x04, 0x00, 0x11, 0x00, 0x00, 0x00, 0x00, 0x00, 0x01, 0x01, 0x00, 0x00, 0x00,
            0x00, 0x00, 0x00, 0x00, 0x00, 0x00, 0x00, 0x00, 0x00, 0x00, 0x00, 0x00, 0x00, 0x00,
            0x00, 0x04, 0x00, 0x00, 0x00, 0x0a, 0x80, 0x01, 0x01, 0x00, 0x00, 0x00, 0x1e, 0x00,
            0x01, 0x00, 0x00, 0x00, 0x01, 0x00, 0x00, 0x00, 0x01, 0xe7, 0xdb, 0xf0, 0x00, 0x95,
            0x00, 0x4a, 0x80, 0x4c, 0x80, 0xc3, 0x80, 0x00, 0x00, 0x1c, 0x00, 0x93, 0x00, 0x00,
            0x40, 0x00, 0x00, 0x00, 0x0b, 0x3e, 0x20, 0x0a, 0x01, 0x00, 0x00, 0x00, 0x09, 0x20,
            0x00, 0x00, 0x00, 0x52, 0x00, 0x50, 0x00, 0x00,
        ],
        globals: &[],
        second: &[],
    },
    EncodedCase {
        name: "deferred-dictionary-chain",
        first_shift: false,
        second_shift: false,
        data: &[
            0x00, 0x00, 0x00, 0x01, 0x30, 0x01, 0x01, 0x00, 0x00, 0x00, 0x13, 0x00, 0x00, 0x00,
            0x09, 0x00, 0x00, 0x00, 0x07, 0x00, 0x00, 0x00, 0x00, 0x00, 0x00, 0x00, 0x00, 0x63,
            0x00, 0x00, 0x00, 0x00, 0x00, 0x02, 0x00, 0x01, 0x01, 0x00, 0x00, 0x00, 0x1e, 0x00,
            0x01, 0x00, 0x00, 0x00, 0x01, 0x00, 0x00, 0x00, 0x01, 0xe7, 0xdb, 0xf0, 0x00, 0x95,
            0x00, 0x4a, 0x80, 0x4c, 0x80, 0xc3, 0x80, 0x00, 0x00, 0x1c, 0x00, 0x93, 0x00, 0x00,
            0x40, 0x00, 0x00, 0x00, 0x03, 0x07, 0x20, 0x02, 0x01, 0x00, 0x00, 0x00, 0x2d, 0x00,
            0x00, 0x00, 0x09, 0x00, 0x00, 0x00, 0x07, 0x00, 0x00, 0x00, 0x00, 0x00, 0x00, 0x00,
            0x00, 0x04, 0x00, 0x11, 0x00, 0x00, 0x00, 0x00, 0x00, 0x01, 0x01, 0x00, 0x00, 0x00,
            0x00, 0x00, 0x00, 0x00, 0x00, 0x00, 0x00, 0x00, 0x00, 0x00, 0x00, 0x00, 0x00, 0x00,
            0x00, 0x04, 0x00, 0x00, 0x00, 0x0a, 0x80, 0x01, 0x01, 0x00, 0x00, 0x00, 0x1e, 0x00,
            0x01, 0x00, 0x00, 0x00, 0x01, 0x00, 0x00, 0x00, 0x01, 0xe7, 0xdb, 0xf0, 0x00, 0x95,
            0x00, 0x4a, 0x80, 0x4c, 0x80, 0xc3, 0x80, 0x00, 0x00, 0x1c, 0x00, 0x93, 0x00, 0x00,
            0x40, 0x00, 0x00, 0x00, 0x0b, 0x3e, 0x22, 0x0a, 0x01, 0x00, 0x00, 0x00, 0x09, 0x20,
            0x00, 0x00, 0x00, 0x52, 0x00, 0x50, 0x00, 0x00, 0x00, 0x00, 0x00, 0x0c, 0x3e, 0x20,
            0x0a, 0x01, 0x00, 0x00, 0x00, 0x09, 0x20, 0x00, 0x00, 0x00, 0x52, 0x00, 0x50, 0x00,
            0x00,
        ],
        globals: &[],
        second: &[],
    },
    EncodedCase {
        name: "deferred-text-region",
        first_shift: false,
        second_shift: false,
        data: &[
            0x00, 0x00, 0x00, 0x01, 0x30, 0x01, 0x01, 0x00, 0x00, 0x00, 0x13, 0x00, 0x00, 0x00,
            0x09, 0x00, 0x00, 0x00, 0x07, 0x00, 0x00, 0x00, 0x00, 0x00, 0x00, 0x00, 0x00, 0x63,
            0x00, 0x00, 0x00, 0x00, 0x00, 0x02, 0x00, 0x01, 0x01, 0x00, 0x00, 0x00, 0x1e, 0x00,
            0x01, 0x00, 0x00, 0x00, 0x01, 0x00, 0x00, 0x00, 0x01, 0xe7, 0xdb, 0xf0, 0x00, 0x95,
            0x00, 0x4a, 0x80, 0x4c, 0x80, 0xc3, 0x80, 0x00, 0x00, 0x1c, 0x00, 0x93, 0x00, 0x00,
            0x40, 0x00, 0x00, 0x00, 0x03, 0x87, 0x21, 0x02, 0x01, 0x00, 0x00, 0x00, 0x2d, 0x00,
            0x00, 0x00, 0x09, 0x00, 0x00, 0x00, 0x07, 0x00, 0x00, 0x00, 0x00, 0x00, 0x00, 0x00,
            0x00, 0x04, 0x00, 0x11, 0x00, 0x00, 0x00, 0x00, 0x00, 0x01, 0x01, 0x00, 0x00, 0x00,
            0x00, 0x00, 0x00, 0x00, 0x00, 0x00, 0x00, 0x00, 0x00, 0x00, 0x00, 0x00, 0x00, 0x00,
            0x00, 0x04, 0x00, 0x00, 0x00, 0x04, 0x3e, 0x20, 0x03, 0x01, 0x00, 0x00, 0x00, 0x09,
            0x20, 0x00, 0x00, 0x00, 0x52, 0x00, 0x50, 0x00, 0x00,
        ],
        globals: &[],
        second: &[],
    },
    EncodedCase {
        name: "deferred-extension-owner",
        first_shift: false,
        second_shift: false,
        data: &[
            0x00, 0x00, 0x00, 0x01, 0x30, 0x01, 0x01, 0x00, 0x00, 0x00, 0x13, 0x00, 0x00, 0x00,
            0x09, 0x00, 0x00, 0x00, 0x07, 0x00, 0x00, 0x00, 0x00, 0x00, 0x00, 0x00, 0x00, 0x63,
            0x00, 0x00, 0x00, 0x00, 0x00, 0x02, 0x00, 0x01, 0x01, 0x00, 0x00, 0x00, 0x1e, 0x00,
            0x01, 0x00, 0x00, 0x00, 0x01, 0x00, 0x00, 0x00, 0x01, 0xe7, 0xdb, 0xf0, 0x00, 0x95,
            0x00, 0x4a, 0x80, 0x4c, 0x80, 0xc3, 0x80, 0x00, 0x00, 0x1c, 0x00, 0x93, 0x00, 0x00,
            0x40, 0x00, 0x00, 0x00, 0x03, 0x07, 0x20, 0x02, 0x01, 0x00, 0x00, 0x00, 0x2d, 0x00,
            0x00, 0x00, 0x09, 0x00, 0x00, 0x00, 0x07, 0x00, 0x00, 0x00, 0x00, 0x00, 0x00, 0x00,
            0x00, 0x04, 0x00, 0x11, 0x00, 0x00, 0x00, 0x00, 0x00, 0x01, 0x01, 0x00, 0x00, 0x00,
            0x00, 0x00, 0x00, 0x00, 0x00, 0x00, 0x00, 0x00, 0x00, 0x00, 0x00, 0x00, 0x00, 0x00,
            0x00, 0x04, 0x00, 0x00, 0x00, 0x0a, 0xbe, 0x01, 0x01, 0x00, 0x00, 0x00, 0x09, 0x20,
            0x00, 0x00, 0x00, 0x52, 0x00, 0x50, 0x00, 0x00, 0x00, 0x00, 0x00, 0x0b, 0x3e, 0x20,
            0x0a, 0x01, 0x00, 0x00, 0x00, 0x09, 0x20, 0x00, 0x00, 0x00, 0x52, 0x00, 0x50, 0x00,
            0x00,
        ],
        globals: &[],
        second: &[],
    },
    EncodedCase {
        name: "two-independent-deferred-chains",
        first_shift: false,
        second_shift: false,
        data: &[
            0x00, 0x00, 0x00, 0x01, 0x30, 0x01, 0x01, 0x00, 0x00, 0x00, 0x13, 0x00, 0x00, 0x00,
            0x09, 0x00, 0x00, 0x00, 0x07, 0x00, 0x00, 0x00, 0x00, 0x00, 0x00, 0x00, 0x00, 0x63,
            0x00, 0x00, 0x00, 0x00, 0x00, 0x02, 0x00, 0x01, 0x01, 0x00, 0x00, 0x00, 0x1e, 0x00,
            0x01, 0x00, 0x00, 0x00, 0x01, 0x00, 0x00, 0x00, 0x01, 0xe7, 0xdb, 0xf0, 0x00, 0x95,
            0x00, 0x4a, 0x80, 0x4c, 0x80, 0xc3, 0x80, 0x00, 0x00, 0x1c, 0x00, 0x93, 0x00, 0x00,
            0x40, 0x00, 0x00, 0x00, 0x03, 0x07, 0x20, 0x02, 0x01, 0x00, 0x00, 0x00, 0x2d, 0x00,
            0x00, 0x00, 0x09, 0x00, 0x00, 0x00, 0x07, 0x00, 0x00, 0x00, 0x00, 0x00, 0x00, 0x00,
            0x00, 0x04, 0x00, 0x11, 0x00, 0x00, 0x00, 0x00, 0x00, 0x01, 0x01, 0x00, 0x00, 0x00,
            0x00, 0x00, 0x00, 0x00, 0x00, 0x00, 0x00, 0x00, 0x00, 0x00, 0x00, 0x00, 0x00, 0x00,
            0x00, 0x04, 0x00, 0x00, 0x00, 0x0a, 0x80, 0x01, 0x01, 0x00, 0x00, 0x00, 0x1e, 0x00,
            0x01, 0x00, 0x00, 0x00, 0x01, 0x00, 0x00, 0x00, 0x01, 0xe7, 0xdb, 0xf0, 0x00, 0x95,
            0x00, 0x4a, 0x80, 0x4c, 0x80, 0xc3, 0x80, 0x00, 0x00, 0x1c, 0x00, 0x93, 0x00, 0x00,
            0x40, 0x00, 0x00, 0x00, 0x0b, 0x3e, 0x22, 0x0a, 0x01, 0x00, 0x00, 0x00, 0x09, 0x20,
            0x00, 0x00, 0x00, 0x52, 0x00, 0x50, 0x00, 0x00, 0x00, 0x00, 0x00, 0x0c, 0x3e, 0x20,
            0x0a, 0x01, 0x00, 0x00, 0x00, 0x09, 0x20, 0x00, 0x00, 0x00, 0x52, 0x00, 0x50, 0x00,
            0x00, 0x00, 0x00, 0x00, 0x14, 0x80, 0x01, 0x01, 0x00, 0x00, 0x00, 0x1e, 0x00, 0x01,
            0x00, 0x00, 0x00, 0x01, 0x00, 0x00, 0x00, 0x01, 0xe7, 0xdb, 0xf0, 0x00, 0x95, 0x00,
            0x4a, 0x80, 0x4c, 0x80, 0xc3, 0x80, 0x00, 0x00, 0x1c, 0x00, 0x93, 0x00, 0x00, 0x40,
            0x00, 0x00, 0x00, 0x15, 0x3e, 0x22, 0x14, 0x01, 0x00, 0x00, 0x00, 0x09, 0x20, 0x00,
            0x00, 0x00, 0x52, 0x00, 0x50, 0x00, 0x00, 0x00, 0x00, 0x00, 0x16, 0x3e, 0x20, 0x14,
            0x01, 0x00, 0x00, 0x00, 0x09, 0x20, 0x00, 0x00, 0x00, 0x52, 0x00, 0x50, 0x00, 0x00,
        ],
        globals: &[],
        second: &[],
    },
    EncodedCase {
        name: "attached-extension-becomes-deferred-owner",
        first_shift: false,
        second_shift: false,
        data: &[
            0x00, 0x00, 0x00, 0x01, 0x30, 0x01, 0x01, 0x00, 0x00, 0x00, 0x13, 0x00, 0x00, 0x00,
            0x09, 0x00, 0x00, 0x00, 0x07, 0x00, 0x00, 0x00, 0x00, 0x00, 0x00, 0x00, 0x00, 0x63,
            0x00, 0x00, 0x00, 0x00, 0x00, 0x02, 0x00, 0x01, 0x01, 0x00, 0x00, 0x00, 0x1e, 0x00,
            0x01, 0x00, 0x00, 0x00, 0x01, 0x00, 0x00, 0x00, 0x01, 0xe7, 0xdb, 0xf0, 0x00, 0x95,
            0x00, 0x4a, 0x80, 0x4c, 0x80, 0xc3, 0x80, 0x00, 0x00, 0x1c, 0x00, 0x93, 0x00, 0x00,
            0x40, 0x00, 0x00, 0x00, 0x03, 0x07, 0x20, 0x02, 0x01, 0x00, 0x00, 0x00, 0x2d, 0x00,
            0x00, 0x00, 0x09, 0x00, 0x00, 0x00, 0x07, 0x00, 0x00, 0x00, 0x00, 0x00, 0x00, 0x00,
            0x00, 0x04, 0x00, 0x11, 0x00, 0x00, 0x00, 0x00, 0x00, 0x01, 0x01, 0x00, 0x00, 0x00,
            0x00, 0x00, 0x00, 0x00, 0x00, 0x00, 0x00, 0x00, 0x00, 0x00, 0x00, 0x00, 0x00, 0x00,
            0x00, 0x04, 0x00, 0x00, 0x00, 0x0a, 0x80, 0x01, 0x01, 0x00, 0x00, 0x00, 0x1e, 0x00,
            0x01, 0x00, 0x00, 0x00, 0x01, 0x00, 0x00, 0x00, 0x01, 0xe7, 0xdb, 0xf0, 0x00, 0x95,
            0x00, 0x4a, 0x80, 0x4c, 0x80, 0xc3, 0x80, 0x00, 0x00, 0x1c, 0x00, 0x93, 0x00, 0x00,
            0x40, 0x00, 0x00, 0x00, 0x0b, 0xbe, 0x21, 0x0a, 0x01, 0x00, 0x00, 0x00, 0x09, 0x20,
            0x00, 0x00, 0x00, 0x52, 0x00, 0x50, 0x00, 0x00, 0x00, 0x00, 0x00, 0x0c, 0x3e, 0x20,
            0x0b, 0x01, 0x00, 0x00, 0x00, 0x09, 0x20, 0x00, 0x00, 0x00, 0x52, 0x00, 0x50, 0x00,
            0x00,
        ],
        globals: &[],
        second: &[],
    },
    EncodedCase {
        name: "deferred-chain-reversed-physical-order",
        first_shift: false,
        second_shift: false,
        data: &[
            0x00, 0x00, 0x00, 0x0c, 0x3e, 0x20, 0x0a, 0x01, 0x00, 0x00, 0x00, 0x09, 0x20, 0x00,
            0x00, 0x00, 0x52, 0x00, 0x50, 0x00, 0x00, 0x00, 0x00, 0x00, 0x0b, 0x3e, 0x22, 0x0a,
            0x01, 0x00, 0x00, 0x00, 0x09, 0x20, 0x00, 0x00, 0x00, 0x52, 0x00, 0x50, 0x00, 0x00,
            0x00, 0x00, 0x00, 0x0a, 0x80, 0x01, 0x01, 0x00, 0x00, 0x00, 0x1e, 0x00, 0x01, 0x00,
            0x00, 0x00, 0x01, 0x00, 0x00, 0x00, 0x01, 0xe7, 0xdb, 0xf0, 0x00, 0x95, 0x00, 0x4a,
            0x80, 0x4c, 0x80, 0xc3, 0x80, 0x00, 0x00, 0x1c, 0x00, 0x93, 0x00, 0x00, 0x40, 0x00,
            0x00, 0x00, 0x03, 0x07, 0x20, 0x02, 0x01, 0x00, 0x00, 0x00, 0x2d, 0x00, 0x00, 0x00,
            0x09, 0x00, 0x00, 0x00, 0x07, 0x00, 0x00, 0x00, 0x00, 0x00, 0x00, 0x00, 0x00, 0x04,
            0x00, 0x11, 0x00, 0x00, 0x00, 0x00, 0x00, 0x01, 0x01, 0x00, 0x00, 0x00, 0x00, 0x00,
            0x00, 0x00, 0x00, 0x00, 0x00, 0x00, 0x00, 0x00, 0x00, 0x00, 0x00, 0x00, 0x00, 0x04,
            0x00, 0x00, 0x00, 0x02, 0x00, 0x01, 0x01, 0x00, 0x00, 0x00, 0x1e, 0x00, 0x01, 0x00,
            0x00, 0x00, 0x01, 0x00, 0x00, 0x00, 0x01, 0xe7, 0xdb, 0xf0, 0x00, 0x95, 0x00, 0x4a,
            0x80, 0x4c, 0x80, 0xc3, 0x80, 0x00, 0x00, 0x1c, 0x00, 0x93, 0x00, 0x00, 0x40, 0x00,
            0x00, 0x00, 0x01, 0x30, 0x01, 0x01, 0x00, 0x00, 0x00, 0x13, 0x00, 0x00, 0x00, 0x09,
            0x00, 0x00, 0x00, 0x07, 0x00, 0x00, 0x00, 0x00, 0x00, 0x00, 0x00, 0x00, 0x63, 0x00,
            0x00,
        ],
        globals: &[],
        second: &[],
    },
    EncodedCase {
        name: "deferred-chain-gaps-wide-fields",
        first_shift: false,
        second_shift: false,
        data: &[
            0x00, 0x00, 0x00, 0x01, 0x30, 0x01, 0x25, 0x00, 0x00, 0x00, 0x13, 0x00, 0x00, 0x00,
            0x09, 0x00, 0x00, 0x00, 0x07, 0x00, 0x00, 0x00, 0x00, 0x00, 0x00, 0x00, 0x00, 0x63,
            0x00, 0x00, 0x00, 0x00, 0x00, 0x02, 0x00, 0x01, 0x25, 0x00, 0x00, 0x00, 0x1e, 0x00,
            0x01, 0x00, 0x00, 0x00, 0x01, 0x00, 0x00, 0x00, 0x01, 0xe7, 0xdb, 0xf0, 0x00, 0x95,
            0x00, 0x4a, 0x80, 0x4c, 0x80, 0xc3, 0x80, 0x00, 0x00, 0x1c, 0x00, 0x93, 0x00, 0x00,
            0x40, 0x00, 0x00, 0x00, 0x03, 0x07, 0x20, 0x02, 0x25, 0x00, 0x00, 0x00, 0x2d, 0x00,
            0x00, 0x00, 0x09, 0x00, 0x00, 0x00, 0x07, 0x00, 0x00, 0x00, 0x00, 0x00, 0x00, 0x00,
            0x00, 0x04, 0x00, 0x11, 0x00, 0x00, 0x00, 0x00, 0x00, 0x01, 0x01, 0x00, 0x00, 0x00,
            0x00, 0x00, 0x00, 0x00, 0x00, 0x00, 0x00, 0x00, 0x00, 0x00, 0x00, 0x00, 0x00, 0x00,
            0x00, 0x04, 0x00, 0x00, 0x00, 0x0a, 0xc0, 0x01, 0x00, 0x00, 0x00, 0x25, 0x00, 0x00,
            0x00, 0x1e, 0x00, 0x01, 0x00, 0x00, 0x00, 0x01, 0x00, 0x00, 0x00, 0x01, 0xe7, 0xdb,
            0xf0, 0x00, 0x95, 0x00, 0x4a, 0x80, 0x4c, 0x80, 0xc3, 0x80, 0x00, 0x00, 0x1c, 0x00,
            0x93, 0x00, 0x00, 0x40, 0x00, 0x00, 0x00, 0x64, 0x3e, 0x22, 0x0a, 0x25, 0x00, 0x00,
            0x00, 0x09, 0x20, 0x00, 0x00, 0x00, 0x52, 0x00, 0x50, 0x00, 0x00, 0x00, 0x00, 0x03,
            0xe8, 0x7e, 0x20, 0x00, 0x0a, 0x00, 0x00, 0x00, 0x25, 0x00, 0x00, 0x00, 0x09, 0x20,
            0x00, 0x00, 0x00, 0x52, 0x00, 0x50, 0x00, 0x00,
        ],
        globals: &[],
        second: &[],
    },
    EncodedCase {
        name: "global-dictionary-final-use",
        first_shift: false,
        second_shift: false,
        data: &[
            0x00, 0x00, 0x00, 0x01, 0x30, 0x01, 0x01, 0x00, 0x00, 0x00, 0x13, 0x00, 0x00, 0x00,
            0x09, 0x00, 0x00, 0x00, 0x07, 0x00, 0x00, 0x00, 0x00, 0x00, 0x00, 0x00, 0x00, 0x63,
            0x00, 0x00, 0x00, 0x00, 0x00, 0x0b, 0x07, 0x20, 0x0a, 0x01, 0x00, 0x00, 0x00, 0x2d,
            0x00, 0x00, 0x00, 0x09, 0x00, 0x00, 0x00, 0x07, 0x00, 0x00, 0x00, 0x00, 0x00, 0x00,
            0x00, 0x00, 0x04, 0x00, 0x11, 0x00, 0x00, 0x00, 0x00, 0x00, 0x01, 0x01, 0x00, 0x00,
            0x00, 0x00, 0x00, 0x00, 0x00, 0x00, 0x00, 0x00, 0x00, 0x00, 0x00, 0x00, 0x00, 0x00,
            0x00, 0x00, 0x04,
        ],
        globals: &[
            0x00, 0x00, 0x00, 0x0a, 0x00, 0x01, 0x00, 0x00, 0x00, 0x00, 0x1e, 0x00, 0x01, 0x00,
            0x00, 0x00, 0x01, 0x00, 0x00, 0x00, 0x01, 0xe7, 0xdb, 0xf0, 0x00, 0x95, 0x00, 0x4a,
            0x80, 0x4c, 0x80, 0xc3, 0x80, 0x00, 0x00, 0x1c, 0x00, 0x93, 0x00, 0x00, 0x40,
        ],
        second: &[],
    },
    EncodedCase {
        name: "global-extension-preserves-dictionary",
        first_shift: false,
        second_shift: false,
        data: &[
            0x00, 0x00, 0x00, 0x01, 0x30, 0x01, 0x01, 0x00, 0x00, 0x00, 0x13, 0x00, 0x00, 0x00,
            0x09, 0x00, 0x00, 0x00, 0x07, 0x00, 0x00, 0x00, 0x00, 0x00, 0x00, 0x00, 0x00, 0x63,
            0x00, 0x00, 0x00, 0x00, 0x00, 0x0c, 0x07, 0x20, 0x0a, 0x01, 0x00, 0x00, 0x00, 0x2d,
            0x00, 0x00, 0x00, 0x09, 0x00, 0x00, 0x00, 0x07, 0x00, 0x00, 0x00, 0x00, 0x00, 0x00,
            0x00, 0x00, 0x04, 0x00, 0x11, 0x00, 0x00, 0x00, 0x00, 0x00, 0x01, 0x01, 0x00, 0x00,
            0x00, 0x00, 0x00, 0x00, 0x00, 0x00, 0x00, 0x00, 0x00, 0x00, 0x00, 0x00, 0x00, 0x00,
            0x00, 0x00, 0x04,
        ],
        globals: &[
            0x00, 0x00, 0x00, 0x0a, 0x00, 0x01, 0x00, 0x00, 0x00, 0x00, 0x1e, 0x00, 0x01, 0x00,
            0x00, 0x00, 0x01, 0x00, 0x00, 0x00, 0x01, 0xe7, 0xdb, 0xf0, 0x00, 0x95, 0x00, 0x4a,
            0x80, 0x4c, 0x80, 0xc3, 0x80, 0x00, 0x00, 0x1c, 0x00, 0x93, 0x00, 0x00, 0x40, 0x00,
            0x00, 0x00, 0x0b, 0x3e, 0x22, 0x0a, 0x00, 0x00, 0x00, 0x00, 0x09, 0x20, 0x00, 0x00,
            0x00, 0x52, 0x00, 0x50, 0x00, 0x00,
        ],
        second: &[],
    },
    EncodedCase {
        name: "shared-global-decoding-restarts-per-image",
        first_shift: false,
        second_shift: false,
        data: &[
            0x00, 0x00, 0x00, 0x01, 0x30, 0x01, 0x01, 0x00, 0x00, 0x00, 0x13, 0x00, 0x00, 0x00,
            0x09, 0x00, 0x00, 0x00, 0x07, 0x00, 0x00, 0x00, 0x00, 0x00, 0x00, 0x00, 0x00, 0x63,
            0x00, 0x00, 0x00, 0x00, 0x00, 0x0b, 0x07, 0x20, 0x0a, 0x01, 0x00, 0x00, 0x00, 0x2d,
            0x00, 0x00, 0x00, 0x09, 0x00, 0x00, 0x00, 0x07, 0x00, 0x00, 0x00, 0x00, 0x00, 0x00,
            0x00, 0x00, 0x04, 0x00, 0x11, 0x00, 0x00, 0x00, 0x00, 0x00, 0x01, 0x01, 0x00, 0x00,
            0x00, 0x00, 0x00, 0x00, 0x00, 0x00, 0x00, 0x00, 0x00, 0x00, 0x00, 0x00, 0x00, 0x00,
            0x00, 0x00, 0x04,
        ],
        globals: &[
            0x00, 0x00, 0x00, 0x0a, 0x00, 0x01, 0x00, 0x00, 0x00, 0x00, 0x1e, 0x00, 0x01, 0x00,
            0x00, 0x00, 0x01, 0x00, 0x00, 0x00, 0x01, 0xe7, 0xdb, 0xf0, 0x00, 0x95, 0x00, 0x4a,
            0x80, 0x4c, 0x80, 0xc3, 0x80, 0x00, 0x00, 0x1c, 0x00, 0x93, 0x00, 0x00, 0x40,
        ],
        second: &[
            0x00, 0x00, 0x00, 0x02, 0x30, 0x01, 0x02, 0x00, 0x00, 0x00, 0x13, 0x00, 0x00, 0x00,
            0x09, 0x00, 0x00, 0x00, 0x07, 0x00, 0x00, 0x00, 0x00, 0x00, 0x00, 0x00, 0x00, 0x63,
            0x00, 0x00, 0x00, 0x00, 0x00, 0x0c, 0x07, 0x20, 0x0a, 0x02, 0x00, 0x00, 0x00, 0x2d,
            0x00, 0x00, 0x00, 0x09, 0x00, 0x00, 0x00, 0x07, 0x00, 0x00, 0x00, 0x00, 0x00, 0x00,
            0x00, 0x00, 0x04, 0x00, 0x11, 0x00, 0x00, 0x00, 0x00, 0x00, 0x01, 0x01, 0x00, 0x00,
            0x00, 0x00, 0x00, 0x00, 0x00, 0x00, 0x00, 0x00, 0x00, 0x00, 0x00, 0x00, 0x00, 0x00,
            0x00, 0x00, 0x04,
        ],
    },
    EncodedCase {
        name: "shared-global-reverse-image-order",
        first_shift: false,
        second_shift: false,
        data: &[
            0x00, 0x00, 0x00, 0x02, 0x30, 0x01, 0x02, 0x00, 0x00, 0x00, 0x13, 0x00, 0x00, 0x00,
            0x09, 0x00, 0x00, 0x00, 0x07, 0x00, 0x00, 0x00, 0x00, 0x00, 0x00, 0x00, 0x00, 0x63,
            0x00, 0x00, 0x00, 0x00, 0x00, 0x0c, 0x07, 0x20, 0x0a, 0x02, 0x00, 0x00, 0x00, 0x2d,
            0x00, 0x00, 0x00, 0x09, 0x00, 0x00, 0x00, 0x07, 0x00, 0x00, 0x00, 0x00, 0x00, 0x00,
            0x00, 0x00, 0x04, 0x00, 0x11, 0x00, 0x00, 0x00, 0x00, 0x00, 0x01, 0x01, 0x00, 0x00,
            0x00, 0x00, 0x00, 0x00, 0x00, 0x00, 0x00, 0x00, 0x00, 0x00, 0x00, 0x00, 0x00, 0x00,
            0x00, 0x00, 0x04,
        ],
        globals: &[
            0x00, 0x00, 0x00, 0x0a, 0x00, 0x01, 0x00, 0x00, 0x00, 0x00, 0x1e, 0x00, 0x01, 0x00,
            0x00, 0x00, 0x01, 0x00, 0x00, 0x00, 0x01, 0xe7, 0xdb, 0xf0, 0x00, 0x95, 0x00, 0x4a,
            0x80, 0x4c, 0x80, 0xc3, 0x80, 0x00, 0x00, 0x1c, 0x00, 0x93, 0x00, 0x00, 0x40,
        ],
        second: &[
            0x00, 0x00, 0x00, 0x01, 0x30, 0x01, 0x01, 0x00, 0x00, 0x00, 0x13, 0x00, 0x00, 0x00,
            0x09, 0x00, 0x00, 0x00, 0x07, 0x00, 0x00, 0x00, 0x00, 0x00, 0x00, 0x00, 0x00, 0x63,
            0x00, 0x00, 0x00, 0x00, 0x00, 0x0b, 0x07, 0x20, 0x0a, 0x01, 0x00, 0x00, 0x00, 0x2d,
            0x00, 0x00, 0x00, 0x09, 0x00, 0x00, 0x00, 0x07, 0x00, 0x00, 0x00, 0x00, 0x00, 0x00,
            0x00, 0x00, 0x04, 0x00, 0x11, 0x00, 0x00, 0x00, 0x00, 0x00, 0x01, 0x01, 0x00, 0x00,
            0x00, 0x00, 0x00, 0x00, 0x00, 0x00, 0x00, 0x00, 0x00, 0x00, 0x00, 0x00, 0x00, 0x00,
            0x00, 0x00, 0x04,
        ],
    },
    EncodedCase {
        name: "global-chain-closes-in-second-image",
        first_shift: false,
        second_shift: false,
        data: &[
            0x00, 0x00, 0x00, 0x01, 0x30, 0x01, 0x01, 0x00, 0x00, 0x00, 0x13, 0x00, 0x00, 0x00,
            0x09, 0x00, 0x00, 0x00, 0x07, 0x00, 0x00, 0x00, 0x00, 0x00, 0x00, 0x00, 0x00, 0x63,
            0x00, 0x00, 0x00, 0x00, 0x00, 0x14, 0x00, 0x01, 0x01, 0x00, 0x00, 0x00, 0x1e, 0x00,
            0x01, 0x00, 0x00, 0x00, 0x01, 0x00, 0x00, 0x00, 0x01, 0xe7, 0xdb, 0xf0, 0x00, 0x95,
            0x00, 0x4a, 0x80, 0x4c, 0x80, 0xc3, 0x80, 0x00, 0x00, 0x1c, 0x00, 0x93, 0x00, 0x00,
            0x40, 0x00, 0x00, 0x00, 0x15, 0x07, 0x20, 0x14, 0x01, 0x00, 0x00, 0x00, 0x2d, 0x00,
            0x00, 0x00, 0x09, 0x00, 0x00, 0x00, 0x07, 0x00, 0x00, 0x00, 0x00, 0x00, 0x00, 0x00,
            0x00, 0x04, 0x00, 0x11, 0x00, 0x00, 0x00, 0x00, 0x00, 0x01, 0x01, 0x00, 0x00, 0x00,
            0x00, 0x00, 0x00, 0x00, 0x00, 0x00, 0x00, 0x00, 0x00, 0x00, 0x00, 0x00, 0x00, 0x00,
            0x00, 0x04,
        ],
        globals: &[
            0x00, 0x00, 0x00, 0x0a, 0x80, 0x01, 0x00, 0x00, 0x00, 0x00, 0x1e, 0x00, 0x01, 0x00,
            0x00, 0x00, 0x01, 0x00, 0x00, 0x00, 0x01, 0xe7, 0xdb, 0xf0, 0x00, 0x95, 0x00, 0x4a,
            0x80, 0x4c, 0x80, 0xc3, 0x80, 0x00, 0x00, 0x1c, 0x00, 0x93, 0x00, 0x00, 0x40, 0x00,
            0x00, 0x00, 0x0b, 0x3e, 0x22, 0x0a, 0x00, 0x00, 0x00, 0x00, 0x09, 0x20, 0x00, 0x00,
            0x00, 0x52, 0x00, 0x50, 0x00, 0x00,
        ],
        second: &[
            0x00, 0x00, 0x00, 0x02, 0x30, 0x01, 0x02, 0x00, 0x00, 0x00, 0x13, 0x00, 0x00, 0x00,
            0x09, 0x00, 0x00, 0x00, 0x07, 0x00, 0x00, 0x00, 0x00, 0x00, 0x00, 0x00, 0x00, 0x63,
            0x00, 0x00, 0x00, 0x00, 0x00, 0x0c, 0x3e, 0x20, 0x0a, 0x02, 0x00, 0x00, 0x00, 0x09,
            0x20, 0x00, 0x00, 0x00, 0x52, 0x00, 0x50, 0x00, 0x00, 0x00, 0x00, 0x00, 0x16, 0x00,
            0x01, 0x02, 0x00, 0x00, 0x00, 0x1e, 0x00, 0x01, 0x00, 0x00, 0x00, 0x01, 0x00, 0x00,
            0x00, 0x01, 0xe7, 0xdb, 0xf0, 0x00, 0x95, 0x00, 0x4a, 0x80, 0x4c, 0x80, 0xc3, 0x80,
            0x00, 0x00, 0x1c, 0x00, 0x93, 0x00, 0x00, 0x40, 0x00, 0x00, 0x00, 0x17, 0x07, 0x20,
            0x16, 0x02, 0x00, 0x00, 0x00, 0x2d, 0x00, 0x00, 0x00, 0x09, 0x00, 0x00, 0x00, 0x07,
            0x00, 0x00, 0x00, 0x00, 0x00, 0x00, 0x00, 0x00, 0x04, 0x00, 0x11, 0x00, 0x00, 0x00,
            0x00, 0x00, 0x01, 0x01, 0x00, 0x00, 0x00, 0x00, 0x00, 0x00, 0x00, 0x00, 0x00, 0x00,
            0x00, 0x00, 0x00, 0x00, 0x00, 0x00, 0x00, 0x00, 0x04,
        ],
    },
    EncodedCase {
        name: "global-chain-reverse-image-order",
        first_shift: false,
        second_shift: false,
        data: &[
            0x00, 0x00, 0x00, 0x02, 0x30, 0x01, 0x02, 0x00, 0x00, 0x00, 0x13, 0x00, 0x00, 0x00,
            0x09, 0x00, 0x00, 0x00, 0x07, 0x00, 0x00, 0x00, 0x00, 0x00, 0x00, 0x00, 0x00, 0x63,
            0x00, 0x00, 0x00, 0x00, 0x00, 0x0c, 0x3e, 0x20, 0x0a, 0x02, 0x00, 0x00, 0x00, 0x09,
            0x20, 0x00, 0x00, 0x00, 0x52, 0x00, 0x50, 0x00, 0x00, 0x00, 0x00, 0x00, 0x16, 0x00,
            0x01, 0x02, 0x00, 0x00, 0x00, 0x1e, 0x00, 0x01, 0x00, 0x00, 0x00, 0x01, 0x00, 0x00,
            0x00, 0x01, 0xe7, 0xdb, 0xf0, 0x00, 0x95, 0x00, 0x4a, 0x80, 0x4c, 0x80, 0xc3, 0x80,
            0x00, 0x00, 0x1c, 0x00, 0x93, 0x00, 0x00, 0x40, 0x00, 0x00, 0x00, 0x17, 0x07, 0x20,
            0x16, 0x02, 0x00, 0x00, 0x00, 0x2d, 0x00, 0x00, 0x00, 0x09, 0x00, 0x00, 0x00, 0x07,
            0x00, 0x00, 0x00, 0x00, 0x00, 0x00, 0x00, 0x00, 0x04, 0x00, 0x11, 0x00, 0x00, 0x00,
            0x00, 0x00, 0x01, 0x01, 0x00, 0x00, 0x00, 0x00, 0x00, 0x00, 0x00, 0x00, 0x00, 0x00,
            0x00, 0x00, 0x00, 0x00, 0x00, 0x00, 0x00, 0x00, 0x04,
        ],
        globals: &[
            0x00, 0x00, 0x00, 0x0a, 0x80, 0x01, 0x00, 0x00, 0x00, 0x00, 0x1e, 0x00, 0x01, 0x00,
            0x00, 0x00, 0x01, 0x00, 0x00, 0x00, 0x01, 0xe7, 0xdb, 0xf0, 0x00, 0x95, 0x00, 0x4a,
            0x80, 0x4c, 0x80, 0xc3, 0x80, 0x00, 0x00, 0x1c, 0x00, 0x93, 0x00, 0x00, 0x40, 0x00,
            0x00, 0x00, 0x0b, 0x3e, 0x22, 0x0a, 0x00, 0x00, 0x00, 0x00, 0x09, 0x20, 0x00, 0x00,
            0x00, 0x52, 0x00, 0x50, 0x00, 0x00,
        ],
        second: &[
            0x00, 0x00, 0x00, 0x01, 0x30, 0x01, 0x01, 0x00, 0x00, 0x00, 0x13, 0x00, 0x00, 0x00,
            0x09, 0x00, 0x00, 0x00, 0x07, 0x00, 0x00, 0x00, 0x00, 0x00, 0x00, 0x00, 0x00, 0x63,
            0x00, 0x00, 0x00, 0x00, 0x00, 0x14, 0x00, 0x01, 0x01, 0x00, 0x00, 0x00, 0x1e, 0x00,
            0x01, 0x00, 0x00, 0x00, 0x01, 0x00, 0x00, 0x00, 0x01, 0xe7, 0xdb, 0xf0, 0x00, 0x95,
            0x00, 0x4a, 0x80, 0x4c, 0x80, 0xc3, 0x80, 0x00, 0x00, 0x1c, 0x00, 0x93, 0x00, 0x00,
            0x40, 0x00, 0x00, 0x00, 0x15, 0x07, 0x20, 0x14, 0x01, 0x00, 0x00, 0x00, 0x2d, 0x00,
            0x00, 0x00, 0x09, 0x00, 0x00, 0x00, 0x07, 0x00, 0x00, 0x00, 0x00, 0x00, 0x00, 0x00,
            0x00, 0x04, 0x00, 0x11, 0x00, 0x00, 0x00, 0x00, 0x00, 0x01, 0x01, 0x00, 0x00, 0x00,
            0x00, 0x00, 0x00, 0x00, 0x00, 0x00, 0x00, 0x00, 0x00, 0x00, 0x00, 0x00, 0x00, 0x00,
            0x00, 0x04,
        ],
    },
    EncodedCase {
        name: "global-owner-has-no-extensions-in-first-image",
        first_shift: false,
        second_shift: false,
        data: &[
            0x00, 0x00, 0x00, 0x01, 0x30, 0x01, 0x01, 0x00, 0x00, 0x00, 0x13, 0x00, 0x00, 0x00,
            0x09, 0x00, 0x00, 0x00, 0x07, 0x00, 0x00, 0x00, 0x00, 0x00, 0x00, 0x00, 0x00, 0x63,
            0x00, 0x00, 0x00, 0x00, 0x00, 0x14, 0x00, 0x01, 0x01, 0x00, 0x00, 0x00, 0x1e, 0x00,
            0x01, 0x00, 0x00, 0x00, 0x01, 0x00, 0x00, 0x00, 0x01, 0xe7, 0xdb, 0xf0, 0x00, 0x95,
            0x00, 0x4a, 0x80, 0x4c, 0x80, 0xc3, 0x80, 0x00, 0x00, 0x1c, 0x00, 0x93, 0x00, 0x00,
            0x40, 0x00, 0x00, 0x00, 0x15, 0x07, 0x20, 0x14, 0x01, 0x00, 0x00, 0x00, 0x2d, 0x00,
            0x00, 0x00, 0x09, 0x00, 0x00, 0x00, 0x07, 0x00, 0x00, 0x00, 0x00, 0x00, 0x00, 0x00,
            0x00, 0x04, 0x00, 0x11, 0x00, 0x00, 0x00, 0x00, 0x00, 0x01, 0x01, 0x00, 0x00, 0x00,
            0x00, 0x00, 0x00, 0x00, 0x00, 0x00, 0x00, 0x00, 0x00, 0x00, 0x00, 0x00, 0x00, 0x00,
            0x00, 0x04,
        ],
        globals: &[
            0x00, 0x00, 0x00, 0x0a, 0x80, 0x01, 0x00, 0x00, 0x00, 0x00, 0x1e, 0x00, 0x01, 0x00,
            0x00, 0x00, 0x01, 0x00, 0x00, 0x00, 0x01, 0xe7, 0xdb, 0xf0, 0x00, 0x95, 0x00, 0x4a,
            0x80, 0x4c, 0x80, 0xc3, 0x80, 0x00, 0x00, 0x1c, 0x00, 0x93, 0x00, 0x00, 0x40,
        ],
        second: &[
            0x00, 0x00, 0x00, 0x02, 0x30, 0x01, 0x02, 0x00, 0x00, 0x00, 0x13, 0x00, 0x00, 0x00,
            0x09, 0x00, 0x00, 0x00, 0x07, 0x00, 0x00, 0x00, 0x00, 0x00, 0x00, 0x00, 0x00, 0x63,
            0x00, 0x00, 0x00, 0x00, 0x00, 0x0b, 0x3e, 0x20, 0x0a, 0x02, 0x00, 0x00, 0x00, 0x09,
            0x20, 0x00, 0x00, 0x00, 0x52, 0x00, 0x50, 0x00, 0x00, 0x00, 0x00, 0x00, 0x16, 0x00,
            0x01, 0x02, 0x00, 0x00, 0x00, 0x1e, 0x00, 0x01, 0x00, 0x00, 0x00, 0x01, 0x00, 0x00,
            0x00, 0x01, 0xe7, 0xdb, 0xf0, 0x00, 0x95, 0x00, 0x4a, 0x80, 0x4c, 0x80, 0xc3, 0x80,
            0x00, 0x00, 0x1c, 0x00, 0x93, 0x00, 0x00, 0x40, 0x00, 0x00, 0x00, 0x17, 0x07, 0x20,
            0x16, 0x02, 0x00, 0x00, 0x00, 0x2d, 0x00, 0x00, 0x00, 0x09, 0x00, 0x00, 0x00, 0x07,
            0x00, 0x00, 0x00, 0x00, 0x00, 0x00, 0x00, 0x00, 0x04, 0x00, 0x11, 0x00, 0x00, 0x00,
            0x00, 0x00, 0x01, 0x01, 0x00, 0x00, 0x00, 0x00, 0x00, 0x00, 0x00, 0x00, 0x00, 0x00,
            0x00, 0x00, 0x00, 0x00, 0x00, 0x00, 0x00, 0x00, 0x04,
        ],
    },
    EncodedCase {
        name: "global-owner-local-chain-closes-in-other-image",
        first_shift: false,
        second_shift: false,
        data: &[
            0x00, 0x00, 0x00, 0x01, 0x30, 0x01, 0x01, 0x00, 0x00, 0x00, 0x13, 0x00, 0x00, 0x00,
            0x09, 0x00, 0x00, 0x00, 0x07, 0x00, 0x00, 0x00, 0x00, 0x00, 0x00, 0x00, 0x00, 0x63,
            0x00, 0x00, 0x00, 0x00, 0x00, 0x0b, 0x3e, 0x22, 0x0a, 0x01, 0x00, 0x00, 0x00, 0x09,
            0x20, 0x00, 0x00, 0x00, 0x52, 0x00, 0x50, 0x00, 0x00, 0x00, 0x00, 0x00, 0x14, 0x00,
            0x01, 0x01, 0x00, 0x00, 0x00, 0x1e, 0x00, 0x01, 0x00, 0x00, 0x00, 0x01, 0x00, 0x00,
            0x00, 0x01, 0xe7, 0xdb, 0xf0, 0x00, 0x95, 0x00, 0x4a, 0x80, 0x4c, 0x80, 0xc3, 0x80,
            0x00, 0x00, 0x1c, 0x00, 0x93, 0x00, 0x00, 0x40, 0x00, 0x00, 0x00, 0x15, 0x07, 0x20,
            0x14, 0x01, 0x00, 0x00, 0x00, 0x2d, 0x00, 0x00, 0x00, 0x09, 0x00, 0x00, 0x00, 0x07,
            0x00, 0x00, 0x00, 0x00, 0x00, 0x00, 0x00, 0x00, 0x04, 0x00, 0x11, 0x00, 0x00, 0x00,
            0x00, 0x00, 0x01, 0x01, 0x00, 0x00, 0x00, 0x00, 0x00, 0x00, 0x00, 0x00, 0x00, 0x00,
            0x00, 0x00, 0x00, 0x00, 0x00, 0x00, 0x00, 0x00, 0x04,
        ],
        globals: &[
            0x00, 0x00, 0x00, 0x0a, 0x80, 0x01, 0x00, 0x00, 0x00, 0x00, 0x1e, 0x00, 0x01, 0x00,
            0x00, 0x00, 0x01, 0x00, 0x00, 0x00, 0x01, 0xe7, 0xdb, 0xf0, 0x00, 0x95, 0x00, 0x4a,
            0x80, 0x4c, 0x80, 0xc3, 0x80, 0x00, 0x00, 0x1c, 0x00, 0x93, 0x00, 0x00, 0x40,
        ],
        second: &[
            0x00, 0x00, 0x00, 0x02, 0x30, 0x01, 0x02, 0x00, 0x00, 0x00, 0x13, 0x00, 0x00, 0x00,
            0x09, 0x00, 0x00, 0x00, 0x07, 0x00, 0x00, 0x00, 0x00, 0x00, 0x00, 0x00, 0x00, 0x63,
            0x00, 0x00, 0x00, 0x00, 0x00, 0x0c, 0x3e, 0x20, 0x0a, 0x02, 0x00, 0x00, 0x00, 0x09,
            0x20, 0x00, 0x00, 0x00, 0x52, 0x00, 0x50, 0x00, 0x00, 0x00, 0x00, 0x00, 0x16, 0x00,
            0x01, 0x02, 0x00, 0x00, 0x00, 0x1e, 0x00, 0x01, 0x00, 0x00, 0x00, 0x01, 0x00, 0x00,
            0x00, 0x01, 0xe7, 0xdb, 0xf0, 0x00, 0x95, 0x00, 0x4a, 0x80, 0x4c, 0x80, 0xc3, 0x80,
            0x00, 0x00, 0x1c, 0x00, 0x93, 0x00, 0x00, 0x40, 0x00, 0x00, 0x00, 0x17, 0x07, 0x20,
            0x16, 0x02, 0x00, 0x00, 0x00, 0x2d, 0x00, 0x00, 0x00, 0x09, 0x00, 0x00, 0x00, 0x07,
            0x00, 0x00, 0x00, 0x00, 0x00, 0x00, 0x00, 0x00, 0x04, 0x00, 0x11, 0x00, 0x00, 0x00,
            0x00, 0x00, 0x01, 0x01, 0x00, 0x00, 0x00, 0x00, 0x00, 0x00, 0x00, 0x00, 0x00, 0x00,
            0x00, 0x00, 0x00, 0x00, 0x00, 0x00, 0x00, 0x00, 0x04,
        ],
    },
    EncodedCase {
        name: "shared-global-distinct-page-bitmaps",
        first_shift: false,
        second_shift: true,
        data: &[
            0x00, 0x00, 0x00, 0x01, 0x30, 0x01, 0x01, 0x00, 0x00, 0x00, 0x13, 0x00, 0x00, 0x00,
            0x09, 0x00, 0x00, 0x00, 0x07, 0x00, 0x00, 0x00, 0x00, 0x00, 0x00, 0x00, 0x00, 0x63,
            0x00, 0x00, 0x00, 0x00, 0x00, 0x0b, 0x07, 0x20, 0x0a, 0x01, 0x00, 0x00, 0x00, 0x2d,
            0x00, 0x00, 0x00, 0x09, 0x00, 0x00, 0x00, 0x07, 0x00, 0x00, 0x00, 0x00, 0x00, 0x00,
            0x00, 0x00, 0x04, 0x00, 0x11, 0x00, 0x00, 0x00, 0x00, 0x00, 0x01, 0x01, 0x00, 0x00,
            0x00, 0x00, 0x00, 0x00, 0x00, 0x00, 0x00, 0x00, 0x00, 0x00, 0x00, 0x00, 0x00, 0x00,
            0x00, 0x00, 0x04,
        ],
        globals: &[
            0x00, 0x00, 0x00, 0x0a, 0x00, 0x01, 0x00, 0x00, 0x00, 0x00, 0x1e, 0x00, 0x01, 0x00,
            0x00, 0x00, 0x01, 0x00, 0x00, 0x00, 0x01, 0xe7, 0xdb, 0xf0, 0x00, 0x95, 0x00, 0x4a,
            0x80, 0x4c, 0x80, 0xc3, 0x80, 0x00, 0x00, 0x1c, 0x00, 0x93, 0x00, 0x00, 0x40,
        ],
        second: &[
            0x00, 0x00, 0x00, 0x02, 0x30, 0x01, 0x02, 0x00, 0x00, 0x00, 0x13, 0x00, 0x00, 0x00,
            0x09, 0x00, 0x00, 0x00, 0x07, 0x00, 0x00, 0x00, 0x00, 0x00, 0x00, 0x00, 0x00, 0x63,
            0x00, 0x00, 0x00, 0x00, 0x00, 0x0c, 0x07, 0x20, 0x0a, 0x02, 0x00, 0x00, 0x00, 0x2d,
            0x00, 0x00, 0x00, 0x09, 0x00, 0x00, 0x00, 0x07, 0x00, 0x00, 0x00, 0x01, 0x00, 0x00,
            0x00, 0x00, 0x04, 0x00, 0x11, 0x00, 0x00, 0x00, 0x00, 0x00, 0x01, 0x01, 0x00, 0x00,
            0x00, 0x00, 0x00, 0x00, 0x00, 0x00, 0x00, 0x00, 0x00, 0x00, 0x00, 0x00, 0x00, 0x00,
            0x00, 0x00, 0x04,
        ],
    },
    EncodedCase {
        name: "shared-global-distinct-bitmaps-reversed",
        first_shift: true,
        second_shift: false,
        data: &[
            0x00, 0x00, 0x00, 0x02, 0x30, 0x01, 0x02, 0x00, 0x00, 0x00, 0x13, 0x00, 0x00, 0x00,
            0x09, 0x00, 0x00, 0x00, 0x07, 0x00, 0x00, 0x00, 0x00, 0x00, 0x00, 0x00, 0x00, 0x63,
            0x00, 0x00, 0x00, 0x00, 0x00, 0x0c, 0x07, 0x20, 0x0a, 0x02, 0x00, 0x00, 0x00, 0x2d,
            0x00, 0x00, 0x00, 0x09, 0x00, 0x00, 0x00, 0x07, 0x00, 0x00, 0x00, 0x01, 0x00, 0x00,
            0x00, 0x00, 0x04, 0x00, 0x11, 0x00, 0x00, 0x00, 0x00, 0x00, 0x01, 0x01, 0x00, 0x00,
            0x00, 0x00, 0x00, 0x00, 0x00, 0x00, 0x00, 0x00, 0x00, 0x00, 0x00, 0x00, 0x00, 0x00,
            0x00, 0x00, 0x04,
        ],
        globals: &[
            0x00, 0x00, 0x00, 0x0a, 0x00, 0x01, 0x00, 0x00, 0x00, 0x00, 0x1e, 0x00, 0x01, 0x00,
            0x00, 0x00, 0x01, 0x00, 0x00, 0x00, 0x01, 0xe7, 0xdb, 0xf0, 0x00, 0x95, 0x00, 0x4a,
            0x80, 0x4c, 0x80, 0xc3, 0x80, 0x00, 0x00, 0x1c, 0x00, 0x93, 0x00, 0x00, 0x40,
        ],
        second: &[
            0x00, 0x00, 0x00, 0x01, 0x30, 0x01, 0x01, 0x00, 0x00, 0x00, 0x13, 0x00, 0x00, 0x00,
            0x09, 0x00, 0x00, 0x00, 0x07, 0x00, 0x00, 0x00, 0x00, 0x00, 0x00, 0x00, 0x00, 0x63,
            0x00, 0x00, 0x00, 0x00, 0x00, 0x0b, 0x07, 0x20, 0x0a, 0x01, 0x00, 0x00, 0x00, 0x2d,
            0x00, 0x00, 0x00, 0x09, 0x00, 0x00, 0x00, 0x07, 0x00, 0x00, 0x00, 0x00, 0x00, 0x00,
            0x00, 0x00, 0x04, 0x00, 0x11, 0x00, 0x00, 0x00, 0x00, 0x00, 0x01, 0x01, 0x00, 0x00,
            0x00, 0x00, 0x00, 0x00, 0x00, 0x00, 0x00, 0x00, 0x00, 0x00, 0x00, 0x00, 0x00, 0x00,
            0x00, 0x00, 0x04,
        ],
    },
];
pub(super) const INVALID: &[EncodedCase] = &[
    EncodedCase {
        name: "dictionary-self-not-retained",
        first_shift: false,
        second_shift: false,
        data: &[
            0x00, 0x00, 0x00, 0x01, 0x30, 0x01, 0x01, 0x00, 0x00, 0x00, 0x13, 0x00, 0x00, 0x00,
            0x09, 0x00, 0x00, 0x00, 0x07, 0x00, 0x00, 0x00, 0x00, 0x00, 0x00, 0x00, 0x00, 0x63,
            0x00, 0x00, 0x00, 0x00, 0x00, 0x02, 0x00, 0x00, 0x01, 0x00, 0x00, 0x00, 0x1e, 0x00,
            0x01, 0x00, 0x00, 0x00, 0x01, 0x00, 0x00, 0x00, 0x01, 0xe7, 0xdb, 0xf0, 0x00, 0x95,
            0x00, 0x4a, 0x80, 0x4c, 0x80, 0xc3, 0x80, 0x00, 0x00, 0x1c, 0x00, 0x93, 0x00, 0x00,
            0x40, 0x00, 0x00, 0x00, 0x03, 0x07, 0x21, 0x02, 0x01, 0x00, 0x00, 0x00, 0x2d, 0x00,
            0x00, 0x00, 0x09, 0x00, 0x00, 0x00, 0x07, 0x00, 0x00, 0x00, 0x00, 0x00, 0x00, 0x00,
            0x00, 0x04, 0x00, 0x11, 0x00, 0x00, 0x00, 0x00, 0x00, 0x01, 0x01, 0x00, 0x00, 0x00,
            0x00, 0x00, 0x00, 0x00, 0x00, 0x00, 0x00, 0x00, 0x00, 0x00, 0x00, 0x00, 0x00, 0x00,
            0x00, 0x04,
        ],
        globals: &[],
        second: &[],
    },
    EncodedCase {
        name: "dictionary-reused-after-text-clears",
        first_shift: false,
        second_shift: false,
        data: &[
            0x00, 0x00, 0x00, 0x01, 0x30, 0x01, 0x01, 0x00, 0x00, 0x00, 0x13, 0x00, 0x00, 0x00,
            0x09, 0x00, 0x00, 0x00, 0x07, 0x00, 0x00, 0x00, 0x00, 0x00, 0x00, 0x00, 0x00, 0x63,
            0x00, 0x00, 0x00, 0x00, 0x00, 0x02, 0x00, 0x01, 0x01, 0x00, 0x00, 0x00, 0x1e, 0x00,
            0x01, 0x00, 0x00, 0x00, 0x01, 0x00, 0x00, 0x00, 0x01, 0xe7, 0xdb, 0xf0, 0x00, 0x95,
            0x00, 0x4a, 0x80, 0x4c, 0x80, 0xc3, 0x80, 0x00, 0x00, 0x1c, 0x00, 0x93, 0x00, 0x00,
            0x40, 0x00, 0x00, 0x00, 0x03, 0x07, 0x21, 0x02, 0x01, 0x00, 0x00, 0x00, 0x2d, 0x00,
            0x00, 0x00, 0x09, 0x00, 0x00, 0x00, 0x07, 0x00, 0x00, 0x00, 0x00, 0x00, 0x00, 0x00,
            0x00, 0x04, 0x00, 0x11, 0x00, 0x00, 0x00, 0x00, 0x00, 0x01, 0x01, 0x00, 0x00, 0x00,
            0x00, 0x00, 0x00, 0x00, 0x00, 0x00, 0x00, 0x00, 0x00, 0x00, 0x00, 0x00, 0x00, 0x00,
            0x00, 0x04, 0x00, 0x00, 0x00, 0x04, 0x07, 0x21, 0x02, 0x01, 0x00, 0x00, 0x00, 0x2d,
            0x00, 0x00, 0x00, 0x09, 0x00, 0x00, 0x00, 0x07, 0x00, 0x00, 0x00, 0x00, 0x00, 0x00,
            0x00, 0x00, 0x04, 0x00, 0x11, 0x00, 0x00, 0x00, 0x00, 0x00, 0x01, 0x01, 0x00, 0x00,
            0x00, 0x00, 0x00, 0x00, 0x00, 0x00, 0x00, 0x00, 0x00, 0x00, 0x00, 0x00, 0x00, 0x00,
            0x00, 0x00, 0x04,
        ],
        globals: &[],
        second: &[],
    },
    EncodedCase {
        name: "dictionary-reused-after-extension-clears",
        first_shift: false,
        second_shift: false,
        data: &[
            0x00, 0x00, 0x00, 0x01, 0x30, 0x01, 0x01, 0x00, 0x00, 0x00, 0x13, 0x00, 0x00, 0x00,
            0x09, 0x00, 0x00, 0x00, 0x07, 0x00, 0x00, 0x00, 0x00, 0x00, 0x00, 0x00, 0x00, 0x63,
            0x00, 0x00, 0x00, 0x00, 0x00, 0x02, 0x00, 0x01, 0x01, 0x00, 0x00, 0x00, 0x1e, 0x00,
            0x01, 0x00, 0x00, 0x00, 0x01, 0x00, 0x00, 0x00, 0x01, 0xe7, 0xdb, 0xf0, 0x00, 0x95,
            0x00, 0x4a, 0x80, 0x4c, 0x80, 0xc3, 0x80, 0x00, 0x00, 0x1c, 0x00, 0x93, 0x00, 0x00,
            0x40, 0x00, 0x00, 0x00, 0x03, 0x3e, 0x20, 0x02, 0x01, 0x00, 0x00, 0x00, 0x09, 0x20,
            0x00, 0x00, 0x00, 0x52, 0x00, 0x50, 0x00, 0x00, 0x00, 0x00, 0x00, 0x04, 0x07, 0x21,
            0x02, 0x01, 0x00, 0x00, 0x00, 0x2d, 0x00, 0x00, 0x00, 0x09, 0x00, 0x00, 0x00, 0x07,
            0x00, 0x00, 0x00, 0x00, 0x00, 0x00, 0x00, 0x00, 0x04, 0x00, 0x11, 0x00, 0x00, 0x00,
            0x00, 0x00, 0x01, 0x01, 0x00, 0x00, 0x00, 0x00, 0x00, 0x00, 0x00, 0x00, 0x00, 0x00,
            0x00, 0x00, 0x00, 0x00, 0x00, 0x00, 0x00, 0x00, 0x04,
        ],
        globals: &[],
        second: &[],
    },
    EncodedCase {
        name: "extension-self-not-retained",
        first_shift: false,
        second_shift: false,
        data: &[
            0x00, 0x00, 0x00, 0x01, 0x30, 0x01, 0x01, 0x00, 0x00, 0x00, 0x13, 0x00, 0x00, 0x00,
            0x09, 0x00, 0x00, 0x00, 0x07, 0x00, 0x00, 0x00, 0x00, 0x00, 0x00, 0x00, 0x00, 0x63,
            0x00, 0x00, 0x00, 0x00, 0x00, 0x02, 0x00, 0x01, 0x01, 0x00, 0x00, 0x00, 0x1e, 0x00,
            0x01, 0x00, 0x00, 0x00, 0x01, 0x00, 0x00, 0x00, 0x01, 0xe7, 0xdb, 0xf0, 0x00, 0x95,
            0x00, 0x4a, 0x80, 0x4c, 0x80, 0xc3, 0x80, 0x00, 0x00, 0x1c, 0x00, 0x93, 0x00, 0x00,
            0x40, 0x00, 0x00, 0x00, 0x03, 0x07, 0x20, 0x02, 0x01, 0x00, 0x00, 0x00, 0x2d, 0x00,
            0x00, 0x00, 0x09, 0x00, 0x00, 0x00, 0x07, 0x00, 0x00, 0x00, 0x00, 0x00, 0x00, 0x00,
            0x00, 0x04, 0x00, 0x11, 0x00, 0x00, 0x00, 0x00, 0x00, 0x01, 0x01, 0x00, 0x00, 0x00,
            0x00, 0x00, 0x00, 0x00, 0x00, 0x00, 0x00, 0x00, 0x00, 0x00, 0x00, 0x00, 0x00, 0x00,
            0x00, 0x04, 0x00, 0x00, 0x00, 0x0a, 0x3e, 0x00, 0x01, 0x00, 0x00, 0x00, 0x09, 0x20,
            0x00, 0x00, 0x00, 0x52, 0x00, 0x50, 0x00, 0x00, 0x00, 0x00, 0x00, 0x0b, 0x3e, 0x21,
            0x0a, 0x01, 0x00, 0x00, 0x00, 0x09, 0x20, 0x00, 0x00, 0x00, 0x52, 0x00, 0x50, 0x00,
            0x00,
        ],
        globals: &[],
        second: &[],
    },
    EncodedCase {
        name: "extension-reused-after-clear",
        first_shift: false,
        second_shift: false,
        data: &[
            0x00, 0x00, 0x00, 0x01, 0x30, 0x01, 0x01, 0x00, 0x00, 0x00, 0x13, 0x00, 0x00, 0x00,
            0x09, 0x00, 0x00, 0x00, 0x07, 0x00, 0x00, 0x00, 0x00, 0x00, 0x00, 0x00, 0x00, 0x63,
            0x00, 0x00, 0x00, 0x00, 0x00, 0x02, 0x00, 0x01, 0x01, 0x00, 0x00, 0x00, 0x1e, 0x00,
            0x01, 0x00, 0x00, 0x00, 0x01, 0x00, 0x00, 0x00, 0x01, 0xe7, 0xdb, 0xf0, 0x00, 0x95,
            0x00, 0x4a, 0x80, 0x4c, 0x80, 0xc3, 0x80, 0x00, 0x00, 0x1c, 0x00, 0x93, 0x00, 0x00,
            0x40, 0x00, 0x00, 0x00, 0x03, 0x07, 0x20, 0x02, 0x01, 0x00, 0x00, 0x00, 0x2d, 0x00,
            0x00, 0x00, 0x09, 0x00, 0x00, 0x00, 0x07, 0x00, 0x00, 0x00, 0x00, 0x00, 0x00, 0x00,
            0x00, 0x04, 0x00, 0x11, 0x00, 0x00, 0x00, 0x00, 0x00, 0x01, 0x01, 0x00, 0x00, 0x00,
            0x00, 0x00, 0x00, 0x00, 0x00, 0x00, 0x00, 0x00, 0x00, 0x00, 0x00, 0x00, 0x00, 0x00,
            0x00, 0x04, 0x00, 0x00, 0x00, 0x0a, 0x3e, 0x01, 0x01, 0x00, 0x00, 0x00, 0x09, 0x20,
            0x00, 0x00, 0x00, 0x52, 0x00, 0x50, 0x00, 0x00, 0x00, 0x00, 0x00, 0x0b, 0x3e, 0x21,
            0x0a, 0x01, 0x00, 0x00, 0x00, 0x09, 0x20, 0x00, 0x00, 0x00, 0x52, 0x00, 0x50, 0x00,
            0x00, 0x00, 0x00, 0x00, 0x0c, 0x3e, 0x21, 0x0a, 0x01, 0x00, 0x00, 0x00, 0x09, 0x20,
            0x00, 0x00, 0x00, 0x52, 0x00, 0x50, 0x00, 0x00,
        ],
        globals: &[],
        second: &[],
    },
    EncodedCase {
        name: "duplicate-reference-01-cannot-resurrect",
        first_shift: false,
        second_shift: false,
        data: &[
            0x00, 0x00, 0x00, 0x01, 0x30, 0x01, 0x01, 0x00, 0x00, 0x00, 0x13, 0x00, 0x00, 0x00,
            0x09, 0x00, 0x00, 0x00, 0x07, 0x00, 0x00, 0x00, 0x00, 0x00, 0x00, 0x00, 0x00, 0x63,
            0x00, 0x00, 0x00, 0x00, 0x00, 0x02, 0x00, 0x01, 0x01, 0x00, 0x00, 0x00, 0x1e, 0x00,
            0x01, 0x00, 0x00, 0x00, 0x01, 0x00, 0x00, 0x00, 0x01, 0xe7, 0xdb, 0xf0, 0x00, 0x95,
            0x00, 0x4a, 0x80, 0x4c, 0x80, 0xc3, 0x80, 0x00, 0x00, 0x1c, 0x00, 0x93, 0x00, 0x00,
            0x40, 0x00, 0x00, 0x00, 0x03, 0x3e, 0x45, 0x02, 0x02, 0x01, 0x00, 0x00, 0x00, 0x09,
            0x20, 0x00, 0x00, 0x00, 0x52, 0x00, 0x50, 0x00, 0x00, 0x00, 0x00, 0x00, 0x04, 0x07,
            0x21, 0x02, 0x01, 0x00, 0x00, 0x00, 0x2d, 0x00, 0x00, 0x00, 0x09, 0x00, 0x00, 0x00,
            0x07, 0x00, 0x00, 0x00, 0x00, 0x00, 0x00, 0x00, 0x00, 0x04, 0x00, 0x11, 0x00, 0x00,
            0x00, 0x00, 0x00, 0x01, 0x01, 0x00, 0x00, 0x00, 0x00, 0x00, 0x00, 0x00, 0x00, 0x00,
            0x00, 0x00, 0x00, 0x00, 0x00, 0x00, 0x00, 0x00, 0x00, 0x04,
        ],
        globals: &[],
        second: &[],
    },
    EncodedCase {
        name: "duplicate-reference-10-cannot-resurrect",
        first_shift: false,
        second_shift: false,
        data: &[
            0x00, 0x00, 0x00, 0x01, 0x30, 0x01, 0x01, 0x00, 0x00, 0x00, 0x13, 0x00, 0x00, 0x00,
            0x09, 0x00, 0x00, 0x00, 0x07, 0x00, 0x00, 0x00, 0x00, 0x00, 0x00, 0x00, 0x00, 0x63,
            0x00, 0x00, 0x00, 0x00, 0x00, 0x02, 0x00, 0x01, 0x01, 0x00, 0x00, 0x00, 0x1e, 0x00,
            0x01, 0x00, 0x00, 0x00, 0x01, 0x00, 0x00, 0x00, 0x01, 0xe7, 0xdb, 0xf0, 0x00, 0x95,
            0x00, 0x4a, 0x80, 0x4c, 0x80, 0xc3, 0x80, 0x00, 0x00, 0x1c, 0x00, 0x93, 0x00, 0x00,
            0x40, 0x00, 0x00, 0x00, 0x03, 0x3e, 0x43, 0x02, 0x02, 0x01, 0x00, 0x00, 0x00, 0x09,
            0x20, 0x00, 0x00, 0x00, 0x52, 0x00, 0x50, 0x00, 0x00, 0x00, 0x00, 0x00, 0x04, 0x07,
            0x21, 0x02, 0x01, 0x00, 0x00, 0x00, 0x2d, 0x00, 0x00, 0x00, 0x09, 0x00, 0x00, 0x00,
            0x07, 0x00, 0x00, 0x00, 0x00, 0x00, 0x00, 0x00, 0x00, 0x04, 0x00, 0x11, 0x00, 0x00,
            0x00, 0x00, 0x00, 0x01, 0x01, 0x00, 0x00, 0x00, 0x00, 0x00, 0x00, 0x00, 0x00, 0x00,
            0x00, 0x00, 0x00, 0x00, 0x00, 0x00, 0x00, 0x00, 0x00, 0x04,
        ],
        globals: &[],
        second: &[],
    },
    EncodedCase {
        name: "count-4-reuse-reference-1",
        first_shift: false,
        second_shift: false,
        data: &[
            0x00, 0x00, 0x00, 0x01, 0x30, 0x01, 0x01, 0x00, 0x00, 0x00, 0x13, 0x00, 0x00, 0x00,
            0x09, 0x00, 0x00, 0x00, 0x07, 0x00, 0x00, 0x00, 0x00, 0x00, 0x00, 0x00, 0x00, 0x63,
            0x00, 0x00, 0x00, 0x00, 0x00, 0x02, 0x00, 0x01, 0x01, 0x00, 0x00, 0x00, 0x1e, 0x00,
            0x01, 0x00, 0x00, 0x00, 0x01, 0x00, 0x00, 0x00, 0x01, 0xe7, 0xdb, 0xf0, 0x00, 0x95,
            0x00, 0x4a, 0x80, 0x4c, 0x80, 0xc3, 0x80, 0x00, 0x00, 0x1c, 0x00, 0x93, 0x00, 0x00,
            0x40, 0x00, 0x00, 0x00, 0x03, 0x00, 0x01, 0x01, 0x00, 0x00, 0x00, 0x1e, 0x00, 0x01,
            0x00, 0x00, 0x00, 0x01, 0x00, 0x00, 0x00, 0x01, 0xe7, 0xdb, 0xf0, 0x00, 0x95, 0x00,
            0x4a, 0x80, 0x4c, 0x80, 0xc3, 0x80, 0x00, 0x00, 0x1c, 0x00, 0x93, 0x00, 0x00, 0x40,
            0x00, 0x00, 0x00, 0x04, 0x00, 0x01, 0x01, 0x00, 0x00, 0x00, 0x1e, 0x00, 0x01, 0x00,
            0x00, 0x00, 0x01, 0x00, 0x00, 0x00, 0x01, 0xe7, 0xdb, 0xf0, 0x00, 0x95, 0x00, 0x4a,
            0x80, 0x4c, 0x80, 0xc3, 0x80, 0x00, 0x00, 0x1c, 0x00, 0x93, 0x00, 0x00, 0x40, 0x00,
            0x00, 0x00, 0x05, 0x00, 0x01, 0x01, 0x00, 0x00, 0x00, 0x1e, 0x00, 0x01, 0x00, 0x00,
            0x00, 0x01, 0x00, 0x00, 0x00, 0x01, 0xe7, 0xdb, 0xf0, 0x00, 0x95, 0x00, 0x4a, 0x80,
            0x4c, 0x80, 0xc3, 0x80, 0x00, 0x00, 0x1c, 0x00, 0x93, 0x00, 0x00, 0x40, 0x00, 0x00,
            0x00, 0x64, 0x3e, 0x9c, 0x02, 0x03, 0x04, 0x05, 0x01, 0x00, 0x00, 0x00, 0x09, 0x20,
            0x00, 0x00, 0x00, 0x52, 0x00, 0x50, 0x00, 0x00, 0x00, 0x00, 0x00, 0x65, 0x07, 0x20,
            0x02, 0x01, 0x00, 0x00, 0x00, 0x2d, 0x00, 0x00, 0x00, 0x09, 0x00, 0x00, 0x00, 0x07,
            0x00, 0x00, 0x00, 0x00, 0x00, 0x00, 0x00, 0x00, 0x04, 0x00, 0x11, 0x00, 0x00, 0x00,
            0x00, 0x00, 0x01, 0x01, 0x00, 0x00, 0x00, 0x00, 0x00, 0x00, 0x00, 0x00, 0x00, 0x00,
            0x00, 0x00, 0x00, 0x00, 0x00, 0x00, 0x00, 0x00, 0x04,
        ],
        globals: &[],
        second: &[],
    },
    EncodedCase {
        name: "count-4-reuse-reference-4",
        first_shift: false,
        second_shift: false,
        data: &[
            0x00, 0x00, 0x00, 0x01, 0x30, 0x01, 0x01, 0x00, 0x00, 0x00, 0x13, 0x00, 0x00, 0x00,
            0x09, 0x00, 0x00, 0x00, 0x07, 0x00, 0x00, 0x00, 0x00, 0x00, 0x00, 0x00, 0x00, 0x63,
            0x00, 0x00, 0x00, 0x00, 0x00, 0x02, 0x00, 0x01, 0x01, 0x00, 0x00, 0x00, 0x1e, 0x00,
            0x01, 0x00, 0x00, 0x00, 0x01, 0x00, 0x00, 0x00, 0x01, 0xe7, 0xdb, 0xf0, 0x00, 0x95,
            0x00, 0x4a, 0x80, 0x4c, 0x80, 0xc3, 0x80, 0x00, 0x00, 0x1c, 0x00, 0x93, 0x00, 0x00,
            0x40, 0x00, 0x00, 0x00, 0x03, 0x00, 0x01, 0x01, 0x00, 0x00, 0x00, 0x1e, 0x00, 0x01,
            0x00, 0x00, 0x00, 0x01, 0x00, 0x00, 0x00, 0x01, 0xe7, 0xdb, 0xf0, 0x00, 0x95, 0x00,
            0x4a, 0x80, 0x4c, 0x80, 0xc3, 0x80, 0x00, 0x00, 0x1c, 0x00, 0x93, 0x00, 0x00, 0x40,
            0x00, 0x00, 0x00, 0x04, 0x00, 0x01, 0x01, 0x00, 0x00, 0x00, 0x1e, 0x00, 0x01, 0x00,
            0x00, 0x00, 0x01, 0x00, 0x00, 0x00, 0x01, 0xe7, 0xdb, 0xf0, 0x00, 0x95, 0x00, 0x4a,
            0x80, 0x4c, 0x80, 0xc3, 0x80, 0x00, 0x00, 0x1c, 0x00, 0x93, 0x00, 0x00, 0x40, 0x00,
            0x00, 0x00, 0x05, 0x00, 0x01, 0x01, 0x00, 0x00, 0x00, 0x1e, 0x00, 0x01, 0x00, 0x00,
            0x00, 0x01, 0x00, 0x00, 0x00, 0x01, 0xe7, 0xdb, 0xf0, 0x00, 0x95, 0x00, 0x4a, 0x80,
            0x4c, 0x80, 0xc3, 0x80, 0x00, 0x00, 0x1c, 0x00, 0x93, 0x00, 0x00, 0x40, 0x00, 0x00,
            0x00, 0x64, 0x3e, 0x8e, 0x02, 0x03, 0x04, 0x05, 0x01, 0x00, 0x00, 0x00, 0x09, 0x20,
            0x00, 0x00, 0x00, 0x52, 0x00, 0x50, 0x00, 0x00, 0x00, 0x00, 0x00, 0x65, 0x07, 0x20,
            0x05, 0x01, 0x00, 0x00, 0x00, 0x2d, 0x00, 0x00, 0x00, 0x09, 0x00, 0x00, 0x00, 0x07,
            0x00, 0x00, 0x00, 0x00, 0x00, 0x00, 0x00, 0x00, 0x04, 0x00, 0x11, 0x00, 0x00, 0x00,
            0x00, 0x00, 0x01, 0x01, 0x00, 0x00, 0x00, 0x00, 0x00, 0x00, 0x00, 0x00, 0x00, 0x00,
            0x00, 0x00, 0x00, 0x00, 0x00, 0x00, 0x00, 0x00, 0x04,
        ],
        globals: &[],
        second: &[],
    },
    EncodedCase {
        name: "count-5-reuse-reference-1",
        first_shift: false,
        second_shift: false,
        data: &[
            0x00, 0x00, 0x00, 0x01, 0x30, 0x01, 0x01, 0x00, 0x00, 0x00, 0x13, 0x00, 0x00, 0x00,
            0x09, 0x00, 0x00, 0x00, 0x07, 0x00, 0x00, 0x00, 0x00, 0x00, 0x00, 0x00, 0x00, 0x63,
            0x00, 0x00, 0x00, 0x00, 0x00, 0x02, 0x00, 0x01, 0x01, 0x00, 0x00, 0x00, 0x1e, 0x00,
            0x01, 0x00, 0x00, 0x00, 0x01, 0x00, 0x00, 0x00, 0x01, 0xe7, 0xdb, 0xf0, 0x00, 0x95,
            0x00, 0x4a, 0x80, 0x4c, 0x80, 0xc3, 0x80, 0x00, 0x00, 0x1c, 0x00, 0x93, 0x00, 0x00,
            0x40, 0x00, 0x00, 0x00, 0x03, 0x00, 0x01, 0x01, 0x00, 0x00, 0x00, 0x1e, 0x00, 0x01,
            0x00, 0x00, 0x00, 0x01, 0x00, 0x00, 0x00, 0x01, 0xe7, 0xdb, 0xf0, 0x00, 0x95, 0x00,
            0x4a, 0x80, 0x4c, 0x80, 0xc3, 0x80, 0x00, 0x00, 0x1c, 0x00, 0x93, 0x00, 0x00, 0x40,
            0x00, 0x00, 0x00, 0x04, 0x00, 0x01, 0x01, 0x00, 0x00, 0x00, 0x1e, 0x00, 0x01, 0x00,
            0x00, 0x00, 0x01, 0x00, 0x00, 0x00, 0x01, 0xe7, 0xdb, 0xf0, 0x00, 0x95, 0x00, 0x4a,
            0x80, 0x4c, 0x80, 0xc3, 0x80, 0x00, 0x00, 0x1c, 0x00, 0x93, 0x00, 0x00, 0x40, 0x00,
            0x00, 0x00, 0x05, 0x00, 0x01, 0x01, 0x00, 0x00, 0x00, 0x1e, 0x00, 0x01, 0x00, 0x00,
            0x00, 0x01, 0x00, 0x00, 0x00, 0x01, 0xe7, 0xdb, 0xf0, 0x00, 0x95, 0x00, 0x4a, 0x80,
            0x4c, 0x80, 0xc3, 0x80, 0x00, 0x00, 0x1c, 0x00, 0x93, 0x00, 0x00, 0x40, 0x00, 0x00,
            0x00, 0x06, 0x00, 0x01, 0x01, 0x00, 0x00, 0x00, 0x1e, 0x00, 0x01, 0x00, 0x00, 0x00,
            0x01, 0x00, 0x00, 0x00, 0x01, 0xe7, 0xdb, 0xf0, 0x00, 0x95, 0x00, 0x4a, 0x80, 0x4c,
            0x80, 0xc3, 0x80, 0x00, 0x00, 0x1c, 0x00, 0x93, 0x00, 0x00, 0x40, 0x00, 0x00, 0x00,
            0x64, 0x3e, 0xe0, 0x00, 0x00, 0x05, 0x3c, 0x02, 0x03, 0x04, 0x05, 0x06, 0x01, 0x00,
            0x00, 0x00, 0x09, 0x20, 0x00, 0x00, 0x00, 0x52, 0x00, 0x50, 0x00, 0x00, 0x00, 0x00,
            0x00, 0x65, 0x07, 0x20, 0x02, 0x01, 0x00, 0x00, 0x00, 0x2d, 0x00, 0x00, 0x00, 0x09,
            0x00, 0x00, 0x00, 0x07, 0x00, 0x00, 0x00, 0x00, 0x00, 0x00, 0x00, 0x00, 0x04, 0x00,
            0x11, 0x00, 0x00, 0x00, 0x00, 0x00, 0x01, 0x01, 0x00, 0x00, 0x00, 0x00, 0x00, 0x00,
            0x00, 0x00, 0x00, 0x00, 0x00, 0x00, 0x00, 0x00, 0x00, 0x00, 0x00, 0x00, 0x04,
        ],
        globals: &[],
        second: &[],
    },
    EncodedCase {
        name: "count-5-reuse-reference-5",
        first_shift: false,
        second_shift: false,
        data: &[
            0x00, 0x00, 0x00, 0x01, 0x30, 0x01, 0x01, 0x00, 0x00, 0x00, 0x13, 0x00, 0x00, 0x00,
            0x09, 0x00, 0x00, 0x00, 0x07, 0x00, 0x00, 0x00, 0x00, 0x00, 0x00, 0x00, 0x00, 0x63,
            0x00, 0x00, 0x00, 0x00, 0x00, 0x02, 0x00, 0x01, 0x01, 0x00, 0x00, 0x00, 0x1e, 0x00,
            0x01, 0x00, 0x00, 0x00, 0x01, 0x00, 0x00, 0x00, 0x01, 0xe7, 0xdb, 0xf0, 0x00, 0x95,
            0x00, 0x4a, 0x80, 0x4c, 0x80, 0xc3, 0x80, 0x00, 0x00, 0x1c, 0x00, 0x93, 0x00, 0x00,
            0x40, 0x00, 0x00, 0x00, 0x03, 0x00, 0x01, 0x01, 0x00, 0x00, 0x00, 0x1e, 0x00, 0x01,
            0x00, 0x00, 0x00, 0x01, 0x00, 0x00, 0x00, 0x01, 0xe7, 0xdb, 0xf0, 0x00, 0x95, 0x00,
            0x4a, 0x80, 0x4c, 0x80, 0xc3, 0x80, 0x00, 0x00, 0x1c, 0x00, 0x93, 0x00, 0x00, 0x40,
            0x00, 0x00, 0x00, 0x04, 0x00, 0x01, 0x01, 0x00, 0x00, 0x00, 0x1e, 0x00, 0x01, 0x00,
            0x00, 0x00, 0x01, 0x00, 0x00, 0x00, 0x01, 0xe7, 0xdb, 0xf0, 0x00, 0x95, 0x00, 0x4a,
            0x80, 0x4c, 0x80, 0xc3, 0x80, 0x00, 0x00, 0x1c, 0x00, 0x93, 0x00, 0x00, 0x40, 0x00,
            0x00, 0x00, 0x05, 0x00, 0x01, 0x01, 0x00, 0x00, 0x00, 0x1e, 0x00, 0x01, 0x00, 0x00,
            0x00, 0x01, 0x00, 0x00, 0x00, 0x01, 0xe7, 0xdb, 0xf0, 0x00, 0x95, 0x00, 0x4a, 0x80,
            0x4c, 0x80, 0xc3, 0x80, 0x00, 0x00, 0x1c, 0x00, 0x93, 0x00, 0x00, 0x40, 0x00, 0x00,
            0x00, 0x06, 0x00, 0x01, 0x01, 0x00, 0x00, 0x00, 0x1e, 0x00, 0x01, 0x00, 0x00, 0x00,
            0x01, 0x00, 0x00, 0x00, 0x01, 0xe7, 0xdb, 0xf0, 0x00, 0x95, 0x00, 0x4a, 0x80, 0x4c,
            0x80, 0xc3, 0x80, 0x00, 0x00, 0x1c, 0x00, 0x93, 0x00, 0x00, 0x40, 0x00, 0x00, 0x00,
            0x64, 0x3e, 0xe0, 0x00, 0x00, 0x05, 0x1e, 0x02, 0x03, 0x04, 0x05, 0x06, 0x01, 0x00,
            0x00, 0x00, 0x09, 0x20, 0x00, 0x00, 0x00, 0x52, 0x00, 0x50, 0x00, 0x00, 0x00, 0x00,
            0x00, 0x65, 0x07, 0x20, 0x06, 0x01, 0x00, 0x00, 0x00, 0x2d, 0x00, 0x00, 0x00, 0x09,
            0x00, 0x00, 0x00, 0x07, 0x00, 0x00, 0x00, 0x00, 0x00, 0x00, 0x00, 0x00, 0x04, 0x00,
            0x11, 0x00, 0x00, 0x00, 0x00, 0x00, 0x01, 0x01, 0x00, 0x00, 0x00, 0x00, 0x00, 0x00,
            0x00, 0x00, 0x00, 0x00, 0x00, 0x00, 0x00, 0x00, 0x00, 0x00, 0x00, 0x00, 0x04,
        ],
        globals: &[],
        second: &[],
    },
    EncodedCase {
        name: "count-7-reuse-reference-1",
        first_shift: false,
        second_shift: false,
        data: &[
            0x00, 0x00, 0x00, 0x01, 0x30, 0x01, 0x01, 0x00, 0x00, 0x00, 0x13, 0x00, 0x00, 0x00,
            0x09, 0x00, 0x00, 0x00, 0x07, 0x00, 0x00, 0x00, 0x00, 0x00, 0x00, 0x00, 0x00, 0x63,
            0x00, 0x00, 0x00, 0x00, 0x00, 0x02, 0x00, 0x01, 0x01, 0x00, 0x00, 0x00, 0x1e, 0x00,
            0x01, 0x00, 0x00, 0x00, 0x01, 0x00, 0x00, 0x00, 0x01, 0xe7, 0xdb, 0xf0, 0x00, 0x95,
            0x00, 0x4a, 0x80, 0x4c, 0x80, 0xc3, 0x80, 0x00, 0x00, 0x1c, 0x00, 0x93, 0x00, 0x00,
            0x40, 0x00, 0x00, 0x00, 0x03, 0x00, 0x01, 0x01, 0x00, 0x00, 0x00, 0x1e, 0x00, 0x01,
            0x00, 0x00, 0x00, 0x01, 0x00, 0x00, 0x00, 0x01, 0xe7, 0xdb, 0xf0, 0x00, 0x95, 0x00,
            0x4a, 0x80, 0x4c, 0x80, 0xc3, 0x80, 0x00, 0x00, 0x1c, 0x00, 0x93, 0x00, 0x00, 0x40,
            0x00, 0x00, 0x00, 0x04, 0x00, 0x01, 0x01, 0x00, 0x00, 0x00, 0x1e, 0x00, 0x01, 0x00,
            0x00, 0x00, 0x01, 0x00, 0x00, 0x00, 0x01, 0xe7, 0xdb, 0xf0, 0x00, 0x95, 0x00, 0x4a,
            0x80, 0x4c, 0x80, 0xc3, 0x80, 0x00, 0x00, 0x1c, 0x00, 0x93, 0x00, 0x00, 0x40, 0x00,
            0x00, 0x00, 0x05, 0x00, 0x01, 0x01, 0x00, 0x00, 0x00, 0x1e, 0x00, 0x01, 0x00, 0x00,
            0x00, 0x01, 0x00, 0x00, 0x00, 0x01, 0xe7, 0xdb, 0xf0, 0x00, 0x95, 0x00, 0x4a, 0x80,
            0x4c, 0x80, 0xc3, 0x80, 0x00, 0x00, 0x1c, 0x00, 0x93, 0x00, 0x00, 0x40, 0x00, 0x00,
            0x00, 0x06, 0x00, 0x01, 0x01, 0x00, 0x00, 0x00, 0x1e, 0x00, 0x01, 0x00, 0x00, 0x00,
            0x01, 0x00, 0x00, 0x00, 0x01, 0xe7, 0xdb, 0xf0, 0x00, 0x95, 0x00, 0x4a, 0x80, 0x4c,
            0x80, 0xc3, 0x80, 0x00, 0x00, 0x1c, 0x00, 0x93, 0x00, 0x00, 0x40, 0x00, 0x00, 0x00,
            0x07, 0x00, 0x01, 0x01, 0x00, 0x00, 0x00, 0x1e, 0x00, 0x01, 0x00, 0x00, 0x00, 0x01,
            0x00, 0x00, 0x00, 0x01, 0xe7, 0xdb, 0xf0, 0x00, 0x95, 0x00, 0x4a, 0x80, 0x4c, 0x80,
            0xc3, 0x80, 0x00, 0x00, 0x1c, 0x00, 0x93, 0x00, 0x00, 0x40, 0x00, 0x00, 0x00, 0x08,
            0x00, 0x01, 0x01, 0x00, 0x00, 0x00, 0x1e, 0x00, 0x01, 0x00, 0x00, 0x00, 0x01, 0x00,
            0x00, 0x00, 0x01, 0xe7, 0xdb, 0xf0, 0x00, 0x95, 0x00, 0x4a, 0x80, 0x4c, 0x80, 0xc3,
            0x80, 0x00, 0x00, 0x1c, 0x00, 0x93, 0x00, 0x00, 0x40, 0x00, 0x00, 0x00, 0x64, 0x3e,
            0xe0, 0x00, 0x00, 0x07, 0xfc, 0x02, 0x03, 0x04, 0x05, 0x06, 0x07, 0x08, 0x01, 0x00,
            0x00, 0x00, 0x09, 0x20, 0x00, 0x00, 0x00, 0x52, 0x00, 0x50, 0x00, 0x00, 0x00, 0x00,
            0x00, 0x65, 0x07, 0x20, 0x02, 0x01, 0x00, 0x00, 0x00, 0x2d, 0x00, 0x00, 0x00, 0x09,
            0x00, 0x00, 0x00, 0x07, 0x00, 0x00, 0x00, 0x00, 0x00, 0x00, 0x00, 0x00, 0x04, 0x00,
            0x11, 0x00, 0x00, 0x00, 0x00, 0x00, 0x01, 0x01, 0x00, 0x00, 0x00, 0x00, 0x00, 0x00,
            0x00, 0x00, 0x00, 0x00, 0x00, 0x00, 0x00, 0x00, 0x00, 0x00, 0x00, 0x00, 0x04,
        ],
        globals: &[],
        second: &[],
    },
    EncodedCase {
        name: "count-7-reuse-reference-7",
        first_shift: false,
        second_shift: false,
        data: &[
            0x00, 0x00, 0x00, 0x01, 0x30, 0x01, 0x01, 0x00, 0x00, 0x00, 0x13, 0x00, 0x00, 0x00,
            0x09, 0x00, 0x00, 0x00, 0x07, 0x00, 0x00, 0x00, 0x00, 0x00, 0x00, 0x00, 0x00, 0x63,
            0x00, 0x00, 0x00, 0x00, 0x00, 0x02, 0x00, 0x01, 0x01, 0x00, 0x00, 0x00, 0x1e, 0x00,
            0x01, 0x00, 0x00, 0x00, 0x01, 0x00, 0x00, 0x00, 0x01, 0xe7, 0xdb, 0xf0, 0x00, 0x95,
            0x00, 0x4a, 0x80, 0x4c, 0x80, 0xc3, 0x80, 0x00, 0x00, 0x1c, 0x00, 0x93, 0x00, 0x00,
            0x40, 0x00, 0x00, 0x00, 0x03, 0x00, 0x01, 0x01, 0x00, 0x00, 0x00, 0x1e, 0x00, 0x01,
            0x00, 0x00, 0x00, 0x01, 0x00, 0x00, 0x00, 0x01, 0xe7, 0xdb, 0xf0, 0x00, 0x95, 0x00,
            0x4a, 0x80, 0x4c, 0x80, 0xc3, 0x80, 0x00, 0x00, 0x1c, 0x00, 0x93, 0x00, 0x00, 0x40,
            0x00, 0x00, 0x00, 0x04, 0x00, 0x01, 0x01, 0x00, 0x00, 0x00, 0x1e, 0x00, 0x01, 0x00,
            0x00, 0x00, 0x01, 0x00, 0x00, 0x00, 0x01, 0xe7, 0xdb, 0xf0, 0x00, 0x95, 0x00, 0x4a,
            0x80, 0x4c, 0x80, 0xc3, 0x80, 0x00, 0x00, 0x1c, 0x00, 0x93, 0x00, 0x00, 0x40, 0x00,
            0x00, 0x00, 0x05, 0x00, 0x01, 0x01, 0x00, 0x00, 0x00, 0x1e, 0x00, 0x01, 0x00, 0x00,
            0x00, 0x01, 0x00, 0x00, 0x00, 0x01, 0xe7, 0xdb, 0xf0, 0x00, 0x95, 0x00, 0x4a, 0x80,
            0x4c, 0x80, 0xc3, 0x80, 0x00, 0x00, 0x1c, 0x00, 0x93, 0x00, 0x00, 0x40, 0x00, 0x00,
            0x00, 0x06, 0x00, 0x01, 0x01, 0x00, 0x00, 0x00, 0x1e, 0x00, 0x01, 0x00, 0x00, 0x00,
            0x01, 0x00, 0x00, 0x00, 0x01, 0xe7, 0xdb, 0xf0, 0x00, 0x95, 0x00, 0x4a, 0x80, 0x4c,
            0x80, 0xc3, 0x80, 0x00, 0x00, 0x1c, 0x00, 0x93, 0x00, 0x00, 0x40, 0x00, 0x00, 0x00,
            0x07, 0x00, 0x01, 0x01, 0x00, 0x00, 0x00, 0x1e, 0x00, 0x01, 0x00, 0x00, 0x00, 0x01,
            0x00, 0x00, 0x00, 0x01, 0xe7, 0xdb, 0xf0, 0x00, 0x95, 0x00, 0x4a, 0x80, 0x4c, 0x80,
            0xc3, 0x80, 0x00, 0x00, 0x1c, 0x00, 0x93, 0x00, 0x00, 0x40, 0x00, 0x00, 0x00, 0x08,
            0x00, 0x01, 0x01, 0x00, 0x00, 0x00, 0x1e, 0x00, 0x01, 0x00, 0x00, 0x00, 0x01, 0x00,
            0x00, 0x00, 0x01, 0xe7, 0xdb, 0xf0, 0x00, 0x95, 0x00, 0x4a, 0x80, 0x4c, 0x80, 0xc3,
            0x80, 0x00, 0x00, 0x1c, 0x00, 0x93, 0x00, 0x00, 0x40, 0x00, 0x00, 0x00, 0x64, 0x3e,
            0xe0, 0x00, 0x00, 0x07, 0x7e, 0x02, 0x03, 0x04, 0x05, 0x06, 0x07, 0x08, 0x01, 0x00,
            0x00, 0x00, 0x09, 0x20, 0x00, 0x00, 0x00, 0x52, 0x00, 0x50, 0x00, 0x00, 0x00, 0x00,
            0x00, 0x65, 0x07, 0x20, 0x08, 0x01, 0x00, 0x00, 0x00, 0x2d, 0x00, 0x00, 0x00, 0x09,
            0x00, 0x00, 0x00, 0x07, 0x00, 0x00, 0x00, 0x00, 0x00, 0x00, 0x00, 0x00, 0x04, 0x00,
            0x11, 0x00, 0x00, 0x00, 0x00, 0x00, 0x01, 0x01, 0x00, 0x00, 0x00, 0x00, 0x00, 0x00,
            0x00, 0x00, 0x00, 0x00, 0x00, 0x00, 0x00, 0x00, 0x00, 0x00, 0x00, 0x00, 0x04,
        ],
        globals: &[],
        second: &[],
    },
    EncodedCase {
        name: "count-8-reuse-reference-1",
        first_shift: false,
        second_shift: false,
        data: &[
            0x00, 0x00, 0x00, 0x01, 0x30, 0x01, 0x01, 0x00, 0x00, 0x00, 0x13, 0x00, 0x00, 0x00,
            0x09, 0x00, 0x00, 0x00, 0x07, 0x00, 0x00, 0x00, 0x00, 0x00, 0x00, 0x00, 0x00, 0x63,
            0x00, 0x00, 0x00, 0x00, 0x00, 0x02, 0x00, 0x01, 0x01, 0x00, 0x00, 0x00, 0x1e, 0x00,
            0x01, 0x00, 0x00, 0x00, 0x01, 0x00, 0x00, 0x00, 0x01, 0xe7, 0xdb, 0xf0, 0x00, 0x95,
            0x00, 0x4a, 0x80, 0x4c, 0x80, 0xc3, 0x80, 0x00, 0x00, 0x1c, 0x00, 0x93, 0x00, 0x00,
            0x40, 0x00, 0x00, 0x00, 0x03, 0x00, 0x01, 0x01, 0x00, 0x00, 0x00, 0x1e, 0x00, 0x01,
            0x00, 0x00, 0x00, 0x01, 0x00, 0x00, 0x00, 0x01, 0xe7, 0xdb, 0xf0, 0x00, 0x95, 0x00,
            0x4a, 0x80, 0x4c, 0x80, 0xc3, 0x80, 0x00, 0x00, 0x1c, 0x00, 0x93, 0x00, 0x00, 0x40,
            0x00, 0x00, 0x00, 0x04, 0x00, 0x01, 0x01, 0x00, 0x00, 0x00, 0x1e, 0x00, 0x01, 0x00,
            0x00, 0x00, 0x01, 0x00, 0x00, 0x00, 0x01, 0xe7, 0xdb, 0xf0, 0x00, 0x95, 0x00, 0x4a,
            0x80, 0x4c, 0x80, 0xc3, 0x80, 0x00, 0x00, 0x1c, 0x00, 0x93, 0x00, 0x00, 0x40, 0x00,
            0x00, 0x00, 0x05, 0x00, 0x01, 0x01, 0x00, 0x00, 0x00, 0x1e, 0x00, 0x01, 0x00, 0x00,
            0x00, 0x01, 0x00, 0x00, 0x00, 0x01, 0xe7, 0xdb, 0xf0, 0x00, 0x95, 0x00, 0x4a, 0x80,
            0x4c, 0x80, 0xc3, 0x80, 0x00, 0x00, 0x1c, 0x00, 0x93, 0x00, 0x00, 0x40, 0x00, 0x00,
            0x00, 0x06, 0x00, 0x01, 0x01, 0x00, 0x00, 0x00, 0x1e, 0x00, 0x01, 0x00, 0x00, 0x00,
            0x01, 0x00, 0x00, 0x00, 0x01, 0xe7, 0xdb, 0xf0, 0x00, 0x95, 0x00, 0x4a, 0x80, 0x4c,
            0x80, 0xc3, 0x80, 0x00, 0x00, 0x1c, 0x00, 0x93, 0x00, 0x00, 0x40, 0x00, 0x00, 0x00,
            0x07, 0x00, 0x01, 0x01, 0x00, 0x00, 0x00, 0x1e, 0x00, 0x01, 0x00, 0x00, 0x00, 0x01,
            0x00, 0x00, 0x00, 0x01, 0xe7, 0xdb, 0xf0, 0x00, 0x95, 0x00, 0x4a, 0x80, 0x4c, 0x80,
            0xc3, 0x80, 0x00, 0x00, 0x1c, 0x00, 0x93, 0x00, 0x00, 0x40, 0x00, 0x00, 0x00, 0x08,
            0x00, 0x01, 0x01, 0x00, 0x00, 0x00, 0x1e, 0x00, 0x01, 0x00, 0x00, 0x00, 0x01, 0x00,
            0x00, 0x00, 0x01, 0xe7, 0xdb, 0xf0, 0x00, 0x95, 0x00, 0x4a, 0x80, 0x4c, 0x80, 0xc3,
            0x80, 0x00, 0x00, 0x1c, 0x00, 0x93, 0x00, 0x00, 0x40, 0x00, 0x00, 0x00, 0x09, 0x00,
            0x01, 0x01, 0x00, 0x00, 0x00, 0x1e, 0x00, 0x01, 0x00, 0x00, 0x00, 0x01, 0x00, 0x00,
            0x00, 0x01, 0xe7, 0xdb, 0xf0, 0x00, 0x95, 0x00, 0x4a, 0x80, 0x4c, 0x80, 0xc3, 0x80,
            0x00, 0x00, 0x1c, 0x00, 0x93, 0x00, 0x00, 0x40, 0x00, 0x00, 0x00, 0x64, 0x3e, 0xe0,
            0x00, 0x00, 0x08, 0xfc, 0x01, 0x02, 0x03, 0x04, 0x05, 0x06, 0x07, 0x08, 0x09, 0x01,
            0x00, 0x00, 0x00, 0x09, 0x20, 0x00, 0x00, 0x00, 0x52, 0x00, 0x50, 0x00, 0x00, 0x00,
            0x00, 0x00, 0x65, 0x07, 0x20, 0x02, 0x01, 0x00, 0x00, 0x00, 0x2d, 0x00, 0x00, 0x00,
            0x09, 0x00, 0x00, 0x00, 0x07, 0x00, 0x00, 0x00, 0x00, 0x00, 0x00, 0x00, 0x00, 0x04,
            0x00, 0x11, 0x00, 0x00, 0x00, 0x00, 0x00, 0x01, 0x01, 0x00, 0x00, 0x00, 0x00, 0x00,
            0x00, 0x00, 0x00, 0x00, 0x00, 0x00, 0x00, 0x00, 0x00, 0x00, 0x00, 0x00, 0x00, 0x04,
        ],
        globals: &[],
        second: &[],
    },
    EncodedCase {
        name: "count-8-reuse-reference-8",
        first_shift: false,
        second_shift: false,
        data: &[
            0x00, 0x00, 0x00, 0x01, 0x30, 0x01, 0x01, 0x00, 0x00, 0x00, 0x13, 0x00, 0x00, 0x00,
            0x09, 0x00, 0x00, 0x00, 0x07, 0x00, 0x00, 0x00, 0x00, 0x00, 0x00, 0x00, 0x00, 0x63,
            0x00, 0x00, 0x00, 0x00, 0x00, 0x02, 0x00, 0x01, 0x01, 0x00, 0x00, 0x00, 0x1e, 0x00,
            0x01, 0x00, 0x00, 0x00, 0x01, 0x00, 0x00, 0x00, 0x01, 0xe7, 0xdb, 0xf0, 0x00, 0x95,
            0x00, 0x4a, 0x80, 0x4c, 0x80, 0xc3, 0x80, 0x00, 0x00, 0x1c, 0x00, 0x93, 0x00, 0x00,
            0x40, 0x00, 0x00, 0x00, 0x03, 0x00, 0x01, 0x01, 0x00, 0x00, 0x00, 0x1e, 0x00, 0x01,
            0x00, 0x00, 0x00, 0x01, 0x00, 0x00, 0x00, 0x01, 0xe7, 0xdb, 0xf0, 0x00, 0x95, 0x00,
            0x4a, 0x80, 0x4c, 0x80, 0xc3, 0x80, 0x00, 0x00, 0x1c, 0x00, 0x93, 0x00, 0x00, 0x40,
            0x00, 0x00, 0x00, 0x04, 0x00, 0x01, 0x01, 0x00, 0x00, 0x00, 0x1e, 0x00, 0x01, 0x00,
            0x00, 0x00, 0x01, 0x00, 0x00, 0x00, 0x01, 0xe7, 0xdb, 0xf0, 0x00, 0x95, 0x00, 0x4a,
            0x80, 0x4c, 0x80, 0xc3, 0x80, 0x00, 0x00, 0x1c, 0x00, 0x93, 0x00, 0x00, 0x40, 0x00,
            0x00, 0x00, 0x05, 0x00, 0x01, 0x01, 0x00, 0x00, 0x00, 0x1e, 0x00, 0x01, 0x00, 0x00,
            0x00, 0x01, 0x00, 0x00, 0x00, 0x01, 0xe7, 0xdb, 0xf0, 0x00, 0x95, 0x00, 0x4a, 0x80,
            0x4c, 0x80, 0xc3, 0x80, 0x00, 0x00, 0x1c, 0x00, 0x93, 0x00, 0x00, 0x40, 0x00, 0x00,
            0x00, 0x06, 0x00, 0x01, 0x01, 0x00, 0x00, 0x00, 0x1e, 0x00, 0x01, 0x00, 0x00, 0x00,
            0x01, 0x00, 0x00, 0x00, 0x01, 0xe7, 0xdb, 0xf0, 0x00, 0x95, 0x00, 0x4a, 0x80, 0x4c,
            0x80, 0xc3, 0x80, 0x00, 0x00, 0x1c, 0x00, 0x93, 0x00, 0x00, 0x40, 0x00, 0x00, 0x00,
            0x07, 0x00, 0x01, 0x01, 0x00, 0x00, 0x00, 0x1e, 0x00, 0x01, 0x00, 0x00, 0x00, 0x01,
            0x00, 0x00, 0x00, 0x01, 0xe7, 0xdb, 0xf0, 0x00, 0x95, 0x00, 0x4a, 0x80, 0x4c, 0x80,
            0xc3, 0x80, 0x00, 0x00, 0x1c, 0x00, 0x93, 0x00, 0x00, 0x40, 0x00, 0x00, 0x00, 0x08,
            0x00, 0x01, 0x01, 0x00, 0x00, 0x00, 0x1e, 0x00, 0x01, 0x00, 0x00, 0x00, 0x01, 0x00,
            0x00, 0x00, 0x01, 0xe7, 0xdb, 0xf0, 0x00, 0x95, 0x00, 0x4a, 0x80, 0x4c, 0x80, 0xc3,
            0x80, 0x00, 0x00, 0x1c, 0x00, 0x93, 0x00, 0x00, 0x40, 0x00, 0x00, 0x00, 0x09, 0x00,
            0x01, 0x01, 0x00, 0x00, 0x00, 0x1e, 0x00, 0x01, 0x00, 0x00, 0x00, 0x01, 0x00, 0x00,
            0x00, 0x01, 0xe7, 0xdb, 0xf0, 0x00, 0x95, 0x00, 0x4a, 0x80, 0x4c, 0x80, 0xc3, 0x80,
            0x00, 0x00, 0x1c, 0x00, 0x93, 0x00, 0x00, 0x40, 0x00, 0x00, 0x00, 0x64, 0x3e, 0xe0,
            0x00, 0x00, 0x08, 0xfe, 0x00, 0x02, 0x03, 0x04, 0x05, 0x06, 0x07, 0x08, 0x09, 0x01,
            0x00, 0x00, 0x00, 0x09, 0x20, 0x00, 0x00, 0x00, 0x52, 0x00, 0x50, 0x00, 0x00, 0x00,
            0x00, 0x00, 0x65, 0x07, 0x20, 0x09, 0x01, 0x00, 0x00, 0x00, 0x2d, 0x00, 0x00, 0x00,
            0x09, 0x00, 0x00, 0x00, 0x07, 0x00, 0x00, 0x00, 0x00, 0x00, 0x00, 0x00, 0x00, 0x04,
            0x00, 0x11, 0x00, 0x00, 0x00, 0x00, 0x00, 0x01, 0x01, 0x00, 0x00, 0x00, 0x00, 0x00,
            0x00, 0x00, 0x00, 0x00, 0x00, 0x00, 0x00, 0x00, 0x00, 0x00, 0x00, 0x00, 0x00, 0x04,
        ],
        globals: &[],
        second: &[],
    },
    EncodedCase {
        name: "count-9-reuse-reference-1",
        first_shift: false,
        second_shift: false,
        data: &[
            0x00, 0x00, 0x00, 0x01, 0x30, 0x01, 0x01, 0x00, 0x00, 0x00, 0x13, 0x00, 0x00, 0x00,
            0x09, 0x00, 0x00, 0x00, 0x07, 0x00, 0x00, 0x00, 0x00, 0x00, 0x00, 0x00, 0x00, 0x63,
            0x00, 0x00, 0x00, 0x00, 0x00, 0x02, 0x00, 0x01, 0x01, 0x00, 0x00, 0x00, 0x1e, 0x00,
            0x01, 0x00, 0x00, 0x00, 0x01, 0x00, 0x00, 0x00, 0x01, 0xe7, 0xdb, 0xf0, 0x00, 0x95,
            0x00, 0x4a, 0x80, 0x4c, 0x80, 0xc3, 0x80, 0x00, 0x00, 0x1c, 0x00, 0x93, 0x00, 0x00,
            0x40, 0x00, 0x00, 0x00, 0x03, 0x00, 0x01, 0x01, 0x00, 0x00, 0x00, 0x1e, 0x00, 0x01,
            0x00, 0x00, 0x00, 0x01, 0x00, 0x00, 0x00, 0x01, 0xe7, 0xdb, 0xf0, 0x00, 0x95, 0x00,
            0x4a, 0x80, 0x4c, 0x80, 0xc3, 0x80, 0x00, 0x00, 0x1c, 0x00, 0x93, 0x00, 0x00, 0x40,
            0x00, 0x00, 0x00, 0x04, 0x00, 0x01, 0x01, 0x00, 0x00, 0x00, 0x1e, 0x00, 0x01, 0x00,
            0x00, 0x00, 0x01, 0x00, 0x00, 0x00, 0x01, 0xe7, 0xdb, 0xf0, 0x00, 0x95, 0x00, 0x4a,
            0x80, 0x4c, 0x80, 0xc3, 0x80, 0x00, 0x00, 0x1c, 0x00, 0x93, 0x00, 0x00, 0x40, 0x00,
            0x00, 0x00, 0x05, 0x00, 0x01, 0x01, 0x00, 0x00, 0x00, 0x1e, 0x00, 0x01, 0x00, 0x00,
            0x00, 0x01, 0x00, 0x00, 0x00, 0x01, 0xe7, 0xdb, 0xf0, 0x00, 0x95, 0x00, 0x4a, 0x80,
            0x4c, 0x80, 0xc3, 0x80, 0x00, 0x00, 0x1c, 0x00, 0x93, 0x00, 0x00, 0x40, 0x00, 0x00,
            0x00, 0x06, 0x00, 0x01, 0x01, 0x00, 0x00, 0x00, 0x1e, 0x00, 0x01, 0x00, 0x00, 0x00,
            0x01, 0x00, 0x00, 0x00, 0x01, 0xe7, 0xdb, 0xf0, 0x00, 0x95, 0x00, 0x4a, 0x80, 0x4c,
            0x80, 0xc3, 0x80, 0x00, 0x00, 0x1c, 0x00, 0x93, 0x00, 0x00, 0x40, 0x00, 0x00, 0x00,
            0x07, 0x00, 0x01, 0x01, 0x00, 0x00, 0x00, 0x1e, 0x00, 0x01, 0x00, 0x00, 0x00, 0x01,
            0x00, 0x00, 0x00, 0x01, 0xe7, 0xdb, 0xf0, 0x00, 0x95, 0x00, 0x4a, 0x80, 0x4c, 0x80,
            0xc3, 0x80, 0x00, 0x00, 0x1c, 0x00, 0x93, 0x00, 0x00, 0x40, 0x00, 0x00, 0x00, 0x08,
            0x00, 0x01, 0x01, 0x00, 0x00, 0x00, 0x1e, 0x00, 0x01, 0x00, 0x00, 0x00, 0x01, 0x00,
            0x00, 0x00, 0x01, 0xe7, 0xdb, 0xf0, 0x00, 0x95, 0x00, 0x4a, 0x80, 0x4c, 0x80, 0xc3,
            0x80, 0x00, 0x00, 0x1c, 0x00, 0x93, 0x00, 0x00, 0x40, 0x00, 0x00, 0x00, 0x09, 0x00,
            0x01, 0x01, 0x00, 0x00, 0x00, 0x1e, 0x00, 0x01, 0x00, 0x00, 0x00, 0x01, 0x00, 0x00,
            0x00, 0x01, 0xe7, 0xdb, 0xf0, 0x00, 0x95, 0x00, 0x4a, 0x80, 0x4c, 0x80, 0xc3, 0x80,
            0x00, 0x00, 0x1c, 0x00, 0x93, 0x00, 0x00, 0x40, 0x00, 0x00, 0x00, 0x0a, 0x00, 0x01,
            0x01, 0x00, 0x00, 0x00, 0x1e, 0x00, 0x01, 0x00, 0x00, 0x00, 0x01, 0x00, 0x00, 0x00,
            0x01, 0xe7, 0xdb, 0xf0, 0x00, 0x95, 0x00, 0x4a, 0x80, 0x4c, 0x80, 0xc3, 0x80, 0x00,
            0x00, 0x1c, 0x00, 0x93, 0x00, 0x00, 0x40, 0x00, 0x00, 0x00, 0x64, 0x3e, 0xe0, 0x00,
            0x00, 0x09, 0xfc, 0x03, 0x02, 0x03, 0x04, 0x05, 0x06, 0x07, 0x08, 0x09, 0x0a, 0x01,
            0x00, 0x00, 0x00, 0x09, 0x20, 0x00, 0x00, 0x00, 0x52, 0x00, 0x50, 0x00, 0x00, 0x00,
            0x00, 0x00, 0x65, 0x07, 0x20, 0x02, 0x01, 0x00, 0x00, 0x00, 0x2d, 0x00, 0x00, 0x00,
            0x09, 0x00, 0x00, 0x00, 0x07, 0x00, 0x00, 0x00, 0x00, 0x00, 0x00, 0x00, 0x00, 0x04,
            0x00, 0x11, 0x00, 0x00, 0x00, 0x00, 0x00, 0x01, 0x01, 0x00, 0x00, 0x00, 0x00, 0x00,
            0x00, 0x00, 0x00, 0x00, 0x00, 0x00, 0x00, 0x00, 0x00, 0x00, 0x00, 0x00, 0x00, 0x04,
        ],
        globals: &[],
        second: &[],
    },
    EncodedCase {
        name: "count-9-reuse-reference-9",
        first_shift: false,
        second_shift: false,
        data: &[
            0x00, 0x00, 0x00, 0x01, 0x30, 0x01, 0x01, 0x00, 0x00, 0x00, 0x13, 0x00, 0x00, 0x00,
            0x09, 0x00, 0x00, 0x00, 0x07, 0x00, 0x00, 0x00, 0x00, 0x00, 0x00, 0x00, 0x00, 0x63,
            0x00, 0x00, 0x00, 0x00, 0x00, 0x02, 0x00, 0x01, 0x01, 0x00, 0x00, 0x00, 0x1e, 0x00,
            0x01, 0x00, 0x00, 0x00, 0x01, 0x00, 0x00, 0x00, 0x01, 0xe7, 0xdb, 0xf0, 0x00, 0x95,
            0x00, 0x4a, 0x80, 0x4c, 0x80, 0xc3, 0x80, 0x00, 0x00, 0x1c, 0x00, 0x93, 0x00, 0x00,
            0x40, 0x00, 0x00, 0x00, 0x03, 0x00, 0x01, 0x01, 0x00, 0x00, 0x00, 0x1e, 0x00, 0x01,
            0x00, 0x00, 0x00, 0x01, 0x00, 0x00, 0x00, 0x01, 0xe7, 0xdb, 0xf0, 0x00, 0x95, 0x00,
            0x4a, 0x80, 0x4c, 0x80, 0xc3, 0x80, 0x00, 0x00, 0x1c, 0x00, 0x93, 0x00, 0x00, 0x40,
            0x00, 0x00, 0x00, 0x04, 0x00, 0x01, 0x01, 0x00, 0x00, 0x00, 0x1e, 0x00, 0x01, 0x00,
            0x00, 0x00, 0x01, 0x00, 0x00, 0x00, 0x01, 0xe7, 0xdb, 0xf0, 0x00, 0x95, 0x00, 0x4a,
            0x80, 0x4c, 0x80, 0xc3, 0x80, 0x00, 0x00, 0x1c, 0x00, 0x93, 0x00, 0x00, 0x40, 0x00,
            0x00, 0x00, 0x05, 0x00, 0x01, 0x01, 0x00, 0x00, 0x00, 0x1e, 0x00, 0x01, 0x00, 0x00,
            0x00, 0x01, 0x00, 0x00, 0x00, 0x01, 0xe7, 0xdb, 0xf0, 0x00, 0x95, 0x00, 0x4a, 0x80,
            0x4c, 0x80, 0xc3, 0x80, 0x00, 0x00, 0x1c, 0x00, 0x93, 0x00, 0x00, 0x40, 0x00, 0x00,
            0x00, 0x06, 0x00, 0x01, 0x01, 0x00, 0x00, 0x00, 0x1e, 0x00, 0x01, 0x00, 0x00, 0x00,
            0x01, 0x00, 0x00, 0x00, 0x01, 0xe7, 0xdb, 0xf0, 0x00, 0x95, 0x00, 0x4a, 0x80, 0x4c,
            0x80, 0xc3, 0x80, 0x00, 0x00, 0x1c, 0x00, 0x93, 0x00, 0x00, 0x40, 0x00, 0x00, 0x00,
            0x07, 0x00, 0x01, 0x01, 0x00, 0x00, 0x00, 0x1e, 0x00, 0x01, 0x00, 0x00, 0x00, 0x01,
            0x00, 0x00, 0x00, 0x01, 0xe7, 0xdb, 0xf0, 0x00, 0x95, 0x00, 0x4a, 0x80, 0x4c, 0x80,
            0xc3, 0x80, 0x00, 0x00, 0x1c, 0x00, 0x93, 0x00, 0x00, 0x40, 0x00, 0x00, 0x00, 0x08,
            0x00, 0x01, 0x01, 0x00, 0x00, 0x00, 0x1e, 0x00, 0x01, 0x00, 0x00, 0x00, 0x01, 0x00,
            0x00, 0x00, 0x01, 0xe7, 0xdb, 0xf0, 0x00, 0x95, 0x00, 0x4a, 0x80, 0x4c, 0x80, 0xc3,
            0x80, 0x00, 0x00, 0x1c, 0x00, 0x93, 0x00, 0x00, 0x40, 0x00, 0x00, 0x00, 0x09, 0x00,
            0x01, 0x01, 0x00, 0x00, 0x00, 0x1e, 0x00, 0x01, 0x00, 0x00, 0x00, 0x01, 0x00, 0x00,
            0x00, 0x01, 0xe7, 0xdb, 0xf0, 0x00, 0x95, 0x00, 0x4a, 0x80, 0x4c, 0x80, 0xc3, 0x80,
            0x00, 0x00, 0x1c, 0x00, 0x93, 0x00, 0x00, 0x40, 0x00, 0x00, 0x00, 0x0a, 0x00, 0x01,
            0x01, 0x00, 0x00, 0x00, 0x1e, 0x00, 0x01, 0x00, 0x00, 0x00, 0x01, 0x00, 0x00, 0x00,
            0x01, 0xe7, 0xdb, 0xf0, 0x00, 0x95, 0x00, 0x4a, 0x80, 0x4c, 0x80, 0xc3, 0x80, 0x00,
            0x00, 0x1c, 0x00, 0x93, 0x00, 0x00, 0x40, 0x00, 0x00, 0x00, 0x64, 0x3e, 0xe0, 0x00,
            0x00, 0x09, 0xfe, 0x01, 0x02, 0x03, 0x04, 0x05, 0x06, 0x07, 0x08, 0x09, 0x0a, 0x01,
            0x00, 0x00, 0x00, 0x09, 0x20, 0x00, 0x00, 0x00, 0x52, 0x00, 0x50, 0x00, 0x00, 0x00,
            0x00, 0x00, 0x65, 0x07, 0x20, 0x0a, 0x01, 0x00, 0x00, 0x00, 0x2d, 0x00, 0x00, 0x00,
            0x09, 0x00, 0x00, 0x00, 0x07, 0x00, 0x00, 0x00, 0x00, 0x00, 0x00, 0x00, 0x00, 0x04,
            0x00, 0x11, 0x00, 0x00, 0x00, 0x00, 0x00, 0x01, 0x01, 0x00, 0x00, 0x00, 0x00, 0x00,
            0x00, 0x00, 0x00, 0x00, 0x00, 0x00, 0x00, 0x00, 0x00, 0x00, 0x00, 0x00, 0x00, 0x04,
        ],
        globals: &[],
        second: &[],
    },
    EncodedCase {
        name: "count-15-reuse-reference-1",
        first_shift: false,
        second_shift: false,
        data: &[
            0x00, 0x00, 0x00, 0x01, 0x30, 0x01, 0x01, 0x00, 0x00, 0x00, 0x13, 0x00, 0x00, 0x00,
            0x09, 0x00, 0x00, 0x00, 0x07, 0x00, 0x00, 0x00, 0x00, 0x00, 0x00, 0x00, 0x00, 0x63,
            0x00, 0x00, 0x00, 0x00, 0x00, 0x02, 0x00, 0x01, 0x01, 0x00, 0x00, 0x00, 0x1e, 0x00,
            0x01, 0x00, 0x00, 0x00, 0x01, 0x00, 0x00, 0x00, 0x01, 0xe7, 0xdb, 0xf0, 0x00, 0x95,
            0x00, 0x4a, 0x80, 0x4c, 0x80, 0xc3, 0x80, 0x00, 0x00, 0x1c, 0x00, 0x93, 0x00, 0x00,
            0x40, 0x00, 0x00, 0x00, 0x03, 0x00, 0x01, 0x01, 0x00, 0x00, 0x00, 0x1e, 0x00, 0x01,
            0x00, 0x00, 0x00, 0x01, 0x00, 0x00, 0x00, 0x01, 0xe7, 0xdb, 0xf0, 0x00, 0x95, 0x00,
            0x4a, 0x80, 0x4c, 0x80, 0xc3, 0x80, 0x00, 0x00, 0x1c, 0x00, 0x93, 0x00, 0x00, 0x40,
            0x00, 0x00, 0x00, 0x04, 0x00, 0x01, 0x01, 0x00, 0x00, 0x00, 0x1e, 0x00, 0x01, 0x00,
            0x00, 0x00, 0x01, 0x00, 0x00, 0x00, 0x01, 0xe7, 0xdb, 0xf0, 0x00, 0x95, 0x00, 0x4a,
            0x80, 0x4c, 0x80, 0xc3, 0x80, 0x00, 0x00, 0x1c, 0x00, 0x93, 0x00, 0x00, 0x40, 0x00,
            0x00, 0x00, 0x05, 0x00, 0x01, 0x01, 0x00, 0x00, 0x00, 0x1e, 0x00, 0x01, 0x00, 0x00,
            0x00, 0x01, 0x00, 0x00, 0x00, 0x01, 0xe7, 0xdb, 0xf0, 0x00, 0x95, 0x00, 0x4a, 0x80,
            0x4c, 0x80, 0xc3, 0x80, 0x00, 0x00, 0x1c, 0x00, 0x93, 0x00, 0x00, 0x40, 0x00, 0x00,
            0x00, 0x06, 0x00, 0x01, 0x01, 0x00, 0x00, 0x00, 0x1e, 0x00, 0x01, 0x00, 0x00, 0x00,
            0x01, 0x00, 0x00, 0x00, 0x01, 0xe7, 0xdb, 0xf0, 0x00, 0x95, 0x00, 0x4a, 0x80, 0x4c,
            0x80, 0xc3, 0x80, 0x00, 0x00, 0x1c, 0x00, 0x93, 0x00, 0x00, 0x40, 0x00, 0x00, 0x00,
            0x07, 0x00, 0x01, 0x01, 0x00, 0x00, 0x00, 0x1e, 0x00, 0x01, 0x00, 0x00, 0x00, 0x01,
            0x00, 0x00, 0x00, 0x01, 0xe7, 0xdb, 0xf0, 0x00, 0x95, 0x00, 0x4a, 0x80, 0x4c, 0x80,
            0xc3, 0x80, 0x00, 0x00, 0x1c, 0x00, 0x93, 0x00, 0x00, 0x40, 0x00, 0x00, 0x00, 0x08,
            0x00, 0x01, 0x01, 0x00, 0x00, 0x00, 0x1e, 0x00, 0x01, 0x00, 0x00, 0x00, 0x01, 0x00,
            0x00, 0x00, 0x01, 0xe7, 0xdb, 0xf0, 0x00, 0x95, 0x00, 0x4a, 0x80, 0x4c, 0x80, 0xc3,
            0x80, 0x00, 0x00, 0x1c, 0x00, 0x93, 0x00, 0x00, 0x40, 0x00, 0x00, 0x00, 0x09, 0x00,
            0x01, 0x01, 0x00, 0x00, 0x00, 0x1e, 0x00, 0x01, 0x00, 0x00, 0x00, 0x01, 0x00, 0x00,
            0x00, 0x01, 0xe7, 0xdb, 0xf0, 0x00, 0x95, 0x00, 0x4a, 0x80, 0x4c, 0x80, 0xc3, 0x80,
            0x00, 0x00, 0x1c, 0x00, 0x93, 0x00, 0x00, 0x40, 0x00, 0x00, 0x00, 0x0a, 0x00, 0x01,
            0x01, 0x00, 0x00, 0x00, 0x1e, 0x00, 0x01, 0x00, 0x00, 0x00, 0x01, 0x00, 0x00, 0x00,
            0x01, 0xe7, 0xdb, 0xf0, 0x00, 0x95, 0x00, 0x4a, 0x80, 0x4c, 0x80, 0xc3, 0x80, 0x00,
            0x00, 0x1c, 0x00, 0x93, 0x00, 0x00, 0x40, 0x00, 0x00, 0x00, 0x0b, 0x00, 0x01, 0x01,
            0x00, 0x00, 0x00, 0x1e, 0x00, 0x01, 0x00, 0x00, 0x00, 0x01, 0x00, 0x00, 0x00, 0x01,
            0xe7, 0xdb, 0xf0, 0x00, 0x95, 0x00, 0x4a, 0x80, 0x4c, 0x80, 0xc3, 0x80, 0x00, 0x00,
            0x1c, 0x00, 0x93, 0x00, 0x00, 0x40, 0x00, 0x00, 0x00, 0x0c, 0x00, 0x01, 0x01, 0x00,
            0x00, 0x00, 0x1e, 0x00, 0x01, 0x00, 0x00, 0x00, 0x01, 0x00, 0x00, 0x00, 0x01, 0xe7,
            0xdb, 0xf0, 0x00, 0x95, 0x00, 0x4a, 0x80, 0x4c, 0x80, 0xc3, 0x80, 0x00, 0x00, 0x1c,
            0x00, 0x93, 0x00, 0x00, 0x40, 0x00, 0x00, 0x00, 0x0d, 0x00, 0x01, 0x01, 0x00, 0x00,
            0x00, 0x1e, 0x00, 0x01, 0x00, 0x00, 0x00, 0x01, 0x00, 0x00, 0x00, 0x01, 0xe7, 0xdb,
            0xf0, 0x00, 0x95, 0x00, 0x4a, 0x80, 0x4c, 0x80, 0xc3, 0x80, 0x00, 0x00, 0x1c, 0x00,
            0x93, 0x00, 0x00, 0x40, 0x00, 0x00, 0x00, 0x0e, 0x00, 0x01, 0x01, 0x00, 0x00, 0x00,
            0x1e, 0x00, 0x01, 0x00, 0x00, 0x00, 0x01, 0x00, 0x00, 0x00, 0x01, 0xe7, 0xdb, 0xf0,
            0x00, 0x95, 0x00, 0x4a, 0x80, 0x4c, 0x80, 0xc3, 0x80, 0x00, 0x00, 0x1c, 0x00, 0x93,
            0x00, 0x00, 0x40, 0x00, 0x00, 0x00, 0x0f, 0x00, 0x01, 0x01, 0x00, 0x00, 0x00, 0x1e,
            0x00, 0x01, 0x00, 0x00, 0x00, 0x01, 0x00, 0x00, 0x00, 0x01, 0xe7, 0xdb, 0xf0, 0x00,
            0x95, 0x00, 0x4a, 0x80, 0x4c, 0x80, 0xc3, 0x80, 0x00, 0x00, 0x1c, 0x00, 0x93, 0x00,
            0x00, 0x40, 0x00, 0x00, 0x00, 0x10, 0x00, 0x01, 0x01, 0x00, 0x00, 0x00, 0x1e, 0x00,
            0x01, 0x00, 0x00, 0x00, 0x01, 0x00, 0x00, 0x00, 0x01, 0xe7, 0xdb, 0xf0, 0x00, 0x95,
            0x00, 0x4a, 0x80, 0x4c, 0x80, 0xc3, 0x80, 0x00, 0x00, 0x1c, 0x00, 0x93, 0x00, 0x00,
            0x40, 0x00, 0x00, 0x00, 0x64, 0x3e, 0xe0, 0x00, 0x00, 0x0f, 0xfc, 0xff, 0x02, 0x03,
            0x04, 0x05, 0x06, 0x07, 0x08, 0x09, 0x0a, 0x0b, 0x0c, 0x0d, 0x0e, 0x0f, 0x10, 0x01,
            0x00, 0x00, 0x00, 0x09, 0x20, 0x00, 0x00, 0x00, 0x52, 0x00, 0x50, 0x00, 0x00, 0x00,
            0x00, 0x00, 0x65, 0x07, 0x20, 0x02, 0x01, 0x00, 0x00, 0x00, 0x2d, 0x00, 0x00, 0x00,
            0x09, 0x00, 0x00, 0x00, 0x07, 0x00, 0x00, 0x00, 0x00, 0x00, 0x00, 0x00, 0x00, 0x04,
            0x00, 0x11, 0x00, 0x00, 0x00, 0x00, 0x00, 0x01, 0x01, 0x00, 0x00, 0x00, 0x00, 0x00,
            0x00, 0x00, 0x00, 0x00, 0x00, 0x00, 0x00, 0x00, 0x00, 0x00, 0x00, 0x00, 0x00, 0x04,
        ],
        globals: &[],
        second: &[],
    },
    EncodedCase {
        name: "count-15-reuse-reference-15",
        first_shift: false,
        second_shift: false,
        data: &[
            0x00, 0x00, 0x00, 0x01, 0x30, 0x01, 0x01, 0x00, 0x00, 0x00, 0x13, 0x00, 0x00, 0x00,
            0x09, 0x00, 0x00, 0x00, 0x07, 0x00, 0x00, 0x00, 0x00, 0x00, 0x00, 0x00, 0x00, 0x63,
            0x00, 0x00, 0x00, 0x00, 0x00, 0x02, 0x00, 0x01, 0x01, 0x00, 0x00, 0x00, 0x1e, 0x00,
            0x01, 0x00, 0x00, 0x00, 0x01, 0x00, 0x00, 0x00, 0x01, 0xe7, 0xdb, 0xf0, 0x00, 0x95,
            0x00, 0x4a, 0x80, 0x4c, 0x80, 0xc3, 0x80, 0x00, 0x00, 0x1c, 0x00, 0x93, 0x00, 0x00,
            0x40, 0x00, 0x00, 0x00, 0x03, 0x00, 0x01, 0x01, 0x00, 0x00, 0x00, 0x1e, 0x00, 0x01,
            0x00, 0x00, 0x00, 0x01, 0x00, 0x00, 0x00, 0x01, 0xe7, 0xdb, 0xf0, 0x00, 0x95, 0x00,
            0x4a, 0x80, 0x4c, 0x80, 0xc3, 0x80, 0x00, 0x00, 0x1c, 0x00, 0x93, 0x00, 0x00, 0x40,
            0x00, 0x00, 0x00, 0x04, 0x00, 0x01, 0x01, 0x00, 0x00, 0x00, 0x1e, 0x00, 0x01, 0x00,
            0x00, 0x00, 0x01, 0x00, 0x00, 0x00, 0x01, 0xe7, 0xdb, 0xf0, 0x00, 0x95, 0x00, 0x4a,
            0x80, 0x4c, 0x80, 0xc3, 0x80, 0x00, 0x00, 0x1c, 0x00, 0x93, 0x00, 0x00, 0x40, 0x00,
            0x00, 0x00, 0x05, 0x00, 0x01, 0x01, 0x00, 0x00, 0x00, 0x1e, 0x00, 0x01, 0x00, 0x00,
            0x00, 0x01, 0x00, 0x00, 0x00, 0x01, 0xe7, 0xdb, 0xf0, 0x00, 0x95, 0x00, 0x4a, 0x80,
            0x4c, 0x80, 0xc3, 0x80, 0x00, 0x00, 0x1c, 0x00, 0x93, 0x00, 0x00, 0x40, 0x00, 0x00,
            0x00, 0x06, 0x00, 0x01, 0x01, 0x00, 0x00, 0x00, 0x1e, 0x00, 0x01, 0x00, 0x00, 0x00,
            0x01, 0x00, 0x00, 0x00, 0x01, 0xe7, 0xdb, 0xf0, 0x00, 0x95, 0x00, 0x4a, 0x80, 0x4c,
            0x80, 0xc3, 0x80, 0x00, 0x00, 0x1c, 0x00, 0x93, 0x00, 0x00, 0x40, 0x00, 0x00, 0x00,
            0x07, 0x00, 0x01, 0x01, 0x00, 0x00, 0x00, 0x1e, 0x00, 0x01, 0x00, 0x00, 0x00, 0x01,
            0x00, 0x00, 0x00, 0x01, 0xe7, 0xdb, 0xf0, 0x00, 0x95, 0x00, 0x4a, 0x80, 0x4c, 0x80,
            0xc3, 0x80, 0x00, 0x00, 0x1c, 0x00, 0x93, 0x00, 0x00, 0x40, 0x00, 0x00, 0x00, 0x08,
            0x00, 0x01, 0x01, 0x00, 0x00, 0x00, 0x1e, 0x00, 0x01, 0x00, 0x00, 0x00, 0x01, 0x00,
            0x00, 0x00, 0x01, 0xe7, 0xdb, 0xf0, 0x00, 0x95, 0x00, 0x4a, 0x80, 0x4c, 0x80, 0xc3,
            0x80, 0x00, 0x00, 0x1c, 0x00, 0x93, 0x00, 0x00, 0x40, 0x00, 0x00, 0x00, 0x09, 0x00,
            0x01, 0x01, 0x00, 0x00, 0x00, 0x1e, 0x00, 0x01, 0x00, 0x00, 0x00, 0x01, 0x00, 0x00,
            0x00, 0x01, 0xe7, 0xdb, 0xf0, 0x00, 0x95, 0x00, 0x4a, 0x80, 0x4c, 0x80, 0xc3, 0x80,
            0x00, 0x00, 0x1c, 0x00, 0x93, 0x00, 0x00, 0x40, 0x00, 0x00, 0x00, 0x0a, 0x00, 0x01,
            0x01, 0x00, 0x00, 0x00, 0x1e, 0x00, 0x01, 0x00, 0x00, 0x00, 0x01, 0x00, 0x00, 0x00,
            0x01, 0xe7, 0xdb, 0xf0, 0x00, 0x95, 0x00, 0x4a, 0x80, 0x4c, 0x80, 0xc3, 0x80, 0x00,
            0x00, 0x1c, 0x00, 0x93, 0x00, 0x00, 0x40, 0x00, 0x00, 0x00, 0x0b, 0x00, 0x01, 0x01,
            0x00, 0x00, 0x00, 0x1e, 0x00, 0x01, 0x00, 0x00, 0x00, 0x01, 0x00, 0x00, 0x00, 0x01,
            0xe7, 0xdb, 0xf0, 0x00, 0x95, 0x00, 0x4a, 0x80, 0x4c, 0x80, 0xc3, 0x80, 0x00, 0x00,
            0x1c, 0x00, 0x93, 0x00, 0x00, 0x40, 0x00, 0x00, 0x00, 0x0c, 0x00, 0x01, 0x01, 0x00,
            0x00, 0x00, 0x1e, 0x00, 0x01, 0x00, 0x00, 0x00, 0x01, 0x00, 0x00, 0x00, 0x01, 0xe7,
            0xdb, 0xf0, 0x00, 0x95, 0x00, 0x4a, 0x80, 0x4c, 0x80, 0xc3, 0x80, 0x00, 0x00, 0x1c,
            0x00, 0x93, 0x00, 0x00, 0x40, 0x00, 0x00, 0x00, 0x0d, 0x00, 0x01, 0x01, 0x00, 0x00,
            0x00, 0x1e, 0x00, 0x01, 0x00, 0x00, 0x00, 0x01, 0x00, 0x00, 0x00, 0x01, 0xe7, 0xdb,
            0xf0, 0x00, 0x95, 0x00, 0x4a, 0x80, 0x4c, 0x80, 0xc3, 0x80, 0x00, 0x00, 0x1c, 0x00,
            0x93, 0x00, 0x00, 0x40, 0x00, 0x00, 0x00, 0x0e, 0x00, 0x01, 0x01, 0x00, 0x00, 0x00,
            0x1e, 0x00, 0x01, 0x00, 0x00, 0x00, 0x01, 0x00, 0x00, 0x00, 0x01, 0xe7, 0xdb, 0xf0,
            0x00, 0x95, 0x00, 0x4a, 0x80, 0x4c, 0x80, 0xc3, 0x80, 0x00, 0x00, 0x1c, 0x00, 0x93,
            0x00, 0x00, 0x40, 0x00, 0x00, 0x00, 0x0f, 0x00, 0x01, 0x01, 0x00, 0x00, 0x00, 0x1e,
            0x00, 0x01, 0x00, 0x00, 0x00, 0x01, 0x00, 0x00, 0x00, 0x01, 0xe7, 0xdb, 0xf0, 0x00,
            0x95, 0x00, 0x4a, 0x80, 0x4c, 0x80, 0xc3, 0x80, 0x00, 0x00, 0x1c, 0x00, 0x93, 0x00,
            0x00, 0x40, 0x00, 0x00, 0x00, 0x10, 0x00, 0x01, 0x01, 0x00, 0x00, 0x00, 0x1e, 0x00,
            0x01, 0x00, 0x00, 0x00, 0x01, 0x00, 0x00, 0x00, 0x01, 0xe7, 0xdb, 0xf0, 0x00, 0x95,
            0x00, 0x4a, 0x80, 0x4c, 0x80, 0xc3, 0x80, 0x00, 0x00, 0x1c, 0x00, 0x93, 0x00, 0x00,
            0x40, 0x00, 0x00, 0x00, 0x64, 0x3e, 0xe0, 0x00, 0x00, 0x0f, 0xfe, 0x7f, 0x02, 0x03,
            0x04, 0x05, 0x06, 0x07, 0x08, 0x09, 0x0a, 0x0b, 0x0c, 0x0d, 0x0e, 0x0f, 0x10, 0x01,
            0x00, 0x00, 0x00, 0x09, 0x20, 0x00, 0x00, 0x00, 0x52, 0x00, 0x50, 0x00, 0x00, 0x00,
            0x00, 0x00, 0x65, 0x07, 0x20, 0x10, 0x01, 0x00, 0x00, 0x00, 0x2d, 0x00, 0x00, 0x00,
            0x09, 0x00, 0x00, 0x00, 0x07, 0x00, 0x00, 0x00, 0x00, 0x00, 0x00, 0x00, 0x00, 0x04,
            0x00, 0x11, 0x00, 0x00, 0x00, 0x00, 0x00, 0x01, 0x01, 0x00, 0x00, 0x00, 0x00, 0x00,
            0x00, 0x00, 0x00, 0x00, 0x00, 0x00, 0x00, 0x00, 0x00, 0x00, 0x00, 0x00, 0x00, 0x04,
        ],
        globals: &[],
        second: &[],
    },
    EncodedCase {
        name: "count-16-reuse-reference-1",
        first_shift: false,
        second_shift: false,
        data: &[
            0x00, 0x00, 0x00, 0x01, 0x30, 0x01, 0x01, 0x00, 0x00, 0x00, 0x13, 0x00, 0x00, 0x00,
            0x09, 0x00, 0x00, 0x00, 0x07, 0x00, 0x00, 0x00, 0x00, 0x00, 0x00, 0x00, 0x00, 0x63,
            0x00, 0x00, 0x00, 0x00, 0x00, 0x02, 0x00, 0x01, 0x01, 0x00, 0x00, 0x00, 0x1e, 0x00,
            0x01, 0x00, 0x00, 0x00, 0x01, 0x00, 0x00, 0x00, 0x01, 0xe7, 0xdb, 0xf0, 0x00, 0x95,
            0x00, 0x4a, 0x80, 0x4c, 0x80, 0xc3, 0x80, 0x00, 0x00, 0x1c, 0x00, 0x93, 0x00, 0x00,
            0x40, 0x00, 0x00, 0x00, 0x03, 0x00, 0x01, 0x01, 0x00, 0x00, 0x00, 0x1e, 0x00, 0x01,
            0x00, 0x00, 0x00, 0x01, 0x00, 0x00, 0x00, 0x01, 0xe7, 0xdb, 0xf0, 0x00, 0x95, 0x00,
            0x4a, 0x80, 0x4c, 0x80, 0xc3, 0x80, 0x00, 0x00, 0x1c, 0x00, 0x93, 0x00, 0x00, 0x40,
            0x00, 0x00, 0x00, 0x04, 0x00, 0x01, 0x01, 0x00, 0x00, 0x00, 0x1e, 0x00, 0x01, 0x00,
            0x00, 0x00, 0x01, 0x00, 0x00, 0x00, 0x01, 0xe7, 0xdb, 0xf0, 0x00, 0x95, 0x00, 0x4a,
            0x80, 0x4c, 0x80, 0xc3, 0x80, 0x00, 0x00, 0x1c, 0x00, 0x93, 0x00, 0x00, 0x40, 0x00,
            0x00, 0x00, 0x05, 0x00, 0x01, 0x01, 0x00, 0x00, 0x00, 0x1e, 0x00, 0x01, 0x00, 0x00,
            0x00, 0x01, 0x00, 0x00, 0x00, 0x01, 0xe7, 0xdb, 0xf0, 0x00, 0x95, 0x00, 0x4a, 0x80,
            0x4c, 0x80, 0xc3, 0x80, 0x00, 0x00, 0x1c, 0x00, 0x93, 0x00, 0x00, 0x40, 0x00, 0x00,
            0x00, 0x06, 0x00, 0x01, 0x01, 0x00, 0x00, 0x00, 0x1e, 0x00, 0x01, 0x00, 0x00, 0x00,
            0x01, 0x00, 0x00, 0x00, 0x01, 0xe7, 0xdb, 0xf0, 0x00, 0x95, 0x00, 0x4a, 0x80, 0x4c,
            0x80, 0xc3, 0x80, 0x00, 0x00, 0x1c, 0x00, 0x93, 0x00, 0x00, 0x40, 0x00, 0x00, 0x00,
            0x07, 0x00, 0x01, 0x01, 0x00, 0x00, 0x00, 0x1e, 0x00, 0x01, 0x00, 0x00, 0x00, 0x01,
            0x00, 0x00, 0x00, 0x01, 0xe7, 0xdb, 0xf0, 0x00, 0x95, 0x00, 0x4a, 0x80, 0x4c, 0x80,
            0xc3, 0x80, 0x00, 0x00, 0x1c, 0x00, 0x93, 0x00, 0x00, 0x40, 0x00, 0x00, 0x00, 0x08,
            0x00, 0x01, 0x01, 0x00, 0x00, 0x00, 0x1e, 0x00, 0x01, 0x00, 0x00, 0x00, 0x01, 0x00,
            0x00, 0x00, 0x01, 0xe7, 0xdb, 0xf0, 0x00, 0x95, 0x00, 0x4a, 0x80, 0x4c, 0x80, 0xc3,
            0x80, 0x00, 0x00, 0x1c, 0x00, 0x93, 0x00, 0x00, 0x40, 0x00, 0x00, 0x00, 0x09, 0x00,
            0x01, 0x01, 0x00, 0x00, 0x00, 0x1e, 0x00, 0x01, 0x00, 0x00, 0x00, 0x01, 0x00, 0x00,
            0x00, 0x01, 0xe7, 0xdb, 0xf0, 0x00, 0x95, 0x00, 0x4a, 0x80, 0x4c, 0x80, 0xc3, 0x80,
            0x00, 0x00, 0x1c, 0x00, 0x93, 0x00, 0x00, 0x40, 0x00, 0x00, 0x00, 0x0a, 0x00, 0x01,
            0x01, 0x00, 0x00, 0x00, 0x1e, 0x00, 0x01, 0x00, 0x00, 0x00, 0x01, 0x00, 0x00, 0x00,
            0x01, 0xe7, 0xdb, 0xf0, 0x00, 0x95, 0x00, 0x4a, 0x80, 0x4c, 0x80, 0xc3, 0x80, 0x00,
            0x00, 0x1c, 0x00, 0x93, 0x00, 0x00, 0x40, 0x00, 0x00, 0x00, 0x0b, 0x00, 0x01, 0x01,
            0x00, 0x00, 0x00, 0x1e, 0x00, 0x01, 0x00, 0x00, 0x00, 0x01, 0x00, 0x00, 0x00, 0x01,
            0xe7, 0xdb, 0xf0, 0x00, 0x95, 0x00, 0x4a, 0x80, 0x4c, 0x80, 0xc3, 0x80, 0x00, 0x00,
            0x1c, 0x00, 0x93, 0x00, 0x00, 0x40, 0x00, 0x00, 0x00, 0x0c, 0x00, 0x01, 0x01, 0x00,
            0x00, 0x00, 0x1e, 0x00, 0x01, 0x00, 0x00, 0x00, 0x01, 0x00, 0x00, 0x00, 0x01, 0xe7,
            0xdb, 0xf0, 0x00, 0x95, 0x00, 0x4a, 0x80, 0x4c, 0x80, 0xc3, 0x80, 0x00, 0x00, 0x1c,
            0x00, 0x93, 0x00, 0x00, 0x40, 0x00, 0x00, 0x00, 0x0d, 0x00, 0x01, 0x01, 0x00, 0x00,
            0x00, 0x1e, 0x00, 0x01, 0x00, 0x00, 0x00, 0x01, 0x00, 0x00, 0x00, 0x01, 0xe7, 0xdb,
            0xf0, 0x00, 0x95, 0x00, 0x4a, 0x80, 0x4c, 0x80, 0xc3, 0x80, 0x00, 0x00, 0x1c, 0x00,
            0x93, 0x00, 0x00, 0x40, 0x00, 0x00, 0x00, 0x0e, 0x00, 0x01, 0x01, 0x00, 0x00, 0x00,
            0x1e, 0x00, 0x01, 0x00, 0x00, 0x00, 0x01, 0x00, 0x00, 0x00, 0x01, 0xe7, 0xdb, 0xf0,
            0x00, 0x95, 0x00, 0x4a, 0x80, 0x4c, 0x80, 0xc3, 0x80, 0x00, 0x00, 0x1c, 0x00, 0x93,
            0x00, 0x00, 0x40, 0x00, 0x00, 0x00, 0x0f, 0x00, 0x01, 0x01, 0x00, 0x00, 0x00, 0x1e,
            0x00, 0x01, 0x00, 0x00, 0x00, 0x01, 0x00, 0x00, 0x00, 0x01, 0xe7, 0xdb, 0xf0, 0x00,
            0x95, 0x00, 0x4a, 0x80, 0x4c, 0x80, 0xc3, 0x80, 0x00, 0x00, 0x1c, 0x00, 0x93, 0x00,
            0x00, 0x40, 0x00, 0x00, 0x00, 0x10, 0x00, 0x01, 0x01, 0x00, 0x00, 0x00, 0x1e, 0x00,
            0x01, 0x00, 0x00, 0x00, 0x01, 0x00, 0x00, 0x00, 0x01, 0xe7, 0xdb, 0xf0, 0x00, 0x95,
            0x00, 0x4a, 0x80, 0x4c, 0x80, 0xc3, 0x80, 0x00, 0x00, 0x1c, 0x00, 0x93, 0x00, 0x00,
            0x40, 0x00, 0x00, 0x00, 0x11, 0x00, 0x01, 0x01, 0x00, 0x00, 0x00, 0x1e, 0x00, 0x01,
            0x00, 0x00, 0x00, 0x01, 0x00, 0x00, 0x00, 0x01, 0xe7, 0xdb, 0xf0, 0x00, 0x95, 0x00,
            0x4a, 0x80, 0x4c, 0x80, 0xc3, 0x80, 0x00, 0x00, 0x1c, 0x00, 0x93, 0x00, 0x00, 0x40,
            0x00, 0x00, 0x00, 0x64, 0x3e, 0xe0, 0x00, 0x00, 0x10, 0xfc, 0xff, 0x01, 0x02, 0x03,
            0x04, 0x05, 0x06, 0x07, 0x08, 0x09, 0x0a, 0x0b, 0x0c, 0x0d, 0x0e, 0x0f, 0x10, 0x11,
            0x01, 0x00, 0x00, 0x00, 0x09, 0x20, 0x00, 0x00, 0x00, 0x52, 0x00, 0x50, 0x00, 0x00,
            0x00, 0x00, 0x00, 0x65, 0x07, 0x20, 0x02, 0x01, 0x00, 0x00, 0x00, 0x2d, 0x00, 0x00,
            0x00, 0x09, 0x00, 0x00, 0x00, 0x07, 0x00, 0x00, 0x00, 0x00, 0x00, 0x00, 0x00, 0x00,
            0x04, 0x00, 0x11, 0x00, 0x00, 0x00, 0x00, 0x00, 0x01, 0x01, 0x00, 0x00, 0x00, 0x00,
            0x00, 0x00, 0x00, 0x00, 0x00, 0x00, 0x00, 0x00, 0x00, 0x00, 0x00, 0x00, 0x00, 0x00,
            0x04,
        ],
        globals: &[],
        second: &[],
    },
    EncodedCase {
        name: "count-16-reuse-reference-16",
        first_shift: false,
        second_shift: false,
        data: &[
            0x00, 0x00, 0x00, 0x01, 0x30, 0x01, 0x01, 0x00, 0x00, 0x00, 0x13, 0x00, 0x00, 0x00,
            0x09, 0x00, 0x00, 0x00, 0x07, 0x00, 0x00, 0x00, 0x00, 0x00, 0x00, 0x00, 0x00, 0x63,
            0x00, 0x00, 0x00, 0x00, 0x00, 0x02, 0x00, 0x01, 0x01, 0x00, 0x00, 0x00, 0x1e, 0x00,
            0x01, 0x00, 0x00, 0x00, 0x01, 0x00, 0x00, 0x00, 0x01, 0xe7, 0xdb, 0xf0, 0x00, 0x95,
            0x00, 0x4a, 0x80, 0x4c, 0x80, 0xc3, 0x80, 0x00, 0x00, 0x1c, 0x00, 0x93, 0x00, 0x00,
            0x40, 0x00, 0x00, 0x00, 0x03, 0x00, 0x01, 0x01, 0x00, 0x00, 0x00, 0x1e, 0x00, 0x01,
            0x00, 0x00, 0x00, 0x01, 0x00, 0x00, 0x00, 0x01, 0xe7, 0xdb, 0xf0, 0x00, 0x95, 0x00,
            0x4a, 0x80, 0x4c, 0x80, 0xc3, 0x80, 0x00, 0x00, 0x1c, 0x00, 0x93, 0x00, 0x00, 0x40,
            0x00, 0x00, 0x00, 0x04, 0x00, 0x01, 0x01, 0x00, 0x00, 0x00, 0x1e, 0x00, 0x01, 0x00,
            0x00, 0x00, 0x01, 0x00, 0x00, 0x00, 0x01, 0xe7, 0xdb, 0xf0, 0x00, 0x95, 0x00, 0x4a,
            0x80, 0x4c, 0x80, 0xc3, 0x80, 0x00, 0x00, 0x1c, 0x00, 0x93, 0x00, 0x00, 0x40, 0x00,
            0x00, 0x00, 0x05, 0x00, 0x01, 0x01, 0x00, 0x00, 0x00, 0x1e, 0x00, 0x01, 0x00, 0x00,
            0x00, 0x01, 0x00, 0x00, 0x00, 0x01, 0xe7, 0xdb, 0xf0, 0x00, 0x95, 0x00, 0x4a, 0x80,
            0x4c, 0x80, 0xc3, 0x80, 0x00, 0x00, 0x1c, 0x00, 0x93, 0x00, 0x00, 0x40, 0x00, 0x00,
            0x00, 0x06, 0x00, 0x01, 0x01, 0x00, 0x00, 0x00, 0x1e, 0x00, 0x01, 0x00, 0x00, 0x00,
            0x01, 0x00, 0x00, 0x00, 0x01, 0xe7, 0xdb, 0xf0, 0x00, 0x95, 0x00, 0x4a, 0x80, 0x4c,
            0x80, 0xc3, 0x80, 0x00, 0x00, 0x1c, 0x00, 0x93, 0x00, 0x00, 0x40, 0x00, 0x00, 0x00,
            0x07, 0x00, 0x01, 0x01, 0x00, 0x00, 0x00, 0x1e, 0x00, 0x01, 0x00, 0x00, 0x00, 0x01,
            0x00, 0x00, 0x00, 0x01, 0xe7, 0xdb, 0xf0, 0x00, 0x95, 0x00, 0x4a, 0x80, 0x4c, 0x80,
            0xc3, 0x80, 0x00, 0x00, 0x1c, 0x00, 0x93, 0x00, 0x00, 0x40, 0x00, 0x00, 0x00, 0x08,
            0x00, 0x01, 0x01, 0x00, 0x00, 0x00, 0x1e, 0x00, 0x01, 0x00, 0x00, 0x00, 0x01, 0x00,
            0x00, 0x00, 0x01, 0xe7, 0xdb, 0xf0, 0x00, 0x95, 0x00, 0x4a, 0x80, 0x4c, 0x80, 0xc3,
            0x80, 0x00, 0x00, 0x1c, 0x00, 0x93, 0x00, 0x00, 0x40, 0x00, 0x00, 0x00, 0x09, 0x00,
            0x01, 0x01, 0x00, 0x00, 0x00, 0x1e, 0x00, 0x01, 0x00, 0x00, 0x00, 0x01, 0x00, 0x00,
            0x00, 0x01, 0xe7, 0xdb, 0xf0, 0x00, 0x95, 0x00, 0x4a, 0x80, 0x4c, 0x80, 0xc3, 0x80,
            0x00, 0x00, 0x1c, 0x00, 0x93, 0x00, 0x00, 0x40, 0x00, 0x00, 0x00, 0x0a, 0x00, 0x01,
            0x01, 0x00, 0x00, 0x00, 0x1e, 0x00, 0x01, 0x00, 0x00, 0x00, 0x01, 0x00, 0x00, 0x00,
            0x01, 0xe7, 0xdb, 0xf0, 0x00, 0x95, 0x00, 0x4a, 0x80, 0x4c, 0x80, 0xc3, 0x80, 0x00,
            0x00, 0x1c, 0x00, 0x93, 0x00, 0x00, 0x40, 0x00, 0x00, 0x00, 0x0b, 0x00, 0x01, 0x01,
            0x00, 0x00, 0x00, 0x1e, 0x00, 0x01, 0x00, 0x00, 0x00, 0x01, 0x00, 0x00, 0x00, 0x01,
            0xe7, 0xdb, 0xf0, 0x00, 0x95, 0x00, 0x4a, 0x80, 0x4c, 0x80, 0xc3, 0x80, 0x00, 0x00,
            0x1c, 0x00, 0x93, 0x00, 0x00, 0x40, 0x00, 0x00, 0x00, 0x0c, 0x00, 0x01, 0x01, 0x00,
            0x00, 0x00, 0x1e, 0x00, 0x01, 0x00, 0x00, 0x00, 0x01, 0x00, 0x00, 0x00, 0x01, 0xe7,
            0xdb, 0xf0, 0x00, 0x95, 0x00, 0x4a, 0x80, 0x4c, 0x80, 0xc3, 0x80, 0x00, 0x00, 0x1c,
            0x00, 0x93, 0x00, 0x00, 0x40, 0x00, 0x00, 0x00, 0x0d, 0x00, 0x01, 0x01, 0x00, 0x00,
            0x00, 0x1e, 0x00, 0x01, 0x00, 0x00, 0x00, 0x01, 0x00, 0x00, 0x00, 0x01, 0xe7, 0xdb,
            0xf0, 0x00, 0x95, 0x00, 0x4a, 0x80, 0x4c, 0x80, 0xc3, 0x80, 0x00, 0x00, 0x1c, 0x00,
            0x93, 0x00, 0x00, 0x40, 0x00, 0x00, 0x00, 0x0e, 0x00, 0x01, 0x01, 0x00, 0x00, 0x00,
            0x1e, 0x00, 0x01, 0x00, 0x00, 0x00, 0x01, 0x00, 0x00, 0x00, 0x01, 0xe7, 0xdb, 0xf0,
            0x00, 0x95, 0x00, 0x4a, 0x80, 0x4c, 0x80, 0xc3, 0x80, 0x00, 0x00, 0x1c, 0x00, 0x93,
            0x00, 0x00, 0x40, 0x00, 0x00, 0x00, 0x0f, 0x00, 0x01, 0x01, 0x00, 0x00, 0x00, 0x1e,
            0x00, 0x01, 0x00, 0x00, 0x00, 0x01, 0x00, 0x00, 0x00, 0x01, 0xe7, 0xdb, 0xf0, 0x00,
            0x95, 0x00, 0x4a, 0x80, 0x4c, 0x80, 0xc3, 0x80, 0x00, 0x00, 0x1c, 0x00, 0x93, 0x00,
            0x00, 0x40, 0x00, 0x00, 0x00, 0x10, 0x00, 0x01, 0x01, 0x00, 0x00, 0x00, 0x1e, 0x00,
            0x01, 0x00, 0x00, 0x00, 0x01, 0x00, 0x00, 0x00, 0x01, 0xe7, 0xdb, 0xf0, 0x00, 0x95,
            0x00, 0x4a, 0x80, 0x4c, 0x80, 0xc3, 0x80, 0x00, 0x00, 0x1c, 0x00, 0x93, 0x00, 0x00,
            0x40, 0x00, 0x00, 0x00, 0x11, 0x00, 0x01, 0x01, 0x00, 0x00, 0x00, 0x1e, 0x00, 0x01,
            0x00, 0x00, 0x00, 0x01, 0x00, 0x00, 0x00, 0x01, 0xe7, 0xdb, 0xf0, 0x00, 0x95, 0x00,
            0x4a, 0x80, 0x4c, 0x80, 0xc3, 0x80, 0x00, 0x00, 0x1c, 0x00, 0x93, 0x00, 0x00, 0x40,
            0x00, 0x00, 0x00, 0x64, 0x3e, 0xe0, 0x00, 0x00, 0x10, 0xfe, 0xff, 0x00, 0x02, 0x03,
            0x04, 0x05, 0x06, 0x07, 0x08, 0x09, 0x0a, 0x0b, 0x0c, 0x0d, 0x0e, 0x0f, 0x10, 0x11,
            0x01, 0x00, 0x00, 0x00, 0x09, 0x20, 0x00, 0x00, 0x00, 0x52, 0x00, 0x50, 0x00, 0x00,
            0x00, 0x00, 0x00, 0x65, 0x07, 0x20, 0x11, 0x01, 0x00, 0x00, 0x00, 0x2d, 0x00, 0x00,
            0x00, 0x09, 0x00, 0x00, 0x00, 0x07, 0x00, 0x00, 0x00, 0x00, 0x00, 0x00, 0x00, 0x00,
            0x04, 0x00, 0x11, 0x00, 0x00, 0x00, 0x00, 0x00, 0x01, 0x01, 0x00, 0x00, 0x00, 0x00,
            0x00, 0x00, 0x00, 0x00, 0x00, 0x00, 0x00, 0x00, 0x00, 0x00, 0x00, 0x00, 0x00, 0x00,
            0x04,
        ],
        globals: &[],
        second: &[],
    },
    EncodedCase {
        name: "count-17-reuse-reference-1",
        first_shift: false,
        second_shift: false,
        data: &[
            0x00, 0x00, 0x00, 0x01, 0x30, 0x01, 0x01, 0x00, 0x00, 0x00, 0x13, 0x00, 0x00, 0x00,
            0x09, 0x00, 0x00, 0x00, 0x07, 0x00, 0x00, 0x00, 0x00, 0x00, 0x00, 0x00, 0x00, 0x63,
            0x00, 0x00, 0x00, 0x00, 0x00, 0x02, 0x00, 0x01, 0x01, 0x00, 0x00, 0x00, 0x1e, 0x00,
            0x01, 0x00, 0x00, 0x00, 0x01, 0x00, 0x00, 0x00, 0x01, 0xe7, 0xdb, 0xf0, 0x00, 0x95,
            0x00, 0x4a, 0x80, 0x4c, 0x80, 0xc3, 0x80, 0x00, 0x00, 0x1c, 0x00, 0x93, 0x00, 0x00,
            0x40, 0x00, 0x00, 0x00, 0x03, 0x00, 0x01, 0x01, 0x00, 0x00, 0x00, 0x1e, 0x00, 0x01,
            0x00, 0x00, 0x00, 0x01, 0x00, 0x00, 0x00, 0x01, 0xe7, 0xdb, 0xf0, 0x00, 0x95, 0x00,
            0x4a, 0x80, 0x4c, 0x80, 0xc3, 0x80, 0x00, 0x00, 0x1c, 0x00, 0x93, 0x00, 0x00, 0x40,
            0x00, 0x00, 0x00, 0x04, 0x00, 0x01, 0x01, 0x00, 0x00, 0x00, 0x1e, 0x00, 0x01, 0x00,
            0x00, 0x00, 0x01, 0x00, 0x00, 0x00, 0x01, 0xe7, 0xdb, 0xf0, 0x00, 0x95, 0x00, 0x4a,
            0x80, 0x4c, 0x80, 0xc3, 0x80, 0x00, 0x00, 0x1c, 0x00, 0x93, 0x00, 0x00, 0x40, 0x00,
            0x00, 0x00, 0x05, 0x00, 0x01, 0x01, 0x00, 0x00, 0x00, 0x1e, 0x00, 0x01, 0x00, 0x00,
            0x00, 0x01, 0x00, 0x00, 0x00, 0x01, 0xe7, 0xdb, 0xf0, 0x00, 0x95, 0x00, 0x4a, 0x80,
            0x4c, 0x80, 0xc3, 0x80, 0x00, 0x00, 0x1c, 0x00, 0x93, 0x00, 0x00, 0x40, 0x00, 0x00,
            0x00, 0x06, 0x00, 0x01, 0x01, 0x00, 0x00, 0x00, 0x1e, 0x00, 0x01, 0x00, 0x00, 0x00,
            0x01, 0x00, 0x00, 0x00, 0x01, 0xe7, 0xdb, 0xf0, 0x00, 0x95, 0x00, 0x4a, 0x80, 0x4c,
            0x80, 0xc3, 0x80, 0x00, 0x00, 0x1c, 0x00, 0x93, 0x00, 0x00, 0x40, 0x00, 0x00, 0x00,
            0x07, 0x00, 0x01, 0x01, 0x00, 0x00, 0x00, 0x1e, 0x00, 0x01, 0x00, 0x00, 0x00, 0x01,
            0x00, 0x00, 0x00, 0x01, 0xe7, 0xdb, 0xf0, 0x00, 0x95, 0x00, 0x4a, 0x80, 0x4c, 0x80,
            0xc3, 0x80, 0x00, 0x00, 0x1c, 0x00, 0x93, 0x00, 0x00, 0x40, 0x00, 0x00, 0x00, 0x08,
            0x00, 0x01, 0x01, 0x00, 0x00, 0x00, 0x1e, 0x00, 0x01, 0x00, 0x00, 0x00, 0x01, 0x00,
            0x00, 0x00, 0x01, 0xe7, 0xdb, 0xf0, 0x00, 0x95, 0x00, 0x4a, 0x80, 0x4c, 0x80, 0xc3,
            0x80, 0x00, 0x00, 0x1c, 0x00, 0x93, 0x00, 0x00, 0x40, 0x00, 0x00, 0x00, 0x09, 0x00,
            0x01, 0x01, 0x00, 0x00, 0x00, 0x1e, 0x00, 0x01, 0x00, 0x00, 0x00, 0x01, 0x00, 0x00,
            0x00, 0x01, 0xe7, 0xdb, 0xf0, 0x00, 0x95, 0x00, 0x4a, 0x80, 0x4c, 0x80, 0xc3, 0x80,
            0x00, 0x00, 0x1c, 0x00, 0x93, 0x00, 0x00, 0x40, 0x00, 0x00, 0x00, 0x0a, 0x00, 0x01,
            0x01, 0x00, 0x00, 0x00, 0x1e, 0x00, 0x01, 0x00, 0x00, 0x00, 0x01, 0x00, 0x00, 0x00,
            0x01, 0xe7, 0xdb, 0xf0, 0x00, 0x95, 0x00, 0x4a, 0x80, 0x4c, 0x80, 0xc3, 0x80, 0x00,
            0x00, 0x1c, 0x00, 0x93, 0x00, 0x00, 0x40, 0x00, 0x00, 0x00, 0x0b, 0x00, 0x01, 0x01,
            0x00, 0x00, 0x00, 0x1e, 0x00, 0x01, 0x00, 0x00, 0x00, 0x01, 0x00, 0x00, 0x00, 0x01,
            0xe7, 0xdb, 0xf0, 0x00, 0x95, 0x00, 0x4a, 0x80, 0x4c, 0x80, 0xc3, 0x80, 0x00, 0x00,
            0x1c, 0x00, 0x93, 0x00, 0x00, 0x40, 0x00, 0x00, 0x00, 0x0c, 0x00, 0x01, 0x01, 0x00,
            0x00, 0x00, 0x1e, 0x00, 0x01, 0x00, 0x00, 0x00, 0x01, 0x00, 0x00, 0x00, 0x01, 0xe7,
            0xdb, 0xf0, 0x00, 0x95, 0x00, 0x4a, 0x80, 0x4c, 0x80, 0xc3, 0x80, 0x00, 0x00, 0x1c,
            0x00, 0x93, 0x00, 0x00, 0x40, 0x00, 0x00, 0x00, 0x0d, 0x00, 0x01, 0x01, 0x00, 0x00,
            0x00, 0x1e, 0x00, 0x01, 0x00, 0x00, 0x00, 0x01, 0x00, 0x00, 0x00, 0x01, 0xe7, 0xdb,
            0xf0, 0x00, 0x95, 0x00, 0x4a, 0x80, 0x4c, 0x80, 0xc3, 0x80, 0x00, 0x00, 0x1c, 0x00,
            0x93, 0x00, 0x00, 0x40, 0x00, 0x00, 0x00, 0x0e, 0x00, 0x01, 0x01, 0x00, 0x00, 0x00,
            0x1e, 0x00, 0x01, 0x00, 0x00, 0x00, 0x01, 0x00, 0x00, 0x00, 0x01, 0xe7, 0xdb, 0xf0,
            0x00, 0x95, 0x00, 0x4a, 0x80, 0x4c, 0x80, 0xc3, 0x80, 0x00, 0x00, 0x1c, 0x00, 0x93,
            0x00, 0x00, 0x40, 0x00, 0x00, 0x00, 0x0f, 0x00, 0x01, 0x01, 0x00, 0x00, 0x00, 0x1e,
            0x00, 0x01, 0x00, 0x00, 0x00, 0x01, 0x00, 0x00, 0x00, 0x01, 0xe7, 0xdb, 0xf0, 0x00,
            0x95, 0x00, 0x4a, 0x80, 0x4c, 0x80, 0xc3, 0x80, 0x00, 0x00, 0x1c, 0x00, 0x93, 0x00,
            0x00, 0x40, 0x00, 0x00, 0x00, 0x10, 0x00, 0x01, 0x01, 0x00, 0x00, 0x00, 0x1e, 0x00,
            0x01, 0x00, 0x00, 0x00, 0x01, 0x00, 0x00, 0x00, 0x01, 0xe7, 0xdb, 0xf0, 0x00, 0x95,
            0x00, 0x4a, 0x80, 0x4c, 0x80, 0xc3, 0x80, 0x00, 0x00, 0x1c, 0x00, 0x93, 0x00, 0x00,
            0x40, 0x00, 0x00, 0x00, 0x11, 0x00, 0x01, 0x01, 0x00, 0x00, 0x00, 0x1e, 0x00, 0x01,
            0x00, 0x00, 0x00, 0x01, 0x00, 0x00, 0x00, 0x01, 0xe7, 0xdb, 0xf0, 0x00, 0x95, 0x00,
            0x4a, 0x80, 0x4c, 0x80, 0xc3, 0x80, 0x00, 0x00, 0x1c, 0x00, 0x93, 0x00, 0x00, 0x40,
            0x00, 0x00, 0x00, 0x12, 0x00, 0x01, 0x01, 0x00, 0x00, 0x00, 0x1e, 0x00, 0x01, 0x00,
            0x00, 0x00, 0x01, 0x00, 0x00, 0x00, 0x01, 0xe7, 0xdb, 0xf0, 0x00, 0x95, 0x00, 0x4a,
            0x80, 0x4c, 0x80, 0xc3, 0x80, 0x00, 0x00, 0x1c, 0x00, 0x93, 0x00, 0x00, 0x40, 0x00,
            0x00, 0x00, 0x64, 0x3e, 0xe0, 0x00, 0x00, 0x11, 0xfc, 0xff, 0x03, 0x02, 0x03, 0x04,
            0x05, 0x06, 0x07, 0x08, 0x09, 0x0a, 0x0b, 0x0c, 0x0d, 0x0e, 0x0f, 0x10, 0x11, 0x12,
            0x01, 0x00, 0x00, 0x00, 0x09, 0x20, 0x00, 0x00, 0x00, 0x52, 0x00, 0x50, 0x00, 0x00,
            0x00, 0x00, 0x00, 0x65, 0x07, 0x20, 0x02, 0x01, 0x00, 0x00, 0x00, 0x2d, 0x00, 0x00,
            0x00, 0x09, 0x00, 0x00, 0x00, 0x07, 0x00, 0x00, 0x00, 0x00, 0x00, 0x00, 0x00, 0x00,
            0x04, 0x00, 0x11, 0x00, 0x00, 0x00, 0x00, 0x00, 0x01, 0x01, 0x00, 0x00, 0x00, 0x00,
            0x00, 0x00, 0x00, 0x00, 0x00, 0x00, 0x00, 0x00, 0x00, 0x00, 0x00, 0x00, 0x00, 0x00,
            0x04,
        ],
        globals: &[],
        second: &[],
    },
    EncodedCase {
        name: "count-17-reuse-reference-8",
        first_shift: false,
        second_shift: false,
        data: &[
            0x00, 0x00, 0x00, 0x01, 0x30, 0x01, 0x01, 0x00, 0x00, 0x00, 0x13, 0x00, 0x00, 0x00,
            0x09, 0x00, 0x00, 0x00, 0x07, 0x00, 0x00, 0x00, 0x00, 0x00, 0x00, 0x00, 0x00, 0x63,
            0x00, 0x00, 0x00, 0x00, 0x00, 0x02, 0x00, 0x01, 0x01, 0x00, 0x00, 0x00, 0x1e, 0x00,
            0x01, 0x00, 0x00, 0x00, 0x01, 0x00, 0x00, 0x00, 0x01, 0xe7, 0xdb, 0xf0, 0x00, 0x95,
            0x00, 0x4a, 0x80, 0x4c, 0x80, 0xc3, 0x80, 0x00, 0x00, 0x1c, 0x00, 0x93, 0x00, 0x00,
            0x40, 0x00, 0x00, 0x00, 0x03, 0x00, 0x01, 0x01, 0x00, 0x00, 0x00, 0x1e, 0x00, 0x01,
            0x00, 0x00, 0x00, 0x01, 0x00, 0x00, 0x00, 0x01, 0xe7, 0xdb, 0xf0, 0x00, 0x95, 0x00,
            0x4a, 0x80, 0x4c, 0x80, 0xc3, 0x80, 0x00, 0x00, 0x1c, 0x00, 0x93, 0x00, 0x00, 0x40,
            0x00, 0x00, 0x00, 0x04, 0x00, 0x01, 0x01, 0x00, 0x00, 0x00, 0x1e, 0x00, 0x01, 0x00,
            0x00, 0x00, 0x01, 0x00, 0x00, 0x00, 0x01, 0xe7, 0xdb, 0xf0, 0x00, 0x95, 0x00, 0x4a,
            0x80, 0x4c, 0x80, 0xc3, 0x80, 0x00, 0x00, 0x1c, 0x00, 0x93, 0x00, 0x00, 0x40, 0x00,
            0x00, 0x00, 0x05, 0x00, 0x01, 0x01, 0x00, 0x00, 0x00, 0x1e, 0x00, 0x01, 0x00, 0x00,
            0x00, 0x01, 0x00, 0x00, 0x00, 0x01, 0xe7, 0xdb, 0xf0, 0x00, 0x95, 0x00, 0x4a, 0x80,
            0x4c, 0x80, 0xc3, 0x80, 0x00, 0x00, 0x1c, 0x00, 0x93, 0x00, 0x00, 0x40, 0x00, 0x00,
            0x00, 0x06, 0x00, 0x01, 0x01, 0x00, 0x00, 0x00, 0x1e, 0x00, 0x01, 0x00, 0x00, 0x00,
            0x01, 0x00, 0x00, 0x00, 0x01, 0xe7, 0xdb, 0xf0, 0x00, 0x95, 0x00, 0x4a, 0x80, 0x4c,
            0x80, 0xc3, 0x80, 0x00, 0x00, 0x1c, 0x00, 0x93, 0x00, 0x00, 0x40, 0x00, 0x00, 0x00,
            0x07, 0x00, 0x01, 0x01, 0x00, 0x00, 0x00, 0x1e, 0x00, 0x01, 0x00, 0x00, 0x00, 0x01,
            0x00, 0x00, 0x00, 0x01, 0xe7, 0xdb, 0xf0, 0x00, 0x95, 0x00, 0x4a, 0x80, 0x4c, 0x80,
            0xc3, 0x80, 0x00, 0x00, 0x1c, 0x00, 0x93, 0x00, 0x00, 0x40, 0x00, 0x00, 0x00, 0x08,
            0x00, 0x01, 0x01, 0x00, 0x00, 0x00, 0x1e, 0x00, 0x01, 0x00, 0x00, 0x00, 0x01, 0x00,
            0x00, 0x00, 0x01, 0xe7, 0xdb, 0xf0, 0x00, 0x95, 0x00, 0x4a, 0x80, 0x4c, 0x80, 0xc3,
            0x80, 0x00, 0x00, 0x1c, 0x00, 0x93, 0x00, 0x00, 0x40, 0x00, 0x00, 0x00, 0x09, 0x00,
            0x01, 0x01, 0x00, 0x00, 0x00, 0x1e, 0x00, 0x01, 0x00, 0x00, 0x00, 0x01, 0x00, 0x00,
            0x00, 0x01, 0xe7, 0xdb, 0xf0, 0x00, 0x95, 0x00, 0x4a, 0x80, 0x4c, 0x80, 0xc3, 0x80,
            0x00, 0x00, 0x1c, 0x00, 0x93, 0x00, 0x00, 0x40, 0x00, 0x00, 0x00, 0x0a, 0x00, 0x01,
            0x01, 0x00, 0x00, 0x00, 0x1e, 0x00, 0x01, 0x00, 0x00, 0x00, 0x01, 0x00, 0x00, 0x00,
            0x01, 0xe7, 0xdb, 0xf0, 0x00, 0x95, 0x00, 0x4a, 0x80, 0x4c, 0x80, 0xc3, 0x80, 0x00,
            0x00, 0x1c, 0x00, 0x93, 0x00, 0x00, 0x40, 0x00, 0x00, 0x00, 0x0b, 0x00, 0x01, 0x01,
            0x00, 0x00, 0x00, 0x1e, 0x00, 0x01, 0x00, 0x00, 0x00, 0x01, 0x00, 0x00, 0x00, 0x01,
            0xe7, 0xdb, 0xf0, 0x00, 0x95, 0x00, 0x4a, 0x80, 0x4c, 0x80, 0xc3, 0x80, 0x00, 0x00,
            0x1c, 0x00, 0x93, 0x00, 0x00, 0x40, 0x00, 0x00, 0x00, 0x0c, 0x00, 0x01, 0x01, 0x00,
            0x00, 0x00, 0x1e, 0x00, 0x01, 0x00, 0x00, 0x00, 0x01, 0x00, 0x00, 0x00, 0x01, 0xe7,
            0xdb, 0xf0, 0x00, 0x95, 0x00, 0x4a, 0x80, 0x4c, 0x80, 0xc3, 0x80, 0x00, 0x00, 0x1c,
            0x00, 0x93, 0x00, 0x00, 0x40, 0x00, 0x00, 0x00, 0x0d, 0x00, 0x01, 0x01, 0x00, 0x00,
            0x00, 0x1e, 0x00, 0x01, 0x00, 0x00, 0x00, 0x01, 0x00, 0x00, 0x00, 0x01, 0xe7, 0xdb,
            0xf0, 0x00, 0x95, 0x00, 0x4a, 0x80, 0x4c, 0x80, 0xc3, 0x80, 0x00, 0x00, 0x1c, 0x00,
            0x93, 0x00, 0x00, 0x40, 0x00, 0x00, 0x00, 0x0e, 0x00, 0x01, 0x01, 0x00, 0x00, 0x00,
            0x1e, 0x00, 0x01, 0x00, 0x00, 0x00, 0x01, 0x00, 0x00, 0x00, 0x01, 0xe7, 0xdb, 0xf0,
            0x00, 0x95, 0x00, 0x4a, 0x80, 0x4c, 0x80, 0xc3, 0x80, 0x00, 0x00, 0x1c, 0x00, 0x93,
            0x00, 0x00, 0x40, 0x00, 0x00, 0x00, 0x0f, 0x00, 0x01, 0x01, 0x00, 0x00, 0x00, 0x1e,
            0x00, 0x01, 0x00, 0x00, 0x00, 0x01, 0x00, 0x00, 0x00, 0x01, 0xe7, 0xdb, 0xf0, 0x00,
            0x95, 0x00, 0x4a, 0x80, 0x4c, 0x80, 0xc3, 0x80, 0x00, 0x00, 0x1c, 0x00, 0x93, 0x00,
            0x00, 0x40, 0x00, 0x00, 0x00, 0x10, 0x00, 0x01, 0x01, 0x00, 0x00, 0x00, 0x1e, 0x00,
            0x01, 0x00, 0x00, 0x00, 0x01, 0x00, 0x00, 0x00, 0x01, 0xe7, 0xdb, 0xf0, 0x00, 0x95,
            0x00, 0x4a, 0x80, 0x4c, 0x80, 0xc3, 0x80, 0x00, 0x00, 0x1c, 0x00, 0x93, 0x00, 0x00,
            0x40, 0x00, 0x00, 0x00, 0x11, 0x00, 0x01, 0x01, 0x00, 0x00, 0x00, 0x1e, 0x00, 0x01,
            0x00, 0x00, 0x00, 0x01, 0x00, 0x00, 0x00, 0x01, 0xe7, 0xdb, 0xf0, 0x00, 0x95, 0x00,
            0x4a, 0x80, 0x4c, 0x80, 0xc3, 0x80, 0x00, 0x00, 0x1c, 0x00, 0x93, 0x00, 0x00, 0x40,
            0x00, 0x00, 0x00, 0x12, 0x00, 0x01, 0x01, 0x00, 0x00, 0x00, 0x1e, 0x00, 0x01, 0x00,
            0x00, 0x00, 0x01, 0x00, 0x00, 0x00, 0x01, 0xe7, 0xdb, 0xf0, 0x00, 0x95, 0x00, 0x4a,
            0x80, 0x4c, 0x80, 0xc3, 0x80, 0x00, 0x00, 0x1c, 0x00, 0x93, 0x00, 0x00, 0x40, 0x00,
            0x00, 0x00, 0x64, 0x3e, 0xe0, 0x00, 0x00, 0x11, 0xfe, 0xfe, 0x03, 0x02, 0x03, 0x04,
            0x05, 0x06, 0x07, 0x08, 0x09, 0x0a, 0x0b, 0x0c, 0x0d, 0x0e, 0x0f, 0x10, 0x11, 0x12,
            0x01, 0x00, 0x00, 0x00, 0x09, 0x20, 0x00, 0x00, 0x00, 0x52, 0x00, 0x50, 0x00, 0x00,
            0x00, 0x00, 0x00, 0x65, 0x07, 0x20, 0x09, 0x01, 0x00, 0x00, 0x00, 0x2d, 0x00, 0x00,
            0x00, 0x09, 0x00, 0x00, 0x00, 0x07, 0x00, 0x00, 0x00, 0x00, 0x00, 0x00, 0x00, 0x00,
            0x04, 0x00, 0x11, 0x00, 0x00, 0x00, 0x00, 0x00, 0x01, 0x01, 0x00, 0x00, 0x00, 0x00,
            0x00, 0x00, 0x00, 0x00, 0x00, 0x00, 0x00, 0x00, 0x00, 0x00, 0x00, 0x00, 0x00, 0x00,
            0x04,
        ],
        globals: &[],
        second: &[],
    },
    EncodedCase {
        name: "count-17-reuse-reference-9",
        first_shift: false,
        second_shift: false,
        data: &[
            0x00, 0x00, 0x00, 0x01, 0x30, 0x01, 0x01, 0x00, 0x00, 0x00, 0x13, 0x00, 0x00, 0x00,
            0x09, 0x00, 0x00, 0x00, 0x07, 0x00, 0x00, 0x00, 0x00, 0x00, 0x00, 0x00, 0x00, 0x63,
            0x00, 0x00, 0x00, 0x00, 0x00, 0x02, 0x00, 0x01, 0x01, 0x00, 0x00, 0x00, 0x1e, 0x00,
            0x01, 0x00, 0x00, 0x00, 0x01, 0x00, 0x00, 0x00, 0x01, 0xe7, 0xdb, 0xf0, 0x00, 0x95,
            0x00, 0x4a, 0x80, 0x4c, 0x80, 0xc3, 0x80, 0x00, 0x00, 0x1c, 0x00, 0x93, 0x00, 0x00,
            0x40, 0x00, 0x00, 0x00, 0x03, 0x00, 0x01, 0x01, 0x00, 0x00, 0x00, 0x1e, 0x00, 0x01,
            0x00, 0x00, 0x00, 0x01, 0x00, 0x00, 0x00, 0x01, 0xe7, 0xdb, 0xf0, 0x00, 0x95, 0x00,
            0x4a, 0x80, 0x4c, 0x80, 0xc3, 0x80, 0x00, 0x00, 0x1c, 0x00, 0x93, 0x00, 0x00, 0x40,
            0x00, 0x00, 0x00, 0x04, 0x00, 0x01, 0x01, 0x00, 0x00, 0x00, 0x1e, 0x00, 0x01, 0x00,
            0x00, 0x00, 0x01, 0x00, 0x00, 0x00, 0x01, 0xe7, 0xdb, 0xf0, 0x00, 0x95, 0x00, 0x4a,
            0x80, 0x4c, 0x80, 0xc3, 0x80, 0x00, 0x00, 0x1c, 0x00, 0x93, 0x00, 0x00, 0x40, 0x00,
            0x00, 0x00, 0x05, 0x00, 0x01, 0x01, 0x00, 0x00, 0x00, 0x1e, 0x00, 0x01, 0x00, 0x00,
            0x00, 0x01, 0x00, 0x00, 0x00, 0x01, 0xe7, 0xdb, 0xf0, 0x00, 0x95, 0x00, 0x4a, 0x80,
            0x4c, 0x80, 0xc3, 0x80, 0x00, 0x00, 0x1c, 0x00, 0x93, 0x00, 0x00, 0x40, 0x00, 0x00,
            0x00, 0x06, 0x00, 0x01, 0x01, 0x00, 0x00, 0x00, 0x1e, 0x00, 0x01, 0x00, 0x00, 0x00,
            0x01, 0x00, 0x00, 0x00, 0x01, 0xe7, 0xdb, 0xf0, 0x00, 0x95, 0x00, 0x4a, 0x80, 0x4c,
            0x80, 0xc3, 0x80, 0x00, 0x00, 0x1c, 0x00, 0x93, 0x00, 0x00, 0x40, 0x00, 0x00, 0x00,
            0x07, 0x00, 0x01, 0x01, 0x00, 0x00, 0x00, 0x1e, 0x00, 0x01, 0x00, 0x00, 0x00, 0x01,
            0x00, 0x00, 0x00, 0x01, 0xe7, 0xdb, 0xf0, 0x00, 0x95, 0x00, 0x4a, 0x80, 0x4c, 0x80,
            0xc3, 0x80, 0x00, 0x00, 0x1c, 0x00, 0x93, 0x00, 0x00, 0x40, 0x00, 0x00, 0x00, 0x08,
            0x00, 0x01, 0x01, 0x00, 0x00, 0x00, 0x1e, 0x00, 0x01, 0x00, 0x00, 0x00, 0x01, 0x00,
            0x00, 0x00, 0x01, 0xe7, 0xdb, 0xf0, 0x00, 0x95, 0x00, 0x4a, 0x80, 0x4c, 0x80, 0xc3,
            0x80, 0x00, 0x00, 0x1c, 0x00, 0x93, 0x00, 0x00, 0x40, 0x00, 0x00, 0x00, 0x09, 0x00,
            0x01, 0x01, 0x00, 0x00, 0x00, 0x1e, 0x00, 0x01, 0x00, 0x00, 0x00, 0x01, 0x00, 0x00,
            0x00, 0x01, 0xe7, 0xdb, 0xf0, 0x00, 0x95, 0x00, 0x4a, 0x80, 0x4c, 0x80, 0xc3, 0x80,
            0x00, 0x00, 0x1c, 0x00, 0x93, 0x00, 0x00, 0x40, 0x00, 0x00, 0x00, 0x0a, 0x00, 0x01,
            0x01, 0x00, 0x00, 0x00, 0x1e, 0x00, 0x01, 0x00, 0x00, 0x00, 0x01, 0x00, 0x00, 0x00,
            0x01, 0xe7, 0xdb, 0xf0, 0x00, 0x95, 0x00, 0x4a, 0x80, 0x4c, 0x80, 0xc3, 0x80, 0x00,
            0x00, 0x1c, 0x00, 0x93, 0x00, 0x00, 0x40, 0x00, 0x00, 0x00, 0x0b, 0x00, 0x01, 0x01,
            0x00, 0x00, 0x00, 0x1e, 0x00, 0x01, 0x00, 0x00, 0x00, 0x01, 0x00, 0x00, 0x00, 0x01,
            0xe7, 0xdb, 0xf0, 0x00, 0x95, 0x00, 0x4a, 0x80, 0x4c, 0x80, 0xc3, 0x80, 0x00, 0x00,
            0x1c, 0x00, 0x93, 0x00, 0x00, 0x40, 0x00, 0x00, 0x00, 0x0c, 0x00, 0x01, 0x01, 0x00,
            0x00, 0x00, 0x1e, 0x00, 0x01, 0x00, 0x00, 0x00, 0x01, 0x00, 0x00, 0x00, 0x01, 0xe7,
            0xdb, 0xf0, 0x00, 0x95, 0x00, 0x4a, 0x80, 0x4c, 0x80, 0xc3, 0x80, 0x00, 0x00, 0x1c,
            0x00, 0x93, 0x00, 0x00, 0x40, 0x00, 0x00, 0x00, 0x0d, 0x00, 0x01, 0x01, 0x00, 0x00,
            0x00, 0x1e, 0x00, 0x01, 0x00, 0x00, 0x00, 0x01, 0x00, 0x00, 0x00, 0x01, 0xe7, 0xdb,
            0xf0, 0x00, 0x95, 0x00, 0x4a, 0x80, 0x4c, 0x80, 0xc3, 0x80, 0x00, 0x00, 0x1c, 0x00,
            0x93, 0x00, 0x00, 0x40, 0x00, 0x00, 0x00, 0x0e, 0x00, 0x01, 0x01, 0x00, 0x00, 0x00,
            0x1e, 0x00, 0x01, 0x00, 0x00, 0x00, 0x01, 0x00, 0x00, 0x00, 0x01, 0xe7, 0xdb, 0xf0,
            0x00, 0x95, 0x00, 0x4a, 0x80, 0x4c, 0x80, 0xc3, 0x80, 0x00, 0x00, 0x1c, 0x00, 0x93,
            0x00, 0x00, 0x40, 0x00, 0x00, 0x00, 0x0f, 0x00, 0x01, 0x01, 0x00, 0x00, 0x00, 0x1e,
            0x00, 0x01, 0x00, 0x00, 0x00, 0x01, 0x00, 0x00, 0x00, 0x01, 0xe7, 0xdb, 0xf0, 0x00,
            0x95, 0x00, 0x4a, 0x80, 0x4c, 0x80, 0xc3, 0x80, 0x00, 0x00, 0x1c, 0x00, 0x93, 0x00,
            0x00, 0x40, 0x00, 0x00, 0x00, 0x10, 0x00, 0x01, 0x01, 0x00, 0x00, 0x00, 0x1e, 0x00,
            0x01, 0x00, 0x00, 0x00, 0x01, 0x00, 0x00, 0x00, 0x01, 0xe7, 0xdb, 0xf0, 0x00, 0x95,
            0x00, 0x4a, 0x80, 0x4c, 0x80, 0xc3, 0x80, 0x00, 0x00, 0x1c, 0x00, 0x93, 0x00, 0x00,
            0x40, 0x00, 0x00, 0x00, 0x11, 0x00, 0x01, 0x01, 0x00, 0x00, 0x00, 0x1e, 0x00, 0x01,
            0x00, 0x00, 0x00, 0x01, 0x00, 0x00, 0x00, 0x01, 0xe7, 0xdb, 0xf0, 0x00, 0x95, 0x00,
            0x4a, 0x80, 0x4c, 0x80, 0xc3, 0x80, 0x00, 0x00, 0x1c, 0x00, 0x93, 0x00, 0x00, 0x40,
            0x00, 0x00, 0x00, 0x12, 0x00, 0x01, 0x01, 0x00, 0x00, 0x00, 0x1e, 0x00, 0x01, 0x00,
            0x00, 0x00, 0x01, 0x00, 0x00, 0x00, 0x01, 0xe7, 0xdb, 0xf0, 0x00, 0x95, 0x00, 0x4a,
            0x80, 0x4c, 0x80, 0xc3, 0x80, 0x00, 0x00, 0x1c, 0x00, 0x93, 0x00, 0x00, 0x40, 0x00,
            0x00, 0x00, 0x64, 0x3e, 0xe0, 0x00, 0x00, 0x11, 0xfe, 0xfd, 0x03, 0x02, 0x03, 0x04,
            0x05, 0x06, 0x07, 0x08, 0x09, 0x0a, 0x0b, 0x0c, 0x0d, 0x0e, 0x0f, 0x10, 0x11, 0x12,
            0x01, 0x00, 0x00, 0x00, 0x09, 0x20, 0x00, 0x00, 0x00, 0x52, 0x00, 0x50, 0x00, 0x00,
            0x00, 0x00, 0x00, 0x65, 0x07, 0x20, 0x0a, 0x01, 0x00, 0x00, 0x00, 0x2d, 0x00, 0x00,
            0x00, 0x09, 0x00, 0x00, 0x00, 0x07, 0x00, 0x00, 0x00, 0x00, 0x00, 0x00, 0x00, 0x00,
            0x04, 0x00, 0x11, 0x00, 0x00, 0x00, 0x00, 0x00, 0x01, 0x01, 0x00, 0x00, 0x00, 0x00,
            0x00, 0x00, 0x00, 0x00, 0x00, 0x00, 0x00, 0x00, 0x00, 0x00, 0x00, 0x00, 0x00, 0x00,
            0x04,
        ],
        globals: &[],
        second: &[],
    },
    EncodedCase {
        name: "count-17-reuse-reference-16",
        first_shift: false,
        second_shift: false,
        data: &[
            0x00, 0x00, 0x00, 0x01, 0x30, 0x01, 0x01, 0x00, 0x00, 0x00, 0x13, 0x00, 0x00, 0x00,
            0x09, 0x00, 0x00, 0x00, 0x07, 0x00, 0x00, 0x00, 0x00, 0x00, 0x00, 0x00, 0x00, 0x63,
            0x00, 0x00, 0x00, 0x00, 0x00, 0x02, 0x00, 0x01, 0x01, 0x00, 0x00, 0x00, 0x1e, 0x00,
            0x01, 0x00, 0x00, 0x00, 0x01, 0x00, 0x00, 0x00, 0x01, 0xe7, 0xdb, 0xf0, 0x00, 0x95,
            0x00, 0x4a, 0x80, 0x4c, 0x80, 0xc3, 0x80, 0x00, 0x00, 0x1c, 0x00, 0x93, 0x00, 0x00,
            0x40, 0x00, 0x00, 0x00, 0x03, 0x00, 0x01, 0x01, 0x00, 0x00, 0x00, 0x1e, 0x00, 0x01,
            0x00, 0x00, 0x00, 0x01, 0x00, 0x00, 0x00, 0x01, 0xe7, 0xdb, 0xf0, 0x00, 0x95, 0x00,
            0x4a, 0x80, 0x4c, 0x80, 0xc3, 0x80, 0x00, 0x00, 0x1c, 0x00, 0x93, 0x00, 0x00, 0x40,
            0x00, 0x00, 0x00, 0x04, 0x00, 0x01, 0x01, 0x00, 0x00, 0x00, 0x1e, 0x00, 0x01, 0x00,
            0x00, 0x00, 0x01, 0x00, 0x00, 0x00, 0x01, 0xe7, 0xdb, 0xf0, 0x00, 0x95, 0x00, 0x4a,
            0x80, 0x4c, 0x80, 0xc3, 0x80, 0x00, 0x00, 0x1c, 0x00, 0x93, 0x00, 0x00, 0x40, 0x00,
            0x00, 0x00, 0x05, 0x00, 0x01, 0x01, 0x00, 0x00, 0x00, 0x1e, 0x00, 0x01, 0x00, 0x00,
            0x00, 0x01, 0x00, 0x00, 0x00, 0x01, 0xe7, 0xdb, 0xf0, 0x00, 0x95, 0x00, 0x4a, 0x80,
            0x4c, 0x80, 0xc3, 0x80, 0x00, 0x00, 0x1c, 0x00, 0x93, 0x00, 0x00, 0x40, 0x00, 0x00,
            0x00, 0x06, 0x00, 0x01, 0x01, 0x00, 0x00, 0x00, 0x1e, 0x00, 0x01, 0x00, 0x00, 0x00,
            0x01, 0x00, 0x00, 0x00, 0x01, 0xe7, 0xdb, 0xf0, 0x00, 0x95, 0x00, 0x4a, 0x80, 0x4c,
            0x80, 0xc3, 0x80, 0x00, 0x00, 0x1c, 0x00, 0x93, 0x00, 0x00, 0x40, 0x00, 0x00, 0x00,
            0x07, 0x00, 0x01, 0x01, 0x00, 0x00, 0x00, 0x1e, 0x00, 0x01, 0x00, 0x00, 0x00, 0x01,
            0x00, 0x00, 0x00, 0x01, 0xe7, 0xdb, 0xf0, 0x00, 0x95, 0x00, 0x4a, 0x80, 0x4c, 0x80,
            0xc3, 0x80, 0x00, 0x00, 0x1c, 0x00, 0x93, 0x00, 0x00, 0x40, 0x00, 0x00, 0x00, 0x08,
            0x00, 0x01, 0x01, 0x00, 0x00, 0x00, 0x1e, 0x00, 0x01, 0x00, 0x00, 0x00, 0x01, 0x00,
            0x00, 0x00, 0x01, 0xe7, 0xdb, 0xf0, 0x00, 0x95, 0x00, 0x4a, 0x80, 0x4c, 0x80, 0xc3,
            0x80, 0x00, 0x00, 0x1c, 0x00, 0x93, 0x00, 0x00, 0x40, 0x00, 0x00, 0x00, 0x09, 0x00,
            0x01, 0x01, 0x00, 0x00, 0x00, 0x1e, 0x00, 0x01, 0x00, 0x00, 0x00, 0x01, 0x00, 0x00,
            0x00, 0x01, 0xe7, 0xdb, 0xf0, 0x00, 0x95, 0x00, 0x4a, 0x80, 0x4c, 0x80, 0xc3, 0x80,
            0x00, 0x00, 0x1c, 0x00, 0x93, 0x00, 0x00, 0x40, 0x00, 0x00, 0x00, 0x0a, 0x00, 0x01,
            0x01, 0x00, 0x00, 0x00, 0x1e, 0x00, 0x01, 0x00, 0x00, 0x00, 0x01, 0x00, 0x00, 0x00,
            0x01, 0xe7, 0xdb, 0xf0, 0x00, 0x95, 0x00, 0x4a, 0x80, 0x4c, 0x80, 0xc3, 0x80, 0x00,
            0x00, 0x1c, 0x00, 0x93, 0x00, 0x00, 0x40, 0x00, 0x00, 0x00, 0x0b, 0x00, 0x01, 0x01,
            0x00, 0x00, 0x00, 0x1e, 0x00, 0x01, 0x00, 0x00, 0x00, 0x01, 0x00, 0x00, 0x00, 0x01,
            0xe7, 0xdb, 0xf0, 0x00, 0x95, 0x00, 0x4a, 0x80, 0x4c, 0x80, 0xc3, 0x80, 0x00, 0x00,
            0x1c, 0x00, 0x93, 0x00, 0x00, 0x40, 0x00, 0x00, 0x00, 0x0c, 0x00, 0x01, 0x01, 0x00,
            0x00, 0x00, 0x1e, 0x00, 0x01, 0x00, 0x00, 0x00, 0x01, 0x00, 0x00, 0x00, 0x01, 0xe7,
            0xdb, 0xf0, 0x00, 0x95, 0x00, 0x4a, 0x80, 0x4c, 0x80, 0xc3, 0x80, 0x00, 0x00, 0x1c,
            0x00, 0x93, 0x00, 0x00, 0x40, 0x00, 0x00, 0x00, 0x0d, 0x00, 0x01, 0x01, 0x00, 0x00,
            0x00, 0x1e, 0x00, 0x01, 0x00, 0x00, 0x00, 0x01, 0x00, 0x00, 0x00, 0x01, 0xe7, 0xdb,
            0xf0, 0x00, 0x95, 0x00, 0x4a, 0x80, 0x4c, 0x80, 0xc3, 0x80, 0x00, 0x00, 0x1c, 0x00,
            0x93, 0x00, 0x00, 0x40, 0x00, 0x00, 0x00, 0x0e, 0x00, 0x01, 0x01, 0x00, 0x00, 0x00,
            0x1e, 0x00, 0x01, 0x00, 0x00, 0x00, 0x01, 0x00, 0x00, 0x00, 0x01, 0xe7, 0xdb, 0xf0,
            0x00, 0x95, 0x00, 0x4a, 0x80, 0x4c, 0x80, 0xc3, 0x80, 0x00, 0x00, 0x1c, 0x00, 0x93,
            0x00, 0x00, 0x40, 0x00, 0x00, 0x00, 0x0f, 0x00, 0x01, 0x01, 0x00, 0x00, 0x00, 0x1e,
            0x00, 0x01, 0x00, 0x00, 0x00, 0x01, 0x00, 0x00, 0x00, 0x01, 0xe7, 0xdb, 0xf0, 0x00,
            0x95, 0x00, 0x4a, 0x80, 0x4c, 0x80, 0xc3, 0x80, 0x00, 0x00, 0x1c, 0x00, 0x93, 0x00,
            0x00, 0x40, 0x00, 0x00, 0x00, 0x10, 0x00, 0x01, 0x01, 0x00, 0x00, 0x00, 0x1e, 0x00,
            0x01, 0x00, 0x00, 0x00, 0x01, 0x00, 0x00, 0x00, 0x01, 0xe7, 0xdb, 0xf0, 0x00, 0x95,
            0x00, 0x4a, 0x80, 0x4c, 0x80, 0xc3, 0x80, 0x00, 0x00, 0x1c, 0x00, 0x93, 0x00, 0x00,
            0x40, 0x00, 0x00, 0x00, 0x11, 0x00, 0x01, 0x01, 0x00, 0x00, 0x00, 0x1e, 0x00, 0x01,
            0x00, 0x00, 0x00, 0x01, 0x00, 0x00, 0x00, 0x01, 0xe7, 0xdb, 0xf0, 0x00, 0x95, 0x00,
            0x4a, 0x80, 0x4c, 0x80, 0xc3, 0x80, 0x00, 0x00, 0x1c, 0x00, 0x93, 0x00, 0x00, 0x40,
            0x00, 0x00, 0x00, 0x12, 0x00, 0x01, 0x01, 0x00, 0x00, 0x00, 0x1e, 0x00, 0x01, 0x00,
            0x00, 0x00, 0x01, 0x00, 0x00, 0x00, 0x01, 0xe7, 0xdb, 0xf0, 0x00, 0x95, 0x00, 0x4a,
            0x80, 0x4c, 0x80, 0xc3, 0x80, 0x00, 0x00, 0x1c, 0x00, 0x93, 0x00, 0x00, 0x40, 0x00,
            0x00, 0x00, 0x64, 0x3e, 0xe0, 0x00, 0x00, 0x11, 0xfe, 0xff, 0x02, 0x02, 0x03, 0x04,
            0x05, 0x06, 0x07, 0x08, 0x09, 0x0a, 0x0b, 0x0c, 0x0d, 0x0e, 0x0f, 0x10, 0x11, 0x12,
            0x01, 0x00, 0x00, 0x00, 0x09, 0x20, 0x00, 0x00, 0x00, 0x52, 0x00, 0x50, 0x00, 0x00,
            0x00, 0x00, 0x00, 0x65, 0x07, 0x20, 0x11, 0x01, 0x00, 0x00, 0x00, 0x2d, 0x00, 0x00,
            0x00, 0x09, 0x00, 0x00, 0x00, 0x07, 0x00, 0x00, 0x00, 0x00, 0x00, 0x00, 0x00, 0x00,
            0x04, 0x00, 0x11, 0x00, 0x00, 0x00, 0x00, 0x00, 0x01, 0x01, 0x00, 0x00, 0x00, 0x00,
            0x00, 0x00, 0x00, 0x00, 0x00, 0x00, 0x00, 0x00, 0x00, 0x00, 0x00, 0x00, 0x00, 0x00,
            0x04,
        ],
        globals: &[],
        second: &[],
    },
    EncodedCase {
        name: "count-17-reuse-reference-17",
        first_shift: false,
        second_shift: false,
        data: &[
            0x00, 0x00, 0x00, 0x01, 0x30, 0x01, 0x01, 0x00, 0x00, 0x00, 0x13, 0x00, 0x00, 0x00,
            0x09, 0x00, 0x00, 0x00, 0x07, 0x00, 0x00, 0x00, 0x00, 0x00, 0x00, 0x00, 0x00, 0x63,
            0x00, 0x00, 0x00, 0x00, 0x00, 0x02, 0x00, 0x01, 0x01, 0x00, 0x00, 0x00, 0x1e, 0x00,
            0x01, 0x00, 0x00, 0x00, 0x01, 0x00, 0x00, 0x00, 0x01, 0xe7, 0xdb, 0xf0, 0x00, 0x95,
            0x00, 0x4a, 0x80, 0x4c, 0x80, 0xc3, 0x80, 0x00, 0x00, 0x1c, 0x00, 0x93, 0x00, 0x00,
            0x40, 0x00, 0x00, 0x00, 0x03, 0x00, 0x01, 0x01, 0x00, 0x00, 0x00, 0x1e, 0x00, 0x01,
            0x00, 0x00, 0x00, 0x01, 0x00, 0x00, 0x00, 0x01, 0xe7, 0xdb, 0xf0, 0x00, 0x95, 0x00,
            0x4a, 0x80, 0x4c, 0x80, 0xc3, 0x80, 0x00, 0x00, 0x1c, 0x00, 0x93, 0x00, 0x00, 0x40,
            0x00, 0x00, 0x00, 0x04, 0x00, 0x01, 0x01, 0x00, 0x00, 0x00, 0x1e, 0x00, 0x01, 0x00,
            0x00, 0x00, 0x01, 0x00, 0x00, 0x00, 0x01, 0xe7, 0xdb, 0xf0, 0x00, 0x95, 0x00, 0x4a,
            0x80, 0x4c, 0x80, 0xc3, 0x80, 0x00, 0x00, 0x1c, 0x00, 0x93, 0x00, 0x00, 0x40, 0x00,
            0x00, 0x00, 0x05, 0x00, 0x01, 0x01, 0x00, 0x00, 0x00, 0x1e, 0x00, 0x01, 0x00, 0x00,
            0x00, 0x01, 0x00, 0x00, 0x00, 0x01, 0xe7, 0xdb, 0xf0, 0x00, 0x95, 0x00, 0x4a, 0x80,
            0x4c, 0x80, 0xc3, 0x80, 0x00, 0x00, 0x1c, 0x00, 0x93, 0x00, 0x00, 0x40, 0x00, 0x00,
            0x00, 0x06, 0x00, 0x01, 0x01, 0x00, 0x00, 0x00, 0x1e, 0x00, 0x01, 0x00, 0x00, 0x00,
            0x01, 0x00, 0x00, 0x00, 0x01, 0xe7, 0xdb, 0xf0, 0x00, 0x95, 0x00, 0x4a, 0x80, 0x4c,
            0x80, 0xc3, 0x80, 0x00, 0x00, 0x1c, 0x00, 0x93, 0x00, 0x00, 0x40, 0x00, 0x00, 0x00,
            0x07, 0x00, 0x01, 0x01, 0x00, 0x00, 0x00, 0x1e, 0x00, 0x01, 0x00, 0x00, 0x00, 0x01,
            0x00, 0x00, 0x00, 0x01, 0xe7, 0xdb, 0xf0, 0x00, 0x95, 0x00, 0x4a, 0x80, 0x4c, 0x80,
            0xc3, 0x80, 0x00, 0x00, 0x1c, 0x00, 0x93, 0x00, 0x00, 0x40, 0x00, 0x00, 0x00, 0x08,
            0x00, 0x01, 0x01, 0x00, 0x00, 0x00, 0x1e, 0x00, 0x01, 0x00, 0x00, 0x00, 0x01, 0x00,
            0x00, 0x00, 0x01, 0xe7, 0xdb, 0xf0, 0x00, 0x95, 0x00, 0x4a, 0x80, 0x4c, 0x80, 0xc3,
            0x80, 0x00, 0x00, 0x1c, 0x00, 0x93, 0x00, 0x00, 0x40, 0x00, 0x00, 0x00, 0x09, 0x00,
            0x01, 0x01, 0x00, 0x00, 0x00, 0x1e, 0x00, 0x01, 0x00, 0x00, 0x00, 0x01, 0x00, 0x00,
            0x00, 0x01, 0xe7, 0xdb, 0xf0, 0x00, 0x95, 0x00, 0x4a, 0x80, 0x4c, 0x80, 0xc3, 0x80,
            0x00, 0x00, 0x1c, 0x00, 0x93, 0x00, 0x00, 0x40, 0x00, 0x00, 0x00, 0x0a, 0x00, 0x01,
            0x01, 0x00, 0x00, 0x00, 0x1e, 0x00, 0x01, 0x00, 0x00, 0x00, 0x01, 0x00, 0x00, 0x00,
            0x01, 0xe7, 0xdb, 0xf0, 0x00, 0x95, 0x00, 0x4a, 0x80, 0x4c, 0x80, 0xc3, 0x80, 0x00,
            0x00, 0x1c, 0x00, 0x93, 0x00, 0x00, 0x40, 0x00, 0x00, 0x00, 0x0b, 0x00, 0x01, 0x01,
            0x00, 0x00, 0x00, 0x1e, 0x00, 0x01, 0x00, 0x00, 0x00, 0x01, 0x00, 0x00, 0x00, 0x01,
            0xe7, 0xdb, 0xf0, 0x00, 0x95, 0x00, 0x4a, 0x80, 0x4c, 0x80, 0xc3, 0x80, 0x00, 0x00,
            0x1c, 0x00, 0x93, 0x00, 0x00, 0x40, 0x00, 0x00, 0x00, 0x0c, 0x00, 0x01, 0x01, 0x00,
            0x00, 0x00, 0x1e, 0x00, 0x01, 0x00, 0x00, 0x00, 0x01, 0x00, 0x00, 0x00, 0x01, 0xe7,
            0xdb, 0xf0, 0x00, 0x95, 0x00, 0x4a, 0x80, 0x4c, 0x80, 0xc3, 0x80, 0x00, 0x00, 0x1c,
            0x00, 0x93, 0x00, 0x00, 0x40, 0x00, 0x00, 0x00, 0x0d, 0x00, 0x01, 0x01, 0x00, 0x00,
            0x00, 0x1e, 0x00, 0x01, 0x00, 0x00, 0x00, 0x01, 0x00, 0x00, 0x00, 0x01, 0xe7, 0xdb,
            0xf0, 0x00, 0x95, 0x00, 0x4a, 0x80, 0x4c, 0x80, 0xc3, 0x80, 0x00, 0x00, 0x1c, 0x00,
            0x93, 0x00, 0x00, 0x40, 0x00, 0x00, 0x00, 0x0e, 0x00, 0x01, 0x01, 0x00, 0x00, 0x00,
            0x1e, 0x00, 0x01, 0x00, 0x00, 0x00, 0x01, 0x00, 0x00, 0x00, 0x01, 0xe7, 0xdb, 0xf0,
            0x00, 0x95, 0x00, 0x4a, 0x80, 0x4c, 0x80, 0xc3, 0x80, 0x00, 0x00, 0x1c, 0x00, 0x93,
            0x00, 0x00, 0x40, 0x00, 0x00, 0x00, 0x0f, 0x00, 0x01, 0x01, 0x00, 0x00, 0x00, 0x1e,
            0x00, 0x01, 0x00, 0x00, 0x00, 0x01, 0x00, 0x00, 0x00, 0x01, 0xe7, 0xdb, 0xf0, 0x00,
            0x95, 0x00, 0x4a, 0x80, 0x4c, 0x80, 0xc3, 0x80, 0x00, 0x00, 0x1c, 0x00, 0x93, 0x00,
            0x00, 0x40, 0x00, 0x00, 0x00, 0x10, 0x00, 0x01, 0x01, 0x00, 0x00, 0x00, 0x1e, 0x00,
            0x01, 0x00, 0x00, 0x00, 0x01, 0x00, 0x00, 0x00, 0x01, 0xe7, 0xdb, 0xf0, 0x00, 0x95,
            0x00, 0x4a, 0x80, 0x4c, 0x80, 0xc3, 0x80, 0x00, 0x00, 0x1c, 0x00, 0x93, 0x00, 0x00,
            0x40, 0x00, 0x00, 0x00, 0x11, 0x00, 0x01, 0x01, 0x00, 0x00, 0x00, 0x1e, 0x00, 0x01,
            0x00, 0x00, 0x00, 0x01, 0x00, 0x00, 0x00, 0x01, 0xe7, 0xdb, 0xf0, 0x00, 0x95, 0x00,
            0x4a, 0x80, 0x4c, 0x80, 0xc3, 0x80, 0x00, 0x00, 0x1c, 0x00, 0x93, 0x00, 0x00, 0x40,
            0x00, 0x00, 0x00, 0x12, 0x00, 0x01, 0x01, 0x00, 0x00, 0x00, 0x1e, 0x00, 0x01, 0x00,
            0x00, 0x00, 0x01, 0x00, 0x00, 0x00, 0x01, 0xe7, 0xdb, 0xf0, 0x00, 0x95, 0x00, 0x4a,
            0x80, 0x4c, 0x80, 0xc3, 0x80, 0x00, 0x00, 0x1c, 0x00, 0x93, 0x00, 0x00, 0x40, 0x00,
            0x00, 0x00, 0x64, 0x3e, 0xe0, 0x00, 0x00, 0x11, 0xfe, 0xff, 0x01, 0x02, 0x03, 0x04,
            0x05, 0x06, 0x07, 0x08, 0x09, 0x0a, 0x0b, 0x0c, 0x0d, 0x0e, 0x0f, 0x10, 0x11, 0x12,
            0x01, 0x00, 0x00, 0x00, 0x09, 0x20, 0x00, 0x00, 0x00, 0x52, 0x00, 0x50, 0x00, 0x00,
            0x00, 0x00, 0x00, 0x65, 0x07, 0x20, 0x12, 0x01, 0x00, 0x00, 0x00, 0x2d, 0x00, 0x00,
            0x00, 0x09, 0x00, 0x00, 0x00, 0x07, 0x00, 0x00, 0x00, 0x00, 0x00, 0x00, 0x00, 0x00,
            0x04, 0x00, 0x11, 0x00, 0x00, 0x00, 0x00, 0x00, 0x01, 0x01, 0x00, 0x00, 0x00, 0x00,
            0x00, 0x00, 0x00, 0x00, 0x00, 0x00, 0x00, 0x00, 0x00, 0x00, 0x00, 0x00, 0x00, 0x00,
            0x04,
        ],
        globals: &[],
        second: &[],
    },
    EncodedCase {
        name: "deferred-dictionary-referred-by-text",
        first_shift: false,
        second_shift: false,
        data: &[
            0x00, 0x00, 0x00, 0x01, 0x30, 0x01, 0x01, 0x00, 0x00, 0x00, 0x13, 0x00, 0x00, 0x00,
            0x09, 0x00, 0x00, 0x00, 0x07, 0x00, 0x00, 0x00, 0x00, 0x00, 0x00, 0x00, 0x00, 0x63,
            0x00, 0x00, 0x00, 0x00, 0x00, 0x02, 0x80, 0x01, 0x01, 0x00, 0x00, 0x00, 0x1e, 0x00,
            0x01, 0x00, 0x00, 0x00, 0x01, 0x00, 0x00, 0x00, 0x01, 0xe7, 0xdb, 0xf0, 0x00, 0x95,
            0x00, 0x4a, 0x80, 0x4c, 0x80, 0xc3, 0x80, 0x00, 0x00, 0x1c, 0x00, 0x93, 0x00, 0x00,
            0x40, 0x00, 0x00, 0x00, 0x03, 0x07, 0x21, 0x02, 0x01, 0x00, 0x00, 0x00, 0x2d, 0x00,
            0x00, 0x00, 0x09, 0x00, 0x00, 0x00, 0x07, 0x00, 0x00, 0x00, 0x00, 0x00, 0x00, 0x00,
            0x00, 0x04, 0x00, 0x11, 0x00, 0x00, 0x00, 0x00, 0x00, 0x01, 0x01, 0x00, 0x00, 0x00,
            0x00, 0x00, 0x00, 0x00, 0x00, 0x00, 0x00, 0x00, 0x00, 0x00, 0x00, 0x00, 0x00, 0x00,
            0x00, 0x04,
        ],
        globals: &[],
        second: &[],
    },
    EncodedCase {
        name: "deferred-extension-not-adjacent",
        first_shift: false,
        second_shift: false,
        data: &[
            0x00, 0x00, 0x00, 0x01, 0x30, 0x01, 0x01, 0x00, 0x00, 0x00, 0x13, 0x00, 0x00, 0x00,
            0x09, 0x00, 0x00, 0x00, 0x07, 0x00, 0x00, 0x00, 0x00, 0x00, 0x00, 0x00, 0x00, 0x63,
            0x00, 0x00, 0x00, 0x00, 0x00, 0x02, 0x00, 0x01, 0x01, 0x00, 0x00, 0x00, 0x1e, 0x00,
            0x01, 0x00, 0x00, 0x00, 0x01, 0x00, 0x00, 0x00, 0x01, 0xe7, 0xdb, 0xf0, 0x00, 0x95,
            0x00, 0x4a, 0x80, 0x4c, 0x80, 0xc3, 0x80, 0x00, 0x00, 0x1c, 0x00, 0x93, 0x00, 0x00,
            0x40, 0x00, 0x00, 0x00, 0x03, 0x07, 0x20, 0x02, 0x01, 0x00, 0x00, 0x00, 0x2d, 0x00,
            0x00, 0x00, 0x09, 0x00, 0x00, 0x00, 0x07, 0x00, 0x00, 0x00, 0x00, 0x00, 0x00, 0x00,
            0x00, 0x04, 0x00, 0x11, 0x00, 0x00, 0x00, 0x00, 0x00, 0x01, 0x01, 0x00, 0x00, 0x00,
            0x00, 0x00, 0x00, 0x00, 0x00, 0x00, 0x00, 0x00, 0x00, 0x00, 0x00, 0x00, 0x00, 0x00,
            0x00, 0x04, 0x00, 0x00, 0x00, 0x0a, 0x80, 0x01, 0x01, 0x00, 0x00, 0x00, 0x1e, 0x00,
            0x01, 0x00, 0x00, 0x00, 0x01, 0x00, 0x00, 0x00, 0x01, 0xe7, 0xdb, 0xf0, 0x00, 0x95,
            0x00, 0x4a, 0x80, 0x4c, 0x80, 0xc3, 0x80, 0x00, 0x00, 0x1c, 0x00, 0x93, 0x00, 0x00,
            0x40, 0x00, 0x00, 0x00, 0x0f, 0x00, 0x00, 0x01, 0x00, 0x00, 0x00, 0x1e, 0x00, 0x01,
            0x00, 0x00, 0x00, 0x01, 0x00, 0x00, 0x00, 0x01, 0xe7, 0xdb, 0xf0, 0x00, 0x95, 0x00,
            0x4a, 0x80, 0x4c, 0x80, 0xc3, 0x80, 0x00, 0x00, 0x1c, 0x00, 0x93, 0x00, 0x00, 0x40,
            0x00, 0x00, 0x00, 0x14, 0x3e, 0x20, 0x0a, 0x01, 0x00, 0x00, 0x00, 0x09, 0x20, 0x00,
            0x00, 0x00, 0x52, 0x00, 0x50, 0x00, 0x00,
        ],
        globals: &[],
        second: &[],
    },
    EncodedCase {
        name: "deferred-extension-refers-to-two-targets",
        first_shift: false,
        second_shift: false,
        data: &[
            0x00, 0x00, 0x00, 0x01, 0x30, 0x01, 0x01, 0x00, 0x00, 0x00, 0x13, 0x00, 0x00, 0x00,
            0x09, 0x00, 0x00, 0x00, 0x07, 0x00, 0x00, 0x00, 0x00, 0x00, 0x00, 0x00, 0x00, 0x63,
            0x00, 0x00, 0x00, 0x00, 0x00, 0x02, 0x00, 0x01, 0x01, 0x00, 0x00, 0x00, 0x1e, 0x00,
            0x01, 0x00, 0x00, 0x00, 0x01, 0x00, 0x00, 0x00, 0x01, 0xe7, 0xdb, 0xf0, 0x00, 0x95,
            0x00, 0x4a, 0x80, 0x4c, 0x80, 0xc3, 0x80, 0x00, 0x00, 0x1c, 0x00, 0x93, 0x00, 0x00,
            0x40, 0x00, 0x00, 0x00, 0x03, 0x07, 0x20, 0x02, 0x01, 0x00, 0x00, 0x00, 0x2d, 0x00,
            0x00, 0x00, 0x09, 0x00, 0x00, 0x00, 0x07, 0x00, 0x00, 0x00, 0x00, 0x00, 0x00, 0x00,
            0x00, 0x04, 0x00, 0x11, 0x00, 0x00, 0x00, 0x00, 0x00, 0x01, 0x01, 0x00, 0x00, 0x00,
            0x00, 0x00, 0x00, 0x00, 0x00, 0x00, 0x00, 0x00, 0x00, 0x00, 0x00, 0x00, 0x00, 0x00,
            0x00, 0x04, 0x00, 0x00, 0x00, 0x0a, 0x80, 0x01, 0x01, 0x00, 0x00, 0x00, 0x1e, 0x00,
            0x01, 0x00, 0x00, 0x00, 0x01, 0x00, 0x00, 0x00, 0x01, 0xe7, 0xdb, 0xf0, 0x00, 0x95,
            0x00, 0x4a, 0x80, 0x4c, 0x80, 0xc3, 0x80, 0x00, 0x00, 0x1c, 0x00, 0x93, 0x00, 0x00,
            0x40, 0x00, 0x00, 0x00, 0x0b, 0x00, 0x01, 0x01, 0x00, 0x00, 0x00, 0x1e, 0x00, 0x01,
            0x00, 0x00, 0x00, 0x01, 0x00, 0x00, 0x00, 0x01, 0xe7, 0xdb, 0xf0, 0x00, 0x95, 0x00,
            0x4a, 0x80, 0x4c, 0x80, 0xc3, 0x80, 0x00, 0x00, 0x1c, 0x00, 0x93, 0x00, 0x00, 0x40,
            0x00, 0x00, 0x00, 0x0c, 0x3e, 0x40, 0x0a, 0x0b, 0x01, 0x00, 0x00, 0x00, 0x09, 0x20,
            0x00, 0x00, 0x00, 0x52, 0x00, 0x50, 0x00, 0x00,
        ],
        globals: &[],
        second: &[],
    },
    EncodedCase {
        name: "deferred-last-extension-keeps-owner",
        first_shift: false,
        second_shift: false,
        data: &[
            0x00, 0x00, 0x00, 0x01, 0x30, 0x01, 0x01, 0x00, 0x00, 0x00, 0x13, 0x00, 0x00, 0x00,
            0x09, 0x00, 0x00, 0x00, 0x07, 0x00, 0x00, 0x00, 0x00, 0x00, 0x00, 0x00, 0x00, 0x63,
            0x00, 0x00, 0x00, 0x00, 0x00, 0x02, 0x00, 0x01, 0x01, 0x00, 0x00, 0x00, 0x1e, 0x00,
            0x01, 0x00, 0x00, 0x00, 0x01, 0x00, 0x00, 0x00, 0x01, 0xe7, 0xdb, 0xf0, 0x00, 0x95,
            0x00, 0x4a, 0x80, 0x4c, 0x80, 0xc3, 0x80, 0x00, 0x00, 0x1c, 0x00, 0x93, 0x00, 0x00,
            0x40, 0x00, 0x00, 0x00, 0x03, 0x07, 0x20, 0x02, 0x01, 0x00, 0x00, 0x00, 0x2d, 0x00,
            0x00, 0x00, 0x09, 0x00, 0x00, 0x00, 0x07, 0x00, 0x00, 0x00, 0x00, 0x00, 0x00, 0x00,
            0x00, 0x04, 0x00, 0x11, 0x00, 0x00, 0x00, 0x00, 0x00, 0x01, 0x01, 0x00, 0x00, 0x00,
            0x00, 0x00, 0x00, 0x00, 0x00, 0x00, 0x00, 0x00, 0x00, 0x00, 0x00, 0x00, 0x00, 0x00,
            0x00, 0x04, 0x00, 0x00, 0x00, 0x0a, 0x80, 0x01, 0x01, 0x00, 0x00, 0x00, 0x1e, 0x00,
            0x01, 0x00, 0x00, 0x00, 0x01, 0x00, 0x00, 0x00, 0x01, 0xe7, 0xdb, 0xf0, 0x00, 0x95,
            0x00, 0x4a, 0x80, 0x4c, 0x80, 0xc3, 0x80, 0x00, 0x00, 0x1c, 0x00, 0x93, 0x00, 0x00,
            0x40, 0x00, 0x00, 0x00, 0x0b, 0x3e, 0x22, 0x0a, 0x01, 0x00, 0x00, 0x00, 0x09, 0x20,
            0x00, 0x00, 0x00, 0x52, 0x00, 0x50, 0x00, 0x00,
        ],
        globals: &[],
        second: &[],
    },
    EncodedCase {
        name: "deferred-chain-keeps-before-next-segment",
        first_shift: false,
        second_shift: false,
        data: &[
            0x00, 0x00, 0x00, 0x01, 0x30, 0x01, 0x01, 0x00, 0x00, 0x00, 0x13, 0x00, 0x00, 0x00,
            0x09, 0x00, 0x00, 0x00, 0x07, 0x00, 0x00, 0x00, 0x00, 0x00, 0x00, 0x00, 0x00, 0x63,
            0x00, 0x00, 0x00, 0x00, 0x00, 0x02, 0x00, 0x01, 0x01, 0x00, 0x00, 0x00, 0x1e, 0x00,
            0x01, 0x00, 0x00, 0x00, 0x01, 0x00, 0x00, 0x00, 0x01, 0xe7, 0xdb, 0xf0, 0x00, 0x95,
            0x00, 0x4a, 0x80, 0x4c, 0x80, 0xc3, 0x80, 0x00, 0x00, 0x1c, 0x00, 0x93, 0x00, 0x00,
            0x40, 0x00, 0x00, 0x00, 0x03, 0x07, 0x20, 0x02, 0x01, 0x00, 0x00, 0x00, 0x2d, 0x00,
            0x00, 0x00, 0x09, 0x00, 0x00, 0x00, 0x07, 0x00, 0x00, 0x00, 0x00, 0x00, 0x00, 0x00,
            0x00, 0x04, 0x00, 0x11, 0x00, 0x00, 0x00, 0x00, 0x00, 0x01, 0x01, 0x00, 0x00, 0x00,
            0x00, 0x00, 0x00, 0x00, 0x00, 0x00, 0x00, 0x00, 0x00, 0x00, 0x00, 0x00, 0x00, 0x00,
            0x00, 0x04, 0x00, 0x00, 0x00, 0x0a, 0x80, 0x01, 0x01, 0x00, 0x00, 0x00, 0x1e, 0x00,
            0x01, 0x00, 0x00, 0x00, 0x01, 0x00, 0x00, 0x00, 0x01, 0xe7, 0xdb, 0xf0, 0x00, 0x95,
            0x00, 0x4a, 0x80, 0x4c, 0x80, 0xc3, 0x80, 0x00, 0x00, 0x1c, 0x00, 0x93, 0x00, 0x00,
            0x40, 0x00, 0x00, 0x00, 0x0b, 0x3e, 0x22, 0x0a, 0x01, 0x00, 0x00, 0x00, 0x09, 0x20,
            0x00, 0x00, 0x00, 0x52, 0x00, 0x50, 0x00, 0x00, 0x00, 0x00, 0x00, 0x0c, 0x00, 0x00,
            0x01, 0x00, 0x00, 0x00, 0x1e, 0x00, 0x01, 0x00, 0x00, 0x00, 0x01, 0x00, 0x00, 0x00,
            0x01, 0xe7, 0xdb, 0xf0, 0x00, 0x95, 0x00, 0x4a, 0x80, 0x4c, 0x80, 0xc3, 0x80, 0x00,
            0x00, 0x1c, 0x00, 0x93, 0x00, 0x00, 0x40,
        ],
        globals: &[],
        second: &[],
    },
    EncodedCase {
        name: "deferred-chain-clears-too-early",
        first_shift: false,
        second_shift: false,
        data: &[
            0x00, 0x00, 0x00, 0x01, 0x30, 0x01, 0x01, 0x00, 0x00, 0x00, 0x13, 0x00, 0x00, 0x00,
            0x09, 0x00, 0x00, 0x00, 0x07, 0x00, 0x00, 0x00, 0x00, 0x00, 0x00, 0x00, 0x00, 0x63,
            0x00, 0x00, 0x00, 0x00, 0x00, 0x02, 0x00, 0x01, 0x01, 0x00, 0x00, 0x00, 0x1e, 0x00,
            0x01, 0x00, 0x00, 0x00, 0x01, 0x00, 0x00, 0x00, 0x01, 0xe7, 0xdb, 0xf0, 0x00, 0x95,
            0x00, 0x4a, 0x80, 0x4c, 0x80, 0xc3, 0x80, 0x00, 0x00, 0x1c, 0x00, 0x93, 0x00, 0x00,
            0x40, 0x00, 0x00, 0x00, 0x03, 0x07, 0x20, 0x02, 0x01, 0x00, 0x00, 0x00, 0x2d, 0x00,
            0x00, 0x00, 0x09, 0x00, 0x00, 0x00, 0x07, 0x00, 0x00, 0x00, 0x00, 0x00, 0x00, 0x00,
            0x00, 0x04, 0x00, 0x11, 0x00, 0x00, 0x00, 0x00, 0x00, 0x01, 0x01, 0x00, 0x00, 0x00,
            0x00, 0x00, 0x00, 0x00, 0x00, 0x00, 0x00, 0x00, 0x00, 0x00, 0x00, 0x00, 0x00, 0x00,
            0x00, 0x04, 0x00, 0x00, 0x00, 0x0a, 0x80, 0x01, 0x01, 0x00, 0x00, 0x00, 0x1e, 0x00,
            0x01, 0x00, 0x00, 0x00, 0x01, 0x00, 0x00, 0x00, 0x01, 0xe7, 0xdb, 0xf0, 0x00, 0x95,
            0x00, 0x4a, 0x80, 0x4c, 0x80, 0xc3, 0x80, 0x00, 0x00, 0x1c, 0x00, 0x93, 0x00, 0x00,
            0x40, 0x00, 0x00, 0x00, 0x0b, 0x3e, 0x20, 0x0a, 0x01, 0x00, 0x00, 0x00, 0x09, 0x20,
            0x00, 0x00, 0x00, 0x52, 0x00, 0x50, 0x00, 0x00, 0x00, 0x00, 0x00, 0x0c, 0x3e, 0x20,
            0x0a, 0x01, 0x00, 0x00, 0x00, 0x09, 0x20, 0x00, 0x00, 0x00, 0x52, 0x00, 0x50, 0x00,
            0x00,
        ],
        globals: &[],
        second: &[],
    },
    EncodedCase {
        name: "deferred-owner-self-not-retained",
        first_shift: false,
        second_shift: false,
        data: &[
            0x00, 0x00, 0x00, 0x01, 0x30, 0x01, 0x01, 0x00, 0x00, 0x00, 0x13, 0x00, 0x00, 0x00,
            0x09, 0x00, 0x00, 0x00, 0x07, 0x00, 0x00, 0x00, 0x00, 0x00, 0x00, 0x00, 0x00, 0x63,
            0x00, 0x00, 0x00, 0x00, 0x00, 0x02, 0x00, 0x01, 0x01, 0x00, 0x00, 0x00, 0x1e, 0x00,
            0x01, 0x00, 0x00, 0x00, 0x01, 0x00, 0x00, 0x00, 0x01, 0xe7, 0xdb, 0xf0, 0x00, 0x95,
            0x00, 0x4a, 0x80, 0x4c, 0x80, 0xc3, 0x80, 0x00, 0x00, 0x1c, 0x00, 0x93, 0x00, 0x00,
            0x40, 0x00, 0x00, 0x00, 0x03, 0x07, 0x20, 0x02, 0x01, 0x00, 0x00, 0x00, 0x2d, 0x00,
            0x00, 0x00, 0x09, 0x00, 0x00, 0x00, 0x07, 0x00, 0x00, 0x00, 0x00, 0x00, 0x00, 0x00,
            0x00, 0x04, 0x00, 0x11, 0x00, 0x00, 0x00, 0x00, 0x00, 0x01, 0x01, 0x00, 0x00, 0x00,
            0x00, 0x00, 0x00, 0x00, 0x00, 0x00, 0x00, 0x00, 0x00, 0x00, 0x00, 0x00, 0x00, 0x00,
            0x00, 0x04, 0x00, 0x00, 0x00, 0x0a, 0x80, 0x00, 0x01, 0x00, 0x00, 0x00, 0x1e, 0x00,
            0x01, 0x00, 0x00, 0x00, 0x01, 0x00, 0x00, 0x00, 0x01, 0xe7, 0xdb, 0xf0, 0x00, 0x95,
            0x00, 0x4a, 0x80, 0x4c, 0x80, 0xc3, 0x80, 0x00, 0x00, 0x1c, 0x00, 0x93, 0x00, 0x00,
            0x40, 0x00, 0x00, 0x00, 0x0b, 0x3e, 0x20, 0x0a, 0x01, 0x00, 0x00, 0x00, 0x09, 0x20,
            0x00, 0x00, 0x00, 0x52, 0x00, 0x50, 0x00, 0x00,
        ],
        globals: &[],
        second: &[],
    },
    EncodedCase {
        name: "nested-deferred-owner-leaves-first-chain-live",
        first_shift: false,
        second_shift: false,
        data: &[
            0x00, 0x00, 0x00, 0x01, 0x30, 0x01, 0x01, 0x00, 0x00, 0x00, 0x13, 0x00, 0x00, 0x00,
            0x09, 0x00, 0x00, 0x00, 0x07, 0x00, 0x00, 0x00, 0x00, 0x00, 0x00, 0x00, 0x00, 0x63,
            0x00, 0x00, 0x00, 0x00, 0x00, 0x02, 0x00, 0x01, 0x01, 0x00, 0x00, 0x00, 0x1e, 0x00,
            0x01, 0x00, 0x00, 0x00, 0x01, 0x00, 0x00, 0x00, 0x01, 0xe7, 0xdb, 0xf0, 0x00, 0x95,
            0x00, 0x4a, 0x80, 0x4c, 0x80, 0xc3, 0x80, 0x00, 0x00, 0x1c, 0x00, 0x93, 0x00, 0x00,
            0x40, 0x00, 0x00, 0x00, 0x03, 0x07, 0x20, 0x02, 0x01, 0x00, 0x00, 0x00, 0x2d, 0x00,
            0x00, 0x00, 0x09, 0x00, 0x00, 0x00, 0x07, 0x00, 0x00, 0x00, 0x00, 0x00, 0x00, 0x00,
            0x00, 0x04, 0x00, 0x11, 0x00, 0x00, 0x00, 0x00, 0x00, 0x01, 0x01, 0x00, 0x00, 0x00,
            0x00, 0x00, 0x00, 0x00, 0x00, 0x00, 0x00, 0x00, 0x00, 0x00, 0x00, 0x00, 0x00, 0x00,
            0x00, 0x04, 0x00, 0x00, 0x00, 0x0a, 0x80, 0x01, 0x01, 0x00, 0x00, 0x00, 0x1e, 0x00,
            0x01, 0x00, 0x00, 0x00, 0x01, 0x00, 0x00, 0x00, 0x01, 0xe7, 0xdb, 0xf0, 0x00, 0x95,
            0x00, 0x4a, 0x80, 0x4c, 0x80, 0xc3, 0x80, 0x00, 0x00, 0x1c, 0x00, 0x93, 0x00, 0x00,
            0x40, 0x00, 0x00, 0x00, 0x0b, 0xbe, 0x23, 0x0a, 0x01, 0x00, 0x00, 0x00, 0x09, 0x20,
            0x00, 0x00, 0x00, 0x52, 0x00, 0x50, 0x00, 0x00, 0x00, 0x00, 0x00, 0x0c, 0x3e, 0x20,
            0x0b, 0x01, 0x00, 0x00, 0x00, 0x09, 0x20, 0x00, 0x00, 0x00, 0x52, 0x00, 0x50, 0x00,
            0x00,
        ],
        globals: &[],
        second: &[],
    },
    EncodedCase {
        name: "physical-adjacency-cannot-hide-logical-interruption",
        first_shift: false,
        second_shift: false,
        data: &[
            0x00, 0x00, 0x00, 0x01, 0x30, 0x01, 0x01, 0x00, 0x00, 0x00, 0x13, 0x00, 0x00, 0x00,
            0x09, 0x00, 0x00, 0x00, 0x07, 0x00, 0x00, 0x00, 0x00, 0x00, 0x00, 0x00, 0x00, 0x63,
            0x00, 0x00, 0x00, 0x00, 0x00, 0x02, 0x00, 0x01, 0x01, 0x00, 0x00, 0x00, 0x1e, 0x00,
            0x01, 0x00, 0x00, 0x00, 0x01, 0x00, 0x00, 0x00, 0x01, 0xe7, 0xdb, 0xf0, 0x00, 0x95,
            0x00, 0x4a, 0x80, 0x4c, 0x80, 0xc3, 0x80, 0x00, 0x00, 0x1c, 0x00, 0x93, 0x00, 0x00,
            0x40, 0x00, 0x00, 0x00, 0x03, 0x07, 0x20, 0x02, 0x01, 0x00, 0x00, 0x00, 0x2d, 0x00,
            0x00, 0x00, 0x09, 0x00, 0x00, 0x00, 0x07, 0x00, 0x00, 0x00, 0x00, 0x00, 0x00, 0x00,
            0x00, 0x04, 0x00, 0x11, 0x00, 0x00, 0x00, 0x00, 0x00, 0x01, 0x01, 0x00, 0x00, 0x00,
            0x00, 0x00, 0x00, 0x00, 0x00, 0x00, 0x00, 0x00, 0x00, 0x00, 0x00, 0x00, 0x00, 0x00,
            0x00, 0x04, 0x00, 0x00, 0x00, 0x0a, 0x80, 0x01, 0x01, 0x00, 0x00, 0x00, 0x1e, 0x00,
            0x01, 0x00, 0x00, 0x00, 0x01, 0x00, 0x00, 0x00, 0x01, 0xe7, 0xdb, 0xf0, 0x00, 0x95,
            0x00, 0x4a, 0x80, 0x4c, 0x80, 0xc3, 0x80, 0x00, 0x00, 0x1c, 0x00, 0x93, 0x00, 0x00,
            0x40, 0x00, 0x00, 0x00, 0x14, 0x3e, 0x20, 0x0a, 0x01, 0x00, 0x00, 0x00, 0x09, 0x20,
            0x00, 0x00, 0x00, 0x52, 0x00, 0x50, 0x00, 0x00, 0x00, 0x00, 0x00, 0x0f, 0x00, 0x00,
            0x01, 0x00, 0x00, 0x00, 0x1e, 0x00, 0x01, 0x00, 0x00, 0x00, 0x01, 0x00, 0x00, 0x00,
            0x01, 0xe7, 0xdb, 0xf0, 0x00, 0x95, 0x00, 0x4a, 0x80, 0x4c, 0x80, 0xc3, 0x80, 0x00,
            0x00, 0x1c, 0x00, 0x93, 0x00, 0x00, 0x40,
        ],
        globals: &[],
        second: &[],
    },
    EncodedCase {
        name: "global-dictionary-self-not-retained",
        first_shift: false,
        second_shift: false,
        data: &[
            0x00, 0x00, 0x00, 0x01, 0x30, 0x01, 0x01, 0x00, 0x00, 0x00, 0x13, 0x00, 0x00, 0x00,
            0x09, 0x00, 0x00, 0x00, 0x07, 0x00, 0x00, 0x00, 0x00, 0x00, 0x00, 0x00, 0x00, 0x63,
            0x00, 0x00, 0x00, 0x00, 0x00, 0x0b, 0x07, 0x21, 0x0a, 0x01, 0x00, 0x00, 0x00, 0x2d,
            0x00, 0x00, 0x00, 0x09, 0x00, 0x00, 0x00, 0x07, 0x00, 0x00, 0x00, 0x00, 0x00, 0x00,
            0x00, 0x00, 0x04, 0x00, 0x11, 0x00, 0x00, 0x00, 0x00, 0x00, 0x01, 0x01, 0x00, 0x00,
            0x00, 0x00, 0x00, 0x00, 0x00, 0x00, 0x00, 0x00, 0x00, 0x00, 0x00, 0x00, 0x00, 0x00,
            0x00, 0x00, 0x04,
        ],
        globals: &[
            0x00, 0x00, 0x00, 0x0a, 0x00, 0x00, 0x00, 0x00, 0x00, 0x00, 0x1e, 0x00, 0x01, 0x00,
            0x00, 0x00, 0x01, 0x00, 0x00, 0x00, 0x01, 0xe7, 0xdb, 0xf0, 0x00, 0x95, 0x00, 0x4a,
            0x80, 0x4c, 0x80, 0xc3, 0x80, 0x00, 0x00, 0x1c, 0x00, 0x93, 0x00, 0x00, 0x40,
        ],
        second: &[],
    },
    EncodedCase {
        name: "global-dictionary-cleared-in-globals",
        first_shift: false,
        second_shift: false,
        data: &[
            0x00, 0x00, 0x00, 0x01, 0x30, 0x01, 0x01, 0x00, 0x00, 0x00, 0x13, 0x00, 0x00, 0x00,
            0x09, 0x00, 0x00, 0x00, 0x07, 0x00, 0x00, 0x00, 0x00, 0x00, 0x00, 0x00, 0x00, 0x63,
            0x00, 0x00, 0x00, 0x00, 0x00, 0x0c, 0x07, 0x21, 0x0a, 0x01, 0x00, 0x00, 0x00, 0x2d,
            0x00, 0x00, 0x00, 0x09, 0x00, 0x00, 0x00, 0x07, 0x00, 0x00, 0x00, 0x00, 0x00, 0x00,
            0x00, 0x00, 0x04, 0x00, 0x11, 0x00, 0x00, 0x00, 0x00, 0x00, 0x01, 0x01, 0x00, 0x00,
            0x00, 0x00, 0x00, 0x00, 0x00, 0x00, 0x00, 0x00, 0x00, 0x00, 0x00, 0x00, 0x00, 0x00,
            0x00, 0x00, 0x04,
        ],
        globals: &[
            0x00, 0x00, 0x00, 0x0a, 0x00, 0x01, 0x00, 0x00, 0x00, 0x00, 0x1e, 0x00, 0x01, 0x00,
            0x00, 0x00, 0x01, 0x00, 0x00, 0x00, 0x01, 0xe7, 0xdb, 0xf0, 0x00, 0x95, 0x00, 0x4a,
            0x80, 0x4c, 0x80, 0xc3, 0x80, 0x00, 0x00, 0x1c, 0x00, 0x93, 0x00, 0x00, 0x40, 0x00,
            0x00, 0x00, 0x0b, 0x3e, 0x20, 0x0a, 0x00, 0x00, 0x00, 0x00, 0x09, 0x20, 0x00, 0x00,
            0x00, 0x52, 0x00, 0x50, 0x00, 0x00,
        ],
        second: &[],
    },
    EncodedCase {
        name: "global-deferred-owner-referred-by-text",
        first_shift: false,
        second_shift: false,
        data: &[
            0x00, 0x00, 0x00, 0x01, 0x30, 0x01, 0x01, 0x00, 0x00, 0x00, 0x13, 0x00, 0x00, 0x00,
            0x09, 0x00, 0x00, 0x00, 0x07, 0x00, 0x00, 0x00, 0x00, 0x00, 0x00, 0x00, 0x00, 0x63,
            0x00, 0x00, 0x00, 0x00, 0x00, 0x0b, 0x07, 0x21, 0x0a, 0x01, 0x00, 0x00, 0x00, 0x2d,
            0x00, 0x00, 0x00, 0x09, 0x00, 0x00, 0x00, 0x07, 0x00, 0x00, 0x00, 0x00, 0x00, 0x00,
            0x00, 0x00, 0x04, 0x00, 0x11, 0x00, 0x00, 0x00, 0x00, 0x00, 0x01, 0x01, 0x00, 0x00,
            0x00, 0x00, 0x00, 0x00, 0x00, 0x00, 0x00, 0x00, 0x00, 0x00, 0x00, 0x00, 0x00, 0x00,
            0x00, 0x00, 0x04,
        ],
        globals: &[
            0x00, 0x00, 0x00, 0x0a, 0x80, 0x01, 0x00, 0x00, 0x00, 0x00, 0x1e, 0x00, 0x01, 0x00,
            0x00, 0x00, 0x01, 0x00, 0x00, 0x00, 0x01, 0xe7, 0xdb, 0xf0, 0x00, 0x95, 0x00, 0x4a,
            0x80, 0x4c, 0x80, 0xc3, 0x80, 0x00, 0x00, 0x1c, 0x00, 0x93, 0x00, 0x00, 0x40,
        ],
        second: &[],
    },
    EncodedCase {
        name: "global-deferred-chain-has-known-interruption",
        first_shift: false,
        second_shift: false,
        data: &[
            0x00, 0x00, 0x00, 0x01, 0x30, 0x01, 0x01, 0x00, 0x00, 0x00, 0x13, 0x00, 0x00, 0x00,
            0x09, 0x00, 0x00, 0x00, 0x07, 0x00, 0x00, 0x00, 0x00, 0x00, 0x00, 0x00, 0x00, 0x63,
            0x00, 0x00, 0x00, 0x00, 0x00, 0x02, 0x00, 0x01, 0x01, 0x00, 0x00, 0x00, 0x1e, 0x00,
            0x01, 0x00, 0x00, 0x00, 0x01, 0x00, 0x00, 0x00, 0x01, 0xe7, 0xdb, 0xf0, 0x00, 0x95,
            0x00, 0x4a, 0x80, 0x4c, 0x80, 0xc3, 0x80, 0x00, 0x00, 0x1c, 0x00, 0x93, 0x00, 0x00,
            0x40, 0x00, 0x00, 0x00, 0x03, 0x07, 0x20, 0x02, 0x01, 0x00, 0x00, 0x00, 0x2d, 0x00,
            0x00, 0x00, 0x09, 0x00, 0x00, 0x00, 0x07, 0x00, 0x00, 0x00, 0x00, 0x00, 0x00, 0x00,
            0x00, 0x04, 0x00, 0x11, 0x00, 0x00, 0x00, 0x00, 0x00, 0x01, 0x01, 0x00, 0x00, 0x00,
            0x00, 0x00, 0x00, 0x00, 0x00, 0x00, 0x00, 0x00, 0x00, 0x00, 0x00, 0x00, 0x00, 0x00,
            0x00, 0x04, 0x00, 0x00, 0x00, 0x14, 0x3e, 0x20, 0x0a, 0x01, 0x00, 0x00, 0x00, 0x09,
            0x20, 0x00, 0x00, 0x00, 0x52, 0x00, 0x50, 0x00, 0x00,
        ],
        globals: &[
            0x00, 0x00, 0x00, 0x0a, 0x80, 0x01, 0x00, 0x00, 0x00, 0x00, 0x1e, 0x00, 0x01, 0x00,
            0x00, 0x00, 0x01, 0x00, 0x00, 0x00, 0x01, 0xe7, 0xdb, 0xf0, 0x00, 0x95, 0x00, 0x4a,
            0x80, 0x4c, 0x80, 0xc3, 0x80, 0x00, 0x00, 0x1c, 0x00, 0x93, 0x00, 0x00, 0x40, 0x00,
            0x00, 0x00, 0x0f, 0x00, 0x00, 0x00, 0x00, 0x00, 0x00, 0x1e, 0x00, 0x01, 0x00, 0x00,
            0x00, 0x01, 0x00, 0x00, 0x00, 0x01, 0xe7, 0xdb, 0xf0, 0x00, 0x95, 0x00, 0x4a, 0x80,
            0x4c, 0x80, 0xc3, 0x80, 0x00, 0x00, 0x1c, 0x00, 0x93, 0x00, 0x00, 0x40,
        ],
        second: &[],
    },
];
