// Authored T.88 7.4.2.2 retained symbol dictionary context controls.
// Arithmetic bitmaps use unchanged agl/jbig2enc
// d0dfca46216c98f11312a9c9f15615ed490cd7b3 (Apache-2.0), with
// independent scalar refinement and GB/GR statistics retained separately.
// Integer contexts and arithmetic registers restart for each dictionary.
// Seven reset controls match Poppler. Its retained-context disagreements and
// refusals are preserved; independently encoded pixels remain the oracle.
// Provenance: pdf-test-suite/reports/jbig2-retained-contexts-2026-09-10/.
pub(super) struct EncodedCase {
    pub(super) name: &'static str,
    pub(super) data: &'static [u8],
}
pub(super) const CASES: &[EncodedCase] = &[
    EncodedCase {
        name: "generic-t0-reuse-dictionary-last",
        data: &[
            0x00, 0x00, 0x00, 0x01, 0x30, 0x01, 0x01, 0x00, 0x00, 0x00, 0x13, 0x00, 0x00, 0x00,
            0x09, 0x00, 0x00, 0x00, 0x07, 0x00, 0x00, 0x00, 0x00, 0x00, 0x00, 0x00, 0x00, 0x63,
            0x00, 0x00, 0x00, 0x00, 0x00, 0x02, 0x00, 0x01, 0x01, 0x00, 0x00, 0x00, 0x1f, 0x00,
            0x00, 0x03, 0xff, 0xfd, 0xff, 0x02, 0xfe, 0xfe, 0xfe, 0x00, 0x00, 0x00, 0x01, 0x00,
            0x00, 0x00, 0x01, 0x4d, 0x27, 0x60, 0x73, 0x0c, 0x78, 0x86, 0xd0, 0x9e, 0x61, 0xaa,
            0xff, 0xac, 0x00, 0x00, 0x00, 0x05, 0x00, 0x23, 0x02, 0x01, 0x00, 0x00, 0x00, 0x1f,
            0x02, 0x00, 0x03, 0xff, 0xfd, 0xff, 0x02, 0xfe, 0xfe, 0xfe, 0x00, 0x00, 0x00, 0x01,
            0x00, 0x00, 0x00, 0x01, 0x4d, 0x25, 0x29, 0xd5, 0x9d, 0xbe, 0x3d, 0x9e, 0x4d, 0xd3,
            0x09, 0xff, 0xac, 0x00, 0x00, 0x00, 0x06, 0x00, 0x23, 0x05, 0x01, 0x00, 0x00, 0x00,
            0x1f, 0x01, 0x00, 0x03, 0xff, 0xfd, 0xff, 0x02, 0xfe, 0xfe, 0xfe, 0x00, 0x00, 0x00,
            0x01, 0x00, 0x00, 0x00, 0x01, 0x4d, 0x26, 0x9d, 0x99, 0x5e, 0x56, 0xdc, 0x9d, 0x0f,
            0xe4, 0x4f, 0xff, 0xac, 0x00, 0x00, 0x00, 0x07, 0x07, 0x23, 0x06, 0x01, 0x00, 0x00,
            0x00, 0x2d, 0x00, 0x00, 0x00, 0x09, 0x00, 0x00, 0x00, 0x07, 0x00, 0x00, 0x00, 0x00,
            0x00, 0x00, 0x00, 0x00, 0x04, 0x00, 0x11, 0x00, 0x00, 0x00, 0x00, 0x00, 0x01, 0x01,
            0x00, 0x00, 0x00, 0x00, 0x00, 0x00, 0x00, 0x00, 0x00, 0x00, 0x00, 0x00, 0x00, 0x00,
            0x00, 0x00, 0x00, 0x00, 0x04,
        ],
    },
    EncodedCase {
        name: "generic-t0-reset",
        data: &[
            0x00, 0x00, 0x00, 0x01, 0x30, 0x01, 0x01, 0x00, 0x00, 0x00, 0x13, 0x00, 0x00, 0x00,
            0x09, 0x00, 0x00, 0x00, 0x07, 0x00, 0x00, 0x00, 0x00, 0x00, 0x00, 0x00, 0x00, 0x63,
            0x00, 0x00, 0x00, 0x00, 0x00, 0x02, 0x00, 0x01, 0x01, 0x00, 0x00, 0x00, 0x1f, 0x00,
            0x00, 0x03, 0xff, 0xfd, 0xff, 0x02, 0xfe, 0xfe, 0xfe, 0x00, 0x00, 0x00, 0x01, 0x00,
            0x00, 0x00, 0x01, 0x4d, 0x27, 0x60, 0x73, 0x0c, 0x78, 0x86, 0xd0, 0x9e, 0x61, 0xaa,
            0xff, 0xac, 0x00, 0x00, 0x00, 0x05, 0x00, 0x23, 0x02, 0x01, 0x00, 0x00, 0x00, 0x1f,
            0x02, 0x00, 0x03, 0xff, 0xfd, 0xff, 0x02, 0xfe, 0xfe, 0xfe, 0x00, 0x00, 0x00, 0x01,
            0x00, 0x00, 0x00, 0x01, 0x4d, 0x25, 0x29, 0xd5, 0x9d, 0xbe, 0x3d, 0x9e, 0x4d, 0xd3,
            0x09, 0xff, 0xac, 0x00, 0x00, 0x00, 0x06, 0x00, 0x23, 0x05, 0x01, 0x00, 0x00, 0x00,
            0x1f, 0x00, 0x00, 0x03, 0xff, 0xfd, 0xff, 0x02, 0xfe, 0xfe, 0xfe, 0x00, 0x00, 0x00,
            0x01, 0x00, 0x00, 0x00, 0x01, 0x4d, 0x26, 0xdc, 0x67, 0xf9, 0x5b, 0x72, 0x74, 0x3f,
            0x91, 0x3f, 0xff, 0xac, 0x00, 0x00, 0x00, 0x07, 0x07, 0x23, 0x06, 0x01, 0x00, 0x00,
            0x00, 0x2d, 0x00, 0x00, 0x00, 0x09, 0x00, 0x00, 0x00, 0x07, 0x00, 0x00, 0x00, 0x00,
            0x00, 0x00, 0x00, 0x00, 0x04, 0x00, 0x11, 0x00, 0x00, 0x00, 0x00, 0x00, 0x01, 0x01,
            0x00, 0x00, 0x00, 0x00, 0x00, 0x00, 0x00, 0x00, 0x00, 0x00, 0x00, 0x00, 0x00, 0x00,
            0x00, 0x00, 0x00, 0x00, 0x04,
        ],
    },
    EncodedCase {
        name: "generic-t0-branch",
        data: &[
            0x00, 0x00, 0x00, 0x01, 0x30, 0x01, 0x01, 0x00, 0x00, 0x00, 0x13, 0x00, 0x00, 0x00,
            0x09, 0x00, 0x00, 0x00, 0x07, 0x00, 0x00, 0x00, 0x00, 0x00, 0x00, 0x00, 0x00, 0x63,
            0x00, 0x00, 0x00, 0x00, 0x00, 0x02, 0x00, 0x01, 0x01, 0x00, 0x00, 0x00, 0x1f, 0x00,
            0x00, 0x03, 0xff, 0xfd, 0xff, 0x02, 0xfe, 0xfe, 0xfe, 0x00, 0x00, 0x00, 0x01, 0x00,
            0x00, 0x00, 0x01, 0x4d, 0x27, 0x60, 0x73, 0x0c, 0x78, 0x86, 0xd0, 0x9e, 0x61, 0xaa,
            0xff, 0xac, 0x00, 0x00, 0x00, 0x05, 0x00, 0x23, 0x02, 0x01, 0x00, 0x00, 0x00, 0x1f,
            0x02, 0x00, 0x03, 0xff, 0xfd, 0xff, 0x02, 0xfe, 0xfe, 0xfe, 0x00, 0x00, 0x00, 0x01,
            0x00, 0x00, 0x00, 0x01, 0x4d, 0x25, 0x29, 0xd5, 0x9d, 0xbe, 0x3d, 0x9e, 0x4d, 0xd3,
            0x09, 0xff, 0xac, 0x00, 0x00, 0x00, 0x06, 0x00, 0x23, 0x05, 0x01, 0x00, 0x00, 0x00,
            0x20, 0x01, 0x00, 0x03, 0xff, 0xfd, 0xff, 0x02, 0xfe, 0xfe, 0xfe, 0x00, 0x00, 0x00,
            0x01, 0x00, 0x00, 0x00, 0x01, 0x4d, 0x25, 0xe6, 0x69, 0x96, 0x3c, 0x43, 0x68, 0x4f,
            0x30, 0xd4, 0x7f, 0xff, 0xac, 0x00, 0x00, 0x00, 0x07, 0x00, 0x23, 0x05, 0x01, 0x00,
            0x00, 0x00, 0x1f, 0x01, 0x00, 0x03, 0xff, 0xfd, 0xff, 0x02, 0xfe, 0xfe, 0xfe, 0x00,
            0x00, 0x00, 0x01, 0x00, 0x00, 0x00, 0x01, 0x4d, 0x26, 0x9d, 0x99, 0x5e, 0x56, 0xdc,
            0x9d, 0x0f, 0xe4, 0x4f, 0xff, 0xac, 0x00, 0x00, 0x00, 0x08, 0x07, 0x23, 0x07, 0x01,
            0x00, 0x00, 0x00, 0x2d, 0x00, 0x00, 0x00, 0x09, 0x00, 0x00, 0x00, 0x07, 0x00, 0x00,
            0x00, 0x00, 0x00, 0x00, 0x00, 0x00, 0x04, 0x00, 0x11, 0x00, 0x00, 0x00, 0x00, 0x00,
            0x01, 0x01, 0x00, 0x00, 0x00, 0x00, 0x00, 0x00, 0x00, 0x00, 0x00, 0x00, 0x00, 0x00,
            0x00, 0x00, 0x00, 0x00, 0x00, 0x00, 0x04,
        ],
    },
    EncodedCase {
        name: "generic-t0-chain",
        data: &[
            0x00, 0x00, 0x00, 0x01, 0x30, 0x01, 0x01, 0x00, 0x00, 0x00, 0x13, 0x00, 0x00, 0x00,
            0x09, 0x00, 0x00, 0x00, 0x07, 0x00, 0x00, 0x00, 0x00, 0x00, 0x00, 0x00, 0x00, 0x63,
            0x00, 0x00, 0x00, 0x00, 0x00, 0x02, 0x00, 0x01, 0x01, 0x00, 0x00, 0x00, 0x1f, 0x00,
            0x00, 0x03, 0xff, 0xfd, 0xff, 0x02, 0xfe, 0xfe, 0xfe, 0x00, 0x00, 0x00, 0x01, 0x00,
            0x00, 0x00, 0x01, 0x4d, 0x27, 0x60, 0x73, 0x0c, 0x78, 0x86, 0xd0, 0x9e, 0x61, 0xaa,
            0xff, 0xac, 0x00, 0x00, 0x00, 0x05, 0x00, 0x23, 0x02, 0x01, 0x00, 0x00, 0x00, 0x1f,
            0x02, 0x00, 0x03, 0xff, 0xfd, 0xff, 0x02, 0xfe, 0xfe, 0xfe, 0x00, 0x00, 0x00, 0x01,
            0x00, 0x00, 0x00, 0x01, 0x4d, 0x25, 0x29, 0xd5, 0x9d, 0xbe, 0x3d, 0x9e, 0x4d, 0xd3,
            0x09, 0xff, 0xac, 0x00, 0x00, 0x00, 0x06, 0x00, 0x23, 0x05, 0x01, 0x00, 0x00, 0x00,
            0x1f, 0x03, 0x00, 0x03, 0xff, 0xfd, 0xff, 0x02, 0xfe, 0xfe, 0xfe, 0x00, 0x00, 0x00,
            0x01, 0x00, 0x00, 0x00, 0x01, 0x4d, 0x26, 0x9d, 0x99, 0x5e, 0x56, 0xdc, 0x9d, 0x0f,
            0xe4, 0x4f, 0xff, 0xac, 0x00, 0x00, 0x00, 0x07, 0x00, 0x23, 0x06, 0x01, 0x00, 0x00,
            0x00, 0x1c, 0x01, 0x00, 0x03, 0xff, 0xfd, 0xff, 0x02, 0xfe, 0xfe, 0xfe, 0x00, 0x00,
            0x00, 0x01, 0x00, 0x00, 0x00, 0x01, 0x4d, 0x29, 0x4a, 0x74, 0xbf, 0xff, 0x1e, 0x1f,
            0xff, 0xac, 0x00, 0x00, 0x00, 0x08, 0x07, 0x23, 0x07, 0x01, 0x00, 0x00, 0x00, 0x2d,
            0x00, 0x00, 0x00, 0x09, 0x00, 0x00, 0x00, 0x07, 0x00, 0x00, 0x00, 0x00, 0x00, 0x00,
            0x00, 0x00, 0x04, 0x00, 0x11, 0x00, 0x00, 0x00, 0x00, 0x00, 0x01, 0x01, 0x00, 0x00,
            0x00, 0x00, 0x00, 0x00, 0x00, 0x00, 0x00, 0x00, 0x00, 0x00, 0x00, 0x00, 0x00, 0x00,
            0x00, 0x00, 0x04,
        ],
    },
    EncodedCase {
        name: "arithmetic-t0-reuse-dictionary-last",
        data: &[
            0x00, 0x00, 0x00, 0x01, 0x30, 0x01, 0x01, 0x00, 0x00, 0x00, 0x13, 0x00, 0x00, 0x00,
            0x09, 0x00, 0x00, 0x00, 0x07, 0x00, 0x00, 0x00, 0x00, 0x00, 0x00, 0x00, 0x00, 0x63,
            0x00, 0x00, 0x00, 0x00, 0x00, 0x02, 0x00, 0x01, 0x01, 0x00, 0x00, 0x00, 0x1f, 0x00,
            0x00, 0x03, 0xff, 0xfd, 0xff, 0x02, 0xfe, 0xfe, 0xfe, 0x00, 0x00, 0x00, 0x01, 0x00,
            0x00, 0x00, 0x01, 0x4d, 0x27, 0x60, 0x73, 0x0c, 0x78, 0x86, 0xd0, 0x9e, 0x61, 0xaa,
            0xff, 0xac, 0x00, 0x00, 0x00, 0x05, 0x00, 0x23, 0x02, 0x01, 0x00, 0x00, 0x00, 0x25,
            0x02, 0x02, 0x03, 0xff, 0xfd, 0xff, 0x02, 0xfe, 0xfe, 0xfe, 0xff, 0xff, 0xff, 0xff,
            0x00, 0x00, 0x00, 0x01, 0x00, 0x00, 0x00, 0x01, 0x4d, 0x29, 0xaf, 0x88, 0x55, 0x2d,
            0xed, 0xf1, 0xec, 0x03, 0xfb, 0x4d, 0x27, 0xff, 0xac, 0x00, 0x00, 0x00, 0x06, 0x00,
            0x23, 0x05, 0x01, 0x00, 0x00, 0x00, 0x25, 0x01, 0x02, 0x03, 0xff, 0xfd, 0xff, 0x02,
            0xfe, 0xfe, 0xfe, 0xff, 0xff, 0xff, 0xff, 0x00, 0x00, 0x00, 0x01, 0x00, 0x00, 0x00,
            0x01, 0x4d, 0x29, 0xaf, 0x93, 0xd2, 0x70, 0x72, 0xdb, 0x93, 0xa2, 0x00, 0xc5, 0x3f,
            0xff, 0xac, 0x00, 0x00, 0x00, 0x07, 0x07, 0x23, 0x06, 0x01, 0x00, 0x00, 0x00, 0x2d,
            0x00, 0x00, 0x00, 0x09, 0x00, 0x00, 0x00, 0x07, 0x00, 0x00, 0x00, 0x00, 0x00, 0x00,
            0x00, 0x00, 0x04, 0x00, 0x11, 0x00, 0x00, 0x00, 0x00, 0x00, 0x01, 0x01, 0x00, 0x00,
            0x00, 0x00, 0x00, 0x00, 0x00, 0x00, 0x00, 0x00, 0x00, 0x00, 0x00, 0x00, 0x00, 0x00,
            0x00, 0x00, 0x04,
        ],
    },
    EncodedCase {
        name: "arithmetic-t0-reset",
        data: &[
            0x00, 0x00, 0x00, 0x01, 0x30, 0x01, 0x01, 0x00, 0x00, 0x00, 0x13, 0x00, 0x00, 0x00,
            0x09, 0x00, 0x00, 0x00, 0x07, 0x00, 0x00, 0x00, 0x00, 0x00, 0x00, 0x00, 0x00, 0x63,
            0x00, 0x00, 0x00, 0x00, 0x00, 0x02, 0x00, 0x01, 0x01, 0x00, 0x00, 0x00, 0x1f, 0x00,
            0x00, 0x03, 0xff, 0xfd, 0xff, 0x02, 0xfe, 0xfe, 0xfe, 0x00, 0x00, 0x00, 0x01, 0x00,
            0x00, 0x00, 0x01, 0x4d, 0x27, 0x60, 0x73, 0x0c, 0x78, 0x86, 0xd0, 0x9e, 0x61, 0xaa,
            0xff, 0xac, 0x00, 0x00, 0x00, 0x05, 0x00, 0x23, 0x02, 0x01, 0x00, 0x00, 0x00, 0x25,
            0x02, 0x02, 0x03, 0xff, 0xfd, 0xff, 0x02, 0xfe, 0xfe, 0xfe, 0xff, 0xff, 0xff, 0xff,
            0x00, 0x00, 0x00, 0x01, 0x00, 0x00, 0x00, 0x01, 0x4d, 0x29, 0xaf, 0x88, 0x55, 0x2d,
            0xed, 0xf1, 0xec, 0x03, 0xfb, 0x4d, 0x27, 0xff, 0xac, 0x00, 0x00, 0x00, 0x06, 0x00,
            0x23, 0x05, 0x01, 0x00, 0x00, 0x00, 0x26, 0x00, 0x02, 0x03, 0xff, 0xfd, 0xff, 0x02,
            0xfe, 0xfe, 0xfe, 0xff, 0xff, 0xff, 0xff, 0x00, 0x00, 0x00, 0x01, 0x00, 0x00, 0x00,
            0x01, 0x4d, 0x29, 0xaf, 0x95, 0xf2, 0x70, 0x72, 0xdb, 0x93, 0xa1, 0xfc, 0x89, 0xff,
            0x7f, 0xff, 0xac, 0x00, 0x00, 0x00, 0x07, 0x07, 0x23, 0x06, 0x01, 0x00, 0x00, 0x00,
            0x2d, 0x00, 0x00, 0x00, 0x09, 0x00, 0x00, 0x00, 0x07, 0x00, 0x00, 0x00, 0x00, 0x00,
            0x00, 0x00, 0x00, 0x04, 0x00, 0x11, 0x00, 0x00, 0x00, 0x00, 0x00, 0x01, 0x01, 0x00,
            0x00, 0x00, 0x00, 0x00, 0x00, 0x00, 0x00, 0x00, 0x00, 0x00, 0x00, 0x00, 0x00, 0x00,
            0x00, 0x00, 0x00, 0x04,
        ],
    },
    EncodedCase {
        name: "arithmetic-t0-branch",
        data: &[
            0x00, 0x00, 0x00, 0x01, 0x30, 0x01, 0x01, 0x00, 0x00, 0x00, 0x13, 0x00, 0x00, 0x00,
            0x09, 0x00, 0x00, 0x00, 0x07, 0x00, 0x00, 0x00, 0x00, 0x00, 0x00, 0x00, 0x00, 0x63,
            0x00, 0x00, 0x00, 0x00, 0x00, 0x02, 0x00, 0x01, 0x01, 0x00, 0x00, 0x00, 0x1f, 0x00,
            0x00, 0x03, 0xff, 0xfd, 0xff, 0x02, 0xfe, 0xfe, 0xfe, 0x00, 0x00, 0x00, 0x01, 0x00,
            0x00, 0x00, 0x01, 0x4d, 0x27, 0x60, 0x73, 0x0c, 0x78, 0x86, 0xd0, 0x9e, 0x61, 0xaa,
            0xff, 0xac, 0x00, 0x00, 0x00, 0x05, 0x00, 0x23, 0x02, 0x01, 0x00, 0x00, 0x00, 0x25,
            0x02, 0x02, 0x03, 0xff, 0xfd, 0xff, 0x02, 0xfe, 0xfe, 0xfe, 0xff, 0xff, 0xff, 0xff,
            0x00, 0x00, 0x00, 0x01, 0x00, 0x00, 0x00, 0x01, 0x4d, 0x29, 0xaf, 0x88, 0x55, 0x2d,
            0xed, 0xf1, 0xec, 0x03, 0xfb, 0x4d, 0x27, 0xff, 0xac, 0x00, 0x00, 0x00, 0x06, 0x00,
            0x23, 0x05, 0x01, 0x00, 0x00, 0x00, 0x25, 0x01, 0x02, 0x03, 0xff, 0xfd, 0xff, 0x02,
            0xfe, 0xfe, 0xfe, 0xff, 0xff, 0xff, 0xff, 0x00, 0x00, 0x00, 0x01, 0x00, 0x00, 0x00,
            0x01, 0x4d, 0x29, 0xaf, 0x9a, 0x2c, 0x19, 0x80, 0xe4, 0xa6, 0x83, 0x9c, 0x61, 0x4b,
            0xff, 0xac, 0x00, 0x00, 0x00, 0x07, 0x00, 0x23, 0x05, 0x01, 0x00, 0x00, 0x00, 0x25,
            0x01, 0x02, 0x03, 0xff, 0xfd, 0xff, 0x02, 0xfe, 0xfe, 0xfe, 0xff, 0xff, 0xff, 0xff,
            0x00, 0x00, 0x00, 0x01, 0x00, 0x00, 0x00, 0x01, 0x4d, 0x29, 0xaf, 0x93, 0xd2, 0x70,
            0x72, 0xdb, 0x93, 0xa2, 0x00, 0xc5, 0x3f, 0xff, 0xac, 0x00, 0x00, 0x00, 0x08, 0x07,
            0x23, 0x07, 0x01, 0x00, 0x00, 0x00, 0x2d, 0x00, 0x00, 0x00, 0x09, 0x00, 0x00, 0x00,
            0x07, 0x00, 0x00, 0x00, 0x00, 0x00, 0x00, 0x00, 0x00, 0x04, 0x00, 0x11, 0x00, 0x00,
            0x00, 0x00, 0x00, 0x01, 0x01, 0x00, 0x00, 0x00, 0x00, 0x00, 0x00, 0x00, 0x00, 0x00,
            0x00, 0x00, 0x00, 0x00, 0x00, 0x00, 0x00, 0x00, 0x00, 0x04,
        ],
    },
    EncodedCase {
        name: "arithmetic-t0-chain",
        data: &[
            0x00, 0x00, 0x00, 0x01, 0x30, 0x01, 0x01, 0x00, 0x00, 0x00, 0x13, 0x00, 0x00, 0x00,
            0x09, 0x00, 0x00, 0x00, 0x07, 0x00, 0x00, 0x00, 0x00, 0x00, 0x00, 0x00, 0x00, 0x63,
            0x00, 0x00, 0x00, 0x00, 0x00, 0x02, 0x00, 0x01, 0x01, 0x00, 0x00, 0x00, 0x1f, 0x00,
            0x00, 0x03, 0xff, 0xfd, 0xff, 0x02, 0xfe, 0xfe, 0xfe, 0x00, 0x00, 0x00, 0x01, 0x00,
            0x00, 0x00, 0x01, 0x4d, 0x27, 0x60, 0x73, 0x0c, 0x78, 0x86, 0xd0, 0x9e, 0x61, 0xaa,
            0xff, 0xac, 0x00, 0x00, 0x00, 0x05, 0x00, 0x23, 0x02, 0x01, 0x00, 0x00, 0x00, 0x25,
            0x02, 0x02, 0x03, 0xff, 0xfd, 0xff, 0x02, 0xfe, 0xfe, 0xfe, 0xff, 0xff, 0xff, 0xff,
            0x00, 0x00, 0x00, 0x01, 0x00, 0x00, 0x00, 0x01, 0x4d, 0x29, 0xaf, 0x88, 0x55, 0x2d,
            0xed, 0xf1, 0xec, 0x03, 0xfb, 0x4d, 0x27, 0xff, 0xac, 0x00, 0x00, 0x00, 0x06, 0x00,
            0x23, 0x05, 0x01, 0x00, 0x00, 0x00, 0x25, 0x03, 0x02, 0x03, 0xff, 0xfd, 0xff, 0x02,
            0xfe, 0xfe, 0xfe, 0xff, 0xff, 0xff, 0xff, 0x00, 0x00, 0x00, 0x01, 0x00, 0x00, 0x00,
            0x01, 0x4d, 0x29, 0xaf, 0x93, 0xd2, 0x70, 0x72, 0xdb, 0x93, 0xa2, 0x00, 0xc5, 0x3f,
            0xff, 0xac, 0x00, 0x00, 0x00, 0x07, 0x00, 0x23, 0x06, 0x01, 0x00, 0x00, 0x00, 0x24,
            0x01, 0x02, 0x03, 0xff, 0xfd, 0xff, 0x02, 0xfe, 0xfe, 0xfe, 0xff, 0xff, 0xff, 0xff,
            0x00, 0x00, 0x00, 0x01, 0x00, 0x00, 0x00, 0x01, 0x4d, 0x29, 0xaf, 0x98, 0xf8, 0xbb,
            0xbc, 0x50, 0x84, 0x0b, 0xfc, 0x47, 0xff, 0xac, 0x00, 0x00, 0x00, 0x08, 0x07, 0x23,
            0x07, 0x01, 0x00, 0x00, 0x00, 0x2d, 0x00, 0x00, 0x00, 0x09, 0x00, 0x00, 0x00, 0x07,
            0x00, 0x00, 0x00, 0x00, 0x00, 0x00, 0x00, 0x00, 0x04, 0x00, 0x11, 0x00, 0x00, 0x00,
            0x00, 0x00, 0x01, 0x01, 0x00, 0x00, 0x00, 0x00, 0x00, 0x00, 0x00, 0x00, 0x00, 0x00,
            0x00, 0x00, 0x00, 0x00, 0x00, 0x00, 0x00, 0x00, 0x04,
        ],
    },
    EncodedCase {
        name: "arithmetic-t1-reuse-dictionary-last",
        data: &[
            0x00, 0x00, 0x00, 0x01, 0x30, 0x01, 0x01, 0x00, 0x00, 0x00, 0x13, 0x00, 0x00, 0x00,
            0x09, 0x00, 0x00, 0x00, 0x07, 0x00, 0x00, 0x00, 0x00, 0x00, 0x00, 0x00, 0x00, 0x63,
            0x00, 0x00, 0x00, 0x00, 0x00, 0x02, 0x00, 0x01, 0x01, 0x00, 0x00, 0x00, 0x1f, 0x00,
            0x00, 0x03, 0xff, 0xfd, 0xff, 0x02, 0xfe, 0xfe, 0xfe, 0x00, 0x00, 0x00, 0x01, 0x00,
            0x00, 0x00, 0x01, 0x4d, 0x27, 0x60, 0x73, 0x0c, 0x78, 0x86, 0xd0, 0x9e, 0x61, 0xaa,
            0xff, 0xac, 0x00, 0x00, 0x00, 0x05, 0x00, 0x23, 0x02, 0x01, 0x00, 0x00, 0x00, 0x21,
            0x12, 0x02, 0x03, 0xff, 0xfd, 0xff, 0x02, 0xfe, 0xfe, 0xfe, 0x00, 0x00, 0x00, 0x01,
            0x00, 0x00, 0x00, 0x01, 0x4d, 0x29, 0xaf, 0x88, 0x55, 0x2d, 0xed, 0xf1, 0xc9, 0x8c,
            0x8d, 0xa6, 0x93, 0xff, 0xac, 0x00, 0x00, 0x00, 0x06, 0x00, 0x23, 0x05, 0x01, 0x00,
            0x00, 0x00, 0x21, 0x11, 0x02, 0x03, 0xff, 0xfd, 0xff, 0x02, 0xfe, 0xfe, 0xfe, 0x00,
            0x00, 0x00, 0x01, 0x00, 0x00, 0x00, 0x01, 0x4d, 0x29, 0xaf, 0x89, 0x12, 0x51, 0x71,
            0xa1, 0x32, 0xa0, 0xa0, 0x7d, 0x7f, 0xff, 0xac, 0x00, 0x00, 0x00, 0x07, 0x07, 0x23,
            0x06, 0x01, 0x00, 0x00, 0x00, 0x2d, 0x00, 0x00, 0x00, 0x09, 0x00, 0x00, 0x00, 0x07,
            0x00, 0x00, 0x00, 0x00, 0x00, 0x00, 0x00, 0x00, 0x04, 0x00, 0x11, 0x00, 0x00, 0x00,
            0x00, 0x00, 0x01, 0x01, 0x00, 0x00, 0x00, 0x00, 0x00, 0x00, 0x00, 0x00, 0x00, 0x00,
            0x00, 0x00, 0x00, 0x00, 0x00, 0x00, 0x00, 0x00, 0x04,
        ],
    },
    EncodedCase {
        name: "arithmetic-t1-reset",
        data: &[
            0x00, 0x00, 0x00, 0x01, 0x30, 0x01, 0x01, 0x00, 0x00, 0x00, 0x13, 0x00, 0x00, 0x00,
            0x09, 0x00, 0x00, 0x00, 0x07, 0x00, 0x00, 0x00, 0x00, 0x00, 0x00, 0x00, 0x00, 0x63,
            0x00, 0x00, 0x00, 0x00, 0x00, 0x02, 0x00, 0x01, 0x01, 0x00, 0x00, 0x00, 0x1f, 0x00,
            0x00, 0x03, 0xff, 0xfd, 0xff, 0x02, 0xfe, 0xfe, 0xfe, 0x00, 0x00, 0x00, 0x01, 0x00,
            0x00, 0x00, 0x01, 0x4d, 0x27, 0x60, 0x73, 0x0c, 0x78, 0x86, 0xd0, 0x9e, 0x61, 0xaa,
            0xff, 0xac, 0x00, 0x00, 0x00, 0x05, 0x00, 0x23, 0x02, 0x01, 0x00, 0x00, 0x00, 0x21,
            0x12, 0x02, 0x03, 0xff, 0xfd, 0xff, 0x02, 0xfe, 0xfe, 0xfe, 0x00, 0x00, 0x00, 0x01,
            0x00, 0x00, 0x00, 0x01, 0x4d, 0x29, 0xaf, 0x88, 0x55, 0x2d, 0xed, 0xf1, 0xc9, 0x8c,
            0x8d, 0xa6, 0x93, 0xff, 0xac, 0x00, 0x00, 0x00, 0x06, 0x00, 0x23, 0x05, 0x01, 0x00,
            0x00, 0x00, 0x22, 0x10, 0x02, 0x03, 0xff, 0xfd, 0xff, 0x02, 0xfe, 0xfe, 0xfe, 0x00,
            0x00, 0x00, 0x01, 0x00, 0x00, 0x00, 0x01, 0x4d, 0x29, 0xaf, 0x95, 0xf2, 0x70, 0x67,
            0x78, 0x99, 0x50, 0x3a, 0x04, 0xff, 0x7f, 0xff, 0xac, 0x00, 0x00, 0x00, 0x07, 0x07,
            0x23, 0x06, 0x01, 0x00, 0x00, 0x00, 0x2d, 0x00, 0x00, 0x00, 0x09, 0x00, 0x00, 0x00,
            0x07, 0x00, 0x00, 0x00, 0x00, 0x00, 0x00, 0x00, 0x00, 0x04, 0x00, 0x11, 0x00, 0x00,
            0x00, 0x00, 0x00, 0x01, 0x01, 0x00, 0x00, 0x00, 0x00, 0x00, 0x00, 0x00, 0x00, 0x00,
            0x00, 0x00, 0x00, 0x00, 0x00, 0x00, 0x00, 0x00, 0x00, 0x04,
        ],
    },
    EncodedCase {
        name: "arithmetic-t1-branch",
        data: &[
            0x00, 0x00, 0x00, 0x01, 0x30, 0x01, 0x01, 0x00, 0x00, 0x00, 0x13, 0x00, 0x00, 0x00,
            0x09, 0x00, 0x00, 0x00, 0x07, 0x00, 0x00, 0x00, 0x00, 0x00, 0x00, 0x00, 0x00, 0x63,
            0x00, 0x00, 0x00, 0x00, 0x00, 0x02, 0x00, 0x01, 0x01, 0x00, 0x00, 0x00, 0x1f, 0x00,
            0x00, 0x03, 0xff, 0xfd, 0xff, 0x02, 0xfe, 0xfe, 0xfe, 0x00, 0x00, 0x00, 0x01, 0x00,
            0x00, 0x00, 0x01, 0x4d, 0x27, 0x60, 0x73, 0x0c, 0x78, 0x86, 0xd0, 0x9e, 0x61, 0xaa,
            0xff, 0xac, 0x00, 0x00, 0x00, 0x05, 0x00, 0x23, 0x02, 0x01, 0x00, 0x00, 0x00, 0x21,
            0x12, 0x02, 0x03, 0xff, 0xfd, 0xff, 0x02, 0xfe, 0xfe, 0xfe, 0x00, 0x00, 0x00, 0x01,
            0x00, 0x00, 0x00, 0x01, 0x4d, 0x29, 0xaf, 0x88, 0x55, 0x2d, 0xed, 0xf1, 0xc9, 0x8c,
            0x8d, 0xa6, 0x93, 0xff, 0xac, 0x00, 0x00, 0x00, 0x06, 0x00, 0x23, 0x05, 0x01, 0x00,
            0x00, 0x00, 0x21, 0x11, 0x02, 0x03, 0xff, 0xfd, 0xff, 0x02, 0xfe, 0xfe, 0xfe, 0x00,
            0x00, 0x00, 0x01, 0x00, 0x00, 0x00, 0x01, 0x4d, 0x29, 0xaf, 0x9a, 0x2b, 0xed, 0xc0,
            0x72, 0x6d, 0x48, 0xcf, 0xf0, 0xad, 0xff, 0xac, 0x00, 0x00, 0x00, 0x07, 0x00, 0x23,
            0x05, 0x01, 0x00, 0x00, 0x00, 0x21, 0x11, 0x02, 0x03, 0xff, 0xfd, 0xff, 0x02, 0xfe,
            0xfe, 0xfe, 0x00, 0x00, 0x00, 0x01, 0x00, 0x00, 0x00, 0x01, 0x4d, 0x29, 0xaf, 0x89,
            0x12, 0x51, 0x71, 0xa1, 0x32, 0xa0, 0xa0, 0x7d, 0x7f, 0xff, 0xac, 0x00, 0x00, 0x00,
            0x08, 0x07, 0x23, 0x07, 0x01, 0x00, 0x00, 0x00, 0x2d, 0x00, 0x00, 0x00, 0x09, 0x00,
            0x00, 0x00, 0x07, 0x00, 0x00, 0x00, 0x00, 0x00, 0x00, 0x00, 0x00, 0x04, 0x00, 0x11,
            0x00, 0x00, 0x00, 0x00, 0x00, 0x01, 0x01, 0x00, 0x00, 0x00, 0x00, 0x00, 0x00, 0x00,
            0x00, 0x00, 0x00, 0x00, 0x00, 0x00, 0x00, 0x00, 0x00, 0x00, 0x00, 0x04,
        ],
    },
    EncodedCase {
        name: "arithmetic-t1-chain",
        data: &[
            0x00, 0x00, 0x00, 0x01, 0x30, 0x01, 0x01, 0x00, 0x00, 0x00, 0x13, 0x00, 0x00, 0x00,
            0x09, 0x00, 0x00, 0x00, 0x07, 0x00, 0x00, 0x00, 0x00, 0x00, 0x00, 0x00, 0x00, 0x63,
            0x00, 0x00, 0x00, 0x00, 0x00, 0x02, 0x00, 0x01, 0x01, 0x00, 0x00, 0x00, 0x1f, 0x00,
            0x00, 0x03, 0xff, 0xfd, 0xff, 0x02, 0xfe, 0xfe, 0xfe, 0x00, 0x00, 0x00, 0x01, 0x00,
            0x00, 0x00, 0x01, 0x4d, 0x27, 0x60, 0x73, 0x0c, 0x78, 0x86, 0xd0, 0x9e, 0x61, 0xaa,
            0xff, 0xac, 0x00, 0x00, 0x00, 0x05, 0x00, 0x23, 0x02, 0x01, 0x00, 0x00, 0x00, 0x21,
            0x12, 0x02, 0x03, 0xff, 0xfd, 0xff, 0x02, 0xfe, 0xfe, 0xfe, 0x00, 0x00, 0x00, 0x01,
            0x00, 0x00, 0x00, 0x01, 0x4d, 0x29, 0xaf, 0x88, 0x55, 0x2d, 0xed, 0xf1, 0xc9, 0x8c,
            0x8d, 0xa6, 0x93, 0xff, 0xac, 0x00, 0x00, 0x00, 0x06, 0x00, 0x23, 0x05, 0x01, 0x00,
            0x00, 0x00, 0x21, 0x13, 0x02, 0x03, 0xff, 0xfd, 0xff, 0x02, 0xfe, 0xfe, 0xfe, 0x00,
            0x00, 0x00, 0x01, 0x00, 0x00, 0x00, 0x01, 0x4d, 0x29, 0xaf, 0x89, 0x12, 0x51, 0x71,
            0xa1, 0x32, 0xa0, 0xa0, 0x7d, 0x7f, 0xff, 0xac, 0x00, 0x00, 0x00, 0x07, 0x00, 0x23,
            0x06, 0x01, 0x00, 0x00, 0x00, 0x20, 0x11, 0x02, 0x03, 0xff, 0xfd, 0xff, 0x02, 0xfe,
            0xfe, 0xfe, 0x00, 0x00, 0x00, 0x01, 0x00, 0x00, 0x00, 0x01, 0x4d, 0x29, 0xaf, 0x98,
            0xc7, 0x5d, 0x20, 0xd0, 0xa4, 0x82, 0x46, 0x7f, 0xff, 0xac, 0x00, 0x00, 0x00, 0x08,
            0x07, 0x23, 0x07, 0x01, 0x00, 0x00, 0x00, 0x2d, 0x00, 0x00, 0x00, 0x09, 0x00, 0x00,
            0x00, 0x07, 0x00, 0x00, 0x00, 0x00, 0x00, 0x00, 0x00, 0x00, 0x04, 0x00, 0x11, 0x00,
            0x00, 0x00, 0x00, 0x00, 0x01, 0x01, 0x00, 0x00, 0x00, 0x00, 0x00, 0x00, 0x00, 0x00,
            0x00, 0x00, 0x00, 0x00, 0x00, 0x00, 0x00, 0x00, 0x00, 0x00, 0x04,
        ],
    },
    EncodedCase {
        name: "arithmetic-t2-reuse-dictionary-last",
        data: &[
            0x00, 0x00, 0x00, 0x01, 0x30, 0x01, 0x01, 0x00, 0x00, 0x00, 0x13, 0x00, 0x00, 0x00,
            0x09, 0x00, 0x00, 0x00, 0x07, 0x00, 0x00, 0x00, 0x00, 0x00, 0x00, 0x00, 0x00, 0x63,
            0x00, 0x00, 0x00, 0x00, 0x00, 0x02, 0x00, 0x01, 0x01, 0x00, 0x00, 0x00, 0x1f, 0x00,
            0x00, 0x03, 0xff, 0xfd, 0xff, 0x02, 0xfe, 0xfe, 0xfe, 0x00, 0x00, 0x00, 0x01, 0x00,
            0x00, 0x00, 0x01, 0x4d, 0x27, 0x60, 0x73, 0x0c, 0x78, 0x86, 0xd0, 0x9e, 0x61, 0xaa,
            0xff, 0xac, 0x00, 0x00, 0x00, 0x05, 0x00, 0x23, 0x02, 0x01, 0x00, 0x00, 0x00, 0x25,
            0x02, 0x02, 0x03, 0xff, 0xfd, 0xff, 0x02, 0xfe, 0xfe, 0xfe, 0xfe, 0x00, 0x02, 0x01,
            0x00, 0x00, 0x00, 0x01, 0x00, 0x00, 0x00, 0x01, 0x4d, 0x29, 0xaf, 0x88, 0x55, 0x2d,
            0xed, 0xf1, 0xec, 0x03, 0xc7, 0x4c, 0x27, 0xff, 0xac, 0x00, 0x00, 0x00, 0x06, 0x00,
            0x23, 0x05, 0x01, 0x00, 0x00, 0x00, 0x25, 0x01, 0x02, 0x03, 0xff, 0xfd, 0xff, 0x02,
            0xfe, 0xfe, 0xfe, 0xfe, 0x00, 0x02, 0x01, 0x00, 0x00, 0x00, 0x01, 0x00, 0x00, 0x00,
            0x01, 0x4d, 0x29, 0xaf, 0x95, 0xf2, 0x70, 0x72, 0xdb, 0x93, 0x91, 0x00, 0xc5, 0x3f,
            0xff, 0xac, 0x00, 0x00, 0x00, 0x07, 0x07, 0x23, 0x06, 0x01, 0x00, 0x00, 0x00, 0x2d,
            0x00, 0x00, 0x00, 0x09, 0x00, 0x00, 0x00, 0x07, 0x00, 0x00, 0x00, 0x00, 0x00, 0x00,
            0x00, 0x00, 0x04, 0x00, 0x11, 0x00, 0x00, 0x00, 0x00, 0x00, 0x01, 0x01, 0x00, 0x00,
            0x00, 0x00, 0x00, 0x00, 0x00, 0x00, 0x00, 0x00, 0x00, 0x00, 0x00, 0x00, 0x00, 0x00,
            0x00, 0x00, 0x04,
        ],
    },
    EncodedCase {
        name: "arithmetic-t2-reset",
        data: &[
            0x00, 0x00, 0x00, 0x01, 0x30, 0x01, 0x01, 0x00, 0x00, 0x00, 0x13, 0x00, 0x00, 0x00,
            0x09, 0x00, 0x00, 0x00, 0x07, 0x00, 0x00, 0x00, 0x00, 0x00, 0x00, 0x00, 0x00, 0x63,
            0x00, 0x00, 0x00, 0x00, 0x00, 0x02, 0x00, 0x01, 0x01, 0x00, 0x00, 0x00, 0x1f, 0x00,
            0x00, 0x03, 0xff, 0xfd, 0xff, 0x02, 0xfe, 0xfe, 0xfe, 0x00, 0x00, 0x00, 0x01, 0x00,
            0x00, 0x00, 0x01, 0x4d, 0x27, 0x60, 0x73, 0x0c, 0x78, 0x86, 0xd0, 0x9e, 0x61, 0xaa,
            0xff, 0xac, 0x00, 0x00, 0x00, 0x05, 0x00, 0x23, 0x02, 0x01, 0x00, 0x00, 0x00, 0x25,
            0x02, 0x02, 0x03, 0xff, 0xfd, 0xff, 0x02, 0xfe, 0xfe, 0xfe, 0xfe, 0x00, 0x02, 0x01,
            0x00, 0x00, 0x00, 0x01, 0x00, 0x00, 0x00, 0x01, 0x4d, 0x29, 0xaf, 0x88, 0x55, 0x2d,
            0xed, 0xf1, 0xec, 0x03, 0xc7, 0x4c, 0x27, 0xff, 0xac, 0x00, 0x00, 0x00, 0x06, 0x00,
            0x23, 0x05, 0x01, 0x00, 0x00, 0x00, 0x26, 0x00, 0x02, 0x03, 0xff, 0xfd, 0xff, 0x02,
            0xfe, 0xfe, 0xfe, 0xfe, 0x00, 0x02, 0x01, 0x00, 0x00, 0x00, 0x01, 0x00, 0x00, 0x00,
            0x01, 0x4d, 0x29, 0xaf, 0x95, 0xf2, 0x70, 0x72, 0xdb, 0x93, 0x90, 0xfc, 0x89, 0xff,
            0x7f, 0xff, 0xac, 0x00, 0x00, 0x00, 0x07, 0x07, 0x23, 0x06, 0x01, 0x00, 0x00, 0x00,
            0x2d, 0x00, 0x00, 0x00, 0x09, 0x00, 0x00, 0x00, 0x07, 0x00, 0x00, 0x00, 0x00, 0x00,
            0x00, 0x00, 0x00, 0x04, 0x00, 0x11, 0x00, 0x00, 0x00, 0x00, 0x00, 0x01, 0x01, 0x00,
            0x00, 0x00, 0x00, 0x00, 0x00, 0x00, 0x00, 0x00, 0x00, 0x00, 0x00, 0x00, 0x00, 0x00,
            0x00, 0x00, 0x00, 0x04,
        ],
    },
    EncodedCase {
        name: "arithmetic-t2-branch",
        data: &[
            0x00, 0x00, 0x00, 0x01, 0x30, 0x01, 0x01, 0x00, 0x00, 0x00, 0x13, 0x00, 0x00, 0x00,
            0x09, 0x00, 0x00, 0x00, 0x07, 0x00, 0x00, 0x00, 0x00, 0x00, 0x00, 0x00, 0x00, 0x63,
            0x00, 0x00, 0x00, 0x00, 0x00, 0x02, 0x00, 0x01, 0x01, 0x00, 0x00, 0x00, 0x1f, 0x00,
            0x00, 0x03, 0xff, 0xfd, 0xff, 0x02, 0xfe, 0xfe, 0xfe, 0x00, 0x00, 0x00, 0x01, 0x00,
            0x00, 0x00, 0x01, 0x4d, 0x27, 0x60, 0x73, 0x0c, 0x78, 0x86, 0xd0, 0x9e, 0x61, 0xaa,
            0xff, 0xac, 0x00, 0x00, 0x00, 0x05, 0x00, 0x23, 0x02, 0x01, 0x00, 0x00, 0x00, 0x25,
            0x02, 0x02, 0x03, 0xff, 0xfd, 0xff, 0x02, 0xfe, 0xfe, 0xfe, 0xfe, 0x00, 0x02, 0x01,
            0x00, 0x00, 0x00, 0x01, 0x00, 0x00, 0x00, 0x01, 0x4d, 0x29, 0xaf, 0x88, 0x55, 0x2d,
            0xed, 0xf1, 0xec, 0x03, 0xc7, 0x4c, 0x27, 0xff, 0xac, 0x00, 0x00, 0x00, 0x06, 0x00,
            0x23, 0x05, 0x01, 0x00, 0x00, 0x00, 0x25, 0x01, 0x02, 0x03, 0xff, 0xfd, 0xff, 0x02,
            0xfe, 0xfe, 0xfe, 0xfe, 0x00, 0x02, 0x01, 0x00, 0x00, 0x00, 0x01, 0x00, 0x00, 0x00,
            0x01, 0x4d, 0x29, 0xaf, 0x9a, 0x2c, 0x19, 0x63, 0xc4, 0x2b, 0x41, 0xcd, 0xd9, 0x52,
            0xff, 0xac, 0x00, 0x00, 0x00, 0x07, 0x00, 0x23, 0x05, 0x01, 0x00, 0x00, 0x00, 0x25,
            0x01, 0x02, 0x03, 0xff, 0xfd, 0xff, 0x02, 0xfe, 0xfe, 0xfe, 0xfe, 0x00, 0x02, 0x01,
            0x00, 0x00, 0x00, 0x01, 0x00, 0x00, 0x00, 0x01, 0x4d, 0x29, 0xaf, 0x95, 0xf2, 0x70,
            0x72, 0xdb, 0x93, 0x91, 0x00, 0xc5, 0x3f, 0xff, 0xac, 0x00, 0x00, 0x00, 0x08, 0x07,
            0x23, 0x07, 0x01, 0x00, 0x00, 0x00, 0x2d, 0x00, 0x00, 0x00, 0x09, 0x00, 0x00, 0x00,
            0x07, 0x00, 0x00, 0x00, 0x00, 0x00, 0x00, 0x00, 0x00, 0x04, 0x00, 0x11, 0x00, 0x00,
            0x00, 0x00, 0x00, 0x01, 0x01, 0x00, 0x00, 0x00, 0x00, 0x00, 0x00, 0x00, 0x00, 0x00,
            0x00, 0x00, 0x00, 0x00, 0x00, 0x00, 0x00, 0x00, 0x00, 0x04,
        ],
    },
    EncodedCase {
        name: "arithmetic-t2-chain",
        data: &[
            0x00, 0x00, 0x00, 0x01, 0x30, 0x01, 0x01, 0x00, 0x00, 0x00, 0x13, 0x00, 0x00, 0x00,
            0x09, 0x00, 0x00, 0x00, 0x07, 0x00, 0x00, 0x00, 0x00, 0x00, 0x00, 0x00, 0x00, 0x63,
            0x00, 0x00, 0x00, 0x00, 0x00, 0x02, 0x00, 0x01, 0x01, 0x00, 0x00, 0x00, 0x1f, 0x00,
            0x00, 0x03, 0xff, 0xfd, 0xff, 0x02, 0xfe, 0xfe, 0xfe, 0x00, 0x00, 0x00, 0x01, 0x00,
            0x00, 0x00, 0x01, 0x4d, 0x27, 0x60, 0x73, 0x0c, 0x78, 0x86, 0xd0, 0x9e, 0x61, 0xaa,
            0xff, 0xac, 0x00, 0x00, 0x00, 0x05, 0x00, 0x23, 0x02, 0x01, 0x00, 0x00, 0x00, 0x25,
            0x02, 0x02, 0x03, 0xff, 0xfd, 0xff, 0x02, 0xfe, 0xfe, 0xfe, 0xfe, 0x00, 0x02, 0x01,
            0x00, 0x00, 0x00, 0x01, 0x00, 0x00, 0x00, 0x01, 0x4d, 0x29, 0xaf, 0x88, 0x55, 0x2d,
            0xed, 0xf1, 0xec, 0x03, 0xc7, 0x4c, 0x27, 0xff, 0xac, 0x00, 0x00, 0x00, 0x06, 0x00,
            0x23, 0x05, 0x01, 0x00, 0x00, 0x00, 0x25, 0x03, 0x02, 0x03, 0xff, 0xfd, 0xff, 0x02,
            0xfe, 0xfe, 0xfe, 0xfe, 0x00, 0x02, 0x01, 0x00, 0x00, 0x00, 0x01, 0x00, 0x00, 0x00,
            0x01, 0x4d, 0x29, 0xaf, 0x95, 0xf2, 0x70, 0x72, 0xdb, 0x93, 0x91, 0x00, 0xc5, 0x3f,
            0xff, 0xac, 0x00, 0x00, 0x00, 0x07, 0x00, 0x23, 0x06, 0x01, 0x00, 0x00, 0x00, 0x24,
            0x01, 0x02, 0x03, 0xff, 0xfd, 0xff, 0x02, 0xfe, 0xfe, 0xfe, 0xfe, 0x00, 0x02, 0x01,
            0x00, 0x00, 0x00, 0x01, 0x00, 0x00, 0x00, 0x01, 0x4d, 0x29, 0xaf, 0x98, 0xfa, 0xae,
            0x58, 0x6c, 0x5d, 0x3f, 0x4b, 0x7f, 0xff, 0xac, 0x00, 0x00, 0x00, 0x08, 0x07, 0x23,
            0x07, 0x01, 0x00, 0x00, 0x00, 0x2d, 0x00, 0x00, 0x00, 0x09, 0x00, 0x00, 0x00, 0x07,
            0x00, 0x00, 0x00, 0x00, 0x00, 0x00, 0x00, 0x00, 0x04, 0x00, 0x11, 0x00, 0x00, 0x00,
            0x00, 0x00, 0x01, 0x01, 0x00, 0x00, 0x00, 0x00, 0x00, 0x00, 0x00, 0x00, 0x00, 0x00,
            0x00, 0x00, 0x00, 0x00, 0x00, 0x00, 0x00, 0x00, 0x04,
        ],
    },
    EncodedCase {
        name: "huffman-t0-reuse-tables-last",
        data: &[
            0x00, 0x00, 0x00, 0x01, 0x30, 0x01, 0x01, 0x00, 0x00, 0x00, 0x13, 0x00, 0x00, 0x00,
            0x09, 0x00, 0x00, 0x00, 0x07, 0x00, 0x00, 0x00, 0x00, 0x00, 0x00, 0x00, 0x00, 0x63,
            0x00, 0x00, 0x00, 0x00, 0x00, 0x02, 0x00, 0x01, 0x01, 0x00, 0x00, 0x00, 0x1f, 0x00,
            0x00, 0x03, 0xff, 0xfd, 0xff, 0x02, 0xfe, 0xfe, 0xfe, 0x00, 0x00, 0x00, 0x01, 0x00,
            0x00, 0x00, 0x01, 0x4d, 0x27, 0x60, 0x73, 0x0c, 0x78, 0x86, 0xd0, 0x9e, 0x61, 0xaa,
            0xff, 0xac, 0x00, 0x00, 0x00, 0x03, 0x35, 0x01, 0x01, 0x00, 0x00, 0x00, 0x0a, 0x00,
            0x00, 0x00, 0x00, 0x07, 0x00, 0x00, 0x00, 0x08, 0x80, 0x00, 0x00, 0x00, 0x04, 0x35,
            0x01, 0x01, 0x00, 0x00, 0x00, 0x0a, 0x01, 0x00, 0x00, 0x00, 0x09, 0x00, 0x00, 0x00,
            0x0a, 0x88, 0x00, 0x00, 0x00, 0x05, 0x00, 0x6f, 0x02, 0x03, 0x04, 0x01, 0x00, 0x00,
            0x00, 0x1d, 0x02, 0x3f, 0xff, 0xff, 0xff, 0xff, 0x00, 0x00, 0x00, 0x01, 0x00, 0x00,
            0x00, 0x01, 0x02, 0x16, 0xf3, 0x19, 0x57, 0xb7, 0xc7, 0xb0, 0x0f, 0xed, 0x3f, 0xff,
            0xac, 0x84, 0x20, 0x00, 0x00, 0x00, 0x06, 0x00, 0x6f, 0x05, 0x03, 0x04, 0x01, 0x00,
            0x00, 0x00, 0x1c, 0x01, 0x3f, 0xff, 0xff, 0xff, 0xff, 0x00, 0x00, 0x00, 0x01, 0x00,
            0x00, 0x00, 0x01, 0x02, 0x14, 0xc0, 0x4d, 0x41, 0xcb, 0x6e, 0x4e, 0x88, 0x03, 0xff,
            0xac, 0x84, 0x20, 0x00, 0x00, 0x00, 0x07, 0x07, 0x23, 0x06, 0x01, 0x00, 0x00, 0x00,
            0x2d, 0x00, 0x00, 0x00, 0x09, 0x00, 0x00, 0x00, 0x07, 0x00, 0x00, 0x00, 0x00, 0x00,
            0x00, 0x00, 0x00, 0x04, 0x00, 0x11, 0x00, 0x00, 0x00, 0x00, 0x00, 0x01, 0x01, 0x00,
            0x00, 0x00, 0x00, 0x00, 0x00, 0x00, 0x00, 0x00, 0x00, 0x00, 0x00, 0x00, 0x00, 0x00,
            0x00, 0x00, 0x00, 0x04,
        ],
    },
    EncodedCase {
        name: "huffman-t0-reuse-dictionary-last",
        data: &[
            0x00, 0x00, 0x00, 0x01, 0x30, 0x01, 0x01, 0x00, 0x00, 0x00, 0x13, 0x00, 0x00, 0x00,
            0x09, 0x00, 0x00, 0x00, 0x07, 0x00, 0x00, 0x00, 0x00, 0x00, 0x00, 0x00, 0x00, 0x63,
            0x00, 0x00, 0x00, 0x00, 0x00, 0x02, 0x00, 0x01, 0x01, 0x00, 0x00, 0x00, 0x1f, 0x00,
            0x00, 0x03, 0xff, 0xfd, 0xff, 0x02, 0xfe, 0xfe, 0xfe, 0x00, 0x00, 0x00, 0x01, 0x00,
            0x00, 0x00, 0x01, 0x4d, 0x27, 0x60, 0x73, 0x0c, 0x78, 0x86, 0xd0, 0x9e, 0x61, 0xaa,
            0xff, 0xac, 0x00, 0x00, 0x00, 0x03, 0x35, 0x01, 0x01, 0x00, 0x00, 0x00, 0x0a, 0x00,
            0x00, 0x00, 0x00, 0x07, 0x00, 0x00, 0x00, 0x08, 0x80, 0x00, 0x00, 0x00, 0x04, 0x35,
            0x01, 0x01, 0x00, 0x00, 0x00, 0x0a, 0x01, 0x00, 0x00, 0x00, 0x09, 0x00, 0x00, 0x00,
            0x0a, 0x88, 0x00, 0x00, 0x00, 0x05, 0x00, 0x6f, 0x02, 0x03, 0x04, 0x01, 0x00, 0x00,
            0x00, 0x1d, 0x02, 0x3f, 0xff, 0xff, 0xff, 0xff, 0x00, 0x00, 0x00, 0x01, 0x00, 0x00,
            0x00, 0x01, 0x02, 0x16, 0xf3, 0x19, 0x57, 0xb7, 0xc7, 0xb0, 0x0f, 0xed, 0x3f, 0xff,
            0xac, 0x84, 0x20, 0x00, 0x00, 0x00, 0x06, 0x00, 0x6f, 0x03, 0x04, 0x05, 0x01, 0x00,
            0x00, 0x00, 0x1c, 0x01, 0x3f, 0xff, 0xff, 0xff, 0xff, 0x00, 0x00, 0x00, 0x01, 0x00,
            0x00, 0x00, 0x01, 0x02, 0x14, 0xc0, 0x4d, 0x41, 0xcb, 0x6e, 0x4e, 0x88, 0x03, 0xff,
            0xac, 0x84, 0x20, 0x00, 0x00, 0x00, 0x07, 0x07, 0x23, 0x06, 0x01, 0x00, 0x00, 0x00,
            0x2d, 0x00, 0x00, 0x00, 0x09, 0x00, 0x00, 0x00, 0x07, 0x00, 0x00, 0x00, 0x00, 0x00,
            0x00, 0x00, 0x00, 0x04, 0x00, 0x11, 0x00, 0x00, 0x00, 0x00, 0x00, 0x01, 0x01, 0x00,
            0x00, 0x00, 0x00, 0x00, 0x00, 0x00, 0x00, 0x00, 0x00, 0x00, 0x00, 0x00, 0x00, 0x00,
            0x00, 0x00, 0x00, 0x04,
        ],
    },
    EncodedCase {
        name: "huffman-t0-reuse-table-between",
        data: &[
            0x00, 0x00, 0x00, 0x01, 0x30, 0x01, 0x01, 0x00, 0x00, 0x00, 0x13, 0x00, 0x00, 0x00,
            0x09, 0x00, 0x00, 0x00, 0x07, 0x00, 0x00, 0x00, 0x00, 0x00, 0x00, 0x00, 0x00, 0x63,
            0x00, 0x00, 0x00, 0x00, 0x00, 0x02, 0x00, 0x01, 0x01, 0x00, 0x00, 0x00, 0x1f, 0x00,
            0x00, 0x03, 0xff, 0xfd, 0xff, 0x02, 0xfe, 0xfe, 0xfe, 0x00, 0x00, 0x00, 0x01, 0x00,
            0x00, 0x00, 0x01, 0x4d, 0x27, 0x60, 0x73, 0x0c, 0x78, 0x86, 0xd0, 0x9e, 0x61, 0xaa,
            0xff, 0xac, 0x00, 0x00, 0x00, 0x03, 0x35, 0x01, 0x01, 0x00, 0x00, 0x00, 0x0a, 0x00,
            0x00, 0x00, 0x00, 0x07, 0x00, 0x00, 0x00, 0x08, 0x80, 0x00, 0x00, 0x00, 0x04, 0x35,
            0x01, 0x01, 0x00, 0x00, 0x00, 0x0a, 0x01, 0x00, 0x00, 0x00, 0x09, 0x00, 0x00, 0x00,
            0x0a, 0x88, 0x00, 0x00, 0x00, 0x05, 0x00, 0x6f, 0x02, 0x03, 0x04, 0x01, 0x00, 0x00,
            0x00, 0x1d, 0x02, 0x3f, 0xff, 0xff, 0xff, 0xff, 0x00, 0x00, 0x00, 0x01, 0x00, 0x00,
            0x00, 0x01, 0x02, 0x16, 0xf3, 0x19, 0x57, 0xb7, 0xc7, 0xb0, 0x0f, 0xed, 0x3f, 0xff,
            0xac, 0x84, 0x20, 0x00, 0x00, 0x00, 0x06, 0x00, 0x6f, 0x03, 0x05, 0x04, 0x01, 0x00,
            0x00, 0x00, 0x1c, 0x01, 0x3f, 0xff, 0xff, 0xff, 0xff, 0x00, 0x00, 0x00, 0x01, 0x00,
            0x00, 0x00, 0x01, 0x02, 0x14, 0xc0, 0x4d, 0x41, 0xcb, 0x6e, 0x4e, 0x88, 0x03, 0xff,
            0xac, 0x84, 0x20, 0x00, 0x00, 0x00, 0x07, 0x07, 0x23, 0x06, 0x01, 0x00, 0x00, 0x00,
            0x2d, 0x00, 0x00, 0x00, 0x09, 0x00, 0x00, 0x00, 0x07, 0x00, 0x00, 0x00, 0x00, 0x00,
            0x00, 0x00, 0x00, 0x04, 0x00, 0x11, 0x00, 0x00, 0x00, 0x00, 0x00, 0x01, 0x01, 0x00,
            0x00, 0x00, 0x00, 0x00, 0x00, 0x00, 0x00, 0x00, 0x00, 0x00, 0x00, 0x00, 0x00, 0x00,
            0x00, 0x00, 0x00, 0x04,
        ],
    },
    EncodedCase {
        name: "huffman-t0-reset",
        data: &[
            0x00, 0x00, 0x00, 0x01, 0x30, 0x01, 0x01, 0x00, 0x00, 0x00, 0x13, 0x00, 0x00, 0x00,
            0x09, 0x00, 0x00, 0x00, 0x07, 0x00, 0x00, 0x00, 0x00, 0x00, 0x00, 0x00, 0x00, 0x63,
            0x00, 0x00, 0x00, 0x00, 0x00, 0x02, 0x00, 0x01, 0x01, 0x00, 0x00, 0x00, 0x1f, 0x00,
            0x00, 0x03, 0xff, 0xfd, 0xff, 0x02, 0xfe, 0xfe, 0xfe, 0x00, 0x00, 0x00, 0x01, 0x00,
            0x00, 0x00, 0x01, 0x4d, 0x27, 0x60, 0x73, 0x0c, 0x78, 0x86, 0xd0, 0x9e, 0x61, 0xaa,
            0xff, 0xac, 0x00, 0x00, 0x00, 0x03, 0x35, 0x01, 0x01, 0x00, 0x00, 0x00, 0x0a, 0x00,
            0x00, 0x00, 0x00, 0x07, 0x00, 0x00, 0x00, 0x08, 0x80, 0x00, 0x00, 0x00, 0x04, 0x35,
            0x01, 0x01, 0x00, 0x00, 0x00, 0x0a, 0x01, 0x00, 0x00, 0x00, 0x09, 0x00, 0x00, 0x00,
            0x0a, 0x88, 0x00, 0x00, 0x00, 0x05, 0x00, 0x6f, 0x02, 0x03, 0x04, 0x01, 0x00, 0x00,
            0x00, 0x1d, 0x02, 0x3f, 0xff, 0xff, 0xff, 0xff, 0x00, 0x00, 0x00, 0x01, 0x00, 0x00,
            0x00, 0x01, 0x02, 0x16, 0xf3, 0x19, 0x57, 0xb7, 0xc7, 0xb0, 0x0f, 0xed, 0x3f, 0xff,
            0xac, 0x84, 0x20, 0x00, 0x00, 0x00, 0x06, 0x00, 0x6f, 0x05, 0x03, 0x04, 0x01, 0x00,
            0x00, 0x00, 0x1c, 0x00, 0x3f, 0xff, 0xff, 0xff, 0xff, 0x00, 0x00, 0x00, 0x01, 0x00,
            0x00, 0x00, 0x01, 0x02, 0x14, 0xc8, 0xcd, 0x41, 0xcb, 0x6e, 0x4e, 0x87, 0xf1, 0xff,
            0xac, 0x84, 0x20, 0x00, 0x00, 0x00, 0x07, 0x07, 0x23, 0x06, 0x01, 0x00, 0x00, 0x00,
            0x2d, 0x00, 0x00, 0x00, 0x09, 0x00, 0x00, 0x00, 0x07, 0x00, 0x00, 0x00, 0x00, 0x00,
            0x00, 0x00, 0x00, 0x04, 0x00, 0x11, 0x00, 0x00, 0x00, 0x00, 0x00, 0x01, 0x01, 0x00,
            0x00, 0x00, 0x00, 0x00, 0x00, 0x00, 0x00, 0x00, 0x00, 0x00, 0x00, 0x00, 0x00, 0x00,
            0x00, 0x00, 0x00, 0x04,
        ],
    },
    EncodedCase {
        name: "huffman-t0-branch",
        data: &[
            0x00, 0x00, 0x00, 0x01, 0x30, 0x01, 0x01, 0x00, 0x00, 0x00, 0x13, 0x00, 0x00, 0x00,
            0x09, 0x00, 0x00, 0x00, 0x07, 0x00, 0x00, 0x00, 0x00, 0x00, 0x00, 0x00, 0x00, 0x63,
            0x00, 0x00, 0x00, 0x00, 0x00, 0x02, 0x00, 0x01, 0x01, 0x00, 0x00, 0x00, 0x1f, 0x00,
            0x00, 0x03, 0xff, 0xfd, 0xff, 0x02, 0xfe, 0xfe, 0xfe, 0x00, 0x00, 0x00, 0x01, 0x00,
            0x00, 0x00, 0x01, 0x4d, 0x27, 0x60, 0x73, 0x0c, 0x78, 0x86, 0xd0, 0x9e, 0x61, 0xaa,
            0xff, 0xac, 0x00, 0x00, 0x00, 0x03, 0x35, 0x01, 0x01, 0x00, 0x00, 0x00, 0x0a, 0x00,
            0x00, 0x00, 0x00, 0x07, 0x00, 0x00, 0x00, 0x08, 0x80, 0x00, 0x00, 0x00, 0x04, 0x35,
            0x01, 0x01, 0x00, 0x00, 0x00, 0x0a, 0x01, 0x00, 0x00, 0x00, 0x09, 0x00, 0x00, 0x00,
            0x0a, 0x88, 0x00, 0x00, 0x00, 0x05, 0x00, 0x6f, 0x02, 0x03, 0x04, 0x01, 0x00, 0x00,
            0x00, 0x1d, 0x02, 0x3f, 0xff, 0xff, 0xff, 0xff, 0x00, 0x00, 0x00, 0x01, 0x00, 0x00,
            0x00, 0x01, 0x02, 0x16, 0xf3, 0x19, 0x57, 0xb7, 0xc7, 0xb0, 0x0f, 0xed, 0x3f, 0xff,
            0xac, 0x84, 0x20, 0x00, 0x00, 0x00, 0x06, 0x00, 0x6f, 0x03, 0x04, 0x05, 0x01, 0x00,
            0x00, 0x00, 0x1c, 0x01, 0x3f, 0xff, 0xff, 0xff, 0xff, 0x00, 0x00, 0x00, 0x01, 0x00,
            0x00, 0x00, 0x01, 0x02, 0x14, 0x05, 0x62, 0xcc, 0x07, 0x25, 0x34, 0x1c, 0xe2, 0xff,
            0xac, 0x84, 0x20, 0x00, 0x00, 0x00, 0x07, 0x00, 0x6f, 0x03, 0x04, 0x05, 0x01, 0x00,
            0x00, 0x00, 0x1c, 0x01, 0x3f, 0xff, 0xff, 0xff, 0xff, 0x00, 0x00, 0x00, 0x01, 0x00,
            0x00, 0x00, 0x01, 0x02, 0x14, 0xc0, 0x4d, 0x41, 0xcb, 0x6e, 0x4e, 0x88, 0x03, 0xff,
            0xac, 0x84, 0x20, 0x00, 0x00, 0x00, 0x08, 0x07, 0x23, 0x07, 0x01, 0x00, 0x00, 0x00,
            0x2d, 0x00, 0x00, 0x00, 0x09, 0x00, 0x00, 0x00, 0x07, 0x00, 0x00, 0x00, 0x00, 0x00,
            0x00, 0x00, 0x00, 0x04, 0x00, 0x11, 0x00, 0x00, 0x00, 0x00, 0x00, 0x01, 0x01, 0x00,
            0x00, 0x00, 0x00, 0x00, 0x00, 0x00, 0x00, 0x00, 0x00, 0x00, 0x00, 0x00, 0x00, 0x00,
            0x00, 0x00, 0x00, 0x04,
        ],
    },
    EncodedCase {
        name: "huffman-t0-chain",
        data: &[
            0x00, 0x00, 0x00, 0x01, 0x30, 0x01, 0x01, 0x00, 0x00, 0x00, 0x13, 0x00, 0x00, 0x00,
            0x09, 0x00, 0x00, 0x00, 0x07, 0x00, 0x00, 0x00, 0x00, 0x00, 0x00, 0x00, 0x00, 0x63,
            0x00, 0x00, 0x00, 0x00, 0x00, 0x02, 0x00, 0x01, 0x01, 0x00, 0x00, 0x00, 0x1f, 0x00,
            0x00, 0x03, 0xff, 0xfd, 0xff, 0x02, 0xfe, 0xfe, 0xfe, 0x00, 0x00, 0x00, 0x01, 0x00,
            0x00, 0x00, 0x01, 0x4d, 0x27, 0x60, 0x73, 0x0c, 0x78, 0x86, 0xd0, 0x9e, 0x61, 0xaa,
            0xff, 0xac, 0x00, 0x00, 0x00, 0x03, 0x35, 0x01, 0x01, 0x00, 0x00, 0x00, 0x0a, 0x00,
            0x00, 0x00, 0x00, 0x07, 0x00, 0x00, 0x00, 0x08, 0x80, 0x00, 0x00, 0x00, 0x04, 0x35,
            0x01, 0x01, 0x00, 0x00, 0x00, 0x0a, 0x01, 0x00, 0x00, 0x00, 0x09, 0x00, 0x00, 0x00,
            0x0a, 0x88, 0x00, 0x00, 0x00, 0x05, 0x00, 0x6f, 0x02, 0x03, 0x04, 0x01, 0x00, 0x00,
            0x00, 0x1d, 0x02, 0x3f, 0xff, 0xff, 0xff, 0xff, 0x00, 0x00, 0x00, 0x01, 0x00, 0x00,
            0x00, 0x01, 0x02, 0x16, 0xf3, 0x19, 0x57, 0xb7, 0xc7, 0xb0, 0x0f, 0xed, 0x3f, 0xff,
            0xac, 0x84, 0x20, 0x00, 0x00, 0x00, 0x06, 0x00, 0x6f, 0x03, 0x04, 0x05, 0x01, 0x00,
            0x00, 0x00, 0x1c, 0x03, 0x3f, 0xff, 0xff, 0xff, 0xff, 0x00, 0x00, 0x00, 0x01, 0x00,
            0x00, 0x00, 0x01, 0x02, 0x14, 0xc0, 0x4d, 0x41, 0xcb, 0x6e, 0x4e, 0x88, 0x03, 0xff,
            0xac, 0x84, 0x20, 0x00, 0x00, 0x00, 0x07, 0x00, 0x6f, 0x03, 0x04, 0x06, 0x01, 0x00,
            0x00, 0x00, 0x1b, 0x01, 0x3f, 0xff, 0xff, 0xff, 0xff, 0x00, 0x00, 0x00, 0x01, 0x00,
            0x00, 0x00, 0x01, 0x02, 0x12, 0xd4, 0xe6, 0x6e, 0xf1, 0x42, 0x10, 0x2f, 0xff, 0xac,
            0x84, 0x20, 0x00, 0x00, 0x00, 0x08, 0x07, 0x23, 0x07, 0x01, 0x00, 0x00, 0x00, 0x2d,
            0x00, 0x00, 0x00, 0x09, 0x00, 0x00, 0x00, 0x07, 0x00, 0x00, 0x00, 0x00, 0x00, 0x00,
            0x00, 0x00, 0x04, 0x00, 0x11, 0x00, 0x00, 0x00, 0x00, 0x00, 0x01, 0x01, 0x00, 0x00,
            0x00, 0x00, 0x00, 0x00, 0x00, 0x00, 0x00, 0x00, 0x00, 0x00, 0x00, 0x00, 0x00, 0x00,
            0x00, 0x00, 0x04,
        ],
    },
    EncodedCase {
        name: "huffman-t0-different-table-selector",
        data: &[
            0x00, 0x00, 0x00, 0x01, 0x30, 0x01, 0x01, 0x00, 0x00, 0x00, 0x13, 0x00, 0x00, 0x00,
            0x09, 0x00, 0x00, 0x00, 0x07, 0x00, 0x00, 0x00, 0x00, 0x00, 0x00, 0x00, 0x00, 0x63,
            0x00, 0x00, 0x00, 0x00, 0x00, 0x02, 0x00, 0x01, 0x01, 0x00, 0x00, 0x00, 0x1f, 0x00,
            0x00, 0x03, 0xff, 0xfd, 0xff, 0x02, 0xfe, 0xfe, 0xfe, 0x00, 0x00, 0x00, 0x01, 0x00,
            0x00, 0x00, 0x01, 0x4d, 0x27, 0x60, 0x73, 0x0c, 0x78, 0x86, 0xd0, 0x9e, 0x61, 0xaa,
            0xff, 0xac, 0x00, 0x00, 0x00, 0x03, 0x35, 0x01, 0x01, 0x00, 0x00, 0x00, 0x0a, 0x00,
            0x00, 0x00, 0x00, 0x07, 0x00, 0x00, 0x00, 0x08, 0x80, 0x00, 0x00, 0x00, 0x04, 0x35,
            0x01, 0x01, 0x00, 0x00, 0x00, 0x0a, 0x01, 0x00, 0x00, 0x00, 0x09, 0x00, 0x00, 0x00,
            0x0a, 0x88, 0x00, 0x00, 0x00, 0x05, 0x00, 0x6f, 0x02, 0x03, 0x04, 0x01, 0x00, 0x00,
            0x00, 0x1d, 0x02, 0x3f, 0xff, 0xff, 0xff, 0xff, 0x00, 0x00, 0x00, 0x01, 0x00, 0x00,
            0x00, 0x01, 0x02, 0x16, 0xf3, 0x19, 0x57, 0xb7, 0xc7, 0xb0, 0x0f, 0xed, 0x3f, 0xff,
            0xac, 0x84, 0x20, 0x00, 0x00, 0x00, 0x06, 0x35, 0x01, 0x01, 0x00, 0x00, 0x00, 0x0a,
            0x00, 0x00, 0x00, 0x00, 0x00, 0x00, 0x00, 0x00, 0x01, 0x80, 0x00, 0x00, 0x00, 0x07,
            0x00, 0x9f, 0x03, 0x04, 0x06, 0x05, 0x01, 0x00, 0x00, 0x00, 0x1c, 0x01, 0x7f, 0xff,
            0xff, 0xff, 0xff, 0x00, 0x00, 0x00, 0x01, 0x00, 0x00, 0x00, 0x01, 0x02, 0x14, 0xc0,
            0x4d, 0x41, 0xcb, 0x6e, 0x4e, 0x88, 0x03, 0xff, 0xac, 0x84, 0x20, 0x00, 0x00, 0x00,
            0x08, 0x07, 0x23, 0x07, 0x01, 0x00, 0x00, 0x00, 0x2d, 0x00, 0x00, 0x00, 0x09, 0x00,
            0x00, 0x00, 0x07, 0x00, 0x00, 0x00, 0x00, 0x00, 0x00, 0x00, 0x00, 0x04, 0x00, 0x11,
            0x00, 0x00, 0x00, 0x00, 0x00, 0x01, 0x01, 0x00, 0x00, 0x00, 0x00, 0x00, 0x00, 0x00,
            0x00, 0x00, 0x00, 0x00, 0x00, 0x00, 0x00, 0x00, 0x00, 0x00, 0x00, 0x04,
        ],
    },
    EncodedCase {
        name: "huffman-t1-reuse-tables-last",
        data: &[
            0x00, 0x00, 0x00, 0x01, 0x30, 0x01, 0x01, 0x00, 0x00, 0x00, 0x13, 0x00, 0x00, 0x00,
            0x09, 0x00, 0x00, 0x00, 0x07, 0x00, 0x00, 0x00, 0x00, 0x00, 0x00, 0x00, 0x00, 0x63,
            0x00, 0x00, 0x00, 0x00, 0x00, 0x02, 0x00, 0x01, 0x01, 0x00, 0x00, 0x00, 0x1f, 0x00,
            0x00, 0x03, 0xff, 0xfd, 0xff, 0x02, 0xfe, 0xfe, 0xfe, 0x00, 0x00, 0x00, 0x01, 0x00,
            0x00, 0x00, 0x01, 0x4d, 0x27, 0x60, 0x73, 0x0c, 0x78, 0x86, 0xd0, 0x9e, 0x61, 0xaa,
            0xff, 0xac, 0x00, 0x00, 0x00, 0x03, 0x35, 0x01, 0x01, 0x00, 0x00, 0x00, 0x0a, 0x00,
            0x00, 0x00, 0x00, 0x07, 0x00, 0x00, 0x00, 0x08, 0x80, 0x00, 0x00, 0x00, 0x04, 0x35,
            0x01, 0x01, 0x00, 0x00, 0x00, 0x0a, 0x01, 0x00, 0x00, 0x00, 0x09, 0x00, 0x00, 0x00,
            0x0a, 0x88, 0x00, 0x00, 0x00, 0x05, 0x00, 0x6f, 0x02, 0x03, 0x04, 0x01, 0x00, 0x00,
            0x00, 0x19, 0x12, 0x3f, 0x00, 0x00, 0x00, 0x01, 0x00, 0x00, 0x00, 0x01, 0x02, 0x16,
            0xf3, 0x19, 0x57, 0xb7, 0xc7, 0x26, 0x32, 0x36, 0x9f, 0xff, 0xac, 0x84, 0x20, 0x00,
            0x00, 0x00, 0x06, 0x00, 0x6f, 0x05, 0x03, 0x04, 0x01, 0x00, 0x00, 0x00, 0x18, 0x11,
            0x3f, 0x00, 0x00, 0x00, 0x01, 0x00, 0x00, 0x00, 0x01, 0x02, 0x14, 0xeb, 0x4d, 0xc5,
            0xc6, 0x84, 0xca, 0x82, 0x83, 0xff, 0xac, 0x84, 0x20, 0x00, 0x00, 0x00, 0x07, 0x07,
            0x23, 0x06, 0x01, 0x00, 0x00, 0x00, 0x2d, 0x00, 0x00, 0x00, 0x09, 0x00, 0x00, 0x00,
            0x07, 0x00, 0x00, 0x00, 0x00, 0x00, 0x00, 0x00, 0x00, 0x04, 0x00, 0x11, 0x00, 0x00,
            0x00, 0x00, 0x00, 0x01, 0x01, 0x00, 0x00, 0x00, 0x00, 0x00, 0x00, 0x00, 0x00, 0x00,
            0x00, 0x00, 0x00, 0x00, 0x00, 0x00, 0x00, 0x00, 0x00, 0x04,
        ],
    },
    EncodedCase {
        name: "huffman-t1-reuse-dictionary-last",
        data: &[
            0x00, 0x00, 0x00, 0x01, 0x30, 0x01, 0x01, 0x00, 0x00, 0x00, 0x13, 0x00, 0x00, 0x00,
            0x09, 0x00, 0x00, 0x00, 0x07, 0x00, 0x00, 0x00, 0x00, 0x00, 0x00, 0x00, 0x00, 0x63,
            0x00, 0x00, 0x00, 0x00, 0x00, 0x02, 0x00, 0x01, 0x01, 0x00, 0x00, 0x00, 0x1f, 0x00,
            0x00, 0x03, 0xff, 0xfd, 0xff, 0x02, 0xfe, 0xfe, 0xfe, 0x00, 0x00, 0x00, 0x01, 0x00,
            0x00, 0x00, 0x01, 0x4d, 0x27, 0x60, 0x73, 0x0c, 0x78, 0x86, 0xd0, 0x9e, 0x61, 0xaa,
            0xff, 0xac, 0x00, 0x00, 0x00, 0x03, 0x35, 0x01, 0x01, 0x00, 0x00, 0x00, 0x0a, 0x00,
            0x00, 0x00, 0x00, 0x07, 0x00, 0x00, 0x00, 0x08, 0x80, 0x00, 0x00, 0x00, 0x04, 0x35,
            0x01, 0x01, 0x00, 0x00, 0x00, 0x0a, 0x01, 0x00, 0x00, 0x00, 0x09, 0x00, 0x00, 0x00,
            0x0a, 0x88, 0x00, 0x00, 0x00, 0x05, 0x00, 0x6f, 0x02, 0x03, 0x04, 0x01, 0x00, 0x00,
            0x00, 0x19, 0x12, 0x3f, 0x00, 0x00, 0x00, 0x01, 0x00, 0x00, 0x00, 0x01, 0x02, 0x16,
            0xf3, 0x19, 0x57, 0xb7, 0xc7, 0x26, 0x32, 0x36, 0x9f, 0xff, 0xac, 0x84, 0x20, 0x00,
            0x00, 0x00, 0x06, 0x00, 0x6f, 0x03, 0x04, 0x05, 0x01, 0x00, 0x00, 0x00, 0x18, 0x11,
            0x3f, 0x00, 0x00, 0x00, 0x01, 0x00, 0x00, 0x00, 0x01, 0x02, 0x14, 0xeb, 0x4d, 0xc5,
            0xc6, 0x84, 0xca, 0x82, 0x83, 0xff, 0xac, 0x84, 0x20, 0x00, 0x00, 0x00, 0x07, 0x07,
            0x23, 0x06, 0x01, 0x00, 0x00, 0x00, 0x2d, 0x00, 0x00, 0x00, 0x09, 0x00, 0x00, 0x00,
            0x07, 0x00, 0x00, 0x00, 0x00, 0x00, 0x00, 0x00, 0x00, 0x04, 0x00, 0x11, 0x00, 0x00,
            0x00, 0x00, 0x00, 0x01, 0x01, 0x00, 0x00, 0x00, 0x00, 0x00, 0x00, 0x00, 0x00, 0x00,
            0x00, 0x00, 0x00, 0x00, 0x00, 0x00, 0x00, 0x00, 0x00, 0x04,
        ],
    },
    EncodedCase {
        name: "huffman-t1-reuse-table-between",
        data: &[
            0x00, 0x00, 0x00, 0x01, 0x30, 0x01, 0x01, 0x00, 0x00, 0x00, 0x13, 0x00, 0x00, 0x00,
            0x09, 0x00, 0x00, 0x00, 0x07, 0x00, 0x00, 0x00, 0x00, 0x00, 0x00, 0x00, 0x00, 0x63,
            0x00, 0x00, 0x00, 0x00, 0x00, 0x02, 0x00, 0x01, 0x01, 0x00, 0x00, 0x00, 0x1f, 0x00,
            0x00, 0x03, 0xff, 0xfd, 0xff, 0x02, 0xfe, 0xfe, 0xfe, 0x00, 0x00, 0x00, 0x01, 0x00,
            0x00, 0x00, 0x01, 0x4d, 0x27, 0x60, 0x73, 0x0c, 0x78, 0x86, 0xd0, 0x9e, 0x61, 0xaa,
            0xff, 0xac, 0x00, 0x00, 0x00, 0x03, 0x35, 0x01, 0x01, 0x00, 0x00, 0x00, 0x0a, 0x00,
            0x00, 0x00, 0x00, 0x07, 0x00, 0x00, 0x00, 0x08, 0x80, 0x00, 0x00, 0x00, 0x04, 0x35,
            0x01, 0x01, 0x00, 0x00, 0x00, 0x0a, 0x01, 0x00, 0x00, 0x00, 0x09, 0x00, 0x00, 0x00,
            0x0a, 0x88, 0x00, 0x00, 0x00, 0x05, 0x00, 0x6f, 0x02, 0x03, 0x04, 0x01, 0x00, 0x00,
            0x00, 0x19, 0x12, 0x3f, 0x00, 0x00, 0x00, 0x01, 0x00, 0x00, 0x00, 0x01, 0x02, 0x16,
            0xf3, 0x19, 0x57, 0xb7, 0xc7, 0x26, 0x32, 0x36, 0x9f, 0xff, 0xac, 0x84, 0x20, 0x00,
            0x00, 0x00, 0x06, 0x00, 0x6f, 0x03, 0x05, 0x04, 0x01, 0x00, 0x00, 0x00, 0x18, 0x11,
            0x3f, 0x00, 0x00, 0x00, 0x01, 0x00, 0x00, 0x00, 0x01, 0x02, 0x14, 0xeb, 0x4d, 0xc5,
            0xc6, 0x84, 0xca, 0x82, 0x83, 0xff, 0xac, 0x84, 0x20, 0x00, 0x00, 0x00, 0x07, 0x07,
            0x23, 0x06, 0x01, 0x00, 0x00, 0x00, 0x2d, 0x00, 0x00, 0x00, 0x09, 0x00, 0x00, 0x00,
            0x07, 0x00, 0x00, 0x00, 0x00, 0x00, 0x00, 0x00, 0x00, 0x04, 0x00, 0x11, 0x00, 0x00,
            0x00, 0x00, 0x00, 0x01, 0x01, 0x00, 0x00, 0x00, 0x00, 0x00, 0x00, 0x00, 0x00, 0x00,
            0x00, 0x00, 0x00, 0x00, 0x00, 0x00, 0x00, 0x00, 0x00, 0x04,
        ],
    },
    EncodedCase {
        name: "huffman-t1-reset",
        data: &[
            0x00, 0x00, 0x00, 0x01, 0x30, 0x01, 0x01, 0x00, 0x00, 0x00, 0x13, 0x00, 0x00, 0x00,
            0x09, 0x00, 0x00, 0x00, 0x07, 0x00, 0x00, 0x00, 0x00, 0x00, 0x00, 0x00, 0x00, 0x63,
            0x00, 0x00, 0x00, 0x00, 0x00, 0x02, 0x00, 0x01, 0x01, 0x00, 0x00, 0x00, 0x1f, 0x00,
            0x00, 0x03, 0xff, 0xfd, 0xff, 0x02, 0xfe, 0xfe, 0xfe, 0x00, 0x00, 0x00, 0x01, 0x00,
            0x00, 0x00, 0x01, 0x4d, 0x27, 0x60, 0x73, 0x0c, 0x78, 0x86, 0xd0, 0x9e, 0x61, 0xaa,
            0xff, 0xac, 0x00, 0x00, 0x00, 0x03, 0x35, 0x01, 0x01, 0x00, 0x00, 0x00, 0x0a, 0x00,
            0x00, 0x00, 0x00, 0x07, 0x00, 0x00, 0x00, 0x08, 0x80, 0x00, 0x00, 0x00, 0x04, 0x35,
            0x01, 0x01, 0x00, 0x00, 0x00, 0x0a, 0x01, 0x00, 0x00, 0x00, 0x09, 0x00, 0x00, 0x00,
            0x0a, 0x88, 0x00, 0x00, 0x00, 0x05, 0x00, 0x6f, 0x02, 0x03, 0x04, 0x01, 0x00, 0x00,
            0x00, 0x19, 0x12, 0x3f, 0x00, 0x00, 0x00, 0x01, 0x00, 0x00, 0x00, 0x01, 0x02, 0x16,
            0xf3, 0x19, 0x57, 0xb7, 0xc7, 0x26, 0x32, 0x36, 0x9f, 0xff, 0xac, 0x84, 0x20, 0x00,
            0x00, 0x00, 0x06, 0x00, 0x6f, 0x05, 0x03, 0x04, 0x01, 0x00, 0x00, 0x00, 0x18, 0x10,
            0x3f, 0x00, 0x00, 0x00, 0x01, 0x00, 0x00, 0x00, 0x01, 0x02, 0x14, 0xc8, 0xcd, 0x41,
            0x9d, 0xe2, 0x65, 0x40, 0xe7, 0xff, 0xac, 0x84, 0x20, 0x00, 0x00, 0x00, 0x07, 0x07,
            0x23, 0x06, 0x01, 0x00, 0x00, 0x00, 0x2d, 0x00, 0x00, 0x00, 0x09, 0x00, 0x00, 0x00,
            0x07, 0x00, 0x00, 0x00, 0x00, 0x00, 0x00, 0x00, 0x00, 0x04, 0x00, 0x11, 0x00, 0x00,
            0x00, 0x00, 0x00, 0x01, 0x01, 0x00, 0x00, 0x00, 0x00, 0x00, 0x00, 0x00, 0x00, 0x00,
            0x00, 0x00, 0x00, 0x00, 0x00, 0x00, 0x00, 0x00, 0x00, 0x04,
        ],
    },
    EncodedCase {
        name: "huffman-t1-branch",
        data: &[
            0x00, 0x00, 0x00, 0x01, 0x30, 0x01, 0x01, 0x00, 0x00, 0x00, 0x13, 0x00, 0x00, 0x00,
            0x09, 0x00, 0x00, 0x00, 0x07, 0x00, 0x00, 0x00, 0x00, 0x00, 0x00, 0x00, 0x00, 0x63,
            0x00, 0x00, 0x00, 0x00, 0x00, 0x02, 0x00, 0x01, 0x01, 0x00, 0x00, 0x00, 0x1f, 0x00,
            0x00, 0x03, 0xff, 0xfd, 0xff, 0x02, 0xfe, 0xfe, 0xfe, 0x00, 0x00, 0x00, 0x01, 0x00,
            0x00, 0x00, 0x01, 0x4d, 0x27, 0x60, 0x73, 0x0c, 0x78, 0x86, 0xd0, 0x9e, 0x61, 0xaa,
            0xff, 0xac, 0x00, 0x00, 0x00, 0x03, 0x35, 0x01, 0x01, 0x00, 0x00, 0x00, 0x0a, 0x00,
            0x00, 0x00, 0x00, 0x07, 0x00, 0x00, 0x00, 0x08, 0x80, 0x00, 0x00, 0x00, 0x04, 0x35,
            0x01, 0x01, 0x00, 0x00, 0x00, 0x0a, 0x01, 0x00, 0x00, 0x00, 0x09, 0x00, 0x00, 0x00,
            0x0a, 0x88, 0x00, 0x00, 0x00, 0x05, 0x00, 0x6f, 0x02, 0x03, 0x04, 0x01, 0x00, 0x00,
            0x00, 0x19, 0x12, 0x3f, 0x00, 0x00, 0x00, 0x01, 0x00, 0x00, 0x00, 0x01, 0x02, 0x16,
            0xf3, 0x19, 0x57, 0xb7, 0xc7, 0x26, 0x32, 0x36, 0x9f, 0xff, 0xac, 0x84, 0x20, 0x00,
            0x00, 0x00, 0x06, 0x00, 0x6f, 0x03, 0x04, 0x05, 0x01, 0x00, 0x00, 0x00, 0x19, 0x11,
            0x3f, 0x00, 0x00, 0x00, 0x01, 0x00, 0x00, 0x00, 0x01, 0x02, 0x16, 0x05, 0x61, 0x6e,
            0x03, 0x93, 0x6a, 0x46, 0x7f, 0x7f, 0xff, 0xac, 0x84, 0x20, 0x00, 0x00, 0x00, 0x07,
            0x00, 0x6f, 0x03, 0x04, 0x05, 0x01, 0x00, 0x00, 0x00, 0x18, 0x11, 0x3f, 0x00, 0x00,
            0x00, 0x01, 0x00, 0x00, 0x00, 0x01, 0x02, 0x14, 0xeb, 0x4d, 0xc5, 0xc6, 0x84, 0xca,
            0x82, 0x83, 0xff, 0xac, 0x84, 0x20, 0x00, 0x00, 0x00, 0x08, 0x07, 0x23, 0x07, 0x01,
            0x00, 0x00, 0x00, 0x2d, 0x00, 0x00, 0x00, 0x09, 0x00, 0x00, 0x00, 0x07, 0x00, 0x00,
            0x00, 0x00, 0x00, 0x00, 0x00, 0x00, 0x04, 0x00, 0x11, 0x00, 0x00, 0x00, 0x00, 0x00,
            0x01, 0x01, 0x00, 0x00, 0x00, 0x00, 0x00, 0x00, 0x00, 0x00, 0x00, 0x00, 0x00, 0x00,
            0x00, 0x00, 0x00, 0x00, 0x00, 0x00, 0x04,
        ],
    },
    EncodedCase {
        name: "huffman-t1-chain",
        data: &[
            0x00, 0x00, 0x00, 0x01, 0x30, 0x01, 0x01, 0x00, 0x00, 0x00, 0x13, 0x00, 0x00, 0x00,
            0x09, 0x00, 0x00, 0x00, 0x07, 0x00, 0x00, 0x00, 0x00, 0x00, 0x00, 0x00, 0x00, 0x63,
            0x00, 0x00, 0x00, 0x00, 0x00, 0x02, 0x00, 0x01, 0x01, 0x00, 0x00, 0x00, 0x1f, 0x00,
            0x00, 0x03, 0xff, 0xfd, 0xff, 0x02, 0xfe, 0xfe, 0xfe, 0x00, 0x00, 0x00, 0x01, 0x00,
            0x00, 0x00, 0x01, 0x4d, 0x27, 0x60, 0x73, 0x0c, 0x78, 0x86, 0xd0, 0x9e, 0x61, 0xaa,
            0xff, 0xac, 0x00, 0x00, 0x00, 0x03, 0x35, 0x01, 0x01, 0x00, 0x00, 0x00, 0x0a, 0x00,
            0x00, 0x00, 0x00, 0x07, 0x00, 0x00, 0x00, 0x08, 0x80, 0x00, 0x00, 0x00, 0x04, 0x35,
            0x01, 0x01, 0x00, 0x00, 0x00, 0x0a, 0x01, 0x00, 0x00, 0x00, 0x09, 0x00, 0x00, 0x00,
            0x0a, 0x88, 0x00, 0x00, 0x00, 0x05, 0x00, 0x6f, 0x02, 0x03, 0x04, 0x01, 0x00, 0x00,
            0x00, 0x19, 0x12, 0x3f, 0x00, 0x00, 0x00, 0x01, 0x00, 0x00, 0x00, 0x01, 0x02, 0x16,
            0xf3, 0x19, 0x57, 0xb7, 0xc7, 0x26, 0x32, 0x36, 0x9f, 0xff, 0xac, 0x84, 0x20, 0x00,
            0x00, 0x00, 0x06, 0x00, 0x6f, 0x03, 0x04, 0x05, 0x01, 0x00, 0x00, 0x00, 0x18, 0x13,
            0x3f, 0x00, 0x00, 0x00, 0x01, 0x00, 0x00, 0x00, 0x01, 0x02, 0x14, 0xeb, 0x4d, 0xc5,
            0xc6, 0x84, 0xca, 0x82, 0x83, 0xff, 0xac, 0x84, 0x20, 0x00, 0x00, 0x00, 0x07, 0x00,
            0x6f, 0x03, 0x04, 0x06, 0x01, 0x00, 0x00, 0x00, 0x17, 0x11, 0x3f, 0x00, 0x00, 0x00,
            0x01, 0x00, 0x00, 0x00, 0x01, 0x02, 0x12, 0xd4, 0x20, 0xf4, 0x83, 0x42, 0x92, 0x09,
            0xff, 0xac, 0x84, 0x20, 0x00, 0x00, 0x00, 0x08, 0x07, 0x23, 0x07, 0x01, 0x00, 0x00,
            0x00, 0x2d, 0x00, 0x00, 0x00, 0x09, 0x00, 0x00, 0x00, 0x07, 0x00, 0x00, 0x00, 0x00,
            0x00, 0x00, 0x00, 0x00, 0x04, 0x00, 0x11, 0x00, 0x00, 0x00, 0x00, 0x00, 0x01, 0x01,
            0x00, 0x00, 0x00, 0x00, 0x00, 0x00, 0x00, 0x00, 0x00, 0x00, 0x00, 0x00, 0x00, 0x00,
            0x00, 0x00, 0x00, 0x00, 0x04,
        ],
    },
    EncodedCase {
        name: "huffman-t1-different-table-selector",
        data: &[
            0x00, 0x00, 0x00, 0x01, 0x30, 0x01, 0x01, 0x00, 0x00, 0x00, 0x13, 0x00, 0x00, 0x00,
            0x09, 0x00, 0x00, 0x00, 0x07, 0x00, 0x00, 0x00, 0x00, 0x00, 0x00, 0x00, 0x00, 0x63,
            0x00, 0x00, 0x00, 0x00, 0x00, 0x02, 0x00, 0x01, 0x01, 0x00, 0x00, 0x00, 0x1f, 0x00,
            0x00, 0x03, 0xff, 0xfd, 0xff, 0x02, 0xfe, 0xfe, 0xfe, 0x00, 0x00, 0x00, 0x01, 0x00,
            0x00, 0x00, 0x01, 0x4d, 0x27, 0x60, 0x73, 0x0c, 0x78, 0x86, 0xd0, 0x9e, 0x61, 0xaa,
            0xff, 0xac, 0x00, 0x00, 0x00, 0x03, 0x35, 0x01, 0x01, 0x00, 0x00, 0x00, 0x0a, 0x00,
            0x00, 0x00, 0x00, 0x07, 0x00, 0x00, 0x00, 0x08, 0x80, 0x00, 0x00, 0x00, 0x04, 0x35,
            0x01, 0x01, 0x00, 0x00, 0x00, 0x0a, 0x01, 0x00, 0x00, 0x00, 0x09, 0x00, 0x00, 0x00,
            0x0a, 0x88, 0x00, 0x00, 0x00, 0x05, 0x00, 0x6f, 0x02, 0x03, 0x04, 0x01, 0x00, 0x00,
            0x00, 0x19, 0x12, 0x3f, 0x00, 0x00, 0x00, 0x01, 0x00, 0x00, 0x00, 0x01, 0x02, 0x16,
            0xf3, 0x19, 0x57, 0xb7, 0xc7, 0x26, 0x32, 0x36, 0x9f, 0xff, 0xac, 0x84, 0x20, 0x00,
            0x00, 0x00, 0x06, 0x35, 0x01, 0x01, 0x00, 0x00, 0x00, 0x0a, 0x00, 0x00, 0x00, 0x00,
            0x00, 0x00, 0x00, 0x00, 0x01, 0x80, 0x00, 0x00, 0x00, 0x07, 0x00, 0x9f, 0x03, 0x04,
            0x06, 0x05, 0x01, 0x00, 0x00, 0x00, 0x18, 0x11, 0x7f, 0x00, 0x00, 0x00, 0x01, 0x00,
            0x00, 0x00, 0x01, 0x02, 0x14, 0xeb, 0x4d, 0xc5, 0xc6, 0x84, 0xca, 0x82, 0x83, 0xff,
            0xac, 0x84, 0x20, 0x00, 0x00, 0x00, 0x08, 0x07, 0x23, 0x07, 0x01, 0x00, 0x00, 0x00,
            0x2d, 0x00, 0x00, 0x00, 0x09, 0x00, 0x00, 0x00, 0x07, 0x00, 0x00, 0x00, 0x00, 0x00,
            0x00, 0x00, 0x00, 0x04, 0x00, 0x11, 0x00, 0x00, 0x00, 0x00, 0x00, 0x01, 0x01, 0x00,
            0x00, 0x00, 0x00, 0x00, 0x00, 0x00, 0x00, 0x00, 0x00, 0x00, 0x00, 0x00, 0x00, 0x00,
            0x00, 0x00, 0x00, 0x04,
        ],
    },
    EncodedCase {
        name: "huffman-t2-reuse-tables-last",
        data: &[
            0x00, 0x00, 0x00, 0x01, 0x30, 0x01, 0x01, 0x00, 0x00, 0x00, 0x13, 0x00, 0x00, 0x00,
            0x09, 0x00, 0x00, 0x00, 0x07, 0x00, 0x00, 0x00, 0x00, 0x00, 0x00, 0x00, 0x00, 0x63,
            0x00, 0x00, 0x00, 0x00, 0x00, 0x02, 0x00, 0x01, 0x01, 0x00, 0x00, 0x00, 0x1f, 0x00,
            0x00, 0x03, 0xff, 0xfd, 0xff, 0x02, 0xfe, 0xfe, 0xfe, 0x00, 0x00, 0x00, 0x01, 0x00,
            0x00, 0x00, 0x01, 0x4d, 0x27, 0x60, 0x73, 0x0c, 0x78, 0x86, 0xd0, 0x9e, 0x61, 0xaa,
            0xff, 0xac, 0x00, 0x00, 0x00, 0x03, 0x35, 0x01, 0x01, 0x00, 0x00, 0x00, 0x0a, 0x00,
            0x00, 0x00, 0x00, 0x07, 0x00, 0x00, 0x00, 0x08, 0x80, 0x00, 0x00, 0x00, 0x04, 0x35,
            0x01, 0x01, 0x00, 0x00, 0x00, 0x0a, 0x01, 0x00, 0x00, 0x00, 0x09, 0x00, 0x00, 0x00,
            0x0a, 0x88, 0x00, 0x00, 0x00, 0x05, 0x00, 0x6f, 0x02, 0x03, 0x04, 0x01, 0x00, 0x00,
            0x00, 0x1d, 0x02, 0x3f, 0xfe, 0x00, 0x02, 0x01, 0x00, 0x00, 0x00, 0x01, 0x00, 0x00,
            0x00, 0x01, 0x02, 0x16, 0xf3, 0x19, 0x57, 0xb7, 0xc7, 0xb0, 0x0f, 0x1d, 0x3f, 0xff,
            0xac, 0x84, 0x20, 0x00, 0x00, 0x00, 0x06, 0x00, 0x6f, 0x05, 0x03, 0x04, 0x01, 0x00,
            0x00, 0x00, 0x1c, 0x01, 0x3f, 0xfe, 0x00, 0x02, 0x01, 0x00, 0x00, 0x00, 0x01, 0x00,
            0x00, 0x00, 0x01, 0x02, 0x14, 0xc8, 0xcd, 0x41, 0xcb, 0x6e, 0x4e, 0x44, 0x03, 0xff,
            0xac, 0x84, 0x20, 0x00, 0x00, 0x00, 0x07, 0x07, 0x23, 0x06, 0x01, 0x00, 0x00, 0x00,
            0x2d, 0x00, 0x00, 0x00, 0x09, 0x00, 0x00, 0x00, 0x07, 0x00, 0x00, 0x00, 0x00, 0x00,
            0x00, 0x00, 0x00, 0x04, 0x00, 0x11, 0x00, 0x00, 0x00, 0x00, 0x00, 0x01, 0x01, 0x00,
            0x00, 0x00, 0x00, 0x00, 0x00, 0x00, 0x00, 0x00, 0x00, 0x00, 0x00, 0x00, 0x00, 0x00,
            0x00, 0x00, 0x00, 0x04,
        ],
    },
    EncodedCase {
        name: "huffman-t2-reuse-dictionary-last",
        data: &[
            0x00, 0x00, 0x00, 0x01, 0x30, 0x01, 0x01, 0x00, 0x00, 0x00, 0x13, 0x00, 0x00, 0x00,
            0x09, 0x00, 0x00, 0x00, 0x07, 0x00, 0x00, 0x00, 0x00, 0x00, 0x00, 0x00, 0x00, 0x63,
            0x00, 0x00, 0x00, 0x00, 0x00, 0x02, 0x00, 0x01, 0x01, 0x00, 0x00, 0x00, 0x1f, 0x00,
            0x00, 0x03, 0xff, 0xfd, 0xff, 0x02, 0xfe, 0xfe, 0xfe, 0x00, 0x00, 0x00, 0x01, 0x00,
            0x00, 0x00, 0x01, 0x4d, 0x27, 0x60, 0x73, 0x0c, 0x78, 0x86, 0xd0, 0x9e, 0x61, 0xaa,
            0xff, 0xac, 0x00, 0x00, 0x00, 0x03, 0x35, 0x01, 0x01, 0x00, 0x00, 0x00, 0x0a, 0x00,
            0x00, 0x00, 0x00, 0x07, 0x00, 0x00, 0x00, 0x08, 0x80, 0x00, 0x00, 0x00, 0x04, 0x35,
            0x01, 0x01, 0x00, 0x00, 0x00, 0x0a, 0x01, 0x00, 0x00, 0x00, 0x09, 0x00, 0x00, 0x00,
            0x0a, 0x88, 0x00, 0x00, 0x00, 0x05, 0x00, 0x6f, 0x02, 0x03, 0x04, 0x01, 0x00, 0x00,
            0x00, 0x1d, 0x02, 0x3f, 0xfe, 0x00, 0x02, 0x01, 0x00, 0x00, 0x00, 0x01, 0x00, 0x00,
            0x00, 0x01, 0x02, 0x16, 0xf3, 0x19, 0x57, 0xb7, 0xc7, 0xb0, 0x0f, 0x1d, 0x3f, 0xff,
            0xac, 0x84, 0x20, 0x00, 0x00, 0x00, 0x06, 0x00, 0x6f, 0x03, 0x04, 0x05, 0x01, 0x00,
            0x00, 0x00, 0x1c, 0x01, 0x3f, 0xfe, 0x00, 0x02, 0x01, 0x00, 0x00, 0x00, 0x01, 0x00,
            0x00, 0x00, 0x01, 0x02, 0x14, 0xc8, 0xcd, 0x41, 0xcb, 0x6e, 0x4e, 0x44, 0x03, 0xff,
            0xac, 0x84, 0x20, 0x00, 0x00, 0x00, 0x07, 0x07, 0x23, 0x06, 0x01, 0x00, 0x00, 0x00,
            0x2d, 0x00, 0x00, 0x00, 0x09, 0x00, 0x00, 0x00, 0x07, 0x00, 0x00, 0x00, 0x00, 0x00,
            0x00, 0x00, 0x00, 0x04, 0x00, 0x11, 0x00, 0x00, 0x00, 0x00, 0x00, 0x01, 0x01, 0x00,
            0x00, 0x00, 0x00, 0x00, 0x00, 0x00, 0x00, 0x00, 0x00, 0x00, 0x00, 0x00, 0x00, 0x00,
            0x00, 0x00, 0x00, 0x04,
        ],
    },
    EncodedCase {
        name: "huffman-t2-reuse-table-between",
        data: &[
            0x00, 0x00, 0x00, 0x01, 0x30, 0x01, 0x01, 0x00, 0x00, 0x00, 0x13, 0x00, 0x00, 0x00,
            0x09, 0x00, 0x00, 0x00, 0x07, 0x00, 0x00, 0x00, 0x00, 0x00, 0x00, 0x00, 0x00, 0x63,
            0x00, 0x00, 0x00, 0x00, 0x00, 0x02, 0x00, 0x01, 0x01, 0x00, 0x00, 0x00, 0x1f, 0x00,
            0x00, 0x03, 0xff, 0xfd, 0xff, 0x02, 0xfe, 0xfe, 0xfe, 0x00, 0x00, 0x00, 0x01, 0x00,
            0x00, 0x00, 0x01, 0x4d, 0x27, 0x60, 0x73, 0x0c, 0x78, 0x86, 0xd0, 0x9e, 0x61, 0xaa,
            0xff, 0xac, 0x00, 0x00, 0x00, 0x03, 0x35, 0x01, 0x01, 0x00, 0x00, 0x00, 0x0a, 0x00,
            0x00, 0x00, 0x00, 0x07, 0x00, 0x00, 0x00, 0x08, 0x80, 0x00, 0x00, 0x00, 0x04, 0x35,
            0x01, 0x01, 0x00, 0x00, 0x00, 0x0a, 0x01, 0x00, 0x00, 0x00, 0x09, 0x00, 0x00, 0x00,
            0x0a, 0x88, 0x00, 0x00, 0x00, 0x05, 0x00, 0x6f, 0x02, 0x03, 0x04, 0x01, 0x00, 0x00,
            0x00, 0x1d, 0x02, 0x3f, 0xfe, 0x00, 0x02, 0x01, 0x00, 0x00, 0x00, 0x01, 0x00, 0x00,
            0x00, 0x01, 0x02, 0x16, 0xf3, 0x19, 0x57, 0xb7, 0xc7, 0xb0, 0x0f, 0x1d, 0x3f, 0xff,
            0xac, 0x84, 0x20, 0x00, 0x00, 0x00, 0x06, 0x00, 0x6f, 0x03, 0x05, 0x04, 0x01, 0x00,
            0x00, 0x00, 0x1c, 0x01, 0x3f, 0xfe, 0x00, 0x02, 0x01, 0x00, 0x00, 0x00, 0x01, 0x00,
            0x00, 0x00, 0x01, 0x02, 0x14, 0xc8, 0xcd, 0x41, 0xcb, 0x6e, 0x4e, 0x44, 0x03, 0xff,
            0xac, 0x84, 0x20, 0x00, 0x00, 0x00, 0x07, 0x07, 0x23, 0x06, 0x01, 0x00, 0x00, 0x00,
            0x2d, 0x00, 0x00, 0x00, 0x09, 0x00, 0x00, 0x00, 0x07, 0x00, 0x00, 0x00, 0x00, 0x00,
            0x00, 0x00, 0x00, 0x04, 0x00, 0x11, 0x00, 0x00, 0x00, 0x00, 0x00, 0x01, 0x01, 0x00,
            0x00, 0x00, 0x00, 0x00, 0x00, 0x00, 0x00, 0x00, 0x00, 0x00, 0x00, 0x00, 0x00, 0x00,
            0x00, 0x00, 0x00, 0x04,
        ],
    },
    EncodedCase {
        name: "huffman-t2-reset",
        data: &[
            0x00, 0x00, 0x00, 0x01, 0x30, 0x01, 0x01, 0x00, 0x00, 0x00, 0x13, 0x00, 0x00, 0x00,
            0x09, 0x00, 0x00, 0x00, 0x07, 0x00, 0x00, 0x00, 0x00, 0x00, 0x00, 0x00, 0x00, 0x63,
            0x00, 0x00, 0x00, 0x00, 0x00, 0x02, 0x00, 0x01, 0x01, 0x00, 0x00, 0x00, 0x1f, 0x00,
            0x00, 0x03, 0xff, 0xfd, 0xff, 0x02, 0xfe, 0xfe, 0xfe, 0x00, 0x00, 0x00, 0x01, 0x00,
            0x00, 0x00, 0x01, 0x4d, 0x27, 0x60, 0x73, 0x0c, 0x78, 0x86, 0xd0, 0x9e, 0x61, 0xaa,
            0xff, 0xac, 0x00, 0x00, 0x00, 0x03, 0x35, 0x01, 0x01, 0x00, 0x00, 0x00, 0x0a, 0x00,
            0x00, 0x00, 0x00, 0x07, 0x00, 0x00, 0x00, 0x08, 0x80, 0x00, 0x00, 0x00, 0x04, 0x35,
            0x01, 0x01, 0x00, 0x00, 0x00, 0x0a, 0x01, 0x00, 0x00, 0x00, 0x09, 0x00, 0x00, 0x00,
            0x0a, 0x88, 0x00, 0x00, 0x00, 0x05, 0x00, 0x6f, 0x02, 0x03, 0x04, 0x01, 0x00, 0x00,
            0x00, 0x1d, 0x02, 0x3f, 0xfe, 0x00, 0x02, 0x01, 0x00, 0x00, 0x00, 0x01, 0x00, 0x00,
            0x00, 0x01, 0x02, 0x16, 0xf3, 0x19, 0x57, 0xb7, 0xc7, 0xb0, 0x0f, 0x1d, 0x3f, 0xff,
            0xac, 0x84, 0x20, 0x00, 0x00, 0x00, 0x06, 0x00, 0x6f, 0x05, 0x03, 0x04, 0x01, 0x00,
            0x00, 0x00, 0x1c, 0x00, 0x3f, 0xfe, 0x00, 0x02, 0x01, 0x00, 0x00, 0x00, 0x01, 0x00,
            0x00, 0x00, 0x01, 0x02, 0x14, 0xc8, 0xcd, 0x41, 0xcb, 0x6e, 0x4e, 0x43, 0xf1, 0xff,
            0xac, 0x84, 0x20, 0x00, 0x00, 0x00, 0x07, 0x07, 0x23, 0x06, 0x01, 0x00, 0x00, 0x00,
            0x2d, 0x00, 0x00, 0x00, 0x09, 0x00, 0x00, 0x00, 0x07, 0x00, 0x00, 0x00, 0x00, 0x00,
            0x00, 0x00, 0x00, 0x04, 0x00, 0x11, 0x00, 0x00, 0x00, 0x00, 0x00, 0x01, 0x01, 0x00,
            0x00, 0x00, 0x00, 0x00, 0x00, 0x00, 0x00, 0x00, 0x00, 0x00, 0x00, 0x00, 0x00, 0x00,
            0x00, 0x00, 0x00, 0x04,
        ],
    },
    EncodedCase {
        name: "huffman-t2-branch",
        data: &[
            0x00, 0x00, 0x00, 0x01, 0x30, 0x01, 0x01, 0x00, 0x00, 0x00, 0x13, 0x00, 0x00, 0x00,
            0x09, 0x00, 0x00, 0x00, 0x07, 0x00, 0x00, 0x00, 0x00, 0x00, 0x00, 0x00, 0x00, 0x63,
            0x00, 0x00, 0x00, 0x00, 0x00, 0x02, 0x00, 0x01, 0x01, 0x00, 0x00, 0x00, 0x1f, 0x00,
            0x00, 0x03, 0xff, 0xfd, 0xff, 0x02, 0xfe, 0xfe, 0xfe, 0x00, 0x00, 0x00, 0x01, 0x00,
            0x00, 0x00, 0x01, 0x4d, 0x27, 0x60, 0x73, 0x0c, 0x78, 0x86, 0xd0, 0x9e, 0x61, 0xaa,
            0xff, 0xac, 0x00, 0x00, 0x00, 0x03, 0x35, 0x01, 0x01, 0x00, 0x00, 0x00, 0x0a, 0x00,
            0x00, 0x00, 0x00, 0x07, 0x00, 0x00, 0x00, 0x08, 0x80, 0x00, 0x00, 0x00, 0x04, 0x35,
            0x01, 0x01, 0x00, 0x00, 0x00, 0x0a, 0x01, 0x00, 0x00, 0x00, 0x09, 0x00, 0x00, 0x00,
            0x0a, 0x88, 0x00, 0x00, 0x00, 0x05, 0x00, 0x6f, 0x02, 0x03, 0x04, 0x01, 0x00, 0x00,
            0x00, 0x1d, 0x02, 0x3f, 0xfe, 0x00, 0x02, 0x01, 0x00, 0x00, 0x00, 0x01, 0x00, 0x00,
            0x00, 0x01, 0x02, 0x16, 0xf3, 0x19, 0x57, 0xb7, 0xc7, 0xb0, 0x0f, 0x1d, 0x3f, 0xff,
            0xac, 0x84, 0x20, 0x00, 0x00, 0x00, 0x06, 0x00, 0x6f, 0x03, 0x04, 0x05, 0x01, 0x00,
            0x00, 0x00, 0x1d, 0x01, 0x3f, 0xfe, 0x00, 0x02, 0x01, 0x00, 0x00, 0x00, 0x01, 0x00,
            0x00, 0x00, 0x01, 0x02, 0x16, 0x05, 0x62, 0xcb, 0x1e, 0x21, 0x5a, 0x0e, 0x6e, 0xdf,
            0xff, 0xac, 0x84, 0x20, 0x00, 0x00, 0x00, 0x07, 0x00, 0x6f, 0x03, 0x04, 0x05, 0x01,
            0x00, 0x00, 0x00, 0x1c, 0x01, 0x3f, 0xfe, 0x00, 0x02, 0x01, 0x00, 0x00, 0x00, 0x01,
            0x00, 0x00, 0x00, 0x01, 0x02, 0x14, 0xc8, 0xcd, 0x41, 0xcb, 0x6e, 0x4e, 0x44, 0x03,
            0xff, 0xac, 0x84, 0x20, 0x00, 0x00, 0x00, 0x08, 0x07, 0x23, 0x07, 0x01, 0x00, 0x00,
            0x00, 0x2d, 0x00, 0x00, 0x00, 0x09, 0x00, 0x00, 0x00, 0x07, 0x00, 0x00, 0x00, 0x00,
            0x00, 0x00, 0x00, 0x00, 0x04, 0x00, 0x11, 0x00, 0x00, 0x00, 0x00, 0x00, 0x01, 0x01,
            0x00, 0x00, 0x00, 0x00, 0x00, 0x00, 0x00, 0x00, 0x00, 0x00, 0x00, 0x00, 0x00, 0x00,
            0x00, 0x00, 0x00, 0x00, 0x04,
        ],
    },
    EncodedCase {
        name: "huffman-t2-chain",
        data: &[
            0x00, 0x00, 0x00, 0x01, 0x30, 0x01, 0x01, 0x00, 0x00, 0x00, 0x13, 0x00, 0x00, 0x00,
            0x09, 0x00, 0x00, 0x00, 0x07, 0x00, 0x00, 0x00, 0x00, 0x00, 0x00, 0x00, 0x00, 0x63,
            0x00, 0x00, 0x00, 0x00, 0x00, 0x02, 0x00, 0x01, 0x01, 0x00, 0x00, 0x00, 0x1f, 0x00,
            0x00, 0x03, 0xff, 0xfd, 0xff, 0x02, 0xfe, 0xfe, 0xfe, 0x00, 0x00, 0x00, 0x01, 0x00,
            0x00, 0x00, 0x01, 0x4d, 0x27, 0x60, 0x73, 0x0c, 0x78, 0x86, 0xd0, 0x9e, 0x61, 0xaa,
            0xff, 0xac, 0x00, 0x00, 0x00, 0x03, 0x35, 0x01, 0x01, 0x00, 0x00, 0x00, 0x0a, 0x00,
            0x00, 0x00, 0x00, 0x07, 0x00, 0x00, 0x00, 0x08, 0x80, 0x00, 0x00, 0x00, 0x04, 0x35,
            0x01, 0x01, 0x00, 0x00, 0x00, 0x0a, 0x01, 0x00, 0x00, 0x00, 0x09, 0x00, 0x00, 0x00,
            0x0a, 0x88, 0x00, 0x00, 0x00, 0x05, 0x00, 0x6f, 0x02, 0x03, 0x04, 0x01, 0x00, 0x00,
            0x00, 0x1d, 0x02, 0x3f, 0xfe, 0x00, 0x02, 0x01, 0x00, 0x00, 0x00, 0x01, 0x00, 0x00,
            0x00, 0x01, 0x02, 0x16, 0xf3, 0x19, 0x57, 0xb7, 0xc7, 0xb0, 0x0f, 0x1d, 0x3f, 0xff,
            0xac, 0x84, 0x20, 0x00, 0x00, 0x00, 0x06, 0x00, 0x6f, 0x03, 0x04, 0x05, 0x01, 0x00,
            0x00, 0x00, 0x1c, 0x03, 0x3f, 0xfe, 0x00, 0x02, 0x01, 0x00, 0x00, 0x00, 0x01, 0x00,
            0x00, 0x00, 0x01, 0x02, 0x14, 0xc8, 0xcd, 0x41, 0xcb, 0x6e, 0x4e, 0x44, 0x03, 0xff,
            0xac, 0x84, 0x20, 0x00, 0x00, 0x00, 0x07, 0x00, 0x6f, 0x03, 0x04, 0x06, 0x01, 0x00,
            0x00, 0x00, 0x1c, 0x01, 0x3f, 0xfe, 0x00, 0x02, 0x01, 0x00, 0x00, 0x00, 0x01, 0x00,
            0x00, 0x00, 0x01, 0x02, 0x14, 0xd4, 0xee, 0x39, 0x61, 0xb1, 0x74, 0xfd, 0x3f, 0xff,
            0xac, 0x84, 0x20, 0x00, 0x00, 0x00, 0x08, 0x07, 0x23, 0x07, 0x01, 0x00, 0x00, 0x00,
            0x2d, 0x00, 0x00, 0x00, 0x09, 0x00, 0x00, 0x00, 0x07, 0x00, 0x00, 0x00, 0x00, 0x00,
            0x00, 0x00, 0x00, 0x04, 0x00, 0x11, 0x00, 0x00, 0x00, 0x00, 0x00, 0x01, 0x01, 0x00,
            0x00, 0x00, 0x00, 0x00, 0x00, 0x00, 0x00, 0x00, 0x00, 0x00, 0x00, 0x00, 0x00, 0x00,
            0x00, 0x00, 0x00, 0x04,
        ],
    },
    EncodedCase {
        name: "huffman-t2-different-table-selector",
        data: &[
            0x00, 0x00, 0x00, 0x01, 0x30, 0x01, 0x01, 0x00, 0x00, 0x00, 0x13, 0x00, 0x00, 0x00,
            0x09, 0x00, 0x00, 0x00, 0x07, 0x00, 0x00, 0x00, 0x00, 0x00, 0x00, 0x00, 0x00, 0x63,
            0x00, 0x00, 0x00, 0x00, 0x00, 0x02, 0x00, 0x01, 0x01, 0x00, 0x00, 0x00, 0x1f, 0x00,
            0x00, 0x03, 0xff, 0xfd, 0xff, 0x02, 0xfe, 0xfe, 0xfe, 0x00, 0x00, 0x00, 0x01, 0x00,
            0x00, 0x00, 0x01, 0x4d, 0x27, 0x60, 0x73, 0x0c, 0x78, 0x86, 0xd0, 0x9e, 0x61, 0xaa,
            0xff, 0xac, 0x00, 0x00, 0x00, 0x03, 0x35, 0x01, 0x01, 0x00, 0x00, 0x00, 0x0a, 0x00,
            0x00, 0x00, 0x00, 0x07, 0x00, 0x00, 0x00, 0x08, 0x80, 0x00, 0x00, 0x00, 0x04, 0x35,
            0x01, 0x01, 0x00, 0x00, 0x00, 0x0a, 0x01, 0x00, 0x00, 0x00, 0x09, 0x00, 0x00, 0x00,
            0x0a, 0x88, 0x00, 0x00, 0x00, 0x05, 0x00, 0x6f, 0x02, 0x03, 0x04, 0x01, 0x00, 0x00,
            0x00, 0x1d, 0x02, 0x3f, 0xfe, 0x00, 0x02, 0x01, 0x00, 0x00, 0x00, 0x01, 0x00, 0x00,
            0x00, 0x01, 0x02, 0x16, 0xf3, 0x19, 0x57, 0xb7, 0xc7, 0xb0, 0x0f, 0x1d, 0x3f, 0xff,
            0xac, 0x84, 0x20, 0x00, 0x00, 0x00, 0x06, 0x35, 0x01, 0x01, 0x00, 0x00, 0x00, 0x0a,
            0x00, 0x00, 0x00, 0x00, 0x00, 0x00, 0x00, 0x00, 0x01, 0x80, 0x00, 0x00, 0x00, 0x07,
            0x00, 0x9f, 0x03, 0x04, 0x06, 0x05, 0x01, 0x00, 0x00, 0x00, 0x1c, 0x01, 0x7f, 0xfe,
            0x00, 0x02, 0x01, 0x00, 0x00, 0x00, 0x01, 0x00, 0x00, 0x00, 0x01, 0x02, 0x14, 0xc8,
            0xcd, 0x41, 0xcb, 0x6e, 0x4e, 0x44, 0x03, 0xff, 0xac, 0x84, 0x20, 0x00, 0x00, 0x00,
            0x08, 0x07, 0x23, 0x07, 0x01, 0x00, 0x00, 0x00, 0x2d, 0x00, 0x00, 0x00, 0x09, 0x00,
            0x00, 0x00, 0x07, 0x00, 0x00, 0x00, 0x00, 0x00, 0x00, 0x00, 0x00, 0x04, 0x00, 0x11,
            0x00, 0x00, 0x00, 0x00, 0x00, 0x01, 0x01, 0x00, 0x00, 0x00, 0x00, 0x00, 0x00, 0x00,
            0x00, 0x00, 0x00, 0x00, 0x00, 0x00, 0x00, 0x00, 0x00, 0x00, 0x00, 0x04,
        ],
    },
];
pub(super) const INVALID: &[EncodedCase] = &[
    EncodedCase {
        name: "generic-t0-nonretained-donor",
        data: &[
            0x00, 0x00, 0x00, 0x01, 0x30, 0x01, 0x01, 0x00, 0x00, 0x00, 0x13, 0x00, 0x00, 0x00,
            0x09, 0x00, 0x00, 0x00, 0x07, 0x00, 0x00, 0x00, 0x00, 0x00, 0x00, 0x00, 0x00, 0x63,
            0x00, 0x00, 0x00, 0x00, 0x00, 0x02, 0x00, 0x01, 0x01, 0x00, 0x00, 0x00, 0x1f, 0x00,
            0x00, 0x03, 0xff, 0xfd, 0xff, 0x02, 0xfe, 0xfe, 0xfe, 0x00, 0x00, 0x00, 0x01, 0x00,
            0x00, 0x00, 0x01, 0x4d, 0x27, 0x60, 0x73, 0x0c, 0x78, 0x86, 0xd0, 0x9e, 0x61, 0xaa,
            0xff, 0xac, 0x00, 0x00, 0x00, 0x05, 0x00, 0x23, 0x02, 0x01, 0x00, 0x00, 0x00, 0x1f,
            0x00, 0x00, 0x03, 0xff, 0xfd, 0xff, 0x02, 0xfe, 0xfe, 0xfe, 0x00, 0x00, 0x00, 0x01,
            0x00, 0x00, 0x00, 0x01, 0x4d, 0x25, 0x29, 0xd5, 0x9d, 0xbe, 0x3d, 0x9e, 0x4d, 0xd3,
            0x09, 0xff, 0xac, 0x00, 0x00, 0x00, 0x06, 0x00, 0x23, 0x05, 0x01, 0x00, 0x00, 0x00,
            0x1f, 0x01, 0x00, 0x03, 0xff, 0xfd, 0xff, 0x02, 0xfe, 0xfe, 0xfe, 0x00, 0x00, 0x00,
            0x01, 0x00, 0x00, 0x00, 0x01, 0x4d, 0x26, 0x9d, 0x99, 0x5e, 0x56, 0xdc, 0x9d, 0x0f,
            0xe4, 0x4f, 0xff, 0xac, 0x00, 0x00, 0x00, 0x07, 0x07, 0x23, 0x06, 0x01, 0x00, 0x00,
            0x00, 0x2d, 0x00, 0x00, 0x00, 0x09, 0x00, 0x00, 0x00, 0x07, 0x00, 0x00, 0x00, 0x00,
            0x00, 0x00, 0x00, 0x00, 0x04, 0x00, 0x11, 0x00, 0x00, 0x00, 0x00, 0x00, 0x01, 0x01,
            0x00, 0x00, 0x00, 0x00, 0x00, 0x00, 0x00, 0x00, 0x00, 0x00, 0x00, 0x00, 0x00, 0x00,
            0x00, 0x00, 0x00, 0x00, 0x04,
        ],
    },
    EncodedCase {
        name: "arithmetic-t0-nonretained-donor",
        data: &[
            0x00, 0x00, 0x00, 0x01, 0x30, 0x01, 0x01, 0x00, 0x00, 0x00, 0x13, 0x00, 0x00, 0x00,
            0x09, 0x00, 0x00, 0x00, 0x07, 0x00, 0x00, 0x00, 0x00, 0x00, 0x00, 0x00, 0x00, 0x63,
            0x00, 0x00, 0x00, 0x00, 0x00, 0x02, 0x00, 0x01, 0x01, 0x00, 0x00, 0x00, 0x1f, 0x00,
            0x00, 0x03, 0xff, 0xfd, 0xff, 0x02, 0xfe, 0xfe, 0xfe, 0x00, 0x00, 0x00, 0x01, 0x00,
            0x00, 0x00, 0x01, 0x4d, 0x27, 0x60, 0x73, 0x0c, 0x78, 0x86, 0xd0, 0x9e, 0x61, 0xaa,
            0xff, 0xac, 0x00, 0x00, 0x00, 0x05, 0x00, 0x23, 0x02, 0x01, 0x00, 0x00, 0x00, 0x25,
            0x00, 0x02, 0x03, 0xff, 0xfd, 0xff, 0x02, 0xfe, 0xfe, 0xfe, 0xff, 0xff, 0xff, 0xff,
            0x00, 0x00, 0x00, 0x01, 0x00, 0x00, 0x00, 0x01, 0x4d, 0x29, 0xaf, 0x88, 0x55, 0x2d,
            0xed, 0xf1, 0xec, 0x03, 0xfb, 0x4d, 0x27, 0xff, 0xac, 0x00, 0x00, 0x00, 0x06, 0x00,
            0x23, 0x05, 0x01, 0x00, 0x00, 0x00, 0x25, 0x01, 0x02, 0x03, 0xff, 0xfd, 0xff, 0x02,
            0xfe, 0xfe, 0xfe, 0xff, 0xff, 0xff, 0xff, 0x00, 0x00, 0x00, 0x01, 0x00, 0x00, 0x00,
            0x01, 0x4d, 0x29, 0xaf, 0x93, 0xd2, 0x70, 0x72, 0xdb, 0x93, 0xa2, 0x00, 0xc5, 0x3f,
            0xff, 0xac, 0x00, 0x00, 0x00, 0x07, 0x07, 0x23, 0x06, 0x01, 0x00, 0x00, 0x00, 0x2d,
            0x00, 0x00, 0x00, 0x09, 0x00, 0x00, 0x00, 0x07, 0x00, 0x00, 0x00, 0x00, 0x00, 0x00,
            0x00, 0x00, 0x04, 0x00, 0x11, 0x00, 0x00, 0x00, 0x00, 0x00, 0x01, 0x01, 0x00, 0x00,
            0x00, 0x00, 0x00, 0x00, 0x00, 0x00, 0x00, 0x00, 0x00, 0x00, 0x00, 0x00, 0x00, 0x00,
            0x00, 0x00, 0x04,
        ],
    },
    EncodedCase {
        name: "arithmetic-t1-nonretained-donor",
        data: &[
            0x00, 0x00, 0x00, 0x01, 0x30, 0x01, 0x01, 0x00, 0x00, 0x00, 0x13, 0x00, 0x00, 0x00,
            0x09, 0x00, 0x00, 0x00, 0x07, 0x00, 0x00, 0x00, 0x00, 0x00, 0x00, 0x00, 0x00, 0x63,
            0x00, 0x00, 0x00, 0x00, 0x00, 0x02, 0x00, 0x01, 0x01, 0x00, 0x00, 0x00, 0x1f, 0x00,
            0x00, 0x03, 0xff, 0xfd, 0xff, 0x02, 0xfe, 0xfe, 0xfe, 0x00, 0x00, 0x00, 0x01, 0x00,
            0x00, 0x00, 0x01, 0x4d, 0x27, 0x60, 0x73, 0x0c, 0x78, 0x86, 0xd0, 0x9e, 0x61, 0xaa,
            0xff, 0xac, 0x00, 0x00, 0x00, 0x05, 0x00, 0x23, 0x02, 0x01, 0x00, 0x00, 0x00, 0x21,
            0x10, 0x02, 0x03, 0xff, 0xfd, 0xff, 0x02, 0xfe, 0xfe, 0xfe, 0x00, 0x00, 0x00, 0x01,
            0x00, 0x00, 0x00, 0x01, 0x4d, 0x29, 0xaf, 0x88, 0x55, 0x2d, 0xed, 0xf1, 0xc9, 0x8c,
            0x8d, 0xa6, 0x93, 0xff, 0xac, 0x00, 0x00, 0x00, 0x06, 0x00, 0x23, 0x05, 0x01, 0x00,
            0x00, 0x00, 0x21, 0x11, 0x02, 0x03, 0xff, 0xfd, 0xff, 0x02, 0xfe, 0xfe, 0xfe, 0x00,
            0x00, 0x00, 0x01, 0x00, 0x00, 0x00, 0x01, 0x4d, 0x29, 0xaf, 0x89, 0x12, 0x51, 0x71,
            0xa1, 0x32, 0xa0, 0xa0, 0x7d, 0x7f, 0xff, 0xac, 0x00, 0x00, 0x00, 0x07, 0x07, 0x23,
            0x06, 0x01, 0x00, 0x00, 0x00, 0x2d, 0x00, 0x00, 0x00, 0x09, 0x00, 0x00, 0x00, 0x07,
            0x00, 0x00, 0x00, 0x00, 0x00, 0x00, 0x00, 0x00, 0x04, 0x00, 0x11, 0x00, 0x00, 0x00,
            0x00, 0x00, 0x01, 0x01, 0x00, 0x00, 0x00, 0x00, 0x00, 0x00, 0x00, 0x00, 0x00, 0x00,
            0x00, 0x00, 0x00, 0x00, 0x00, 0x00, 0x00, 0x00, 0x04,
        ],
    },
    EncodedCase {
        name: "arithmetic-t2-nonretained-donor",
        data: &[
            0x00, 0x00, 0x00, 0x01, 0x30, 0x01, 0x01, 0x00, 0x00, 0x00, 0x13, 0x00, 0x00, 0x00,
            0x09, 0x00, 0x00, 0x00, 0x07, 0x00, 0x00, 0x00, 0x00, 0x00, 0x00, 0x00, 0x00, 0x63,
            0x00, 0x00, 0x00, 0x00, 0x00, 0x02, 0x00, 0x01, 0x01, 0x00, 0x00, 0x00, 0x1f, 0x00,
            0x00, 0x03, 0xff, 0xfd, 0xff, 0x02, 0xfe, 0xfe, 0xfe, 0x00, 0x00, 0x00, 0x01, 0x00,
            0x00, 0x00, 0x01, 0x4d, 0x27, 0x60, 0x73, 0x0c, 0x78, 0x86, 0xd0, 0x9e, 0x61, 0xaa,
            0xff, 0xac, 0x00, 0x00, 0x00, 0x05, 0x00, 0x23, 0x02, 0x01, 0x00, 0x00, 0x00, 0x25,
            0x00, 0x02, 0x03, 0xff, 0xfd, 0xff, 0x02, 0xfe, 0xfe, 0xfe, 0xfe, 0x00, 0x02, 0x01,
            0x00, 0x00, 0x00, 0x01, 0x00, 0x00, 0x00, 0x01, 0x4d, 0x29, 0xaf, 0x88, 0x55, 0x2d,
            0xed, 0xf1, 0xec, 0x03, 0xc7, 0x4c, 0x27, 0xff, 0xac, 0x00, 0x00, 0x00, 0x06, 0x00,
            0x23, 0x05, 0x01, 0x00, 0x00, 0x00, 0x25, 0x01, 0x02, 0x03, 0xff, 0xfd, 0xff, 0x02,
            0xfe, 0xfe, 0xfe, 0xfe, 0x00, 0x02, 0x01, 0x00, 0x00, 0x00, 0x01, 0x00, 0x00, 0x00,
            0x01, 0x4d, 0x29, 0xaf, 0x95, 0xf2, 0x70, 0x72, 0xdb, 0x93, 0x91, 0x00, 0xc5, 0x3f,
            0xff, 0xac, 0x00, 0x00, 0x00, 0x07, 0x07, 0x23, 0x06, 0x01, 0x00, 0x00, 0x00, 0x2d,
            0x00, 0x00, 0x00, 0x09, 0x00, 0x00, 0x00, 0x07, 0x00, 0x00, 0x00, 0x00, 0x00, 0x00,
            0x00, 0x00, 0x04, 0x00, 0x11, 0x00, 0x00, 0x00, 0x00, 0x00, 0x01, 0x01, 0x00, 0x00,
            0x00, 0x00, 0x00, 0x00, 0x00, 0x00, 0x00, 0x00, 0x00, 0x00, 0x00, 0x00, 0x00, 0x00,
            0x00, 0x00, 0x04,
        ],
    },
    EncodedCase {
        name: "huffman-t0-nonretained-donor",
        data: &[
            0x00, 0x00, 0x00, 0x01, 0x30, 0x01, 0x01, 0x00, 0x00, 0x00, 0x13, 0x00, 0x00, 0x00,
            0x09, 0x00, 0x00, 0x00, 0x07, 0x00, 0x00, 0x00, 0x00, 0x00, 0x00, 0x00, 0x00, 0x63,
            0x00, 0x00, 0x00, 0x00, 0x00, 0x02, 0x00, 0x01, 0x01, 0x00, 0x00, 0x00, 0x1f, 0x00,
            0x00, 0x03, 0xff, 0xfd, 0xff, 0x02, 0xfe, 0xfe, 0xfe, 0x00, 0x00, 0x00, 0x01, 0x00,
            0x00, 0x00, 0x01, 0x4d, 0x27, 0x60, 0x73, 0x0c, 0x78, 0x86, 0xd0, 0x9e, 0x61, 0xaa,
            0xff, 0xac, 0x00, 0x00, 0x00, 0x03, 0x35, 0x01, 0x01, 0x00, 0x00, 0x00, 0x0a, 0x00,
            0x00, 0x00, 0x00, 0x07, 0x00, 0x00, 0x00, 0x08, 0x80, 0x00, 0x00, 0x00, 0x04, 0x35,
            0x01, 0x01, 0x00, 0x00, 0x00, 0x0a, 0x01, 0x00, 0x00, 0x00, 0x09, 0x00, 0x00, 0x00,
            0x0a, 0x88, 0x00, 0x00, 0x00, 0x05, 0x00, 0x6f, 0x02, 0x03, 0x04, 0x01, 0x00, 0x00,
            0x00, 0x1d, 0x00, 0x3f, 0xff, 0xff, 0xff, 0xff, 0x00, 0x00, 0x00, 0x01, 0x00, 0x00,
            0x00, 0x01, 0x02, 0x16, 0xf3, 0x19, 0x57, 0xb7, 0xc7, 0xb0, 0x0f, 0xed, 0x3f, 0xff,
            0xac, 0x84, 0x20, 0x00, 0x00, 0x00, 0x06, 0x00, 0x6f, 0x03, 0x04, 0x05, 0x01, 0x00,
            0x00, 0x00, 0x1c, 0x01, 0x3f, 0xff, 0xff, 0xff, 0xff, 0x00, 0x00, 0x00, 0x01, 0x00,
            0x00, 0x00, 0x01, 0x02, 0x14, 0xc0, 0x4d, 0x41, 0xcb, 0x6e, 0x4e, 0x88, 0x03, 0xff,
            0xac, 0x84, 0x20, 0x00, 0x00, 0x00, 0x07, 0x07, 0x23, 0x06, 0x01, 0x00, 0x00, 0x00,
            0x2d, 0x00, 0x00, 0x00, 0x09, 0x00, 0x00, 0x00, 0x07, 0x00, 0x00, 0x00, 0x00, 0x00,
            0x00, 0x00, 0x00, 0x04, 0x00, 0x11, 0x00, 0x00, 0x00, 0x00, 0x00, 0x01, 0x01, 0x00,
            0x00, 0x00, 0x00, 0x00, 0x00, 0x00, 0x00, 0x00, 0x00, 0x00, 0x00, 0x00, 0x00, 0x00,
            0x00, 0x00, 0x00, 0x04,
        ],
    },
    EncodedCase {
        name: "huffman-t1-nonretained-donor",
        data: &[
            0x00, 0x00, 0x00, 0x01, 0x30, 0x01, 0x01, 0x00, 0x00, 0x00, 0x13, 0x00, 0x00, 0x00,
            0x09, 0x00, 0x00, 0x00, 0x07, 0x00, 0x00, 0x00, 0x00, 0x00, 0x00, 0x00, 0x00, 0x63,
            0x00, 0x00, 0x00, 0x00, 0x00, 0x02, 0x00, 0x01, 0x01, 0x00, 0x00, 0x00, 0x1f, 0x00,
            0x00, 0x03, 0xff, 0xfd, 0xff, 0x02, 0xfe, 0xfe, 0xfe, 0x00, 0x00, 0x00, 0x01, 0x00,
            0x00, 0x00, 0x01, 0x4d, 0x27, 0x60, 0x73, 0x0c, 0x78, 0x86, 0xd0, 0x9e, 0x61, 0xaa,
            0xff, 0xac, 0x00, 0x00, 0x00, 0x03, 0x35, 0x01, 0x01, 0x00, 0x00, 0x00, 0x0a, 0x00,
            0x00, 0x00, 0x00, 0x07, 0x00, 0x00, 0x00, 0x08, 0x80, 0x00, 0x00, 0x00, 0x04, 0x35,
            0x01, 0x01, 0x00, 0x00, 0x00, 0x0a, 0x01, 0x00, 0x00, 0x00, 0x09, 0x00, 0x00, 0x00,
            0x0a, 0x88, 0x00, 0x00, 0x00, 0x05, 0x00, 0x6f, 0x02, 0x03, 0x04, 0x01, 0x00, 0x00,
            0x00, 0x19, 0x10, 0x3f, 0x00, 0x00, 0x00, 0x01, 0x00, 0x00, 0x00, 0x01, 0x02, 0x16,
            0xf3, 0x19, 0x57, 0xb7, 0xc7, 0x26, 0x32, 0x36, 0x9f, 0xff, 0xac, 0x84, 0x20, 0x00,
            0x00, 0x00, 0x06, 0x00, 0x6f, 0x03, 0x04, 0x05, 0x01, 0x00, 0x00, 0x00, 0x18, 0x11,
            0x3f, 0x00, 0x00, 0x00, 0x01, 0x00, 0x00, 0x00, 0x01, 0x02, 0x14, 0xeb, 0x4d, 0xc5,
            0xc6, 0x84, 0xca, 0x82, 0x83, 0xff, 0xac, 0x84, 0x20, 0x00, 0x00, 0x00, 0x07, 0x07,
            0x23, 0x06, 0x01, 0x00, 0x00, 0x00, 0x2d, 0x00, 0x00, 0x00, 0x09, 0x00, 0x00, 0x00,
            0x07, 0x00, 0x00, 0x00, 0x00, 0x00, 0x00, 0x00, 0x00, 0x04, 0x00, 0x11, 0x00, 0x00,
            0x00, 0x00, 0x00, 0x01, 0x01, 0x00, 0x00, 0x00, 0x00, 0x00, 0x00, 0x00, 0x00, 0x00,
            0x00, 0x00, 0x00, 0x00, 0x00, 0x00, 0x00, 0x00, 0x00, 0x04,
        ],
    },
    EncodedCase {
        name: "huffman-t2-nonretained-donor",
        data: &[
            0x00, 0x00, 0x00, 0x01, 0x30, 0x01, 0x01, 0x00, 0x00, 0x00, 0x13, 0x00, 0x00, 0x00,
            0x09, 0x00, 0x00, 0x00, 0x07, 0x00, 0x00, 0x00, 0x00, 0x00, 0x00, 0x00, 0x00, 0x63,
            0x00, 0x00, 0x00, 0x00, 0x00, 0x02, 0x00, 0x01, 0x01, 0x00, 0x00, 0x00, 0x1f, 0x00,
            0x00, 0x03, 0xff, 0xfd, 0xff, 0x02, 0xfe, 0xfe, 0xfe, 0x00, 0x00, 0x00, 0x01, 0x00,
            0x00, 0x00, 0x01, 0x4d, 0x27, 0x60, 0x73, 0x0c, 0x78, 0x86, 0xd0, 0x9e, 0x61, 0xaa,
            0xff, 0xac, 0x00, 0x00, 0x00, 0x03, 0x35, 0x01, 0x01, 0x00, 0x00, 0x00, 0x0a, 0x00,
            0x00, 0x00, 0x00, 0x07, 0x00, 0x00, 0x00, 0x08, 0x80, 0x00, 0x00, 0x00, 0x04, 0x35,
            0x01, 0x01, 0x00, 0x00, 0x00, 0x0a, 0x01, 0x00, 0x00, 0x00, 0x09, 0x00, 0x00, 0x00,
            0x0a, 0x88, 0x00, 0x00, 0x00, 0x05, 0x00, 0x6f, 0x02, 0x03, 0x04, 0x01, 0x00, 0x00,
            0x00, 0x1d, 0x00, 0x3f, 0xfe, 0x00, 0x02, 0x01, 0x00, 0x00, 0x00, 0x01, 0x00, 0x00,
            0x00, 0x01, 0x02, 0x16, 0xf3, 0x19, 0x57, 0xb7, 0xc7, 0xb0, 0x0f, 0x1d, 0x3f, 0xff,
            0xac, 0x84, 0x20, 0x00, 0x00, 0x00, 0x06, 0x00, 0x6f, 0x03, 0x04, 0x05, 0x01, 0x00,
            0x00, 0x00, 0x1c, 0x01, 0x3f, 0xfe, 0x00, 0x02, 0x01, 0x00, 0x00, 0x00, 0x01, 0x00,
            0x00, 0x00, 0x01, 0x02, 0x14, 0xc8, 0xcd, 0x41, 0xcb, 0x6e, 0x4e, 0x44, 0x03, 0xff,
            0xac, 0x84, 0x20, 0x00, 0x00, 0x00, 0x07, 0x07, 0x23, 0x06, 0x01, 0x00, 0x00, 0x00,
            0x2d, 0x00, 0x00, 0x00, 0x09, 0x00, 0x00, 0x00, 0x07, 0x00, 0x00, 0x00, 0x00, 0x00,
            0x00, 0x00, 0x00, 0x04, 0x00, 0x11, 0x00, 0x00, 0x00, 0x00, 0x00, 0x01, 0x01, 0x00,
            0x00, 0x00, 0x00, 0x00, 0x00, 0x00, 0x00, 0x00, 0x00, 0x00, 0x00, 0x00, 0x00, 0x00,
            0x00, 0x00, 0x00, 0x04,
        ],
    },
    EncodedCase {
        name: "generic-template-1-to-0",
        data: &[
            0x00, 0x00, 0x00, 0x01, 0x30, 0x01, 0x01, 0x00, 0x00, 0x00, 0x13, 0x00, 0x00, 0x00,
            0x09, 0x00, 0x00, 0x00, 0x07, 0x00, 0x00, 0x00, 0x00, 0x00, 0x00, 0x00, 0x00, 0x63,
            0x00, 0x00, 0x00, 0x00, 0x00, 0x02, 0x00, 0x01, 0x01, 0x00, 0x00, 0x00, 0x1f, 0x00,
            0x00, 0x03, 0xff, 0xfd, 0xff, 0x02, 0xfe, 0xfe, 0xfe, 0x00, 0x00, 0x00, 0x01, 0x00,
            0x00, 0x00, 0x01, 0x4d, 0x27, 0x60, 0x73, 0x0c, 0x78, 0x86, 0xd0, 0x9e, 0x61, 0xaa,
            0xff, 0xac, 0x00, 0x00, 0x00, 0x05, 0x00, 0x01, 0x01, 0x00, 0x00, 0x00, 0x0c, 0x06,
            0x00, 0x03, 0xff, 0x00, 0x00, 0x00, 0x00, 0x00, 0x00, 0x00, 0x00, 0x00, 0x00, 0x00,
            0x06, 0x00, 0x47, 0x02, 0x05, 0x01, 0x00, 0x00, 0x00, 0x1f, 0x01, 0x00, 0x03, 0xff,
            0xfd, 0xff, 0x02, 0xfe, 0xfe, 0xfe, 0x00, 0x00, 0x00, 0x01, 0x00, 0x00, 0x00, 0x01,
            0x4d, 0x26, 0xdc, 0x67, 0xf9, 0x5b, 0x72, 0x74, 0x3f, 0x91, 0x3f, 0xff, 0xac, 0x00,
            0x00, 0x00, 0x07, 0x07, 0x23, 0x06, 0x01, 0x00, 0x00, 0x00, 0x2d, 0x00, 0x00, 0x00,
            0x09, 0x00, 0x00, 0x00, 0x07, 0x00, 0x00, 0x00, 0x00, 0x00, 0x00, 0x00, 0x00, 0x04,
            0x00, 0x11, 0x00, 0x00, 0x00, 0x00, 0x00, 0x01, 0x01, 0x00, 0x00, 0x00, 0x00, 0x00,
            0x00, 0x00, 0x00, 0x00, 0x00, 0x00, 0x00, 0x00, 0x00, 0x00, 0x00, 0x00, 0x00, 0x04,
        ],
    },
    EncodedCase {
        name: "generic-template-2-to-0",
        data: &[
            0x00, 0x00, 0x00, 0x01, 0x30, 0x01, 0x01, 0x00, 0x00, 0x00, 0x13, 0x00, 0x00, 0x00,
            0x09, 0x00, 0x00, 0x00, 0x07, 0x00, 0x00, 0x00, 0x00, 0x00, 0x00, 0x00, 0x00, 0x63,
            0x00, 0x00, 0x00, 0x00, 0x00, 0x02, 0x00, 0x01, 0x01, 0x00, 0x00, 0x00, 0x1f, 0x00,
            0x00, 0x03, 0xff, 0xfd, 0xff, 0x02, 0xfe, 0xfe, 0xfe, 0x00, 0x00, 0x00, 0x01, 0x00,
            0x00, 0x00, 0x01, 0x4d, 0x27, 0x60, 0x73, 0x0c, 0x78, 0x86, 0xd0, 0x9e, 0x61, 0xaa,
            0xff, 0xac, 0x00, 0x00, 0x00, 0x05, 0x00, 0x01, 0x01, 0x00, 0x00, 0x00, 0x0c, 0x0a,
            0x00, 0x03, 0xff, 0x00, 0x00, 0x00, 0x00, 0x00, 0x00, 0x00, 0x00, 0x00, 0x00, 0x00,
            0x06, 0x00, 0x47, 0x02, 0x05, 0x01, 0x00, 0x00, 0x00, 0x1f, 0x01, 0x00, 0x03, 0xff,
            0xfd, 0xff, 0x02, 0xfe, 0xfe, 0xfe, 0x00, 0x00, 0x00, 0x01, 0x00, 0x00, 0x00, 0x01,
            0x4d, 0x26, 0xdc, 0x67, 0xf9, 0x5b, 0x72, 0x74, 0x3f, 0x91, 0x3f, 0xff, 0xac, 0x00,
            0x00, 0x00, 0x07, 0x07, 0x23, 0x06, 0x01, 0x00, 0x00, 0x00, 0x2d, 0x00, 0x00, 0x00,
            0x09, 0x00, 0x00, 0x00, 0x07, 0x00, 0x00, 0x00, 0x00, 0x00, 0x00, 0x00, 0x00, 0x04,
            0x00, 0x11, 0x00, 0x00, 0x00, 0x00, 0x00, 0x01, 0x01, 0x00, 0x00, 0x00, 0x00, 0x00,
            0x00, 0x00, 0x00, 0x00, 0x00, 0x00, 0x00, 0x00, 0x00, 0x00, 0x00, 0x00, 0x00, 0x04,
        ],
    },
    EncodedCase {
        name: "generic-template-3-to-0",
        data: &[
            0x00, 0x00, 0x00, 0x01, 0x30, 0x01, 0x01, 0x00, 0x00, 0x00, 0x13, 0x00, 0x00, 0x00,
            0x09, 0x00, 0x00, 0x00, 0x07, 0x00, 0x00, 0x00, 0x00, 0x00, 0x00, 0x00, 0x00, 0x63,
            0x00, 0x00, 0x00, 0x00, 0x00, 0x02, 0x00, 0x01, 0x01, 0x00, 0x00, 0x00, 0x1f, 0x00,
            0x00, 0x03, 0xff, 0xfd, 0xff, 0x02, 0xfe, 0xfe, 0xfe, 0x00, 0x00, 0x00, 0x01, 0x00,
            0x00, 0x00, 0x01, 0x4d, 0x27, 0x60, 0x73, 0x0c, 0x78, 0x86, 0xd0, 0x9e, 0x61, 0xaa,
            0xff, 0xac, 0x00, 0x00, 0x00, 0x05, 0x00, 0x01, 0x01, 0x00, 0x00, 0x00, 0x0c, 0x0e,
            0x00, 0x03, 0xff, 0x00, 0x00, 0x00, 0x00, 0x00, 0x00, 0x00, 0x00, 0x00, 0x00, 0x00,
            0x06, 0x00, 0x47, 0x02, 0x05, 0x01, 0x00, 0x00, 0x00, 0x1f, 0x01, 0x00, 0x03, 0xff,
            0xfd, 0xff, 0x02, 0xfe, 0xfe, 0xfe, 0x00, 0x00, 0x00, 0x01, 0x00, 0x00, 0x00, 0x01,
            0x4d, 0x26, 0xdc, 0x67, 0xf9, 0x5b, 0x72, 0x74, 0x3f, 0x91, 0x3f, 0xff, 0xac, 0x00,
            0x00, 0x00, 0x07, 0x07, 0x23, 0x06, 0x01, 0x00, 0x00, 0x00, 0x2d, 0x00, 0x00, 0x00,
            0x09, 0x00, 0x00, 0x00, 0x07, 0x00, 0x00, 0x00, 0x00, 0x00, 0x00, 0x00, 0x00, 0x04,
            0x00, 0x11, 0x00, 0x00, 0x00, 0x00, 0x00, 0x01, 0x01, 0x00, 0x00, 0x00, 0x00, 0x00,
            0x00, 0x00, 0x00, 0x00, 0x00, 0x00, 0x00, 0x00, 0x00, 0x00, 0x00, 0x00, 0x00, 0x04,
        ],
    },
    EncodedCase {
        name: "direct-at-0",
        data: &[
            0x00, 0x00, 0x00, 0x01, 0x30, 0x01, 0x01, 0x00, 0x00, 0x00, 0x13, 0x00, 0x00, 0x00,
            0x09, 0x00, 0x00, 0x00, 0x07, 0x00, 0x00, 0x00, 0x00, 0x00, 0x00, 0x00, 0x00, 0x63,
            0x00, 0x00, 0x00, 0x00, 0x00, 0x02, 0x00, 0x01, 0x01, 0x00, 0x00, 0x00, 0x1f, 0x00,
            0x00, 0x03, 0xff, 0xfd, 0xff, 0x02, 0xfe, 0xfe, 0xfe, 0x00, 0x00, 0x00, 0x01, 0x00,
            0x00, 0x00, 0x01, 0x4d, 0x27, 0x60, 0x73, 0x0c, 0x78, 0x86, 0xd0, 0x9e, 0x61, 0xaa,
            0xff, 0xac, 0x00, 0x00, 0x00, 0x05, 0x00, 0x01, 0x01, 0x00, 0x00, 0x00, 0x12, 0x02,
            0x00, 0x02, 0xff, 0xfd, 0xff, 0x02, 0xfe, 0xfe, 0xfe, 0x00, 0x00, 0x00, 0x00, 0x00,
            0x00, 0x00, 0x00, 0x00, 0x00, 0x00, 0x06, 0x00, 0x47, 0x02, 0x05, 0x01, 0x00, 0x00,
            0x00, 0x1f, 0x01, 0x00, 0x03, 0xff, 0xfd, 0xff, 0x02, 0xfe, 0xfe, 0xfe, 0x00, 0x00,
            0x00, 0x01, 0x00, 0x00, 0x00, 0x01, 0x4d, 0x26, 0xdc, 0x67, 0xf9, 0x5b, 0x72, 0x74,
            0x3f, 0x91, 0x3f, 0xff, 0xac, 0x00, 0x00, 0x00, 0x07, 0x07, 0x23, 0x06, 0x01, 0x00,
            0x00, 0x00, 0x2d, 0x00, 0x00, 0x00, 0x09, 0x00, 0x00, 0x00, 0x07, 0x00, 0x00, 0x00,
            0x00, 0x00, 0x00, 0x00, 0x00, 0x04, 0x00, 0x11, 0x00, 0x00, 0x00, 0x00, 0x00, 0x01,
            0x01, 0x00, 0x00, 0x00, 0x00, 0x00, 0x00, 0x00, 0x00, 0x00, 0x00, 0x00, 0x00, 0x00,
            0x00, 0x00, 0x00, 0x00, 0x00, 0x04,
        ],
    },
    EncodedCase {
        name: "direct-at-1",
        data: &[
            0x00, 0x00, 0x00, 0x01, 0x30, 0x01, 0x01, 0x00, 0x00, 0x00, 0x13, 0x00, 0x00, 0x00,
            0x09, 0x00, 0x00, 0x00, 0x07, 0x00, 0x00, 0x00, 0x00, 0x00, 0x00, 0x00, 0x00, 0x63,
            0x00, 0x00, 0x00, 0x00, 0x00, 0x02, 0x00, 0x01, 0x01, 0x00, 0x00, 0x00, 0x1f, 0x00,
            0x00, 0x03, 0xff, 0xfd, 0xff, 0x02, 0xfe, 0xfe, 0xfe, 0x00, 0x00, 0x00, 0x01, 0x00,
            0x00, 0x00, 0x01, 0x4d, 0x27, 0x60, 0x73, 0x0c, 0x78, 0x86, 0xd0, 0x9e, 0x61, 0xaa,
            0xff, 0xac, 0x00, 0x00, 0x00, 0x05, 0x00, 0x01, 0x01, 0x00, 0x00, 0x00, 0x12, 0x02,
            0x00, 0x03, 0xfe, 0xfd, 0xff, 0x02, 0xfe, 0xfe, 0xfe, 0x00, 0x00, 0x00, 0x00, 0x00,
            0x00, 0x00, 0x00, 0x00, 0x00, 0x00, 0x06, 0x00, 0x47, 0x02, 0x05, 0x01, 0x00, 0x00,
            0x00, 0x1f, 0x01, 0x00, 0x03, 0xff, 0xfd, 0xff, 0x02, 0xfe, 0xfe, 0xfe, 0x00, 0x00,
            0x00, 0x01, 0x00, 0x00, 0x00, 0x01, 0x4d, 0x26, 0xdc, 0x67, 0xf9, 0x5b, 0x72, 0x74,
            0x3f, 0x91, 0x3f, 0xff, 0xac, 0x00, 0x00, 0x00, 0x07, 0x07, 0x23, 0x06, 0x01, 0x00,
            0x00, 0x00, 0x2d, 0x00, 0x00, 0x00, 0x09, 0x00, 0x00, 0x00, 0x07, 0x00, 0x00, 0x00,
            0x00, 0x00, 0x00, 0x00, 0x00, 0x04, 0x00, 0x11, 0x00, 0x00, 0x00, 0x00, 0x00, 0x01,
            0x01, 0x00, 0x00, 0x00, 0x00, 0x00, 0x00, 0x00, 0x00, 0x00, 0x00, 0x00, 0x00, 0x00,
            0x00, 0x00, 0x00, 0x00, 0x00, 0x04,
        ],
    },
    EncodedCase {
        name: "direct-at-2",
        data: &[
            0x00, 0x00, 0x00, 0x01, 0x30, 0x01, 0x01, 0x00, 0x00, 0x00, 0x13, 0x00, 0x00, 0x00,
            0x09, 0x00, 0x00, 0x00, 0x07, 0x00, 0x00, 0x00, 0x00, 0x00, 0x00, 0x00, 0x00, 0x63,
            0x00, 0x00, 0x00, 0x00, 0x00, 0x02, 0x00, 0x01, 0x01, 0x00, 0x00, 0x00, 0x1f, 0x00,
            0x00, 0x03, 0xff, 0xfd, 0xff, 0x02, 0xfe, 0xfe, 0xfe, 0x00, 0x00, 0x00, 0x01, 0x00,
            0x00, 0x00, 0x01, 0x4d, 0x27, 0x60, 0x73, 0x0c, 0x78, 0x86, 0xd0, 0x9e, 0x61, 0xaa,
            0xff, 0xac, 0x00, 0x00, 0x00, 0x05, 0x00, 0x01, 0x01, 0x00, 0x00, 0x00, 0x12, 0x02,
            0x00, 0x03, 0xff, 0xfc, 0xff, 0x02, 0xfe, 0xfe, 0xfe, 0x00, 0x00, 0x00, 0x00, 0x00,
            0x00, 0x00, 0x00, 0x00, 0x00, 0x00, 0x06, 0x00, 0x47, 0x02, 0x05, 0x01, 0x00, 0x00,
            0x00, 0x1f, 0x01, 0x00, 0x03, 0xff, 0xfd, 0xff, 0x02, 0xfe, 0xfe, 0xfe, 0x00, 0x00,
            0x00, 0x01, 0x00, 0x00, 0x00, 0x01, 0x4d, 0x26, 0xdc, 0x67, 0xf9, 0x5b, 0x72, 0x74,
            0x3f, 0x91, 0x3f, 0xff, 0xac, 0x00, 0x00, 0x00, 0x07, 0x07, 0x23, 0x06, 0x01, 0x00,
            0x00, 0x00, 0x2d, 0x00, 0x00, 0x00, 0x09, 0x00, 0x00, 0x00, 0x07, 0x00, 0x00, 0x00,
            0x00, 0x00, 0x00, 0x00, 0x00, 0x04, 0x00, 0x11, 0x00, 0x00, 0x00, 0x00, 0x00, 0x01,
            0x01, 0x00, 0x00, 0x00, 0x00, 0x00, 0x00, 0x00, 0x00, 0x00, 0x00, 0x00, 0x00, 0x00,
            0x00, 0x00, 0x00, 0x00, 0x00, 0x04,
        ],
    },
    EncodedCase {
        name: "direct-at-3",
        data: &[
            0x00, 0x00, 0x00, 0x01, 0x30, 0x01, 0x01, 0x00, 0x00, 0x00, 0x13, 0x00, 0x00, 0x00,
            0x09, 0x00, 0x00, 0x00, 0x07, 0x00, 0x00, 0x00, 0x00, 0x00, 0x00, 0x00, 0x00, 0x63,
            0x00, 0x00, 0x00, 0x00, 0x00, 0x02, 0x00, 0x01, 0x01, 0x00, 0x00, 0x00, 0x1f, 0x00,
            0x00, 0x03, 0xff, 0xfd, 0xff, 0x02, 0xfe, 0xfe, 0xfe, 0x00, 0x00, 0x00, 0x01, 0x00,
            0x00, 0x00, 0x01, 0x4d, 0x27, 0x60, 0x73, 0x0c, 0x78, 0x86, 0xd0, 0x9e, 0x61, 0xaa,
            0xff, 0xac, 0x00, 0x00, 0x00, 0x05, 0x00, 0x01, 0x01, 0x00, 0x00, 0x00, 0x12, 0x02,
            0x00, 0x03, 0xff, 0xfd, 0xfe, 0x02, 0xfe, 0xfe, 0xfe, 0x00, 0x00, 0x00, 0x00, 0x00,
            0x00, 0x00, 0x00, 0x00, 0x00, 0x00, 0x06, 0x00, 0x47, 0x02, 0x05, 0x01, 0x00, 0x00,
            0x00, 0x1f, 0x01, 0x00, 0x03, 0xff, 0xfd, 0xff, 0x02, 0xfe, 0xfe, 0xfe, 0x00, 0x00,
            0x00, 0x01, 0x00, 0x00, 0x00, 0x01, 0x4d, 0x26, 0xdc, 0x67, 0xf9, 0x5b, 0x72, 0x74,
            0x3f, 0x91, 0x3f, 0xff, 0xac, 0x00, 0x00, 0x00, 0x07, 0x07, 0x23, 0x06, 0x01, 0x00,
            0x00, 0x00, 0x2d, 0x00, 0x00, 0x00, 0x09, 0x00, 0x00, 0x00, 0x07, 0x00, 0x00, 0x00,
            0x00, 0x00, 0x00, 0x00, 0x00, 0x04, 0x00, 0x11, 0x00, 0x00, 0x00, 0x00, 0x00, 0x01,
            0x01, 0x00, 0x00, 0x00, 0x00, 0x00, 0x00, 0x00, 0x00, 0x00, 0x00, 0x00, 0x00, 0x00,
            0x00, 0x00, 0x00, 0x00, 0x00, 0x04,
        ],
    },
    EncodedCase {
        name: "direct-at-4",
        data: &[
            0x00, 0x00, 0x00, 0x01, 0x30, 0x01, 0x01, 0x00, 0x00, 0x00, 0x13, 0x00, 0x00, 0x00,
            0x09, 0x00, 0x00, 0x00, 0x07, 0x00, 0x00, 0x00, 0x00, 0x00, 0x00, 0x00, 0x00, 0x63,
            0x00, 0x00, 0x00, 0x00, 0x00, 0x02, 0x00, 0x01, 0x01, 0x00, 0x00, 0x00, 0x1f, 0x00,
            0x00, 0x03, 0xff, 0xfd, 0xff, 0x02, 0xfe, 0xfe, 0xfe, 0x00, 0x00, 0x00, 0x01, 0x00,
            0x00, 0x00, 0x01, 0x4d, 0x27, 0x60, 0x73, 0x0c, 0x78, 0x86, 0xd0, 0x9e, 0x61, 0xaa,
            0xff, 0xac, 0x00, 0x00, 0x00, 0x05, 0x00, 0x01, 0x01, 0x00, 0x00, 0x00, 0x12, 0x02,
            0x00, 0x03, 0xff, 0xfd, 0xff, 0x01, 0xfe, 0xfe, 0xfe, 0x00, 0x00, 0x00, 0x00, 0x00,
            0x00, 0x00, 0x00, 0x00, 0x00, 0x00, 0x06, 0x00, 0x47, 0x02, 0x05, 0x01, 0x00, 0x00,
            0x00, 0x1f, 0x01, 0x00, 0x03, 0xff, 0xfd, 0xff, 0x02, 0xfe, 0xfe, 0xfe, 0x00, 0x00,
            0x00, 0x01, 0x00, 0x00, 0x00, 0x01, 0x4d, 0x26, 0xdc, 0x67, 0xf9, 0x5b, 0x72, 0x74,
            0x3f, 0x91, 0x3f, 0xff, 0xac, 0x00, 0x00, 0x00, 0x07, 0x07, 0x23, 0x06, 0x01, 0x00,
            0x00, 0x00, 0x2d, 0x00, 0x00, 0x00, 0x09, 0x00, 0x00, 0x00, 0x07, 0x00, 0x00, 0x00,
            0x00, 0x00, 0x00, 0x00, 0x00, 0x04, 0x00, 0x11, 0x00, 0x00, 0x00, 0x00, 0x00, 0x01,
            0x01, 0x00, 0x00, 0x00, 0x00, 0x00, 0x00, 0x00, 0x00, 0x00, 0x00, 0x00, 0x00, 0x00,
            0x00, 0x00, 0x00, 0x00, 0x00, 0x04,
        ],
    },
    EncodedCase {
        name: "direct-at-5",
        data: &[
            0x00, 0x00, 0x00, 0x01, 0x30, 0x01, 0x01, 0x00, 0x00, 0x00, 0x13, 0x00, 0x00, 0x00,
            0x09, 0x00, 0x00, 0x00, 0x07, 0x00, 0x00, 0x00, 0x00, 0x00, 0x00, 0x00, 0x00, 0x63,
            0x00, 0x00, 0x00, 0x00, 0x00, 0x02, 0x00, 0x01, 0x01, 0x00, 0x00, 0x00, 0x1f, 0x00,
            0x00, 0x03, 0xff, 0xfd, 0xff, 0x02, 0xfe, 0xfe, 0xfe, 0x00, 0x00, 0x00, 0x01, 0x00,
            0x00, 0x00, 0x01, 0x4d, 0x27, 0x60, 0x73, 0x0c, 0x78, 0x86, 0xd0, 0x9e, 0x61, 0xaa,
            0xff, 0xac, 0x00, 0x00, 0x00, 0x05, 0x00, 0x01, 0x01, 0x00, 0x00, 0x00, 0x12, 0x02,
            0x00, 0x03, 0xff, 0xfd, 0xff, 0x02, 0xfd, 0xfe, 0xfe, 0x00, 0x00, 0x00, 0x00, 0x00,
            0x00, 0x00, 0x00, 0x00, 0x00, 0x00, 0x06, 0x00, 0x47, 0x02, 0x05, 0x01, 0x00, 0x00,
            0x00, 0x1f, 0x01, 0x00, 0x03, 0xff, 0xfd, 0xff, 0x02, 0xfe, 0xfe, 0xfe, 0x00, 0x00,
            0x00, 0x01, 0x00, 0x00, 0x00, 0x01, 0x4d, 0x26, 0xdc, 0x67, 0xf9, 0x5b, 0x72, 0x74,
            0x3f, 0x91, 0x3f, 0xff, 0xac, 0x00, 0x00, 0x00, 0x07, 0x07, 0x23, 0x06, 0x01, 0x00,
            0x00, 0x00, 0x2d, 0x00, 0x00, 0x00, 0x09, 0x00, 0x00, 0x00, 0x07, 0x00, 0x00, 0x00,
            0x00, 0x00, 0x00, 0x00, 0x00, 0x04, 0x00, 0x11, 0x00, 0x00, 0x00, 0x00, 0x00, 0x01,
            0x01, 0x00, 0x00, 0x00, 0x00, 0x00, 0x00, 0x00, 0x00, 0x00, 0x00, 0x00, 0x00, 0x00,
            0x00, 0x00, 0x00, 0x00, 0x00, 0x04,
        ],
    },
    EncodedCase {
        name: "direct-at-6",
        data: &[
            0x00, 0x00, 0x00, 0x01, 0x30, 0x01, 0x01, 0x00, 0x00, 0x00, 0x13, 0x00, 0x00, 0x00,
            0x09, 0x00, 0x00, 0x00, 0x07, 0x00, 0x00, 0x00, 0x00, 0x00, 0x00, 0x00, 0x00, 0x63,
            0x00, 0x00, 0x00, 0x00, 0x00, 0x02, 0x00, 0x01, 0x01, 0x00, 0x00, 0x00, 0x1f, 0x00,
            0x00, 0x03, 0xff, 0xfd, 0xff, 0x02, 0xfe, 0xfe, 0xfe, 0x00, 0x00, 0x00, 0x01, 0x00,
            0x00, 0x00, 0x01, 0x4d, 0x27, 0x60, 0x73, 0x0c, 0x78, 0x86, 0xd0, 0x9e, 0x61, 0xaa,
            0xff, 0xac, 0x00, 0x00, 0x00, 0x05, 0x00, 0x01, 0x01, 0x00, 0x00, 0x00, 0x12, 0x02,
            0x00, 0x03, 0xff, 0xfd, 0xff, 0x02, 0xfe, 0xfd, 0xfe, 0x00, 0x00, 0x00, 0x00, 0x00,
            0x00, 0x00, 0x00, 0x00, 0x00, 0x00, 0x06, 0x00, 0x47, 0x02, 0x05, 0x01, 0x00, 0x00,
            0x00, 0x1f, 0x01, 0x00, 0x03, 0xff, 0xfd, 0xff, 0x02, 0xfe, 0xfe, 0xfe, 0x00, 0x00,
            0x00, 0x01, 0x00, 0x00, 0x00, 0x01, 0x4d, 0x26, 0xdc, 0x67, 0xf9, 0x5b, 0x72, 0x74,
            0x3f, 0x91, 0x3f, 0xff, 0xac, 0x00, 0x00, 0x00, 0x07, 0x07, 0x23, 0x06, 0x01, 0x00,
            0x00, 0x00, 0x2d, 0x00, 0x00, 0x00, 0x09, 0x00, 0x00, 0x00, 0x07, 0x00, 0x00, 0x00,
            0x00, 0x00, 0x00, 0x00, 0x00, 0x04, 0x00, 0x11, 0x00, 0x00, 0x00, 0x00, 0x00, 0x01,
            0x01, 0x00, 0x00, 0x00, 0x00, 0x00, 0x00, 0x00, 0x00, 0x00, 0x00, 0x00, 0x00, 0x00,
            0x00, 0x00, 0x00, 0x00, 0x00, 0x04,
        ],
    },
    EncodedCase {
        name: "direct-at-7",
        data: &[
            0x00, 0x00, 0x00, 0x01, 0x30, 0x01, 0x01, 0x00, 0x00, 0x00, 0x13, 0x00, 0x00, 0x00,
            0x09, 0x00, 0x00, 0x00, 0x07, 0x00, 0x00, 0x00, 0x00, 0x00, 0x00, 0x00, 0x00, 0x63,
            0x00, 0x00, 0x00, 0x00, 0x00, 0x02, 0x00, 0x01, 0x01, 0x00, 0x00, 0x00, 0x1f, 0x00,
            0x00, 0x03, 0xff, 0xfd, 0xff, 0x02, 0xfe, 0xfe, 0xfe, 0x00, 0x00, 0x00, 0x01, 0x00,
            0x00, 0x00, 0x01, 0x4d, 0x27, 0x60, 0x73, 0x0c, 0x78, 0x86, 0xd0, 0x9e, 0x61, 0xaa,
            0xff, 0xac, 0x00, 0x00, 0x00, 0x05, 0x00, 0x01, 0x01, 0x00, 0x00, 0x00, 0x12, 0x02,
            0x00, 0x03, 0xff, 0xfd, 0xff, 0x02, 0xfe, 0xfe, 0xfd, 0x00, 0x00, 0x00, 0x00, 0x00,
            0x00, 0x00, 0x00, 0x00, 0x00, 0x00, 0x06, 0x00, 0x47, 0x02, 0x05, 0x01, 0x00, 0x00,
            0x00, 0x1f, 0x01, 0x00, 0x03, 0xff, 0xfd, 0xff, 0x02, 0xfe, 0xfe, 0xfe, 0x00, 0x00,
            0x00, 0x01, 0x00, 0x00, 0x00, 0x01, 0x4d, 0x26, 0xdc, 0x67, 0xf9, 0x5b, 0x72, 0x74,
            0x3f, 0x91, 0x3f, 0xff, 0xac, 0x00, 0x00, 0x00, 0x07, 0x07, 0x23, 0x06, 0x01, 0x00,
            0x00, 0x00, 0x2d, 0x00, 0x00, 0x00, 0x09, 0x00, 0x00, 0x00, 0x07, 0x00, 0x00, 0x00,
            0x00, 0x00, 0x00, 0x00, 0x00, 0x04, 0x00, 0x11, 0x00, 0x00, 0x00, 0x00, 0x00, 0x01,
            0x01, 0x00, 0x00, 0x00, 0x00, 0x00, 0x00, 0x00, 0x00, 0x00, 0x00, 0x00, 0x00, 0x00,
            0x00, 0x00, 0x00, 0x00, 0x00, 0x04,
        ],
    },
    EncodedCase {
        name: "refinement-template-1-to-0",
        data: &[
            0x00, 0x00, 0x00, 0x01, 0x30, 0x01, 0x01, 0x00, 0x00, 0x00, 0x13, 0x00, 0x00, 0x00,
            0x09, 0x00, 0x00, 0x00, 0x07, 0x00, 0x00, 0x00, 0x00, 0x00, 0x00, 0x00, 0x00, 0x63,
            0x00, 0x00, 0x00, 0x00, 0x00, 0x02, 0x00, 0x01, 0x01, 0x00, 0x00, 0x00, 0x1f, 0x00,
            0x00, 0x03, 0xff, 0xfd, 0xff, 0x02, 0xfe, 0xfe, 0xfe, 0x00, 0x00, 0x00, 0x01, 0x00,
            0x00, 0x00, 0x01, 0x4d, 0x27, 0x60, 0x73, 0x0c, 0x78, 0x86, 0xd0, 0x9e, 0x61, 0xaa,
            0xff, 0xac, 0x00, 0x00, 0x00, 0x05, 0x00, 0x01, 0x01, 0x00, 0x00, 0x00, 0x12, 0x12,
            0x02, 0x03, 0xff, 0xfd, 0xff, 0x02, 0xfe, 0xfe, 0xfe, 0x00, 0x00, 0x00, 0x00, 0x00,
            0x00, 0x00, 0x00, 0x00, 0x00, 0x00, 0x06, 0x00, 0x47, 0x02, 0x05, 0x01, 0x00, 0x00,
            0x00, 0x24, 0x01, 0x02, 0x03, 0xff, 0xfd, 0xff, 0x02, 0xfe, 0xfe, 0xfe, 0xff, 0xff,
            0xff, 0xff, 0x00, 0x00, 0x00, 0x01, 0x00, 0x00, 0x00, 0x01, 0x4d, 0x29, 0xaf, 0x95,
            0xc3, 0x00, 0x4a, 0xdb, 0x92, 0x30, 0x5e, 0x1b, 0xff, 0xac, 0x00, 0x00, 0x00, 0x07,
            0x07, 0x23, 0x06, 0x01, 0x00, 0x00, 0x00, 0x2d, 0x00, 0x00, 0x00, 0x09, 0x00, 0x00,
            0x00, 0x07, 0x00, 0x00, 0x00, 0x00, 0x00, 0x00, 0x00, 0x00, 0x04, 0x00, 0x11, 0x00,
            0x00, 0x00, 0x00, 0x00, 0x01, 0x01, 0x00, 0x00, 0x00, 0x00, 0x00, 0x00, 0x00, 0x00,
            0x00, 0x00, 0x00, 0x00, 0x00, 0x00, 0x00, 0x00, 0x00, 0x00, 0x04,
        ],
    },
    EncodedCase {
        name: "refinement-at-0",
        data: &[
            0x00, 0x00, 0x00, 0x01, 0x30, 0x01, 0x01, 0x00, 0x00, 0x00, 0x13, 0x00, 0x00, 0x00,
            0x09, 0x00, 0x00, 0x00, 0x07, 0x00, 0x00, 0x00, 0x00, 0x00, 0x00, 0x00, 0x00, 0x63,
            0x00, 0x00, 0x00, 0x00, 0x00, 0x02, 0x00, 0x01, 0x01, 0x00, 0x00, 0x00, 0x1f, 0x00,
            0x00, 0x03, 0xff, 0xfd, 0xff, 0x02, 0xfe, 0xfe, 0xfe, 0x00, 0x00, 0x00, 0x01, 0x00,
            0x00, 0x00, 0x01, 0x4d, 0x27, 0x60, 0x73, 0x0c, 0x78, 0x86, 0xd0, 0x9e, 0x61, 0xaa,
            0xff, 0xac, 0x00, 0x00, 0x00, 0x05, 0x00, 0x01, 0x01, 0x00, 0x00, 0x00, 0x16, 0x02,
            0x02, 0x03, 0xff, 0xfd, 0xff, 0x02, 0xfe, 0xfe, 0xfe, 0xfe, 0xff, 0xff, 0xff, 0x00,
            0x00, 0x00, 0x00, 0x00, 0x00, 0x00, 0x00, 0x00, 0x00, 0x00, 0x06, 0x00, 0x47, 0x02,
            0x05, 0x01, 0x00, 0x00, 0x00, 0x24, 0x01, 0x02, 0x03, 0xff, 0xfd, 0xff, 0x02, 0xfe,
            0xfe, 0xfe, 0xff, 0xff, 0xff, 0xff, 0x00, 0x00, 0x00, 0x01, 0x00, 0x00, 0x00, 0x01,
            0x4d, 0x29, 0xaf, 0x95, 0xc3, 0x00, 0x4a, 0xdb, 0x92, 0x30, 0x5e, 0x1b, 0xff, 0xac,
            0x00, 0x00, 0x00, 0x07, 0x07, 0x23, 0x06, 0x01, 0x00, 0x00, 0x00, 0x2d, 0x00, 0x00,
            0x00, 0x09, 0x00, 0x00, 0x00, 0x07, 0x00, 0x00, 0x00, 0x00, 0x00, 0x00, 0x00, 0x00,
            0x04, 0x00, 0x11, 0x00, 0x00, 0x00, 0x00, 0x00, 0x01, 0x01, 0x00, 0x00, 0x00, 0x00,
            0x00, 0x00, 0x00, 0x00, 0x00, 0x00, 0x00, 0x00, 0x00, 0x00, 0x00, 0x00, 0x00, 0x00,
            0x04,
        ],
    },
    EncodedCase {
        name: "refinement-at-1",
        data: &[
            0x00, 0x00, 0x00, 0x01, 0x30, 0x01, 0x01, 0x00, 0x00, 0x00, 0x13, 0x00, 0x00, 0x00,
            0x09, 0x00, 0x00, 0x00, 0x07, 0x00, 0x00, 0x00, 0x00, 0x00, 0x00, 0x00, 0x00, 0x63,
            0x00, 0x00, 0x00, 0x00, 0x00, 0x02, 0x00, 0x01, 0x01, 0x00, 0x00, 0x00, 0x1f, 0x00,
            0x00, 0x03, 0xff, 0xfd, 0xff, 0x02, 0xfe, 0xfe, 0xfe, 0x00, 0x00, 0x00, 0x01, 0x00,
            0x00, 0x00, 0x01, 0x4d, 0x27, 0x60, 0x73, 0x0c, 0x78, 0x86, 0xd0, 0x9e, 0x61, 0xaa,
            0xff, 0xac, 0x00, 0x00, 0x00, 0x05, 0x00, 0x01, 0x01, 0x00, 0x00, 0x00, 0x16, 0x02,
            0x02, 0x03, 0xff, 0xfd, 0xff, 0x02, 0xfe, 0xfe, 0xfe, 0xff, 0xfe, 0xff, 0xff, 0x00,
            0x00, 0x00, 0x00, 0x00, 0x00, 0x00, 0x00, 0x00, 0x00, 0x00, 0x06, 0x00, 0x47, 0x02,
            0x05, 0x01, 0x00, 0x00, 0x00, 0x24, 0x01, 0x02, 0x03, 0xff, 0xfd, 0xff, 0x02, 0xfe,
            0xfe, 0xfe, 0xff, 0xff, 0xff, 0xff, 0x00, 0x00, 0x00, 0x01, 0x00, 0x00, 0x00, 0x01,
            0x4d, 0x29, 0xaf, 0x95, 0xc3, 0x00, 0x4a, 0xdb, 0x92, 0x30, 0x5e, 0x1b, 0xff, 0xac,
            0x00, 0x00, 0x00, 0x07, 0x07, 0x23, 0x06, 0x01, 0x00, 0x00, 0x00, 0x2d, 0x00, 0x00,
            0x00, 0x09, 0x00, 0x00, 0x00, 0x07, 0x00, 0x00, 0x00, 0x00, 0x00, 0x00, 0x00, 0x00,
            0x04, 0x00, 0x11, 0x00, 0x00, 0x00, 0x00, 0x00, 0x01, 0x01, 0x00, 0x00, 0x00, 0x00,
            0x00, 0x00, 0x00, 0x00, 0x00, 0x00, 0x00, 0x00, 0x00, 0x00, 0x00, 0x00, 0x00, 0x00,
            0x04,
        ],
    },
    EncodedCase {
        name: "refinement-at-2",
        data: &[
            0x00, 0x00, 0x00, 0x01, 0x30, 0x01, 0x01, 0x00, 0x00, 0x00, 0x13, 0x00, 0x00, 0x00,
            0x09, 0x00, 0x00, 0x00, 0x07, 0x00, 0x00, 0x00, 0x00, 0x00, 0x00, 0x00, 0x00, 0x63,
            0x00, 0x00, 0x00, 0x00, 0x00, 0x02, 0x00, 0x01, 0x01, 0x00, 0x00, 0x00, 0x1f, 0x00,
            0x00, 0x03, 0xff, 0xfd, 0xff, 0x02, 0xfe, 0xfe, 0xfe, 0x00, 0x00, 0x00, 0x01, 0x00,
            0x00, 0x00, 0x01, 0x4d, 0x27, 0x60, 0x73, 0x0c, 0x78, 0x86, 0xd0, 0x9e, 0x61, 0xaa,
            0xff, 0xac, 0x00, 0x00, 0x00, 0x05, 0x00, 0x01, 0x01, 0x00, 0x00, 0x00, 0x16, 0x02,
            0x02, 0x03, 0xff, 0xfd, 0xff, 0x02, 0xfe, 0xfe, 0xfe, 0xff, 0xff, 0xfe, 0xff, 0x00,
            0x00, 0x00, 0x00, 0x00, 0x00, 0x00, 0x00, 0x00, 0x00, 0x00, 0x06, 0x00, 0x47, 0x02,
            0x05, 0x01, 0x00, 0x00, 0x00, 0x24, 0x01, 0x02, 0x03, 0xff, 0xfd, 0xff, 0x02, 0xfe,
            0xfe, 0xfe, 0xff, 0xff, 0xff, 0xff, 0x00, 0x00, 0x00, 0x01, 0x00, 0x00, 0x00, 0x01,
            0x4d, 0x29, 0xaf, 0x95, 0xc3, 0x00, 0x4a, 0xdb, 0x92, 0x30, 0x5e, 0x1b, 0xff, 0xac,
            0x00, 0x00, 0x00, 0x07, 0x07, 0x23, 0x06, 0x01, 0x00, 0x00, 0x00, 0x2d, 0x00, 0x00,
            0x00, 0x09, 0x00, 0x00, 0x00, 0x07, 0x00, 0x00, 0x00, 0x00, 0x00, 0x00, 0x00, 0x00,
            0x04, 0x00, 0x11, 0x00, 0x00, 0x00, 0x00, 0x00, 0x01, 0x01, 0x00, 0x00, 0x00, 0x00,
            0x00, 0x00, 0x00, 0x00, 0x00, 0x00, 0x00, 0x00, 0x00, 0x00, 0x00, 0x00, 0x00, 0x00,
            0x04,
        ],
    },
    EncodedCase {
        name: "refinement-at-3",
        data: &[
            0x00, 0x00, 0x00, 0x01, 0x30, 0x01, 0x01, 0x00, 0x00, 0x00, 0x13, 0x00, 0x00, 0x00,
            0x09, 0x00, 0x00, 0x00, 0x07, 0x00, 0x00, 0x00, 0x00, 0x00, 0x00, 0x00, 0x00, 0x63,
            0x00, 0x00, 0x00, 0x00, 0x00, 0x02, 0x00, 0x01, 0x01, 0x00, 0x00, 0x00, 0x1f, 0x00,
            0x00, 0x03, 0xff, 0xfd, 0xff, 0x02, 0xfe, 0xfe, 0xfe, 0x00, 0x00, 0x00, 0x01, 0x00,
            0x00, 0x00, 0x01, 0x4d, 0x27, 0x60, 0x73, 0x0c, 0x78, 0x86, 0xd0, 0x9e, 0x61, 0xaa,
            0xff, 0xac, 0x00, 0x00, 0x00, 0x05, 0x00, 0x01, 0x01, 0x00, 0x00, 0x00, 0x16, 0x02,
            0x02, 0x03, 0xff, 0xfd, 0xff, 0x02, 0xfe, 0xfe, 0xfe, 0xff, 0xff, 0xff, 0xfe, 0x00,
            0x00, 0x00, 0x00, 0x00, 0x00, 0x00, 0x00, 0x00, 0x00, 0x00, 0x06, 0x00, 0x47, 0x02,
            0x05, 0x01, 0x00, 0x00, 0x00, 0x24, 0x01, 0x02, 0x03, 0xff, 0xfd, 0xff, 0x02, 0xfe,
            0xfe, 0xfe, 0xff, 0xff, 0xff, 0xff, 0x00, 0x00, 0x00, 0x01, 0x00, 0x00, 0x00, 0x01,
            0x4d, 0x29, 0xaf, 0x95, 0xc3, 0x00, 0x4a, 0xdb, 0x92, 0x30, 0x5e, 0x1b, 0xff, 0xac,
            0x00, 0x00, 0x00, 0x07, 0x07, 0x23, 0x06, 0x01, 0x00, 0x00, 0x00, 0x2d, 0x00, 0x00,
            0x00, 0x09, 0x00, 0x00, 0x00, 0x07, 0x00, 0x00, 0x00, 0x00, 0x00, 0x00, 0x00, 0x00,
            0x04, 0x00, 0x11, 0x00, 0x00, 0x00, 0x00, 0x00, 0x01, 0x01, 0x00, 0x00, 0x00, 0x00,
            0x00, 0x00, 0x00, 0x00, 0x00, 0x00, 0x00, 0x00, 0x00, 0x00, 0x00, 0x00, 0x00, 0x00,
            0x04,
        ],
    },
    EncodedCase {
        name: "generic-to-refined",
        data: &[
            0x00, 0x00, 0x00, 0x01, 0x30, 0x01, 0x01, 0x00, 0x00, 0x00, 0x13, 0x00, 0x00, 0x00,
            0x09, 0x00, 0x00, 0x00, 0x07, 0x00, 0x00, 0x00, 0x00, 0x00, 0x00, 0x00, 0x00, 0x63,
            0x00, 0x00, 0x00, 0x00, 0x00, 0x02, 0x00, 0x01, 0x01, 0x00, 0x00, 0x00, 0x1f, 0x00,
            0x00, 0x03, 0xff, 0xfd, 0xff, 0x02, 0xfe, 0xfe, 0xfe, 0x00, 0x00, 0x00, 0x01, 0x00,
            0x00, 0x00, 0x01, 0x4d, 0x27, 0x60, 0x73, 0x0c, 0x78, 0x86, 0xd0, 0x9e, 0x61, 0xaa,
            0xff, 0xac, 0x00, 0x00, 0x00, 0x05, 0x00, 0x01, 0x01, 0x00, 0x00, 0x00, 0x12, 0x02,
            0x00, 0x03, 0xff, 0xfd, 0xff, 0x02, 0xfe, 0xfe, 0xfe, 0x00, 0x00, 0x00, 0x00, 0x00,
            0x00, 0x00, 0x00, 0x00, 0x00, 0x00, 0x06, 0x00, 0x47, 0x02, 0x05, 0x01, 0x00, 0x00,
            0x00, 0x24, 0x01, 0x02, 0x03, 0xff, 0xfd, 0xff, 0x02, 0xfe, 0xfe, 0xfe, 0xff, 0xff,
            0xff, 0xff, 0x00, 0x00, 0x00, 0x01, 0x00, 0x00, 0x00, 0x01, 0x4d, 0x29, 0xaf, 0x95,
            0xc3, 0x00, 0x4a, 0xdb, 0x92, 0x30, 0x5e, 0x1b, 0xff, 0xac, 0x00, 0x00, 0x00, 0x07,
            0x07, 0x23, 0x06, 0x01, 0x00, 0x00, 0x00, 0x2d, 0x00, 0x00, 0x00, 0x09, 0x00, 0x00,
            0x00, 0x07, 0x00, 0x00, 0x00, 0x00, 0x00, 0x00, 0x00, 0x00, 0x04, 0x00, 0x11, 0x00,
            0x00, 0x00, 0x00, 0x00, 0x01, 0x01, 0x00, 0x00, 0x00, 0x00, 0x00, 0x00, 0x00, 0x00,
            0x00, 0x00, 0x00, 0x00, 0x00, 0x00, 0x00, 0x00, 0x00, 0x00, 0x04,
        ],
    },
    EncodedCase {
        name: "refined-to-generic",
        data: &[
            0x00, 0x00, 0x00, 0x01, 0x30, 0x01, 0x01, 0x00, 0x00, 0x00, 0x13, 0x00, 0x00, 0x00,
            0x09, 0x00, 0x00, 0x00, 0x07, 0x00, 0x00, 0x00, 0x00, 0x00, 0x00, 0x00, 0x00, 0x63,
            0x00, 0x00, 0x00, 0x00, 0x00, 0x02, 0x00, 0x01, 0x01, 0x00, 0x00, 0x00, 0x1f, 0x00,
            0x00, 0x03, 0xff, 0xfd, 0xff, 0x02, 0xfe, 0xfe, 0xfe, 0x00, 0x00, 0x00, 0x01, 0x00,
            0x00, 0x00, 0x01, 0x4d, 0x27, 0x60, 0x73, 0x0c, 0x78, 0x86, 0xd0, 0x9e, 0x61, 0xaa,
            0xff, 0xac, 0x00, 0x00, 0x00, 0x05, 0x00, 0x01, 0x01, 0x00, 0x00, 0x00, 0x16, 0x02,
            0x02, 0x03, 0xff, 0xfd, 0xff, 0x02, 0xfe, 0xfe, 0xfe, 0xff, 0xff, 0xff, 0xff, 0x00,
            0x00, 0x00, 0x00, 0x00, 0x00, 0x00, 0x00, 0x00, 0x00, 0x00, 0x06, 0x00, 0x47, 0x02,
            0x05, 0x01, 0x00, 0x00, 0x00, 0x1f, 0x01, 0x00, 0x03, 0xff, 0xfd, 0xff, 0x02, 0xfe,
            0xfe, 0xfe, 0x00, 0x00, 0x00, 0x01, 0x00, 0x00, 0x00, 0x01, 0x4d, 0x26, 0xdc, 0x67,
            0xf9, 0x5b, 0x72, 0x74, 0x3f, 0x91, 0x3f, 0xff, 0xac, 0x00, 0x00, 0x00, 0x07, 0x07,
            0x23, 0x06, 0x01, 0x00, 0x00, 0x00, 0x2d, 0x00, 0x00, 0x00, 0x09, 0x00, 0x00, 0x00,
            0x07, 0x00, 0x00, 0x00, 0x00, 0x00, 0x00, 0x00, 0x00, 0x04, 0x00, 0x11, 0x00, 0x00,
            0x00, 0x00, 0x00, 0x01, 0x01, 0x00, 0x00, 0x00, 0x00, 0x00, 0x00, 0x00, 0x00, 0x00,
            0x00, 0x00, 0x00, 0x00, 0x00, 0x00, 0x00, 0x00, 0x00, 0x04,
        ],
    },
    EncodedCase {
        name: "huffman-to-arithmetic",
        data: &[
            0x00, 0x00, 0x00, 0x01, 0x30, 0x01, 0x01, 0x00, 0x00, 0x00, 0x13, 0x00, 0x00, 0x00,
            0x09, 0x00, 0x00, 0x00, 0x07, 0x00, 0x00, 0x00, 0x00, 0x00, 0x00, 0x00, 0x00, 0x63,
            0x00, 0x00, 0x00, 0x00, 0x00, 0x02, 0x00, 0x01, 0x01, 0x00, 0x00, 0x00, 0x1f, 0x00,
            0x00, 0x03, 0xff, 0xfd, 0xff, 0x02, 0xfe, 0xfe, 0xfe, 0x00, 0x00, 0x00, 0x01, 0x00,
            0x00, 0x00, 0x01, 0x4d, 0x27, 0x60, 0x73, 0x0c, 0x78, 0x86, 0xd0, 0x9e, 0x61, 0xaa,
            0xff, 0xac, 0x00, 0x00, 0x00, 0x03, 0x35, 0x01, 0x01, 0x00, 0x00, 0x00, 0x0a, 0x00,
            0x00, 0x00, 0x00, 0x07, 0x00, 0x00, 0x00, 0x08, 0x80, 0x00, 0x00, 0x00, 0x04, 0x35,
            0x01, 0x01, 0x00, 0x00, 0x00, 0x0a, 0x01, 0x00, 0x00, 0x00, 0x09, 0x00, 0x00, 0x00,
            0x0a, 0x88, 0x00, 0x00, 0x00, 0x05, 0x00, 0x47, 0x03, 0x04, 0x01, 0x00, 0x00, 0x00,
            0x0e, 0x02, 0x3f, 0xff, 0xff, 0xff, 0xff, 0x00, 0x00, 0x00, 0x00, 0x00, 0x00, 0x00,
            0x00, 0x00, 0x00, 0x00, 0x06, 0x00, 0x47, 0x02, 0x05, 0x01, 0x00, 0x00, 0x00, 0x24,
            0x01, 0x02, 0x03, 0xff, 0xfd, 0xff, 0x02, 0xfe, 0xfe, 0xfe, 0xff, 0xff, 0xff, 0xff,
            0x00, 0x00, 0x00, 0x01, 0x00, 0x00, 0x00, 0x01, 0x4d, 0x29, 0xaf, 0x95, 0xc3, 0x00,
            0x4a, 0xdb, 0x92, 0x30, 0x5e, 0x1b, 0xff, 0xac, 0x00, 0x00, 0x00, 0x07, 0x07, 0x23,
            0x06, 0x01, 0x00, 0x00, 0x00, 0x2d, 0x00, 0x00, 0x00, 0x09, 0x00, 0x00, 0x00, 0x07,
            0x00, 0x00, 0x00, 0x00, 0x00, 0x00, 0x00, 0x00, 0x04, 0x00, 0x11, 0x00, 0x00, 0x00,
            0x00, 0x00, 0x01, 0x01, 0x00, 0x00, 0x00, 0x00, 0x00, 0x00, 0x00, 0x00, 0x00, 0x00,
            0x00, 0x00, 0x00, 0x00, 0x00, 0x00, 0x00, 0x00, 0x04,
        ],
    },
    EncodedCase {
        name: "arithmetic-to-huffman",
        data: &[
            0x00, 0x00, 0x00, 0x01, 0x30, 0x01, 0x01, 0x00, 0x00, 0x00, 0x13, 0x00, 0x00, 0x00,
            0x09, 0x00, 0x00, 0x00, 0x07, 0x00, 0x00, 0x00, 0x00, 0x00, 0x00, 0x00, 0x00, 0x63,
            0x00, 0x00, 0x00, 0x00, 0x00, 0x02, 0x00, 0x01, 0x01, 0x00, 0x00, 0x00, 0x1f, 0x00,
            0x00, 0x03, 0xff, 0xfd, 0xff, 0x02, 0xfe, 0xfe, 0xfe, 0x00, 0x00, 0x00, 0x01, 0x00,
            0x00, 0x00, 0x01, 0x4d, 0x27, 0x60, 0x73, 0x0c, 0x78, 0x86, 0xd0, 0x9e, 0x61, 0xaa,
            0xff, 0xac, 0x00, 0x00, 0x00, 0x03, 0x35, 0x01, 0x01, 0x00, 0x00, 0x00, 0x0a, 0x00,
            0x00, 0x00, 0x00, 0x07, 0x00, 0x00, 0x00, 0x08, 0x80, 0x00, 0x00, 0x00, 0x04, 0x35,
            0x01, 0x01, 0x00, 0x00, 0x00, 0x0a, 0x01, 0x00, 0x00, 0x00, 0x09, 0x00, 0x00, 0x00,
            0x0a, 0x88, 0x00, 0x00, 0x00, 0x05, 0x00, 0x01, 0x01, 0x00, 0x00, 0x00, 0x16, 0x02,
            0x02, 0x03, 0xff, 0xfd, 0xff, 0x02, 0xfe, 0xfe, 0xfe, 0xff, 0xff, 0xff, 0xff, 0x00,
            0x00, 0x00, 0x00, 0x00, 0x00, 0x00, 0x00, 0x00, 0x00, 0x00, 0x06, 0x00, 0x9f, 0x03,
            0x04, 0x02, 0x05, 0x01, 0x00, 0x00, 0x00, 0x1c, 0x01, 0x3f, 0xff, 0xff, 0xff, 0xff,
            0x00, 0x00, 0x00, 0x01, 0x00, 0x00, 0x00, 0x01, 0x02, 0x14, 0xc8, 0x0f, 0x81, 0x2b,
            0x6e, 0x48, 0xc1, 0x7f, 0xff, 0xac, 0x84, 0x20, 0x00, 0x00, 0x00, 0x07, 0x07, 0x23,
            0x06, 0x01, 0x00, 0x00, 0x00, 0x2d, 0x00, 0x00, 0x00, 0x09, 0x00, 0x00, 0x00, 0x07,
            0x00, 0x00, 0x00, 0x00, 0x00, 0x00, 0x00, 0x00, 0x04, 0x00, 0x11, 0x00, 0x00, 0x00,
            0x00, 0x00, 0x01, 0x01, 0x00, 0x00, 0x00, 0x00, 0x00, 0x00, 0x00, 0x00, 0x00, 0x00,
            0x00, 0x00, 0x00, 0x00, 0x00, 0x00, 0x00, 0x00, 0x04,
        ],
    },
    EncodedCase {
        name: "do-not-skip-nonretained-dictionary",
        data: &[
            0x00, 0x00, 0x00, 0x01, 0x30, 0x01, 0x01, 0x00, 0x00, 0x00, 0x13, 0x00, 0x00, 0x00,
            0x09, 0x00, 0x00, 0x00, 0x07, 0x00, 0x00, 0x00, 0x00, 0x00, 0x00, 0x00, 0x00, 0x63,
            0x00, 0x00, 0x00, 0x00, 0x00, 0x02, 0x00, 0x01, 0x01, 0x00, 0x00, 0x00, 0x1f, 0x00,
            0x00, 0x03, 0xff, 0xfd, 0xff, 0x02, 0xfe, 0xfe, 0xfe, 0x00, 0x00, 0x00, 0x01, 0x00,
            0x00, 0x00, 0x01, 0x4d, 0x27, 0x60, 0x73, 0x0c, 0x78, 0x86, 0xd0, 0x9e, 0x61, 0xaa,
            0xff, 0xac, 0x00, 0x00, 0x00, 0x03, 0x00, 0x01, 0x01, 0x00, 0x00, 0x00, 0x12, 0x02,
            0x00, 0x03, 0xff, 0xfd, 0xff, 0x02, 0xfe, 0xfe, 0xfe, 0x00, 0x00, 0x00, 0x00, 0x00,
            0x00, 0x00, 0x00, 0x00, 0x00, 0x00, 0x04, 0x00, 0x01, 0x01, 0x00, 0x00, 0x00, 0x12,
            0x00, 0x00, 0x03, 0xff, 0xfd, 0xff, 0x02, 0xfe, 0xfe, 0xfe, 0x00, 0x00, 0x00, 0x00,
            0x00, 0x00, 0x00, 0x00, 0x00, 0x00, 0x00, 0x05, 0x00, 0x6f, 0x02, 0x03, 0x04, 0x01,
            0x00, 0x00, 0x00, 0x1f, 0x01, 0x00, 0x03, 0xff, 0xfd, 0xff, 0x02, 0xfe, 0xfe, 0xfe,
            0x00, 0x00, 0x00, 0x01, 0x00, 0x00, 0x00, 0x01, 0x4d, 0x26, 0xdc, 0x67, 0xf9, 0x5b,
            0x72, 0x74, 0x3f, 0x91, 0x3f, 0xff, 0xac, 0x00, 0x00, 0x00, 0x06, 0x07, 0x23, 0x05,
            0x01, 0x00, 0x00, 0x00, 0x2d, 0x00, 0x00, 0x00, 0x09, 0x00, 0x00, 0x00, 0x07, 0x00,
            0x00, 0x00, 0x00, 0x00, 0x00, 0x00, 0x00, 0x04, 0x00, 0x11, 0x00, 0x00, 0x00, 0x00,
            0x00, 0x01, 0x01, 0x00, 0x00, 0x00, 0x00, 0x00, 0x00, 0x00, 0x00, 0x00, 0x00, 0x00,
            0x00, 0x00, 0x00, 0x00, 0x00, 0x00, 0x00, 0x04,
        ],
    },
    EncodedCase {
        name: "no-donor",
        data: &[
            0x00, 0x00, 0x00, 0x01, 0x30, 0x01, 0x01, 0x00, 0x00, 0x00, 0x13, 0x00, 0x00, 0x00,
            0x09, 0x00, 0x00, 0x00, 0x07, 0x00, 0x00, 0x00, 0x00, 0x00, 0x00, 0x00, 0x00, 0x63,
            0x00, 0x00, 0x00, 0x00, 0x00, 0x02, 0x00, 0x01, 0x01, 0x00, 0x00, 0x00, 0x1f, 0x01,
            0x00, 0x03, 0xff, 0xfd, 0xff, 0x02, 0xfe, 0xfe, 0xfe, 0x00, 0x00, 0x00, 0x01, 0x00,
            0x00, 0x00, 0x01, 0x4d, 0x27, 0x60, 0x73, 0x0c, 0x78, 0x86, 0xd0, 0x9e, 0x61, 0xaa,
            0xff, 0xac, 0x00, 0x00, 0x00, 0x03, 0x07, 0x23, 0x02, 0x01, 0x00, 0x00, 0x00, 0x2d,
            0x00, 0x00, 0x00, 0x09, 0x00, 0x00, 0x00, 0x07, 0x00, 0x00, 0x00, 0x00, 0x00, 0x00,
            0x00, 0x00, 0x04, 0x00, 0x11, 0x00, 0x00, 0x00, 0x00, 0x00, 0x01, 0x01, 0x00, 0x00,
            0x00, 0x00, 0x00, 0x00, 0x00, 0x00, 0x00, 0x00, 0x00, 0x00, 0x00, 0x00, 0x00, 0x00,
            0x00, 0x00, 0x04,
        ],
    },
];
