// Authored T.88 7.2.4 short/long segment retention padding boundaries.
// Collective bitmap and standard codes are authored directly. Empty arithmetic
// dictionaries use unchanged agl/jbig2enc d0dfca46216c98f11312a9c9f15615ed490cd7b3
// (Apache-2.0). Comment extensions contain an explicit R/P pair and terminator.
// Poppler matches 23 controls; jbig2dec matches 26, jointly covering all 27.
// Provenance: pdf-test-suite/reports/jbig2-segment-retention-final-2026-09-11/.
pub(super) struct EncodedCase {
    pub(super) name: &'static str,
    pub(super) data: &'static [u8],
}
pub(super) const CASES: &[EncodedCase] = &[
    EncodedCase {
        name: "count-0-comment-pair",
        data: &[
            0x00, 0x00, 0x00, 0x01, 0x30, 0x01, 0x01, 0x00, 0x00, 0x00, 0x13, 0x00, 0x00, 0x00,
            0x09, 0x00, 0x00, 0x00, 0x07, 0x00, 0x00, 0x00, 0x00, 0x00, 0x00, 0x00, 0x00, 0x63,
            0x00, 0x00, 0x00, 0x00, 0x00, 0x0a, 0x00, 0x01, 0x01, 0x00, 0x00, 0x00, 0x1e, 0x00,
            0x01, 0x00, 0x00, 0x00, 0x01, 0x00, 0x00, 0x00, 0x01, 0xe7, 0xdb, 0xf0, 0x00, 0x95,
            0x00, 0x4a, 0x80, 0x4c, 0x80, 0xc3, 0x80, 0x00, 0x00, 0x1c, 0x00, 0x93, 0x00, 0x00,
            0x40, 0x00, 0x00, 0x00, 0x0b, 0x07, 0x23, 0x0a, 0x01, 0x00, 0x00, 0x00, 0x2d, 0x00,
            0x00, 0x00, 0x09, 0x00, 0x00, 0x00, 0x07, 0x00, 0x00, 0x00, 0x00, 0x00, 0x00, 0x00,
            0x00, 0x04, 0x00, 0x11, 0x00, 0x00, 0x00, 0x00, 0x00, 0x01, 0x01, 0x00, 0x00, 0x00,
            0x00, 0x00, 0x00, 0x00, 0x00, 0x00, 0x00, 0x00, 0x00, 0x00, 0x00, 0x00, 0x00, 0x00,
            0x00, 0x04, 0x00, 0x00, 0x00, 0xff, 0x3e, 0x01, 0x01, 0x00, 0x00, 0x00, 0x09, 0x20,
            0x00, 0x00, 0x00, 0x52, 0x00, 0x50, 0x00, 0x00,
        ],
    },
    EncodedCase {
        name: "count-1-comment-pair",
        data: &[
            0x00, 0x00, 0x00, 0x01, 0x30, 0x01, 0x01, 0x00, 0x00, 0x00, 0x13, 0x00, 0x00, 0x00,
            0x09, 0x00, 0x00, 0x00, 0x07, 0x00, 0x00, 0x00, 0x00, 0x00, 0x00, 0x00, 0x00, 0x63,
            0x00, 0x00, 0x00, 0x00, 0x00, 0x0a, 0x00, 0x01, 0x01, 0x00, 0x00, 0x00, 0x1e, 0x00,
            0x01, 0x00, 0x00, 0x00, 0x01, 0x00, 0x00, 0x00, 0x01, 0xe7, 0xdb, 0xf0, 0x00, 0x95,
            0x00, 0x4a, 0x80, 0x4c, 0x80, 0xc3, 0x80, 0x00, 0x00, 0x1c, 0x00, 0x93, 0x00, 0x00,
            0x40, 0x00, 0x00, 0x00, 0x0b, 0x07, 0x23, 0x0a, 0x01, 0x00, 0x00, 0x00, 0x2d, 0x00,
            0x00, 0x00, 0x09, 0x00, 0x00, 0x00, 0x07, 0x00, 0x00, 0x00, 0x00, 0x00, 0x00, 0x00,
            0x00, 0x04, 0x00, 0x11, 0x00, 0x00, 0x00, 0x00, 0x00, 0x01, 0x01, 0x00, 0x00, 0x00,
            0x00, 0x00, 0x00, 0x00, 0x00, 0x00, 0x00, 0x00, 0x00, 0x00, 0x00, 0x00, 0x00, 0x00,
            0x00, 0x04, 0x00, 0x00, 0x00, 0x0c, 0x00, 0x01, 0x01, 0x00, 0x00, 0x00, 0x16, 0x00,
            0x00, 0x03, 0xff, 0xfd, 0xff, 0x02, 0xfe, 0xfe, 0xfe, 0x00, 0x00, 0x00, 0x00, 0x00,
            0x00, 0x00, 0x00, 0xff, 0x7f, 0xff, 0xac, 0x00, 0x00, 0x00, 0xff, 0x3e, 0x23, 0x0c,
            0x01, 0x00, 0x00, 0x00, 0x09, 0x20, 0x00, 0x00, 0x00, 0x52, 0x00, 0x50, 0x00, 0x00,
        ],
    },
    EncodedCase {
        name: "count-2-comment-pair",
        data: &[
            0x00, 0x00, 0x00, 0x01, 0x30, 0x01, 0x01, 0x00, 0x00, 0x00, 0x13, 0x00, 0x00, 0x00,
            0x09, 0x00, 0x00, 0x00, 0x07, 0x00, 0x00, 0x00, 0x00, 0x00, 0x00, 0x00, 0x00, 0x63,
            0x00, 0x00, 0x00, 0x00, 0x00, 0x0a, 0x00, 0x01, 0x01, 0x00, 0x00, 0x00, 0x1e, 0x00,
            0x01, 0x00, 0x00, 0x00, 0x01, 0x00, 0x00, 0x00, 0x01, 0xe7, 0xdb, 0xf0, 0x00, 0x95,
            0x00, 0x4a, 0x80, 0x4c, 0x80, 0xc3, 0x80, 0x00, 0x00, 0x1c, 0x00, 0x93, 0x00, 0x00,
            0x40, 0x00, 0x00, 0x00, 0x0b, 0x07, 0x23, 0x0a, 0x01, 0x00, 0x00, 0x00, 0x2d, 0x00,
            0x00, 0x00, 0x09, 0x00, 0x00, 0x00, 0x07, 0x00, 0x00, 0x00, 0x00, 0x00, 0x00, 0x00,
            0x00, 0x04, 0x00, 0x11, 0x00, 0x00, 0x00, 0x00, 0x00, 0x01, 0x01, 0x00, 0x00, 0x00,
            0x00, 0x00, 0x00, 0x00, 0x00, 0x00, 0x00, 0x00, 0x00, 0x00, 0x00, 0x00, 0x00, 0x00,
            0x00, 0x04, 0x00, 0x00, 0x00, 0x0c, 0x00, 0x01, 0x01, 0x00, 0x00, 0x00, 0x16, 0x00,
            0x00, 0x03, 0xff, 0xfd, 0xff, 0x02, 0xfe, 0xfe, 0xfe, 0x00, 0x00, 0x00, 0x00, 0x00,
            0x00, 0x00, 0x00, 0xff, 0x7f, 0xff, 0xac, 0x00, 0x00, 0x00, 0x0d, 0x00, 0x01, 0x01,
            0x00, 0x00, 0x00, 0x16, 0x00, 0x00, 0x03, 0xff, 0xfd, 0xff, 0x02, 0xfe, 0xfe, 0xfe,
            0x00, 0x00, 0x00, 0x00, 0x00, 0x00, 0x00, 0x00, 0xff, 0x7f, 0xff, 0xac, 0x00, 0x00,
            0x00, 0xff, 0x3e, 0x47, 0x0c, 0x0d, 0x01, 0x00, 0x00, 0x00, 0x09, 0x20, 0x00, 0x00,
            0x00, 0x52, 0x00, 0x50, 0x00, 0x00,
        ],
    },
    EncodedCase {
        name: "count-3-comment-pair",
        data: &[
            0x00, 0x00, 0x00, 0x01, 0x30, 0x01, 0x01, 0x00, 0x00, 0x00, 0x13, 0x00, 0x00, 0x00,
            0x09, 0x00, 0x00, 0x00, 0x07, 0x00, 0x00, 0x00, 0x00, 0x00, 0x00, 0x00, 0x00, 0x63,
            0x00, 0x00, 0x00, 0x00, 0x00, 0x0a, 0x00, 0x01, 0x01, 0x00, 0x00, 0x00, 0x1e, 0x00,
            0x01, 0x00, 0x00, 0x00, 0x01, 0x00, 0x00, 0x00, 0x01, 0xe7, 0xdb, 0xf0, 0x00, 0x95,
            0x00, 0x4a, 0x80, 0x4c, 0x80, 0xc3, 0x80, 0x00, 0x00, 0x1c, 0x00, 0x93, 0x00, 0x00,
            0x40, 0x00, 0x00, 0x00, 0x0b, 0x07, 0x23, 0x0a, 0x01, 0x00, 0x00, 0x00, 0x2d, 0x00,
            0x00, 0x00, 0x09, 0x00, 0x00, 0x00, 0x07, 0x00, 0x00, 0x00, 0x00, 0x00, 0x00, 0x00,
            0x00, 0x04, 0x00, 0x11, 0x00, 0x00, 0x00, 0x00, 0x00, 0x01, 0x01, 0x00, 0x00, 0x00,
            0x00, 0x00, 0x00, 0x00, 0x00, 0x00, 0x00, 0x00, 0x00, 0x00, 0x00, 0x00, 0x00, 0x00,
            0x00, 0x04, 0x00, 0x00, 0x00, 0x0c, 0x00, 0x01, 0x01, 0x00, 0x00, 0x00, 0x16, 0x00,
            0x00, 0x03, 0xff, 0xfd, 0xff, 0x02, 0xfe, 0xfe, 0xfe, 0x00, 0x00, 0x00, 0x00, 0x00,
            0x00, 0x00, 0x00, 0xff, 0x7f, 0xff, 0xac, 0x00, 0x00, 0x00, 0x0d, 0x00, 0x01, 0x01,
            0x00, 0x00, 0x00, 0x16, 0x00, 0x00, 0x03, 0xff, 0xfd, 0xff, 0x02, 0xfe, 0xfe, 0xfe,
            0x00, 0x00, 0x00, 0x00, 0x00, 0x00, 0x00, 0x00, 0xff, 0x7f, 0xff, 0xac, 0x00, 0x00,
            0x00, 0x0e, 0x00, 0x01, 0x01, 0x00, 0x00, 0x00, 0x16, 0x00, 0x00, 0x03, 0xff, 0xfd,
            0xff, 0x02, 0xfe, 0xfe, 0xfe, 0x00, 0x00, 0x00, 0x00, 0x00, 0x00, 0x00, 0x00, 0xff,
            0x7f, 0xff, 0xac, 0x00, 0x00, 0x00, 0xff, 0x3e, 0x6f, 0x0c, 0x0d, 0x0e, 0x01, 0x00,
            0x00, 0x00, 0x09, 0x20, 0x00, 0x00, 0x00, 0x52, 0x00, 0x50, 0x00, 0x00,
        ],
    },
    EncodedCase {
        name: "count-4-comment-pair",
        data: &[
            0x00, 0x00, 0x00, 0x01, 0x30, 0x01, 0x01, 0x00, 0x00, 0x00, 0x13, 0x00, 0x00, 0x00,
            0x09, 0x00, 0x00, 0x00, 0x07, 0x00, 0x00, 0x00, 0x00, 0x00, 0x00, 0x00, 0x00, 0x63,
            0x00, 0x00, 0x00, 0x00, 0x00, 0x0a, 0x00, 0x01, 0x01, 0x00, 0x00, 0x00, 0x1e, 0x00,
            0x01, 0x00, 0x00, 0x00, 0x01, 0x00, 0x00, 0x00, 0x01, 0xe7, 0xdb, 0xf0, 0x00, 0x95,
            0x00, 0x4a, 0x80, 0x4c, 0x80, 0xc3, 0x80, 0x00, 0x00, 0x1c, 0x00, 0x93, 0x00, 0x00,
            0x40, 0x00, 0x00, 0x00, 0x0b, 0x07, 0x23, 0x0a, 0x01, 0x00, 0x00, 0x00, 0x2d, 0x00,
            0x00, 0x00, 0x09, 0x00, 0x00, 0x00, 0x07, 0x00, 0x00, 0x00, 0x00, 0x00, 0x00, 0x00,
            0x00, 0x04, 0x00, 0x11, 0x00, 0x00, 0x00, 0x00, 0x00, 0x01, 0x01, 0x00, 0x00, 0x00,
            0x00, 0x00, 0x00, 0x00, 0x00, 0x00, 0x00, 0x00, 0x00, 0x00, 0x00, 0x00, 0x00, 0x00,
            0x00, 0x04, 0x00, 0x00, 0x00, 0x0c, 0x00, 0x01, 0x01, 0x00, 0x00, 0x00, 0x16, 0x00,
            0x00, 0x03, 0xff, 0xfd, 0xff, 0x02, 0xfe, 0xfe, 0xfe, 0x00, 0x00, 0x00, 0x00, 0x00,
            0x00, 0x00, 0x00, 0xff, 0x7f, 0xff, 0xac, 0x00, 0x00, 0x00, 0x0d, 0x00, 0x01, 0x01,
            0x00, 0x00, 0x00, 0x16, 0x00, 0x00, 0x03, 0xff, 0xfd, 0xff, 0x02, 0xfe, 0xfe, 0xfe,
            0x00, 0x00, 0x00, 0x00, 0x00, 0x00, 0x00, 0x00, 0xff, 0x7f, 0xff, 0xac, 0x00, 0x00,
            0x00, 0x0e, 0x00, 0x01, 0x01, 0x00, 0x00, 0x00, 0x16, 0x00, 0x00, 0x03, 0xff, 0xfd,
            0xff, 0x02, 0xfe, 0xfe, 0xfe, 0x00, 0x00, 0x00, 0x00, 0x00, 0x00, 0x00, 0x00, 0xff,
            0x7f, 0xff, 0xac, 0x00, 0x00, 0x00, 0x0f, 0x00, 0x01, 0x01, 0x00, 0x00, 0x00, 0x16,
            0x00, 0x00, 0x03, 0xff, 0xfd, 0xff, 0x02, 0xfe, 0xfe, 0xfe, 0x00, 0x00, 0x00, 0x00,
            0x00, 0x00, 0x00, 0x00, 0xff, 0x7f, 0xff, 0xac, 0x00, 0x00, 0x00, 0xff, 0x3e, 0x9f,
            0x0c, 0x0d, 0x0e, 0x0f, 0x01, 0x00, 0x00, 0x00, 0x09, 0x20, 0x00, 0x00, 0x00, 0x52,
            0x00, 0x50, 0x00, 0x00,
        ],
    },
    EncodedCase {
        name: "count-5-comment-pair",
        data: &[
            0x00, 0x00, 0x00, 0x01, 0x30, 0x01, 0x01, 0x00, 0x00, 0x00, 0x13, 0x00, 0x00, 0x00,
            0x09, 0x00, 0x00, 0x00, 0x07, 0x00, 0x00, 0x00, 0x00, 0x00, 0x00, 0x00, 0x00, 0x63,
            0x00, 0x00, 0x00, 0x00, 0x00, 0x0a, 0x00, 0x01, 0x01, 0x00, 0x00, 0x00, 0x1e, 0x00,
            0x01, 0x00, 0x00, 0x00, 0x01, 0x00, 0x00, 0x00, 0x01, 0xe7, 0xdb, 0xf0, 0x00, 0x95,
            0x00, 0x4a, 0x80, 0x4c, 0x80, 0xc3, 0x80, 0x00, 0x00, 0x1c, 0x00, 0x93, 0x00, 0x00,
            0x40, 0x00, 0x00, 0x00, 0x0b, 0x07, 0x23, 0x0a, 0x01, 0x00, 0x00, 0x00, 0x2d, 0x00,
            0x00, 0x00, 0x09, 0x00, 0x00, 0x00, 0x07, 0x00, 0x00, 0x00, 0x00, 0x00, 0x00, 0x00,
            0x00, 0x04, 0x00, 0x11, 0x00, 0x00, 0x00, 0x00, 0x00, 0x01, 0x01, 0x00, 0x00, 0x00,
            0x00, 0x00, 0x00, 0x00, 0x00, 0x00, 0x00, 0x00, 0x00, 0x00, 0x00, 0x00, 0x00, 0x00,
            0x00, 0x04, 0x00, 0x00, 0x00, 0x0c, 0x00, 0x01, 0x01, 0x00, 0x00, 0x00, 0x16, 0x00,
            0x00, 0x03, 0xff, 0xfd, 0xff, 0x02, 0xfe, 0xfe, 0xfe, 0x00, 0x00, 0x00, 0x00, 0x00,
            0x00, 0x00, 0x00, 0xff, 0x7f, 0xff, 0xac, 0x00, 0x00, 0x00, 0x0d, 0x00, 0x01, 0x01,
            0x00, 0x00, 0x00, 0x16, 0x00, 0x00, 0x03, 0xff, 0xfd, 0xff, 0x02, 0xfe, 0xfe, 0xfe,
            0x00, 0x00, 0x00, 0x00, 0x00, 0x00, 0x00, 0x00, 0xff, 0x7f, 0xff, 0xac, 0x00, 0x00,
            0x00, 0x0e, 0x00, 0x01, 0x01, 0x00, 0x00, 0x00, 0x16, 0x00, 0x00, 0x03, 0xff, 0xfd,
            0xff, 0x02, 0xfe, 0xfe, 0xfe, 0x00, 0x00, 0x00, 0x00, 0x00, 0x00, 0x00, 0x00, 0xff,
            0x7f, 0xff, 0xac, 0x00, 0x00, 0x00, 0x0f, 0x00, 0x01, 0x01, 0x00, 0x00, 0x00, 0x16,
            0x00, 0x00, 0x03, 0xff, 0xfd, 0xff, 0x02, 0xfe, 0xfe, 0xfe, 0x00, 0x00, 0x00, 0x00,
            0x00, 0x00, 0x00, 0x00, 0xff, 0x7f, 0xff, 0xac, 0x00, 0x00, 0x00, 0x10, 0x00, 0x01,
            0x01, 0x00, 0x00, 0x00, 0x16, 0x00, 0x00, 0x03, 0xff, 0xfd, 0xff, 0x02, 0xfe, 0xfe,
            0xfe, 0x00, 0x00, 0x00, 0x00, 0x00, 0x00, 0x00, 0x00, 0xff, 0x7f, 0xff, 0xac, 0x00,
            0x00, 0x00, 0xff, 0x3e, 0xe0, 0x00, 0x00, 0x05, 0x3f, 0x0c, 0x0d, 0x0e, 0x0f, 0x10,
            0x01, 0x00, 0x00, 0x00, 0x09, 0x20, 0x00, 0x00, 0x00, 0x52, 0x00, 0x50, 0x00, 0x00,
        ],
    },
    EncodedCase {
        name: "count-6-comment-pair",
        data: &[
            0x00, 0x00, 0x00, 0x01, 0x30, 0x01, 0x01, 0x00, 0x00, 0x00, 0x13, 0x00, 0x00, 0x00,
            0x09, 0x00, 0x00, 0x00, 0x07, 0x00, 0x00, 0x00, 0x00, 0x00, 0x00, 0x00, 0x00, 0x63,
            0x00, 0x00, 0x00, 0x00, 0x00, 0x0a, 0x00, 0x01, 0x01, 0x00, 0x00, 0x00, 0x1e, 0x00,
            0x01, 0x00, 0x00, 0x00, 0x01, 0x00, 0x00, 0x00, 0x01, 0xe7, 0xdb, 0xf0, 0x00, 0x95,
            0x00, 0x4a, 0x80, 0x4c, 0x80, 0xc3, 0x80, 0x00, 0x00, 0x1c, 0x00, 0x93, 0x00, 0x00,
            0x40, 0x00, 0x00, 0x00, 0x0b, 0x07, 0x23, 0x0a, 0x01, 0x00, 0x00, 0x00, 0x2d, 0x00,
            0x00, 0x00, 0x09, 0x00, 0x00, 0x00, 0x07, 0x00, 0x00, 0x00, 0x00, 0x00, 0x00, 0x00,
            0x00, 0x04, 0x00, 0x11, 0x00, 0x00, 0x00, 0x00, 0x00, 0x01, 0x01, 0x00, 0x00, 0x00,
            0x00, 0x00, 0x00, 0x00, 0x00, 0x00, 0x00, 0x00, 0x00, 0x00, 0x00, 0x00, 0x00, 0x00,
            0x00, 0x04, 0x00, 0x00, 0x00, 0x0c, 0x00, 0x01, 0x01, 0x00, 0x00, 0x00, 0x16, 0x00,
            0x00, 0x03, 0xff, 0xfd, 0xff, 0x02, 0xfe, 0xfe, 0xfe, 0x00, 0x00, 0x00, 0x00, 0x00,
            0x00, 0x00, 0x00, 0xff, 0x7f, 0xff, 0xac, 0x00, 0x00, 0x00, 0x0d, 0x00, 0x01, 0x01,
            0x00, 0x00, 0x00, 0x16, 0x00, 0x00, 0x03, 0xff, 0xfd, 0xff, 0x02, 0xfe, 0xfe, 0xfe,
            0x00, 0x00, 0x00, 0x00, 0x00, 0x00, 0x00, 0x00, 0xff, 0x7f, 0xff, 0xac, 0x00, 0x00,
            0x00, 0x0e, 0x00, 0x01, 0x01, 0x00, 0x00, 0x00, 0x16, 0x00, 0x00, 0x03, 0xff, 0xfd,
            0xff, 0x02, 0xfe, 0xfe, 0xfe, 0x00, 0x00, 0x00, 0x00, 0x00, 0x00, 0x00, 0x00, 0xff,
            0x7f, 0xff, 0xac, 0x00, 0x00, 0x00, 0x0f, 0x00, 0x01, 0x01, 0x00, 0x00, 0x00, 0x16,
            0x00, 0x00, 0x03, 0xff, 0xfd, 0xff, 0x02, 0xfe, 0xfe, 0xfe, 0x00, 0x00, 0x00, 0x00,
            0x00, 0x00, 0x00, 0x00, 0xff, 0x7f, 0xff, 0xac, 0x00, 0x00, 0x00, 0x10, 0x00, 0x01,
            0x01, 0x00, 0x00, 0x00, 0x16, 0x00, 0x00, 0x03, 0xff, 0xfd, 0xff, 0x02, 0xfe, 0xfe,
            0xfe, 0x00, 0x00, 0x00, 0x00, 0x00, 0x00, 0x00, 0x00, 0xff, 0x7f, 0xff, 0xac, 0x00,
            0x00, 0x00, 0x11, 0x00, 0x01, 0x01, 0x00, 0x00, 0x00, 0x16, 0x00, 0x00, 0x03, 0xff,
            0xfd, 0xff, 0x02, 0xfe, 0xfe, 0xfe, 0x00, 0x00, 0x00, 0x00, 0x00, 0x00, 0x00, 0x00,
            0xff, 0x7f, 0xff, 0xac, 0x00, 0x00, 0x00, 0xff, 0x3e, 0xe0, 0x00, 0x00, 0x06, 0x7f,
            0x0c, 0x0d, 0x0e, 0x0f, 0x10, 0x11, 0x01, 0x00, 0x00, 0x00, 0x09, 0x20, 0x00, 0x00,
            0x00, 0x52, 0x00, 0x50, 0x00, 0x00,
        ],
    },
    EncodedCase {
        name: "count-7-comment-pair",
        data: &[
            0x00, 0x00, 0x00, 0x01, 0x30, 0x01, 0x01, 0x00, 0x00, 0x00, 0x13, 0x00, 0x00, 0x00,
            0x09, 0x00, 0x00, 0x00, 0x07, 0x00, 0x00, 0x00, 0x00, 0x00, 0x00, 0x00, 0x00, 0x63,
            0x00, 0x00, 0x00, 0x00, 0x00, 0x0a, 0x00, 0x01, 0x01, 0x00, 0x00, 0x00, 0x1e, 0x00,
            0x01, 0x00, 0x00, 0x00, 0x01, 0x00, 0x00, 0x00, 0x01, 0xe7, 0xdb, 0xf0, 0x00, 0x95,
            0x00, 0x4a, 0x80, 0x4c, 0x80, 0xc3, 0x80, 0x00, 0x00, 0x1c, 0x00, 0x93, 0x00, 0x00,
            0x40, 0x00, 0x00, 0x00, 0x0b, 0x07, 0x23, 0x0a, 0x01, 0x00, 0x00, 0x00, 0x2d, 0x00,
            0x00, 0x00, 0x09, 0x00, 0x00, 0x00, 0x07, 0x00, 0x00, 0x00, 0x00, 0x00, 0x00, 0x00,
            0x00, 0x04, 0x00, 0x11, 0x00, 0x00, 0x00, 0x00, 0x00, 0x01, 0x01, 0x00, 0x00, 0x00,
            0x00, 0x00, 0x00, 0x00, 0x00, 0x00, 0x00, 0x00, 0x00, 0x00, 0x00, 0x00, 0x00, 0x00,
            0x00, 0x04, 0x00, 0x00, 0x00, 0x0c, 0x00, 0x01, 0x01, 0x00, 0x00, 0x00, 0x16, 0x00,
            0x00, 0x03, 0xff, 0xfd, 0xff, 0x02, 0xfe, 0xfe, 0xfe, 0x00, 0x00, 0x00, 0x00, 0x00,
            0x00, 0x00, 0x00, 0xff, 0x7f, 0xff, 0xac, 0x00, 0x00, 0x00, 0x0d, 0x00, 0x01, 0x01,
            0x00, 0x00, 0x00, 0x16, 0x00, 0x00, 0x03, 0xff, 0xfd, 0xff, 0x02, 0xfe, 0xfe, 0xfe,
            0x00, 0x00, 0x00, 0x00, 0x00, 0x00, 0x00, 0x00, 0xff, 0x7f, 0xff, 0xac, 0x00, 0x00,
            0x00, 0x0e, 0x00, 0x01, 0x01, 0x00, 0x00, 0x00, 0x16, 0x00, 0x00, 0x03, 0xff, 0xfd,
            0xff, 0x02, 0xfe, 0xfe, 0xfe, 0x00, 0x00, 0x00, 0x00, 0x00, 0x00, 0x00, 0x00, 0xff,
            0x7f, 0xff, 0xac, 0x00, 0x00, 0x00, 0x0f, 0x00, 0x01, 0x01, 0x00, 0x00, 0x00, 0x16,
            0x00, 0x00, 0x03, 0xff, 0xfd, 0xff, 0x02, 0xfe, 0xfe, 0xfe, 0x00, 0x00, 0x00, 0x00,
            0x00, 0x00, 0x00, 0x00, 0xff, 0x7f, 0xff, 0xac, 0x00, 0x00, 0x00, 0x10, 0x00, 0x01,
            0x01, 0x00, 0x00, 0x00, 0x16, 0x00, 0x00, 0x03, 0xff, 0xfd, 0xff, 0x02, 0xfe, 0xfe,
            0xfe, 0x00, 0x00, 0x00, 0x00, 0x00, 0x00, 0x00, 0x00, 0xff, 0x7f, 0xff, 0xac, 0x00,
            0x00, 0x00, 0x11, 0x00, 0x01, 0x01, 0x00, 0x00, 0x00, 0x16, 0x00, 0x00, 0x03, 0xff,
            0xfd, 0xff, 0x02, 0xfe, 0xfe, 0xfe, 0x00, 0x00, 0x00, 0x00, 0x00, 0x00, 0x00, 0x00,
            0xff, 0x7f, 0xff, 0xac, 0x00, 0x00, 0x00, 0x12, 0x00, 0x01, 0x01, 0x00, 0x00, 0x00,
            0x16, 0x00, 0x00, 0x03, 0xff, 0xfd, 0xff, 0x02, 0xfe, 0xfe, 0xfe, 0x00, 0x00, 0x00,
            0x00, 0x00, 0x00, 0x00, 0x00, 0xff, 0x7f, 0xff, 0xac, 0x00, 0x00, 0x00, 0xff, 0x3e,
            0xe0, 0x00, 0x00, 0x07, 0xff, 0x0c, 0x0d, 0x0e, 0x0f, 0x10, 0x11, 0x12, 0x01, 0x00,
            0x00, 0x00, 0x09, 0x20, 0x00, 0x00, 0x00, 0x52, 0x00, 0x50, 0x00, 0x00,
        ],
    },
    EncodedCase {
        name: "count-8-comment-pair",
        data: &[
            0x00, 0x00, 0x00, 0x01, 0x30, 0x01, 0x01, 0x00, 0x00, 0x00, 0x13, 0x00, 0x00, 0x00,
            0x09, 0x00, 0x00, 0x00, 0x07, 0x00, 0x00, 0x00, 0x00, 0x00, 0x00, 0x00, 0x00, 0x63,
            0x00, 0x00, 0x00, 0x00, 0x00, 0x0a, 0x00, 0x01, 0x01, 0x00, 0x00, 0x00, 0x1e, 0x00,
            0x01, 0x00, 0x00, 0x00, 0x01, 0x00, 0x00, 0x00, 0x01, 0xe7, 0xdb, 0xf0, 0x00, 0x95,
            0x00, 0x4a, 0x80, 0x4c, 0x80, 0xc3, 0x80, 0x00, 0x00, 0x1c, 0x00, 0x93, 0x00, 0x00,
            0x40, 0x00, 0x00, 0x00, 0x0b, 0x07, 0x23, 0x0a, 0x01, 0x00, 0x00, 0x00, 0x2d, 0x00,
            0x00, 0x00, 0x09, 0x00, 0x00, 0x00, 0x07, 0x00, 0x00, 0x00, 0x00, 0x00, 0x00, 0x00,
            0x00, 0x04, 0x00, 0x11, 0x00, 0x00, 0x00, 0x00, 0x00, 0x01, 0x01, 0x00, 0x00, 0x00,
            0x00, 0x00, 0x00, 0x00, 0x00, 0x00, 0x00, 0x00, 0x00, 0x00, 0x00, 0x00, 0x00, 0x00,
            0x00, 0x04, 0x00, 0x00, 0x00, 0x0c, 0x00, 0x01, 0x01, 0x00, 0x00, 0x00, 0x16, 0x00,
            0x00, 0x03, 0xff, 0xfd, 0xff, 0x02, 0xfe, 0xfe, 0xfe, 0x00, 0x00, 0x00, 0x00, 0x00,
            0x00, 0x00, 0x00, 0xff, 0x7f, 0xff, 0xac, 0x00, 0x00, 0x00, 0x0d, 0x00, 0x01, 0x01,
            0x00, 0x00, 0x00, 0x16, 0x00, 0x00, 0x03, 0xff, 0xfd, 0xff, 0x02, 0xfe, 0xfe, 0xfe,
            0x00, 0x00, 0x00, 0x00, 0x00, 0x00, 0x00, 0x00, 0xff, 0x7f, 0xff, 0xac, 0x00, 0x00,
            0x00, 0x0e, 0x00, 0x01, 0x01, 0x00, 0x00, 0x00, 0x16, 0x00, 0x00, 0x03, 0xff, 0xfd,
            0xff, 0x02, 0xfe, 0xfe, 0xfe, 0x00, 0x00, 0x00, 0x00, 0x00, 0x00, 0x00, 0x00, 0xff,
            0x7f, 0xff, 0xac, 0x00, 0x00, 0x00, 0x0f, 0x00, 0x01, 0x01, 0x00, 0x00, 0x00, 0x16,
            0x00, 0x00, 0x03, 0xff, 0xfd, 0xff, 0x02, 0xfe, 0xfe, 0xfe, 0x00, 0x00, 0x00, 0x00,
            0x00, 0x00, 0x00, 0x00, 0xff, 0x7f, 0xff, 0xac, 0x00, 0x00, 0x00, 0x10, 0x00, 0x01,
            0x01, 0x00, 0x00, 0x00, 0x16, 0x00, 0x00, 0x03, 0xff, 0xfd, 0xff, 0x02, 0xfe, 0xfe,
            0xfe, 0x00, 0x00, 0x00, 0x00, 0x00, 0x00, 0x00, 0x00, 0xff, 0x7f, 0xff, 0xac, 0x00,
            0x00, 0x00, 0x11, 0x00, 0x01, 0x01, 0x00, 0x00, 0x00, 0x16, 0x00, 0x00, 0x03, 0xff,
            0xfd, 0xff, 0x02, 0xfe, 0xfe, 0xfe, 0x00, 0x00, 0x00, 0x00, 0x00, 0x00, 0x00, 0x00,
            0xff, 0x7f, 0xff, 0xac, 0x00, 0x00, 0x00, 0x12, 0x00, 0x01, 0x01, 0x00, 0x00, 0x00,
            0x16, 0x00, 0x00, 0x03, 0xff, 0xfd, 0xff, 0x02, 0xfe, 0xfe, 0xfe, 0x00, 0x00, 0x00,
            0x00, 0x00, 0x00, 0x00, 0x00, 0xff, 0x7f, 0xff, 0xac, 0x00, 0x00, 0x00, 0x13, 0x00,
            0x01, 0x01, 0x00, 0x00, 0x00, 0x16, 0x00, 0x00, 0x03, 0xff, 0xfd, 0xff, 0x02, 0xfe,
            0xfe, 0xfe, 0x00, 0x00, 0x00, 0x00, 0x00, 0x00, 0x00, 0x00, 0xff, 0x7f, 0xff, 0xac,
            0x00, 0x00, 0x00, 0xff, 0x3e, 0xe0, 0x00, 0x00, 0x08, 0xff, 0x01, 0x0c, 0x0d, 0x0e,
            0x0f, 0x10, 0x11, 0x12, 0x13, 0x01, 0x00, 0x00, 0x00, 0x09, 0x20, 0x00, 0x00, 0x00,
            0x52, 0x00, 0x50, 0x00, 0x00,
        ],
    },
    EncodedCase {
        name: "count-9-comment-pair",
        data: &[
            0x00, 0x00, 0x00, 0x01, 0x30, 0x01, 0x01, 0x00, 0x00, 0x00, 0x13, 0x00, 0x00, 0x00,
            0x09, 0x00, 0x00, 0x00, 0x07, 0x00, 0x00, 0x00, 0x00, 0x00, 0x00, 0x00, 0x00, 0x63,
            0x00, 0x00, 0x00, 0x00, 0x00, 0x0a, 0x00, 0x01, 0x01, 0x00, 0x00, 0x00, 0x1e, 0x00,
            0x01, 0x00, 0x00, 0x00, 0x01, 0x00, 0x00, 0x00, 0x01, 0xe7, 0xdb, 0xf0, 0x00, 0x95,
            0x00, 0x4a, 0x80, 0x4c, 0x80, 0xc3, 0x80, 0x00, 0x00, 0x1c, 0x00, 0x93, 0x00, 0x00,
            0x40, 0x00, 0x00, 0x00, 0x0b, 0x07, 0x23, 0x0a, 0x01, 0x00, 0x00, 0x00, 0x2d, 0x00,
            0x00, 0x00, 0x09, 0x00, 0x00, 0x00, 0x07, 0x00, 0x00, 0x00, 0x00, 0x00, 0x00, 0x00,
            0x00, 0x04, 0x00, 0x11, 0x00, 0x00, 0x00, 0x00, 0x00, 0x01, 0x01, 0x00, 0x00, 0x00,
            0x00, 0x00, 0x00, 0x00, 0x00, 0x00, 0x00, 0x00, 0x00, 0x00, 0x00, 0x00, 0x00, 0x00,
            0x00, 0x04, 0x00, 0x00, 0x00, 0x0c, 0x00, 0x01, 0x01, 0x00, 0x00, 0x00, 0x16, 0x00,
            0x00, 0x03, 0xff, 0xfd, 0xff, 0x02, 0xfe, 0xfe, 0xfe, 0x00, 0x00, 0x00, 0x00, 0x00,
            0x00, 0x00, 0x00, 0xff, 0x7f, 0xff, 0xac, 0x00, 0x00, 0x00, 0x0d, 0x00, 0x01, 0x01,
            0x00, 0x00, 0x00, 0x16, 0x00, 0x00, 0x03, 0xff, 0xfd, 0xff, 0x02, 0xfe, 0xfe, 0xfe,
            0x00, 0x00, 0x00, 0x00, 0x00, 0x00, 0x00, 0x00, 0xff, 0x7f, 0xff, 0xac, 0x00, 0x00,
            0x00, 0x0e, 0x00, 0x01, 0x01, 0x00, 0x00, 0x00, 0x16, 0x00, 0x00, 0x03, 0xff, 0xfd,
            0xff, 0x02, 0xfe, 0xfe, 0xfe, 0x00, 0x00, 0x00, 0x00, 0x00, 0x00, 0x00, 0x00, 0xff,
            0x7f, 0xff, 0xac, 0x00, 0x00, 0x00, 0x0f, 0x00, 0x01, 0x01, 0x00, 0x00, 0x00, 0x16,
            0x00, 0x00, 0x03, 0xff, 0xfd, 0xff, 0x02, 0xfe, 0xfe, 0xfe, 0x00, 0x00, 0x00, 0x00,
            0x00, 0x00, 0x00, 0x00, 0xff, 0x7f, 0xff, 0xac, 0x00, 0x00, 0x00, 0x10, 0x00, 0x01,
            0x01, 0x00, 0x00, 0x00, 0x16, 0x00, 0x00, 0x03, 0xff, 0xfd, 0xff, 0x02, 0xfe, 0xfe,
            0xfe, 0x00, 0x00, 0x00, 0x00, 0x00, 0x00, 0x00, 0x00, 0xff, 0x7f, 0xff, 0xac, 0x00,
            0x00, 0x00, 0x11, 0x00, 0x01, 0x01, 0x00, 0x00, 0x00, 0x16, 0x00, 0x00, 0x03, 0xff,
            0xfd, 0xff, 0x02, 0xfe, 0xfe, 0xfe, 0x00, 0x00, 0x00, 0x00, 0x00, 0x00, 0x00, 0x00,
            0xff, 0x7f, 0xff, 0xac, 0x00, 0x00, 0x00, 0x12, 0x00, 0x01, 0x01, 0x00, 0x00, 0x00,
            0x16, 0x00, 0x00, 0x03, 0xff, 0xfd, 0xff, 0x02, 0xfe, 0xfe, 0xfe, 0x00, 0x00, 0x00,
            0x00, 0x00, 0x00, 0x00, 0x00, 0xff, 0x7f, 0xff, 0xac, 0x00, 0x00, 0x00, 0x13, 0x00,
            0x01, 0x01, 0x00, 0x00, 0x00, 0x16, 0x00, 0x00, 0x03, 0xff, 0xfd, 0xff, 0x02, 0xfe,
            0xfe, 0xfe, 0x00, 0x00, 0x00, 0x00, 0x00, 0x00, 0x00, 0x00, 0xff, 0x7f, 0xff, 0xac,
            0x00, 0x00, 0x00, 0x14, 0x00, 0x01, 0x01, 0x00, 0x00, 0x00, 0x16, 0x00, 0x00, 0x03,
            0xff, 0xfd, 0xff, 0x02, 0xfe, 0xfe, 0xfe, 0x00, 0x00, 0x00, 0x00, 0x00, 0x00, 0x00,
            0x00, 0xff, 0x7f, 0xff, 0xac, 0x00, 0x00, 0x00, 0xff, 0x3e, 0xe0, 0x00, 0x00, 0x09,
            0xff, 0x03, 0x0c, 0x0d, 0x0e, 0x0f, 0x10, 0x11, 0x12, 0x13, 0x14, 0x01, 0x00, 0x00,
            0x00, 0x09, 0x20, 0x00, 0x00, 0x00, 0x52, 0x00, 0x50, 0x00, 0x00,
        ],
    },
    EncodedCase {
        name: "count-10-comment-pair",
        data: &[
            0x00, 0x00, 0x00, 0x01, 0x30, 0x01, 0x01, 0x00, 0x00, 0x00, 0x13, 0x00, 0x00, 0x00,
            0x09, 0x00, 0x00, 0x00, 0x07, 0x00, 0x00, 0x00, 0x00, 0x00, 0x00, 0x00, 0x00, 0x63,
            0x00, 0x00, 0x00, 0x00, 0x00, 0x0a, 0x00, 0x01, 0x01, 0x00, 0x00, 0x00, 0x1e, 0x00,
            0x01, 0x00, 0x00, 0x00, 0x01, 0x00, 0x00, 0x00, 0x01, 0xe7, 0xdb, 0xf0, 0x00, 0x95,
            0x00, 0x4a, 0x80, 0x4c, 0x80, 0xc3, 0x80, 0x00, 0x00, 0x1c, 0x00, 0x93, 0x00, 0x00,
            0x40, 0x00, 0x00, 0x00, 0x0b, 0x07, 0x23, 0x0a, 0x01, 0x00, 0x00, 0x00, 0x2d, 0x00,
            0x00, 0x00, 0x09, 0x00, 0x00, 0x00, 0x07, 0x00, 0x00, 0x00, 0x00, 0x00, 0x00, 0x00,
            0x00, 0x04, 0x00, 0x11, 0x00, 0x00, 0x00, 0x00, 0x00, 0x01, 0x01, 0x00, 0x00, 0x00,
            0x00, 0x00, 0x00, 0x00, 0x00, 0x00, 0x00, 0x00, 0x00, 0x00, 0x00, 0x00, 0x00, 0x00,
            0x00, 0x04, 0x00, 0x00, 0x00, 0x0c, 0x00, 0x01, 0x01, 0x00, 0x00, 0x00, 0x16, 0x00,
            0x00, 0x03, 0xff, 0xfd, 0xff, 0x02, 0xfe, 0xfe, 0xfe, 0x00, 0x00, 0x00, 0x00, 0x00,
            0x00, 0x00, 0x00, 0xff, 0x7f, 0xff, 0xac, 0x00, 0x00, 0x00, 0x0d, 0x00, 0x01, 0x01,
            0x00, 0x00, 0x00, 0x16, 0x00, 0x00, 0x03, 0xff, 0xfd, 0xff, 0x02, 0xfe, 0xfe, 0xfe,
            0x00, 0x00, 0x00, 0x00, 0x00, 0x00, 0x00, 0x00, 0xff, 0x7f, 0xff, 0xac, 0x00, 0x00,
            0x00, 0x0e, 0x00, 0x01, 0x01, 0x00, 0x00, 0x00, 0x16, 0x00, 0x00, 0x03, 0xff, 0xfd,
            0xff, 0x02, 0xfe, 0xfe, 0xfe, 0x00, 0x00, 0x00, 0x00, 0x00, 0x00, 0x00, 0x00, 0xff,
            0x7f, 0xff, 0xac, 0x00, 0x00, 0x00, 0x0f, 0x00, 0x01, 0x01, 0x00, 0x00, 0x00, 0x16,
            0x00, 0x00, 0x03, 0xff, 0xfd, 0xff, 0x02, 0xfe, 0xfe, 0xfe, 0x00, 0x00, 0x00, 0x00,
            0x00, 0x00, 0x00, 0x00, 0xff, 0x7f, 0xff, 0xac, 0x00, 0x00, 0x00, 0x10, 0x00, 0x01,
            0x01, 0x00, 0x00, 0x00, 0x16, 0x00, 0x00, 0x03, 0xff, 0xfd, 0xff, 0x02, 0xfe, 0xfe,
            0xfe, 0x00, 0x00, 0x00, 0x00, 0x00, 0x00, 0x00, 0x00, 0xff, 0x7f, 0xff, 0xac, 0x00,
            0x00, 0x00, 0x11, 0x00, 0x01, 0x01, 0x00, 0x00, 0x00, 0x16, 0x00, 0x00, 0x03, 0xff,
            0xfd, 0xff, 0x02, 0xfe, 0xfe, 0xfe, 0x00, 0x00, 0x00, 0x00, 0x00, 0x00, 0x00, 0x00,
            0xff, 0x7f, 0xff, 0xac, 0x00, 0x00, 0x00, 0x12, 0x00, 0x01, 0x01, 0x00, 0x00, 0x00,
            0x16, 0x00, 0x00, 0x03, 0xff, 0xfd, 0xff, 0x02, 0xfe, 0xfe, 0xfe, 0x00, 0x00, 0x00,
            0x00, 0x00, 0x00, 0x00, 0x00, 0xff, 0x7f, 0xff, 0xac, 0x00, 0x00, 0x00, 0x13, 0x00,
            0x01, 0x01, 0x00, 0x00, 0x00, 0x16, 0x00, 0x00, 0x03, 0xff, 0xfd, 0xff, 0x02, 0xfe,
            0xfe, 0xfe, 0x00, 0x00, 0x00, 0x00, 0x00, 0x00, 0x00, 0x00, 0xff, 0x7f, 0xff, 0xac,
            0x00, 0x00, 0x00, 0x14, 0x00, 0x01, 0x01, 0x00, 0x00, 0x00, 0x16, 0x00, 0x00, 0x03,
            0xff, 0xfd, 0xff, 0x02, 0xfe, 0xfe, 0xfe, 0x00, 0x00, 0x00, 0x00, 0x00, 0x00, 0x00,
            0x00, 0xff, 0x7f, 0xff, 0xac, 0x00, 0x00, 0x00, 0x15, 0x00, 0x01, 0x01, 0x00, 0x00,
            0x00, 0x16, 0x00, 0x00, 0x03, 0xff, 0xfd, 0xff, 0x02, 0xfe, 0xfe, 0xfe, 0x00, 0x00,
            0x00, 0x00, 0x00, 0x00, 0x00, 0x00, 0xff, 0x7f, 0xff, 0xac, 0x00, 0x00, 0x00, 0xff,
            0x3e, 0xe0, 0x00, 0x00, 0x0a, 0xff, 0x07, 0x0c, 0x0d, 0x0e, 0x0f, 0x10, 0x11, 0x12,
            0x13, 0x14, 0x15, 0x01, 0x00, 0x00, 0x00, 0x09, 0x20, 0x00, 0x00, 0x00, 0x52, 0x00,
            0x50, 0x00, 0x00,
        ],
    },
    EncodedCase {
        name: "count-11-comment-pair",
        data: &[
            0x00, 0x00, 0x00, 0x01, 0x30, 0x01, 0x01, 0x00, 0x00, 0x00, 0x13, 0x00, 0x00, 0x00,
            0x09, 0x00, 0x00, 0x00, 0x07, 0x00, 0x00, 0x00, 0x00, 0x00, 0x00, 0x00, 0x00, 0x63,
            0x00, 0x00, 0x00, 0x00, 0x00, 0x0a, 0x00, 0x01, 0x01, 0x00, 0x00, 0x00, 0x1e, 0x00,
            0x01, 0x00, 0x00, 0x00, 0x01, 0x00, 0x00, 0x00, 0x01, 0xe7, 0xdb, 0xf0, 0x00, 0x95,
            0x00, 0x4a, 0x80, 0x4c, 0x80, 0xc3, 0x80, 0x00, 0x00, 0x1c, 0x00, 0x93, 0x00, 0x00,
            0x40, 0x00, 0x00, 0x00, 0x0b, 0x07, 0x23, 0x0a, 0x01, 0x00, 0x00, 0x00, 0x2d, 0x00,
            0x00, 0x00, 0x09, 0x00, 0x00, 0x00, 0x07, 0x00, 0x00, 0x00, 0x00, 0x00, 0x00, 0x00,
            0x00, 0x04, 0x00, 0x11, 0x00, 0x00, 0x00, 0x00, 0x00, 0x01, 0x01, 0x00, 0x00, 0x00,
            0x00, 0x00, 0x00, 0x00, 0x00, 0x00, 0x00, 0x00, 0x00, 0x00, 0x00, 0x00, 0x00, 0x00,
            0x00, 0x04, 0x00, 0x00, 0x00, 0x0c, 0x00, 0x01, 0x01, 0x00, 0x00, 0x00, 0x16, 0x00,
            0x00, 0x03, 0xff, 0xfd, 0xff, 0x02, 0xfe, 0xfe, 0xfe, 0x00, 0x00, 0x00, 0x00, 0x00,
            0x00, 0x00, 0x00, 0xff, 0x7f, 0xff, 0xac, 0x00, 0x00, 0x00, 0x0d, 0x00, 0x01, 0x01,
            0x00, 0x00, 0x00, 0x16, 0x00, 0x00, 0x03, 0xff, 0xfd, 0xff, 0x02, 0xfe, 0xfe, 0xfe,
            0x00, 0x00, 0x00, 0x00, 0x00, 0x00, 0x00, 0x00, 0xff, 0x7f, 0xff, 0xac, 0x00, 0x00,
            0x00, 0x0e, 0x00, 0x01, 0x01, 0x00, 0x00, 0x00, 0x16, 0x00, 0x00, 0x03, 0xff, 0xfd,
            0xff, 0x02, 0xfe, 0xfe, 0xfe, 0x00, 0x00, 0x00, 0x00, 0x00, 0x00, 0x00, 0x00, 0xff,
            0x7f, 0xff, 0xac, 0x00, 0x00, 0x00, 0x0f, 0x00, 0x01, 0x01, 0x00, 0x00, 0x00, 0x16,
            0x00, 0x00, 0x03, 0xff, 0xfd, 0xff, 0x02, 0xfe, 0xfe, 0xfe, 0x00, 0x00, 0x00, 0x00,
            0x00, 0x00, 0x00, 0x00, 0xff, 0x7f, 0xff, 0xac, 0x00, 0x00, 0x00, 0x10, 0x00, 0x01,
            0x01, 0x00, 0x00, 0x00, 0x16, 0x00, 0x00, 0x03, 0xff, 0xfd, 0xff, 0x02, 0xfe, 0xfe,
            0xfe, 0x00, 0x00, 0x00, 0x00, 0x00, 0x00, 0x00, 0x00, 0xff, 0x7f, 0xff, 0xac, 0x00,
            0x00, 0x00, 0x11, 0x00, 0x01, 0x01, 0x00, 0x00, 0x00, 0x16, 0x00, 0x00, 0x03, 0xff,
            0xfd, 0xff, 0x02, 0xfe, 0xfe, 0xfe, 0x00, 0x00, 0x00, 0x00, 0x00, 0x00, 0x00, 0x00,
            0xff, 0x7f, 0xff, 0xac, 0x00, 0x00, 0x00, 0x12, 0x00, 0x01, 0x01, 0x00, 0x00, 0x00,
            0x16, 0x00, 0x00, 0x03, 0xff, 0xfd, 0xff, 0x02, 0xfe, 0xfe, 0xfe, 0x00, 0x00, 0x00,
            0x00, 0x00, 0x00, 0x00, 0x00, 0xff, 0x7f, 0xff, 0xac, 0x00, 0x00, 0x00, 0x13, 0x00,
            0x01, 0x01, 0x00, 0x00, 0x00, 0x16, 0x00, 0x00, 0x03, 0xff, 0xfd, 0xff, 0x02, 0xfe,
            0xfe, 0xfe, 0x00, 0x00, 0x00, 0x00, 0x00, 0x00, 0x00, 0x00, 0xff, 0x7f, 0xff, 0xac,
            0x00, 0x00, 0x00, 0x14, 0x00, 0x01, 0x01, 0x00, 0x00, 0x00, 0x16, 0x00, 0x00, 0x03,
            0xff, 0xfd, 0xff, 0x02, 0xfe, 0xfe, 0xfe, 0x00, 0x00, 0x00, 0x00, 0x00, 0x00, 0x00,
            0x00, 0xff, 0x7f, 0xff, 0xac, 0x00, 0x00, 0x00, 0x15, 0x00, 0x01, 0x01, 0x00, 0x00,
            0x00, 0x16, 0x00, 0x00, 0x03, 0xff, 0xfd, 0xff, 0x02, 0xfe, 0xfe, 0xfe, 0x00, 0x00,
            0x00, 0x00, 0x00, 0x00, 0x00, 0x00, 0xff, 0x7f, 0xff, 0xac, 0x00, 0x00, 0x00, 0x16,
            0x00, 0x01, 0x01, 0x00, 0x00, 0x00, 0x16, 0x00, 0x00, 0x03, 0xff, 0xfd, 0xff, 0x02,
            0xfe, 0xfe, 0xfe, 0x00, 0x00, 0x00, 0x00, 0x00, 0x00, 0x00, 0x00, 0xff, 0x7f, 0xff,
            0xac, 0x00, 0x00, 0x00, 0xff, 0x3e, 0xe0, 0x00, 0x00, 0x0b, 0xff, 0x0f, 0x0c, 0x0d,
            0x0e, 0x0f, 0x10, 0x11, 0x12, 0x13, 0x14, 0x15, 0x16, 0x01, 0x00, 0x00, 0x00, 0x09,
            0x20, 0x00, 0x00, 0x00, 0x52, 0x00, 0x50, 0x00, 0x00,
        ],
    },
    EncodedCase {
        name: "count-12-comment-pair",
        data: &[
            0x00, 0x00, 0x00, 0x01, 0x30, 0x01, 0x01, 0x00, 0x00, 0x00, 0x13, 0x00, 0x00, 0x00,
            0x09, 0x00, 0x00, 0x00, 0x07, 0x00, 0x00, 0x00, 0x00, 0x00, 0x00, 0x00, 0x00, 0x63,
            0x00, 0x00, 0x00, 0x00, 0x00, 0x0a, 0x00, 0x01, 0x01, 0x00, 0x00, 0x00, 0x1e, 0x00,
            0x01, 0x00, 0x00, 0x00, 0x01, 0x00, 0x00, 0x00, 0x01, 0xe7, 0xdb, 0xf0, 0x00, 0x95,
            0x00, 0x4a, 0x80, 0x4c, 0x80, 0xc3, 0x80, 0x00, 0x00, 0x1c, 0x00, 0x93, 0x00, 0x00,
            0x40, 0x00, 0x00, 0x00, 0x0b, 0x07, 0x23, 0x0a, 0x01, 0x00, 0x00, 0x00, 0x2d, 0x00,
            0x00, 0x00, 0x09, 0x00, 0x00, 0x00, 0x07, 0x00, 0x00, 0x00, 0x00, 0x00, 0x00, 0x00,
            0x00, 0x04, 0x00, 0x11, 0x00, 0x00, 0x00, 0x00, 0x00, 0x01, 0x01, 0x00, 0x00, 0x00,
            0x00, 0x00, 0x00, 0x00, 0x00, 0x00, 0x00, 0x00, 0x00, 0x00, 0x00, 0x00, 0x00, 0x00,
            0x00, 0x04, 0x00, 0x00, 0x00, 0x0c, 0x00, 0x01, 0x01, 0x00, 0x00, 0x00, 0x16, 0x00,
            0x00, 0x03, 0xff, 0xfd, 0xff, 0x02, 0xfe, 0xfe, 0xfe, 0x00, 0x00, 0x00, 0x00, 0x00,
            0x00, 0x00, 0x00, 0xff, 0x7f, 0xff, 0xac, 0x00, 0x00, 0x00, 0x0d, 0x00, 0x01, 0x01,
            0x00, 0x00, 0x00, 0x16, 0x00, 0x00, 0x03, 0xff, 0xfd, 0xff, 0x02, 0xfe, 0xfe, 0xfe,
            0x00, 0x00, 0x00, 0x00, 0x00, 0x00, 0x00, 0x00, 0xff, 0x7f, 0xff, 0xac, 0x00, 0x00,
            0x00, 0x0e, 0x00, 0x01, 0x01, 0x00, 0x00, 0x00, 0x16, 0x00, 0x00, 0x03, 0xff, 0xfd,
            0xff, 0x02, 0xfe, 0xfe, 0xfe, 0x00, 0x00, 0x00, 0x00, 0x00, 0x00, 0x00, 0x00, 0xff,
            0x7f, 0xff, 0xac, 0x00, 0x00, 0x00, 0x0f, 0x00, 0x01, 0x01, 0x00, 0x00, 0x00, 0x16,
            0x00, 0x00, 0x03, 0xff, 0xfd, 0xff, 0x02, 0xfe, 0xfe, 0xfe, 0x00, 0x00, 0x00, 0x00,
            0x00, 0x00, 0x00, 0x00, 0xff, 0x7f, 0xff, 0xac, 0x00, 0x00, 0x00, 0x10, 0x00, 0x01,
            0x01, 0x00, 0x00, 0x00, 0x16, 0x00, 0x00, 0x03, 0xff, 0xfd, 0xff, 0x02, 0xfe, 0xfe,
            0xfe, 0x00, 0x00, 0x00, 0x00, 0x00, 0x00, 0x00, 0x00, 0xff, 0x7f, 0xff, 0xac, 0x00,
            0x00, 0x00, 0x11, 0x00, 0x01, 0x01, 0x00, 0x00, 0x00, 0x16, 0x00, 0x00, 0x03, 0xff,
            0xfd, 0xff, 0x02, 0xfe, 0xfe, 0xfe, 0x00, 0x00, 0x00, 0x00, 0x00, 0x00, 0x00, 0x00,
            0xff, 0x7f, 0xff, 0xac, 0x00, 0x00, 0x00, 0x12, 0x00, 0x01, 0x01, 0x00, 0x00, 0x00,
            0x16, 0x00, 0x00, 0x03, 0xff, 0xfd, 0xff, 0x02, 0xfe, 0xfe, 0xfe, 0x00, 0x00, 0x00,
            0x00, 0x00, 0x00, 0x00, 0x00, 0xff, 0x7f, 0xff, 0xac, 0x00, 0x00, 0x00, 0x13, 0x00,
            0x01, 0x01, 0x00, 0x00, 0x00, 0x16, 0x00, 0x00, 0x03, 0xff, 0xfd, 0xff, 0x02, 0xfe,
            0xfe, 0xfe, 0x00, 0x00, 0x00, 0x00, 0x00, 0x00, 0x00, 0x00, 0xff, 0x7f, 0xff, 0xac,
            0x00, 0x00, 0x00, 0x14, 0x00, 0x01, 0x01, 0x00, 0x00, 0x00, 0x16, 0x00, 0x00, 0x03,
            0xff, 0xfd, 0xff, 0x02, 0xfe, 0xfe, 0xfe, 0x00, 0x00, 0x00, 0x00, 0x00, 0x00, 0x00,
            0x00, 0xff, 0x7f, 0xff, 0xac, 0x00, 0x00, 0x00, 0x15, 0x00, 0x01, 0x01, 0x00, 0x00,
            0x00, 0x16, 0x00, 0x00, 0x03, 0xff, 0xfd, 0xff, 0x02, 0xfe, 0xfe, 0xfe, 0x00, 0x00,
            0x00, 0x00, 0x00, 0x00, 0x00, 0x00, 0xff, 0x7f, 0xff, 0xac, 0x00, 0x00, 0x00, 0x16,
            0x00, 0x01, 0x01, 0x00, 0x00, 0x00, 0x16, 0x00, 0x00, 0x03, 0xff, 0xfd, 0xff, 0x02,
            0xfe, 0xfe, 0xfe, 0x00, 0x00, 0x00, 0x00, 0x00, 0x00, 0x00, 0x00, 0xff, 0x7f, 0xff,
            0xac, 0x00, 0x00, 0x00, 0x17, 0x00, 0x01, 0x01, 0x00, 0x00, 0x00, 0x16, 0x00, 0x00,
            0x03, 0xff, 0xfd, 0xff, 0x02, 0xfe, 0xfe, 0xfe, 0x00, 0x00, 0x00, 0x00, 0x00, 0x00,
            0x00, 0x00, 0xff, 0x7f, 0xff, 0xac, 0x00, 0x00, 0x00, 0xff, 0x3e, 0xe0, 0x00, 0x00,
            0x0c, 0xff, 0x1f, 0x0c, 0x0d, 0x0e, 0x0f, 0x10, 0x11, 0x12, 0x13, 0x14, 0x15, 0x16,
            0x17, 0x01, 0x00, 0x00, 0x00, 0x09, 0x20, 0x00, 0x00, 0x00, 0x52, 0x00, 0x50, 0x00,
            0x00,
        ],
    },
    EncodedCase {
        name: "count-13-comment-pair",
        data: &[
            0x00, 0x00, 0x00, 0x01, 0x30, 0x01, 0x01, 0x00, 0x00, 0x00, 0x13, 0x00, 0x00, 0x00,
            0x09, 0x00, 0x00, 0x00, 0x07, 0x00, 0x00, 0x00, 0x00, 0x00, 0x00, 0x00, 0x00, 0x63,
            0x00, 0x00, 0x00, 0x00, 0x00, 0x0a, 0x00, 0x01, 0x01, 0x00, 0x00, 0x00, 0x1e, 0x00,
            0x01, 0x00, 0x00, 0x00, 0x01, 0x00, 0x00, 0x00, 0x01, 0xe7, 0xdb, 0xf0, 0x00, 0x95,
            0x00, 0x4a, 0x80, 0x4c, 0x80, 0xc3, 0x80, 0x00, 0x00, 0x1c, 0x00, 0x93, 0x00, 0x00,
            0x40, 0x00, 0x00, 0x00, 0x0b, 0x07, 0x23, 0x0a, 0x01, 0x00, 0x00, 0x00, 0x2d, 0x00,
            0x00, 0x00, 0x09, 0x00, 0x00, 0x00, 0x07, 0x00, 0x00, 0x00, 0x00, 0x00, 0x00, 0x00,
            0x00, 0x04, 0x00, 0x11, 0x00, 0x00, 0x00, 0x00, 0x00, 0x01, 0x01, 0x00, 0x00, 0x00,
            0x00, 0x00, 0x00, 0x00, 0x00, 0x00, 0x00, 0x00, 0x00, 0x00, 0x00, 0x00, 0x00, 0x00,
            0x00, 0x04, 0x00, 0x00, 0x00, 0x0c, 0x00, 0x01, 0x01, 0x00, 0x00, 0x00, 0x16, 0x00,
            0x00, 0x03, 0xff, 0xfd, 0xff, 0x02, 0xfe, 0xfe, 0xfe, 0x00, 0x00, 0x00, 0x00, 0x00,
            0x00, 0x00, 0x00, 0xff, 0x7f, 0xff, 0xac, 0x00, 0x00, 0x00, 0x0d, 0x00, 0x01, 0x01,
            0x00, 0x00, 0x00, 0x16, 0x00, 0x00, 0x03, 0xff, 0xfd, 0xff, 0x02, 0xfe, 0xfe, 0xfe,
            0x00, 0x00, 0x00, 0x00, 0x00, 0x00, 0x00, 0x00, 0xff, 0x7f, 0xff, 0xac, 0x00, 0x00,
            0x00, 0x0e, 0x00, 0x01, 0x01, 0x00, 0x00, 0x00, 0x16, 0x00, 0x00, 0x03, 0xff, 0xfd,
            0xff, 0x02, 0xfe, 0xfe, 0xfe, 0x00, 0x00, 0x00, 0x00, 0x00, 0x00, 0x00, 0x00, 0xff,
            0x7f, 0xff, 0xac, 0x00, 0x00, 0x00, 0x0f, 0x00, 0x01, 0x01, 0x00, 0x00, 0x00, 0x16,
            0x00, 0x00, 0x03, 0xff, 0xfd, 0xff, 0x02, 0xfe, 0xfe, 0xfe, 0x00, 0x00, 0x00, 0x00,
            0x00, 0x00, 0x00, 0x00, 0xff, 0x7f, 0xff, 0xac, 0x00, 0x00, 0x00, 0x10, 0x00, 0x01,
            0x01, 0x00, 0x00, 0x00, 0x16, 0x00, 0x00, 0x03, 0xff, 0xfd, 0xff, 0x02, 0xfe, 0xfe,
            0xfe, 0x00, 0x00, 0x00, 0x00, 0x00, 0x00, 0x00, 0x00, 0xff, 0x7f, 0xff, 0xac, 0x00,
            0x00, 0x00, 0x11, 0x00, 0x01, 0x01, 0x00, 0x00, 0x00, 0x16, 0x00, 0x00, 0x03, 0xff,
            0xfd, 0xff, 0x02, 0xfe, 0xfe, 0xfe, 0x00, 0x00, 0x00, 0x00, 0x00, 0x00, 0x00, 0x00,
            0xff, 0x7f, 0xff, 0xac, 0x00, 0x00, 0x00, 0x12, 0x00, 0x01, 0x01, 0x00, 0x00, 0x00,
            0x16, 0x00, 0x00, 0x03, 0xff, 0xfd, 0xff, 0x02, 0xfe, 0xfe, 0xfe, 0x00, 0x00, 0x00,
            0x00, 0x00, 0x00, 0x00, 0x00, 0xff, 0x7f, 0xff, 0xac, 0x00, 0x00, 0x00, 0x13, 0x00,
            0x01, 0x01, 0x00, 0x00, 0x00, 0x16, 0x00, 0x00, 0x03, 0xff, 0xfd, 0xff, 0x02, 0xfe,
            0xfe, 0xfe, 0x00, 0x00, 0x00, 0x00, 0x00, 0x00, 0x00, 0x00, 0xff, 0x7f, 0xff, 0xac,
            0x00, 0x00, 0x00, 0x14, 0x00, 0x01, 0x01, 0x00, 0x00, 0x00, 0x16, 0x00, 0x00, 0x03,
            0xff, 0xfd, 0xff, 0x02, 0xfe, 0xfe, 0xfe, 0x00, 0x00, 0x00, 0x00, 0x00, 0x00, 0x00,
            0x00, 0xff, 0x7f, 0xff, 0xac, 0x00, 0x00, 0x00, 0x15, 0x00, 0x01, 0x01, 0x00, 0x00,
            0x00, 0x16, 0x00, 0x00, 0x03, 0xff, 0xfd, 0xff, 0x02, 0xfe, 0xfe, 0xfe, 0x00, 0x00,
            0x00, 0x00, 0x00, 0x00, 0x00, 0x00, 0xff, 0x7f, 0xff, 0xac, 0x00, 0x00, 0x00, 0x16,
            0x00, 0x01, 0x01, 0x00, 0x00, 0x00, 0x16, 0x00, 0x00, 0x03, 0xff, 0xfd, 0xff, 0x02,
            0xfe, 0xfe, 0xfe, 0x00, 0x00, 0x00, 0x00, 0x00, 0x00, 0x00, 0x00, 0xff, 0x7f, 0xff,
            0xac, 0x00, 0x00, 0x00, 0x17, 0x00, 0x01, 0x01, 0x00, 0x00, 0x00, 0x16, 0x00, 0x00,
            0x03, 0xff, 0xfd, 0xff, 0x02, 0xfe, 0xfe, 0xfe, 0x00, 0x00, 0x00, 0x00, 0x00, 0x00,
            0x00, 0x00, 0xff, 0x7f, 0xff, 0xac, 0x00, 0x00, 0x00, 0x18, 0x00, 0x01, 0x01, 0x00,
            0x00, 0x00, 0x16, 0x00, 0x00, 0x03, 0xff, 0xfd, 0xff, 0x02, 0xfe, 0xfe, 0xfe, 0x00,
            0x00, 0x00, 0x00, 0x00, 0x00, 0x00, 0x00, 0xff, 0x7f, 0xff, 0xac, 0x00, 0x00, 0x00,
            0xff, 0x3e, 0xe0, 0x00, 0x00, 0x0d, 0xff, 0x3f, 0x0c, 0x0d, 0x0e, 0x0f, 0x10, 0x11,
            0x12, 0x13, 0x14, 0x15, 0x16, 0x17, 0x18, 0x01, 0x00, 0x00, 0x00, 0x09, 0x20, 0x00,
            0x00, 0x00, 0x52, 0x00, 0x50, 0x00, 0x00,
        ],
    },
    EncodedCase {
        name: "count-14-comment-pair",
        data: &[
            0x00, 0x00, 0x00, 0x01, 0x30, 0x01, 0x01, 0x00, 0x00, 0x00, 0x13, 0x00, 0x00, 0x00,
            0x09, 0x00, 0x00, 0x00, 0x07, 0x00, 0x00, 0x00, 0x00, 0x00, 0x00, 0x00, 0x00, 0x63,
            0x00, 0x00, 0x00, 0x00, 0x00, 0x0a, 0x00, 0x01, 0x01, 0x00, 0x00, 0x00, 0x1e, 0x00,
            0x01, 0x00, 0x00, 0x00, 0x01, 0x00, 0x00, 0x00, 0x01, 0xe7, 0xdb, 0xf0, 0x00, 0x95,
            0x00, 0x4a, 0x80, 0x4c, 0x80, 0xc3, 0x80, 0x00, 0x00, 0x1c, 0x00, 0x93, 0x00, 0x00,
            0x40, 0x00, 0x00, 0x00, 0x0b, 0x07, 0x23, 0x0a, 0x01, 0x00, 0x00, 0x00, 0x2d, 0x00,
            0x00, 0x00, 0x09, 0x00, 0x00, 0x00, 0x07, 0x00, 0x00, 0x00, 0x00, 0x00, 0x00, 0x00,
            0x00, 0x04, 0x00, 0x11, 0x00, 0x00, 0x00, 0x00, 0x00, 0x01, 0x01, 0x00, 0x00, 0x00,
            0x00, 0x00, 0x00, 0x00, 0x00, 0x00, 0x00, 0x00, 0x00, 0x00, 0x00, 0x00, 0x00, 0x00,
            0x00, 0x04, 0x00, 0x00, 0x00, 0x0c, 0x00, 0x01, 0x01, 0x00, 0x00, 0x00, 0x16, 0x00,
            0x00, 0x03, 0xff, 0xfd, 0xff, 0x02, 0xfe, 0xfe, 0xfe, 0x00, 0x00, 0x00, 0x00, 0x00,
            0x00, 0x00, 0x00, 0xff, 0x7f, 0xff, 0xac, 0x00, 0x00, 0x00, 0x0d, 0x00, 0x01, 0x01,
            0x00, 0x00, 0x00, 0x16, 0x00, 0x00, 0x03, 0xff, 0xfd, 0xff, 0x02, 0xfe, 0xfe, 0xfe,
            0x00, 0x00, 0x00, 0x00, 0x00, 0x00, 0x00, 0x00, 0xff, 0x7f, 0xff, 0xac, 0x00, 0x00,
            0x00, 0x0e, 0x00, 0x01, 0x01, 0x00, 0x00, 0x00, 0x16, 0x00, 0x00, 0x03, 0xff, 0xfd,
            0xff, 0x02, 0xfe, 0xfe, 0xfe, 0x00, 0x00, 0x00, 0x00, 0x00, 0x00, 0x00, 0x00, 0xff,
            0x7f, 0xff, 0xac, 0x00, 0x00, 0x00, 0x0f, 0x00, 0x01, 0x01, 0x00, 0x00, 0x00, 0x16,
            0x00, 0x00, 0x03, 0xff, 0xfd, 0xff, 0x02, 0xfe, 0xfe, 0xfe, 0x00, 0x00, 0x00, 0x00,
            0x00, 0x00, 0x00, 0x00, 0xff, 0x7f, 0xff, 0xac, 0x00, 0x00, 0x00, 0x10, 0x00, 0x01,
            0x01, 0x00, 0x00, 0x00, 0x16, 0x00, 0x00, 0x03, 0xff, 0xfd, 0xff, 0x02, 0xfe, 0xfe,
            0xfe, 0x00, 0x00, 0x00, 0x00, 0x00, 0x00, 0x00, 0x00, 0xff, 0x7f, 0xff, 0xac, 0x00,
            0x00, 0x00, 0x11, 0x00, 0x01, 0x01, 0x00, 0x00, 0x00, 0x16, 0x00, 0x00, 0x03, 0xff,
            0xfd, 0xff, 0x02, 0xfe, 0xfe, 0xfe, 0x00, 0x00, 0x00, 0x00, 0x00, 0x00, 0x00, 0x00,
            0xff, 0x7f, 0xff, 0xac, 0x00, 0x00, 0x00, 0x12, 0x00, 0x01, 0x01, 0x00, 0x00, 0x00,
            0x16, 0x00, 0x00, 0x03, 0xff, 0xfd, 0xff, 0x02, 0xfe, 0xfe, 0xfe, 0x00, 0x00, 0x00,
            0x00, 0x00, 0x00, 0x00, 0x00, 0xff, 0x7f, 0xff, 0xac, 0x00, 0x00, 0x00, 0x13, 0x00,
            0x01, 0x01, 0x00, 0x00, 0x00, 0x16, 0x00, 0x00, 0x03, 0xff, 0xfd, 0xff, 0x02, 0xfe,
            0xfe, 0xfe, 0x00, 0x00, 0x00, 0x00, 0x00, 0x00, 0x00, 0x00, 0xff, 0x7f, 0xff, 0xac,
            0x00, 0x00, 0x00, 0x14, 0x00, 0x01, 0x01, 0x00, 0x00, 0x00, 0x16, 0x00, 0x00, 0x03,
            0xff, 0xfd, 0xff, 0x02, 0xfe, 0xfe, 0xfe, 0x00, 0x00, 0x00, 0x00, 0x00, 0x00, 0x00,
            0x00, 0xff, 0x7f, 0xff, 0xac, 0x00, 0x00, 0x00, 0x15, 0x00, 0x01, 0x01, 0x00, 0x00,
            0x00, 0x16, 0x00, 0x00, 0x03, 0xff, 0xfd, 0xff, 0x02, 0xfe, 0xfe, 0xfe, 0x00, 0x00,
            0x00, 0x00, 0x00, 0x00, 0x00, 0x00, 0xff, 0x7f, 0xff, 0xac, 0x00, 0x00, 0x00, 0x16,
            0x00, 0x01, 0x01, 0x00, 0x00, 0x00, 0x16, 0x00, 0x00, 0x03, 0xff, 0xfd, 0xff, 0x02,
            0xfe, 0xfe, 0xfe, 0x00, 0x00, 0x00, 0x00, 0x00, 0x00, 0x00, 0x00, 0xff, 0x7f, 0xff,
            0xac, 0x00, 0x00, 0x00, 0x17, 0x00, 0x01, 0x01, 0x00, 0x00, 0x00, 0x16, 0x00, 0x00,
            0x03, 0xff, 0xfd, 0xff, 0x02, 0xfe, 0xfe, 0xfe, 0x00, 0x00, 0x00, 0x00, 0x00, 0x00,
            0x00, 0x00, 0xff, 0x7f, 0xff, 0xac, 0x00, 0x00, 0x00, 0x18, 0x00, 0x01, 0x01, 0x00,
            0x00, 0x00, 0x16, 0x00, 0x00, 0x03, 0xff, 0xfd, 0xff, 0x02, 0xfe, 0xfe, 0xfe, 0x00,
            0x00, 0x00, 0x00, 0x00, 0x00, 0x00, 0x00, 0xff, 0x7f, 0xff, 0xac, 0x00, 0x00, 0x00,
            0x19, 0x00, 0x01, 0x01, 0x00, 0x00, 0x00, 0x16, 0x00, 0x00, 0x03, 0xff, 0xfd, 0xff,
            0x02, 0xfe, 0xfe, 0xfe, 0x00, 0x00, 0x00, 0x00, 0x00, 0x00, 0x00, 0x00, 0xff, 0x7f,
            0xff, 0xac, 0x00, 0x00, 0x00, 0xff, 0x3e, 0xe0, 0x00, 0x00, 0x0e, 0xff, 0x7f, 0x0c,
            0x0d, 0x0e, 0x0f, 0x10, 0x11, 0x12, 0x13, 0x14, 0x15, 0x16, 0x17, 0x18, 0x19, 0x01,
            0x00, 0x00, 0x00, 0x09, 0x20, 0x00, 0x00, 0x00, 0x52, 0x00, 0x50, 0x00, 0x00,
        ],
    },
    EncodedCase {
        name: "count-15-comment-pair",
        data: &[
            0x00, 0x00, 0x00, 0x01, 0x30, 0x01, 0x01, 0x00, 0x00, 0x00, 0x13, 0x00, 0x00, 0x00,
            0x09, 0x00, 0x00, 0x00, 0x07, 0x00, 0x00, 0x00, 0x00, 0x00, 0x00, 0x00, 0x00, 0x63,
            0x00, 0x00, 0x00, 0x00, 0x00, 0x0a, 0x00, 0x01, 0x01, 0x00, 0x00, 0x00, 0x1e, 0x00,
            0x01, 0x00, 0x00, 0x00, 0x01, 0x00, 0x00, 0x00, 0x01, 0xe7, 0xdb, 0xf0, 0x00, 0x95,
            0x00, 0x4a, 0x80, 0x4c, 0x80, 0xc3, 0x80, 0x00, 0x00, 0x1c, 0x00, 0x93, 0x00, 0x00,
            0x40, 0x00, 0x00, 0x00, 0x0b, 0x07, 0x23, 0x0a, 0x01, 0x00, 0x00, 0x00, 0x2d, 0x00,
            0x00, 0x00, 0x09, 0x00, 0x00, 0x00, 0x07, 0x00, 0x00, 0x00, 0x00, 0x00, 0x00, 0x00,
            0x00, 0x04, 0x00, 0x11, 0x00, 0x00, 0x00, 0x00, 0x00, 0x01, 0x01, 0x00, 0x00, 0x00,
            0x00, 0x00, 0x00, 0x00, 0x00, 0x00, 0x00, 0x00, 0x00, 0x00, 0x00, 0x00, 0x00, 0x00,
            0x00, 0x04, 0x00, 0x00, 0x00, 0x0c, 0x00, 0x01, 0x01, 0x00, 0x00, 0x00, 0x16, 0x00,
            0x00, 0x03, 0xff, 0xfd, 0xff, 0x02, 0xfe, 0xfe, 0xfe, 0x00, 0x00, 0x00, 0x00, 0x00,
            0x00, 0x00, 0x00, 0xff, 0x7f, 0xff, 0xac, 0x00, 0x00, 0x00, 0x0d, 0x00, 0x01, 0x01,
            0x00, 0x00, 0x00, 0x16, 0x00, 0x00, 0x03, 0xff, 0xfd, 0xff, 0x02, 0xfe, 0xfe, 0xfe,
            0x00, 0x00, 0x00, 0x00, 0x00, 0x00, 0x00, 0x00, 0xff, 0x7f, 0xff, 0xac, 0x00, 0x00,
            0x00, 0x0e, 0x00, 0x01, 0x01, 0x00, 0x00, 0x00, 0x16, 0x00, 0x00, 0x03, 0xff, 0xfd,
            0xff, 0x02, 0xfe, 0xfe, 0xfe, 0x00, 0x00, 0x00, 0x00, 0x00, 0x00, 0x00, 0x00, 0xff,
            0x7f, 0xff, 0xac, 0x00, 0x00, 0x00, 0x0f, 0x00, 0x01, 0x01, 0x00, 0x00, 0x00, 0x16,
            0x00, 0x00, 0x03, 0xff, 0xfd, 0xff, 0x02, 0xfe, 0xfe, 0xfe, 0x00, 0x00, 0x00, 0x00,
            0x00, 0x00, 0x00, 0x00, 0xff, 0x7f, 0xff, 0xac, 0x00, 0x00, 0x00, 0x10, 0x00, 0x01,
            0x01, 0x00, 0x00, 0x00, 0x16, 0x00, 0x00, 0x03, 0xff, 0xfd, 0xff, 0x02, 0xfe, 0xfe,
            0xfe, 0x00, 0x00, 0x00, 0x00, 0x00, 0x00, 0x00, 0x00, 0xff, 0x7f, 0xff, 0xac, 0x00,
            0x00, 0x00, 0x11, 0x00, 0x01, 0x01, 0x00, 0x00, 0x00, 0x16, 0x00, 0x00, 0x03, 0xff,
            0xfd, 0xff, 0x02, 0xfe, 0xfe, 0xfe, 0x00, 0x00, 0x00, 0x00, 0x00, 0x00, 0x00, 0x00,
            0xff, 0x7f, 0xff, 0xac, 0x00, 0x00, 0x00, 0x12, 0x00, 0x01, 0x01, 0x00, 0x00, 0x00,
            0x16, 0x00, 0x00, 0x03, 0xff, 0xfd, 0xff, 0x02, 0xfe, 0xfe, 0xfe, 0x00, 0x00, 0x00,
            0x00, 0x00, 0x00, 0x00, 0x00, 0xff, 0x7f, 0xff, 0xac, 0x00, 0x00, 0x00, 0x13, 0x00,
            0x01, 0x01, 0x00, 0x00, 0x00, 0x16, 0x00, 0x00, 0x03, 0xff, 0xfd, 0xff, 0x02, 0xfe,
            0xfe, 0xfe, 0x00, 0x00, 0x00, 0x00, 0x00, 0x00, 0x00, 0x00, 0xff, 0x7f, 0xff, 0xac,
            0x00, 0x00, 0x00, 0x14, 0x00, 0x01, 0x01, 0x00, 0x00, 0x00, 0x16, 0x00, 0x00, 0x03,
            0xff, 0xfd, 0xff, 0x02, 0xfe, 0xfe, 0xfe, 0x00, 0x00, 0x00, 0x00, 0x00, 0x00, 0x00,
            0x00, 0xff, 0x7f, 0xff, 0xac, 0x00, 0x00, 0x00, 0x15, 0x00, 0x01, 0x01, 0x00, 0x00,
            0x00, 0x16, 0x00, 0x00, 0x03, 0xff, 0xfd, 0xff, 0x02, 0xfe, 0xfe, 0xfe, 0x00, 0x00,
            0x00, 0x00, 0x00, 0x00, 0x00, 0x00, 0xff, 0x7f, 0xff, 0xac, 0x00, 0x00, 0x00, 0x16,
            0x00, 0x01, 0x01, 0x00, 0x00, 0x00, 0x16, 0x00, 0x00, 0x03, 0xff, 0xfd, 0xff, 0x02,
            0xfe, 0xfe, 0xfe, 0x00, 0x00, 0x00, 0x00, 0x00, 0x00, 0x00, 0x00, 0xff, 0x7f, 0xff,
            0xac, 0x00, 0x00, 0x00, 0x17, 0x00, 0x01, 0x01, 0x00, 0x00, 0x00, 0x16, 0x00, 0x00,
            0x03, 0xff, 0xfd, 0xff, 0x02, 0xfe, 0xfe, 0xfe, 0x00, 0x00, 0x00, 0x00, 0x00, 0x00,
            0x00, 0x00, 0xff, 0x7f, 0xff, 0xac, 0x00, 0x00, 0x00, 0x18, 0x00, 0x01, 0x01, 0x00,
            0x00, 0x00, 0x16, 0x00, 0x00, 0x03, 0xff, 0xfd, 0xff, 0x02, 0xfe, 0xfe, 0xfe, 0x00,
            0x00, 0x00, 0x00, 0x00, 0x00, 0x00, 0x00, 0xff, 0x7f, 0xff, 0xac, 0x00, 0x00, 0x00,
            0x19, 0x00, 0x01, 0x01, 0x00, 0x00, 0x00, 0x16, 0x00, 0x00, 0x03, 0xff, 0xfd, 0xff,
            0x02, 0xfe, 0xfe, 0xfe, 0x00, 0x00, 0x00, 0x00, 0x00, 0x00, 0x00, 0x00, 0xff, 0x7f,
            0xff, 0xac, 0x00, 0x00, 0x00, 0x1a, 0x00, 0x01, 0x01, 0x00, 0x00, 0x00, 0x16, 0x00,
            0x00, 0x03, 0xff, 0xfd, 0xff, 0x02, 0xfe, 0xfe, 0xfe, 0x00, 0x00, 0x00, 0x00, 0x00,
            0x00, 0x00, 0x00, 0xff, 0x7f, 0xff, 0xac, 0x00, 0x00, 0x00, 0xff, 0x3e, 0xe0, 0x00,
            0x00, 0x0f, 0xff, 0xff, 0x0c, 0x0d, 0x0e, 0x0f, 0x10, 0x11, 0x12, 0x13, 0x14, 0x15,
            0x16, 0x17, 0x18, 0x19, 0x1a, 0x01, 0x00, 0x00, 0x00, 0x09, 0x20, 0x00, 0x00, 0x00,
            0x52, 0x00, 0x50, 0x00, 0x00,
        ],
    },
    EncodedCase {
        name: "count-16-comment-pair",
        data: &[
            0x00, 0x00, 0x00, 0x01, 0x30, 0x01, 0x01, 0x00, 0x00, 0x00, 0x13, 0x00, 0x00, 0x00,
            0x09, 0x00, 0x00, 0x00, 0x07, 0x00, 0x00, 0x00, 0x00, 0x00, 0x00, 0x00, 0x00, 0x63,
            0x00, 0x00, 0x00, 0x00, 0x00, 0x0a, 0x00, 0x01, 0x01, 0x00, 0x00, 0x00, 0x1e, 0x00,
            0x01, 0x00, 0x00, 0x00, 0x01, 0x00, 0x00, 0x00, 0x01, 0xe7, 0xdb, 0xf0, 0x00, 0x95,
            0x00, 0x4a, 0x80, 0x4c, 0x80, 0xc3, 0x80, 0x00, 0x00, 0x1c, 0x00, 0x93, 0x00, 0x00,
            0x40, 0x00, 0x00, 0x00, 0x0b, 0x07, 0x23, 0x0a, 0x01, 0x00, 0x00, 0x00, 0x2d, 0x00,
            0x00, 0x00, 0x09, 0x00, 0x00, 0x00, 0x07, 0x00, 0x00, 0x00, 0x00, 0x00, 0x00, 0x00,
            0x00, 0x04, 0x00, 0x11, 0x00, 0x00, 0x00, 0x00, 0x00, 0x01, 0x01, 0x00, 0x00, 0x00,
            0x00, 0x00, 0x00, 0x00, 0x00, 0x00, 0x00, 0x00, 0x00, 0x00, 0x00, 0x00, 0x00, 0x00,
            0x00, 0x04, 0x00, 0x00, 0x00, 0x0c, 0x00, 0x01, 0x01, 0x00, 0x00, 0x00, 0x16, 0x00,
            0x00, 0x03, 0xff, 0xfd, 0xff, 0x02, 0xfe, 0xfe, 0xfe, 0x00, 0x00, 0x00, 0x00, 0x00,
            0x00, 0x00, 0x00, 0xff, 0x7f, 0xff, 0xac, 0x00, 0x00, 0x00, 0x0d, 0x00, 0x01, 0x01,
            0x00, 0x00, 0x00, 0x16, 0x00, 0x00, 0x03, 0xff, 0xfd, 0xff, 0x02, 0xfe, 0xfe, 0xfe,
            0x00, 0x00, 0x00, 0x00, 0x00, 0x00, 0x00, 0x00, 0xff, 0x7f, 0xff, 0xac, 0x00, 0x00,
            0x00, 0x0e, 0x00, 0x01, 0x01, 0x00, 0x00, 0x00, 0x16, 0x00, 0x00, 0x03, 0xff, 0xfd,
            0xff, 0x02, 0xfe, 0xfe, 0xfe, 0x00, 0x00, 0x00, 0x00, 0x00, 0x00, 0x00, 0x00, 0xff,
            0x7f, 0xff, 0xac, 0x00, 0x00, 0x00, 0x0f, 0x00, 0x01, 0x01, 0x00, 0x00, 0x00, 0x16,
            0x00, 0x00, 0x03, 0xff, 0xfd, 0xff, 0x02, 0xfe, 0xfe, 0xfe, 0x00, 0x00, 0x00, 0x00,
            0x00, 0x00, 0x00, 0x00, 0xff, 0x7f, 0xff, 0xac, 0x00, 0x00, 0x00, 0x10, 0x00, 0x01,
            0x01, 0x00, 0x00, 0x00, 0x16, 0x00, 0x00, 0x03, 0xff, 0xfd, 0xff, 0x02, 0xfe, 0xfe,
            0xfe, 0x00, 0x00, 0x00, 0x00, 0x00, 0x00, 0x00, 0x00, 0xff, 0x7f, 0xff, 0xac, 0x00,
            0x00, 0x00, 0x11, 0x00, 0x01, 0x01, 0x00, 0x00, 0x00, 0x16, 0x00, 0x00, 0x03, 0xff,
            0xfd, 0xff, 0x02, 0xfe, 0xfe, 0xfe, 0x00, 0x00, 0x00, 0x00, 0x00, 0x00, 0x00, 0x00,
            0xff, 0x7f, 0xff, 0xac, 0x00, 0x00, 0x00, 0x12, 0x00, 0x01, 0x01, 0x00, 0x00, 0x00,
            0x16, 0x00, 0x00, 0x03, 0xff, 0xfd, 0xff, 0x02, 0xfe, 0xfe, 0xfe, 0x00, 0x00, 0x00,
            0x00, 0x00, 0x00, 0x00, 0x00, 0xff, 0x7f, 0xff, 0xac, 0x00, 0x00, 0x00, 0x13, 0x00,
            0x01, 0x01, 0x00, 0x00, 0x00, 0x16, 0x00, 0x00, 0x03, 0xff, 0xfd, 0xff, 0x02, 0xfe,
            0xfe, 0xfe, 0x00, 0x00, 0x00, 0x00, 0x00, 0x00, 0x00, 0x00, 0xff, 0x7f, 0xff, 0xac,
            0x00, 0x00, 0x00, 0x14, 0x00, 0x01, 0x01, 0x00, 0x00, 0x00, 0x16, 0x00, 0x00, 0x03,
            0xff, 0xfd, 0xff, 0x02, 0xfe, 0xfe, 0xfe, 0x00, 0x00, 0x00, 0x00, 0x00, 0x00, 0x00,
            0x00, 0xff, 0x7f, 0xff, 0xac, 0x00, 0x00, 0x00, 0x15, 0x00, 0x01, 0x01, 0x00, 0x00,
            0x00, 0x16, 0x00, 0x00, 0x03, 0xff, 0xfd, 0xff, 0x02, 0xfe, 0xfe, 0xfe, 0x00, 0x00,
            0x00, 0x00, 0x00, 0x00, 0x00, 0x00, 0xff, 0x7f, 0xff, 0xac, 0x00, 0x00, 0x00, 0x16,
            0x00, 0x01, 0x01, 0x00, 0x00, 0x00, 0x16, 0x00, 0x00, 0x03, 0xff, 0xfd, 0xff, 0x02,
            0xfe, 0xfe, 0xfe, 0x00, 0x00, 0x00, 0x00, 0x00, 0x00, 0x00, 0x00, 0xff, 0x7f, 0xff,
            0xac, 0x00, 0x00, 0x00, 0x17, 0x00, 0x01, 0x01, 0x00, 0x00, 0x00, 0x16, 0x00, 0x00,
            0x03, 0xff, 0xfd, 0xff, 0x02, 0xfe, 0xfe, 0xfe, 0x00, 0x00, 0x00, 0x00, 0x00, 0x00,
            0x00, 0x00, 0xff, 0x7f, 0xff, 0xac, 0x00, 0x00, 0x00, 0x18, 0x00, 0x01, 0x01, 0x00,
            0x00, 0x00, 0x16, 0x00, 0x00, 0x03, 0xff, 0xfd, 0xff, 0x02, 0xfe, 0xfe, 0xfe, 0x00,
            0x00, 0x00, 0x00, 0x00, 0x00, 0x00, 0x00, 0xff, 0x7f, 0xff, 0xac, 0x00, 0x00, 0x00,
            0x19, 0x00, 0x01, 0x01, 0x00, 0x00, 0x00, 0x16, 0x00, 0x00, 0x03, 0xff, 0xfd, 0xff,
            0x02, 0xfe, 0xfe, 0xfe, 0x00, 0x00, 0x00, 0x00, 0x00, 0x00, 0x00, 0x00, 0xff, 0x7f,
            0xff, 0xac, 0x00, 0x00, 0x00, 0x1a, 0x00, 0x01, 0x01, 0x00, 0x00, 0x00, 0x16, 0x00,
            0x00, 0x03, 0xff, 0xfd, 0xff, 0x02, 0xfe, 0xfe, 0xfe, 0x00, 0x00, 0x00, 0x00, 0x00,
            0x00, 0x00, 0x00, 0xff, 0x7f, 0xff, 0xac, 0x00, 0x00, 0x00, 0x1b, 0x00, 0x01, 0x01,
            0x00, 0x00, 0x00, 0x16, 0x00, 0x00, 0x03, 0xff, 0xfd, 0xff, 0x02, 0xfe, 0xfe, 0xfe,
            0x00, 0x00, 0x00, 0x00, 0x00, 0x00, 0x00, 0x00, 0xff, 0x7f, 0xff, 0xac, 0x00, 0x00,
            0x00, 0xff, 0x3e, 0xe0, 0x00, 0x00, 0x10, 0xff, 0xff, 0x01, 0x0c, 0x0d, 0x0e, 0x0f,
            0x10, 0x11, 0x12, 0x13, 0x14, 0x15, 0x16, 0x17, 0x18, 0x19, 0x1a, 0x1b, 0x01, 0x00,
            0x00, 0x00, 0x09, 0x20, 0x00, 0x00, 0x00, 0x52, 0x00, 0x50, 0x00, 0x00,
        ],
    },
    EncodedCase {
        name: "count-23-comment-pair",
        data: &[
            0x00, 0x00, 0x00, 0x01, 0x30, 0x01, 0x01, 0x00, 0x00, 0x00, 0x13, 0x00, 0x00, 0x00,
            0x09, 0x00, 0x00, 0x00, 0x07, 0x00, 0x00, 0x00, 0x00, 0x00, 0x00, 0x00, 0x00, 0x63,
            0x00, 0x00, 0x00, 0x00, 0x00, 0x0a, 0x00, 0x01, 0x01, 0x00, 0x00, 0x00, 0x1e, 0x00,
            0x01, 0x00, 0x00, 0x00, 0x01, 0x00, 0x00, 0x00, 0x01, 0xe7, 0xdb, 0xf0, 0x00, 0x95,
            0x00, 0x4a, 0x80, 0x4c, 0x80, 0xc3, 0x80, 0x00, 0x00, 0x1c, 0x00, 0x93, 0x00, 0x00,
            0x40, 0x00, 0x00, 0x00, 0x0b, 0x07, 0x23, 0x0a, 0x01, 0x00, 0x00, 0x00, 0x2d, 0x00,
            0x00, 0x00, 0x09, 0x00, 0x00, 0x00, 0x07, 0x00, 0x00, 0x00, 0x00, 0x00, 0x00, 0x00,
            0x00, 0x04, 0x00, 0x11, 0x00, 0x00, 0x00, 0x00, 0x00, 0x01, 0x01, 0x00, 0x00, 0x00,
            0x00, 0x00, 0x00, 0x00, 0x00, 0x00, 0x00, 0x00, 0x00, 0x00, 0x00, 0x00, 0x00, 0x00,
            0x00, 0x04, 0x00, 0x00, 0x00, 0x0c, 0x00, 0x01, 0x01, 0x00, 0x00, 0x00, 0x16, 0x00,
            0x00, 0x03, 0xff, 0xfd, 0xff, 0x02, 0xfe, 0xfe, 0xfe, 0x00, 0x00, 0x00, 0x00, 0x00,
            0x00, 0x00, 0x00, 0xff, 0x7f, 0xff, 0xac, 0x00, 0x00, 0x00, 0x0d, 0x00, 0x01, 0x01,
            0x00, 0x00, 0x00, 0x16, 0x00, 0x00, 0x03, 0xff, 0xfd, 0xff, 0x02, 0xfe, 0xfe, 0xfe,
            0x00, 0x00, 0x00, 0x00, 0x00, 0x00, 0x00, 0x00, 0xff, 0x7f, 0xff, 0xac, 0x00, 0x00,
            0x00, 0x0e, 0x00, 0x01, 0x01, 0x00, 0x00, 0x00, 0x16, 0x00, 0x00, 0x03, 0xff, 0xfd,
            0xff, 0x02, 0xfe, 0xfe, 0xfe, 0x00, 0x00, 0x00, 0x00, 0x00, 0x00, 0x00, 0x00, 0xff,
            0x7f, 0xff, 0xac, 0x00, 0x00, 0x00, 0x0f, 0x00, 0x01, 0x01, 0x00, 0x00, 0x00, 0x16,
            0x00, 0x00, 0x03, 0xff, 0xfd, 0xff, 0x02, 0xfe, 0xfe, 0xfe, 0x00, 0x00, 0x00, 0x00,
            0x00, 0x00, 0x00, 0x00, 0xff, 0x7f, 0xff, 0xac, 0x00, 0x00, 0x00, 0x10, 0x00, 0x01,
            0x01, 0x00, 0x00, 0x00, 0x16, 0x00, 0x00, 0x03, 0xff, 0xfd, 0xff, 0x02, 0xfe, 0xfe,
            0xfe, 0x00, 0x00, 0x00, 0x00, 0x00, 0x00, 0x00, 0x00, 0xff, 0x7f, 0xff, 0xac, 0x00,
            0x00, 0x00, 0x11, 0x00, 0x01, 0x01, 0x00, 0x00, 0x00, 0x16, 0x00, 0x00, 0x03, 0xff,
            0xfd, 0xff, 0x02, 0xfe, 0xfe, 0xfe, 0x00, 0x00, 0x00, 0x00, 0x00, 0x00, 0x00, 0x00,
            0xff, 0x7f, 0xff, 0xac, 0x00, 0x00, 0x00, 0x12, 0x00, 0x01, 0x01, 0x00, 0x00, 0x00,
            0x16, 0x00, 0x00, 0x03, 0xff, 0xfd, 0xff, 0x02, 0xfe, 0xfe, 0xfe, 0x00, 0x00, 0x00,
            0x00, 0x00, 0x00, 0x00, 0x00, 0xff, 0x7f, 0xff, 0xac, 0x00, 0x00, 0x00, 0x13, 0x00,
            0x01, 0x01, 0x00, 0x00, 0x00, 0x16, 0x00, 0x00, 0x03, 0xff, 0xfd, 0xff, 0x02, 0xfe,
            0xfe, 0xfe, 0x00, 0x00, 0x00, 0x00, 0x00, 0x00, 0x00, 0x00, 0xff, 0x7f, 0xff, 0xac,
            0x00, 0x00, 0x00, 0x14, 0x00, 0x01, 0x01, 0x00, 0x00, 0x00, 0x16, 0x00, 0x00, 0x03,
            0xff, 0xfd, 0xff, 0x02, 0xfe, 0xfe, 0xfe, 0x00, 0x00, 0x00, 0x00, 0x00, 0x00, 0x00,
            0x00, 0xff, 0x7f, 0xff, 0xac, 0x00, 0x00, 0x00, 0x15, 0x00, 0x01, 0x01, 0x00, 0x00,
            0x00, 0x16, 0x00, 0x00, 0x03, 0xff, 0xfd, 0xff, 0x02, 0xfe, 0xfe, 0xfe, 0x00, 0x00,
            0x00, 0x00, 0x00, 0x00, 0x00, 0x00, 0xff, 0x7f, 0xff, 0xac, 0x00, 0x00, 0x00, 0x16,
            0x00, 0x01, 0x01, 0x00, 0x00, 0x00, 0x16, 0x00, 0x00, 0x03, 0xff, 0xfd, 0xff, 0x02,
            0xfe, 0xfe, 0xfe, 0x00, 0x00, 0x00, 0x00, 0x00, 0x00, 0x00, 0x00, 0xff, 0x7f, 0xff,
            0xac, 0x00, 0x00, 0x00, 0x17, 0x00, 0x01, 0x01, 0x00, 0x00, 0x00, 0x16, 0x00, 0x00,
            0x03, 0xff, 0xfd, 0xff, 0x02, 0xfe, 0xfe, 0xfe, 0x00, 0x00, 0x00, 0x00, 0x00, 0x00,
            0x00, 0x00, 0xff, 0x7f, 0xff, 0xac, 0x00, 0x00, 0x00, 0x18, 0x00, 0x01, 0x01, 0x00,
            0x00, 0x00, 0x16, 0x00, 0x00, 0x03, 0xff, 0xfd, 0xff, 0x02, 0xfe, 0xfe, 0xfe, 0x00,
            0x00, 0x00, 0x00, 0x00, 0x00, 0x00, 0x00, 0xff, 0x7f, 0xff, 0xac, 0x00, 0x00, 0x00,
            0x19, 0x00, 0x01, 0x01, 0x00, 0x00, 0x00, 0x16, 0x00, 0x00, 0x03, 0xff, 0xfd, 0xff,
            0x02, 0xfe, 0xfe, 0xfe, 0x00, 0x00, 0x00, 0x00, 0x00, 0x00, 0x00, 0x00, 0xff, 0x7f,
            0xff, 0xac, 0x00, 0x00, 0x00, 0x1a, 0x00, 0x01, 0x01, 0x00, 0x00, 0x00, 0x16, 0x00,
            0x00, 0x03, 0xff, 0xfd, 0xff, 0x02, 0xfe, 0xfe, 0xfe, 0x00, 0x00, 0x00, 0x00, 0x00,
            0x00, 0x00, 0x00, 0xff, 0x7f, 0xff, 0xac, 0x00, 0x00, 0x00, 0x1b, 0x00, 0x01, 0x01,
            0x00, 0x00, 0x00, 0x16, 0x00, 0x00, 0x03, 0xff, 0xfd, 0xff, 0x02, 0xfe, 0xfe, 0xfe,
            0x00, 0x00, 0x00, 0x00, 0x00, 0x00, 0x00, 0x00, 0xff, 0x7f, 0xff, 0xac, 0x00, 0x00,
            0x00, 0x1c, 0x00, 0x01, 0x01, 0x00, 0x00, 0x00, 0x16, 0x00, 0x00, 0x03, 0xff, 0xfd,
            0xff, 0x02, 0xfe, 0xfe, 0xfe, 0x00, 0x00, 0x00, 0x00, 0x00, 0x00, 0x00, 0x00, 0xff,
            0x7f, 0xff, 0xac, 0x00, 0x00, 0x00, 0x1d, 0x00, 0x01, 0x01, 0x00, 0x00, 0x00, 0x16,
            0x00, 0x00, 0x03, 0xff, 0xfd, 0xff, 0x02, 0xfe, 0xfe, 0xfe, 0x00, 0x00, 0x00, 0x00,
            0x00, 0x00, 0x00, 0x00, 0xff, 0x7f, 0xff, 0xac, 0x00, 0x00, 0x00, 0x1e, 0x00, 0x01,
            0x01, 0x00, 0x00, 0x00, 0x16, 0x00, 0x00, 0x03, 0xff, 0xfd, 0xff, 0x02, 0xfe, 0xfe,
            0xfe, 0x00, 0x00, 0x00, 0x00, 0x00, 0x00, 0x00, 0x00, 0xff, 0x7f, 0xff, 0xac, 0x00,
            0x00, 0x00, 0x1f, 0x00, 0x01, 0x01, 0x00, 0x00, 0x00, 0x16, 0x00, 0x00, 0x03, 0xff,
            0xfd, 0xff, 0x02, 0xfe, 0xfe, 0xfe, 0x00, 0x00, 0x00, 0x00, 0x00, 0x00, 0x00, 0x00,
            0xff, 0x7f, 0xff, 0xac, 0x00, 0x00, 0x00, 0x20, 0x00, 0x01, 0x01, 0x00, 0x00, 0x00,
            0x16, 0x00, 0x00, 0x03, 0xff, 0xfd, 0xff, 0x02, 0xfe, 0xfe, 0xfe, 0x00, 0x00, 0x00,
            0x00, 0x00, 0x00, 0x00, 0x00, 0xff, 0x7f, 0xff, 0xac, 0x00, 0x00, 0x00, 0x21, 0x00,
            0x01, 0x01, 0x00, 0x00, 0x00, 0x16, 0x00, 0x00, 0x03, 0xff, 0xfd, 0xff, 0x02, 0xfe,
            0xfe, 0xfe, 0x00, 0x00, 0x00, 0x00, 0x00, 0x00, 0x00, 0x00, 0xff, 0x7f, 0xff, 0xac,
            0x00, 0x00, 0x00, 0x22, 0x00, 0x01, 0x01, 0x00, 0x00, 0x00, 0x16, 0x00, 0x00, 0x03,
            0xff, 0xfd, 0xff, 0x02, 0xfe, 0xfe, 0xfe, 0x00, 0x00, 0x00, 0x00, 0x00, 0x00, 0x00,
            0x00, 0xff, 0x7f, 0xff, 0xac, 0x00, 0x00, 0x00, 0xff, 0x3e, 0xe0, 0x00, 0x00, 0x17,
            0xff, 0xff, 0xff, 0x0c, 0x0d, 0x0e, 0x0f, 0x10, 0x11, 0x12, 0x13, 0x14, 0x15, 0x16,
            0x17, 0x18, 0x19, 0x1a, 0x1b, 0x1c, 0x1d, 0x1e, 0x1f, 0x20, 0x21, 0x22, 0x01, 0x00,
            0x00, 0x00, 0x09, 0x20, 0x00, 0x00, 0x00, 0x52, 0x00, 0x50, 0x00, 0x00,
        ],
    },
    EncodedCase {
        name: "count-24-comment-pair",
        data: &[
            0x00, 0x00, 0x00, 0x01, 0x30, 0x01, 0x01, 0x00, 0x00, 0x00, 0x13, 0x00, 0x00, 0x00,
            0x09, 0x00, 0x00, 0x00, 0x07, 0x00, 0x00, 0x00, 0x00, 0x00, 0x00, 0x00, 0x00, 0x63,
            0x00, 0x00, 0x00, 0x00, 0x00, 0x0a, 0x00, 0x01, 0x01, 0x00, 0x00, 0x00, 0x1e, 0x00,
            0x01, 0x00, 0x00, 0x00, 0x01, 0x00, 0x00, 0x00, 0x01, 0xe7, 0xdb, 0xf0, 0x00, 0x95,
            0x00, 0x4a, 0x80, 0x4c, 0x80, 0xc3, 0x80, 0x00, 0x00, 0x1c, 0x00, 0x93, 0x00, 0x00,
            0x40, 0x00, 0x00, 0x00, 0x0b, 0x07, 0x23, 0x0a, 0x01, 0x00, 0x00, 0x00, 0x2d, 0x00,
            0x00, 0x00, 0x09, 0x00, 0x00, 0x00, 0x07, 0x00, 0x00, 0x00, 0x00, 0x00, 0x00, 0x00,
            0x00, 0x04, 0x00, 0x11, 0x00, 0x00, 0x00, 0x00, 0x00, 0x01, 0x01, 0x00, 0x00, 0x00,
            0x00, 0x00, 0x00, 0x00, 0x00, 0x00, 0x00, 0x00, 0x00, 0x00, 0x00, 0x00, 0x00, 0x00,
            0x00, 0x04, 0x00, 0x00, 0x00, 0x0c, 0x00, 0x01, 0x01, 0x00, 0x00, 0x00, 0x16, 0x00,
            0x00, 0x03, 0xff, 0xfd, 0xff, 0x02, 0xfe, 0xfe, 0xfe, 0x00, 0x00, 0x00, 0x00, 0x00,
            0x00, 0x00, 0x00, 0xff, 0x7f, 0xff, 0xac, 0x00, 0x00, 0x00, 0x0d, 0x00, 0x01, 0x01,
            0x00, 0x00, 0x00, 0x16, 0x00, 0x00, 0x03, 0xff, 0xfd, 0xff, 0x02, 0xfe, 0xfe, 0xfe,
            0x00, 0x00, 0x00, 0x00, 0x00, 0x00, 0x00, 0x00, 0xff, 0x7f, 0xff, 0xac, 0x00, 0x00,
            0x00, 0x0e, 0x00, 0x01, 0x01, 0x00, 0x00, 0x00, 0x16, 0x00, 0x00, 0x03, 0xff, 0xfd,
            0xff, 0x02, 0xfe, 0xfe, 0xfe, 0x00, 0x00, 0x00, 0x00, 0x00, 0x00, 0x00, 0x00, 0xff,
            0x7f, 0xff, 0xac, 0x00, 0x00, 0x00, 0x0f, 0x00, 0x01, 0x01, 0x00, 0x00, 0x00, 0x16,
            0x00, 0x00, 0x03, 0xff, 0xfd, 0xff, 0x02, 0xfe, 0xfe, 0xfe, 0x00, 0x00, 0x00, 0x00,
            0x00, 0x00, 0x00, 0x00, 0xff, 0x7f, 0xff, 0xac, 0x00, 0x00, 0x00, 0x10, 0x00, 0x01,
            0x01, 0x00, 0x00, 0x00, 0x16, 0x00, 0x00, 0x03, 0xff, 0xfd, 0xff, 0x02, 0xfe, 0xfe,
            0xfe, 0x00, 0x00, 0x00, 0x00, 0x00, 0x00, 0x00, 0x00, 0xff, 0x7f, 0xff, 0xac, 0x00,
            0x00, 0x00, 0x11, 0x00, 0x01, 0x01, 0x00, 0x00, 0x00, 0x16, 0x00, 0x00, 0x03, 0xff,
            0xfd, 0xff, 0x02, 0xfe, 0xfe, 0xfe, 0x00, 0x00, 0x00, 0x00, 0x00, 0x00, 0x00, 0x00,
            0xff, 0x7f, 0xff, 0xac, 0x00, 0x00, 0x00, 0x12, 0x00, 0x01, 0x01, 0x00, 0x00, 0x00,
            0x16, 0x00, 0x00, 0x03, 0xff, 0xfd, 0xff, 0x02, 0xfe, 0xfe, 0xfe, 0x00, 0x00, 0x00,
            0x00, 0x00, 0x00, 0x00, 0x00, 0xff, 0x7f, 0xff, 0xac, 0x00, 0x00, 0x00, 0x13, 0x00,
            0x01, 0x01, 0x00, 0x00, 0x00, 0x16, 0x00, 0x00, 0x03, 0xff, 0xfd, 0xff, 0x02, 0xfe,
            0xfe, 0xfe, 0x00, 0x00, 0x00, 0x00, 0x00, 0x00, 0x00, 0x00, 0xff, 0x7f, 0xff, 0xac,
            0x00, 0x00, 0x00, 0x14, 0x00, 0x01, 0x01, 0x00, 0x00, 0x00, 0x16, 0x00, 0x00, 0x03,
            0xff, 0xfd, 0xff, 0x02, 0xfe, 0xfe, 0xfe, 0x00, 0x00, 0x00, 0x00, 0x00, 0x00, 0x00,
            0x00, 0xff, 0x7f, 0xff, 0xac, 0x00, 0x00, 0x00, 0x15, 0x00, 0x01, 0x01, 0x00, 0x00,
            0x00, 0x16, 0x00, 0x00, 0x03, 0xff, 0xfd, 0xff, 0x02, 0xfe, 0xfe, 0xfe, 0x00, 0x00,
            0x00, 0x00, 0x00, 0x00, 0x00, 0x00, 0xff, 0x7f, 0xff, 0xac, 0x00, 0x00, 0x00, 0x16,
            0x00, 0x01, 0x01, 0x00, 0x00, 0x00, 0x16, 0x00, 0x00, 0x03, 0xff, 0xfd, 0xff, 0x02,
            0xfe, 0xfe, 0xfe, 0x00, 0x00, 0x00, 0x00, 0x00, 0x00, 0x00, 0x00, 0xff, 0x7f, 0xff,
            0xac, 0x00, 0x00, 0x00, 0x17, 0x00, 0x01, 0x01, 0x00, 0x00, 0x00, 0x16, 0x00, 0x00,
            0x03, 0xff, 0xfd, 0xff, 0x02, 0xfe, 0xfe, 0xfe, 0x00, 0x00, 0x00, 0x00, 0x00, 0x00,
            0x00, 0x00, 0xff, 0x7f, 0xff, 0xac, 0x00, 0x00, 0x00, 0x18, 0x00, 0x01, 0x01, 0x00,
            0x00, 0x00, 0x16, 0x00, 0x00, 0x03, 0xff, 0xfd, 0xff, 0x02, 0xfe, 0xfe, 0xfe, 0x00,
            0x00, 0x00, 0x00, 0x00, 0x00, 0x00, 0x00, 0xff, 0x7f, 0xff, 0xac, 0x00, 0x00, 0x00,
            0x19, 0x00, 0x01, 0x01, 0x00, 0x00, 0x00, 0x16, 0x00, 0x00, 0x03, 0xff, 0xfd, 0xff,
            0x02, 0xfe, 0xfe, 0xfe, 0x00, 0x00, 0x00, 0x00, 0x00, 0x00, 0x00, 0x00, 0xff, 0x7f,
            0xff, 0xac, 0x00, 0x00, 0x00, 0x1a, 0x00, 0x01, 0x01, 0x00, 0x00, 0x00, 0x16, 0x00,
            0x00, 0x03, 0xff, 0xfd, 0xff, 0x02, 0xfe, 0xfe, 0xfe, 0x00, 0x00, 0x00, 0x00, 0x00,
            0x00, 0x00, 0x00, 0xff, 0x7f, 0xff, 0xac, 0x00, 0x00, 0x00, 0x1b, 0x00, 0x01, 0x01,
            0x00, 0x00, 0x00, 0x16, 0x00, 0x00, 0x03, 0xff, 0xfd, 0xff, 0x02, 0xfe, 0xfe, 0xfe,
            0x00, 0x00, 0x00, 0x00, 0x00, 0x00, 0x00, 0x00, 0xff, 0x7f, 0xff, 0xac, 0x00, 0x00,
            0x00, 0x1c, 0x00, 0x01, 0x01, 0x00, 0x00, 0x00, 0x16, 0x00, 0x00, 0x03, 0xff, 0xfd,
            0xff, 0x02, 0xfe, 0xfe, 0xfe, 0x00, 0x00, 0x00, 0x00, 0x00, 0x00, 0x00, 0x00, 0xff,
            0x7f, 0xff, 0xac, 0x00, 0x00, 0x00, 0x1d, 0x00, 0x01, 0x01, 0x00, 0x00, 0x00, 0x16,
            0x00, 0x00, 0x03, 0xff, 0xfd, 0xff, 0x02, 0xfe, 0xfe, 0xfe, 0x00, 0x00, 0x00, 0x00,
            0x00, 0x00, 0x00, 0x00, 0xff, 0x7f, 0xff, 0xac, 0x00, 0x00, 0x00, 0x1e, 0x00, 0x01,
            0x01, 0x00, 0x00, 0x00, 0x16, 0x00, 0x00, 0x03, 0xff, 0xfd, 0xff, 0x02, 0xfe, 0xfe,
            0xfe, 0x00, 0x00, 0x00, 0x00, 0x00, 0x00, 0x00, 0x00, 0xff, 0x7f, 0xff, 0xac, 0x00,
            0x00, 0x00, 0x1f, 0x00, 0x01, 0x01, 0x00, 0x00, 0x00, 0x16, 0x00, 0x00, 0x03, 0xff,
            0xfd, 0xff, 0x02, 0xfe, 0xfe, 0xfe, 0x00, 0x00, 0x00, 0x00, 0x00, 0x00, 0x00, 0x00,
            0xff, 0x7f, 0xff, 0xac, 0x00, 0x00, 0x00, 0x20, 0x00, 0x01, 0x01, 0x00, 0x00, 0x00,
            0x16, 0x00, 0x00, 0x03, 0xff, 0xfd, 0xff, 0x02, 0xfe, 0xfe, 0xfe, 0x00, 0x00, 0x00,
            0x00, 0x00, 0x00, 0x00, 0x00, 0xff, 0x7f, 0xff, 0xac, 0x00, 0x00, 0x00, 0x21, 0x00,
            0x01, 0x01, 0x00, 0x00, 0x00, 0x16, 0x00, 0x00, 0x03, 0xff, 0xfd, 0xff, 0x02, 0xfe,
            0xfe, 0xfe, 0x00, 0x00, 0x00, 0x00, 0x00, 0x00, 0x00, 0x00, 0xff, 0x7f, 0xff, 0xac,
            0x00, 0x00, 0x00, 0x22, 0x00, 0x01, 0x01, 0x00, 0x00, 0x00, 0x16, 0x00, 0x00, 0x03,
            0xff, 0xfd, 0xff, 0x02, 0xfe, 0xfe, 0xfe, 0x00, 0x00, 0x00, 0x00, 0x00, 0x00, 0x00,
            0x00, 0xff, 0x7f, 0xff, 0xac, 0x00, 0x00, 0x00, 0x23, 0x00, 0x01, 0x01, 0x00, 0x00,
            0x00, 0x16, 0x00, 0x00, 0x03, 0xff, 0xfd, 0xff, 0x02, 0xfe, 0xfe, 0xfe, 0x00, 0x00,
            0x00, 0x00, 0x00, 0x00, 0x00, 0x00, 0xff, 0x7f, 0xff, 0xac, 0x00, 0x00, 0x00, 0xff,
            0x3e, 0xe0, 0x00, 0x00, 0x18, 0xff, 0xff, 0xff, 0x01, 0x0c, 0x0d, 0x0e, 0x0f, 0x10,
            0x11, 0x12, 0x13, 0x14, 0x15, 0x16, 0x17, 0x18, 0x19, 0x1a, 0x1b, 0x1c, 0x1d, 0x1e,
            0x1f, 0x20, 0x21, 0x22, 0x23, 0x01, 0x00, 0x00, 0x00, 0x09, 0x20, 0x00, 0x00, 0x00,
            0x52, 0x00, 0x50, 0x00, 0x00,
        ],
    },
    EncodedCase {
        name: "count-31-comment-pair",
        data: &[
            0x00, 0x00, 0x00, 0x01, 0x30, 0x01, 0x01, 0x00, 0x00, 0x00, 0x13, 0x00, 0x00, 0x00,
            0x09, 0x00, 0x00, 0x00, 0x07, 0x00, 0x00, 0x00, 0x00, 0x00, 0x00, 0x00, 0x00, 0x63,
            0x00, 0x00, 0x00, 0x00, 0x00, 0x0a, 0x00, 0x01, 0x01, 0x00, 0x00, 0x00, 0x1e, 0x00,
            0x01, 0x00, 0x00, 0x00, 0x01, 0x00, 0x00, 0x00, 0x01, 0xe7, 0xdb, 0xf0, 0x00, 0x95,
            0x00, 0x4a, 0x80, 0x4c, 0x80, 0xc3, 0x80, 0x00, 0x00, 0x1c, 0x00, 0x93, 0x00, 0x00,
            0x40, 0x00, 0x00, 0x00, 0x0b, 0x07, 0x23, 0x0a, 0x01, 0x00, 0x00, 0x00, 0x2d, 0x00,
            0x00, 0x00, 0x09, 0x00, 0x00, 0x00, 0x07, 0x00, 0x00, 0x00, 0x00, 0x00, 0x00, 0x00,
            0x00, 0x04, 0x00, 0x11, 0x00, 0x00, 0x00, 0x00, 0x00, 0x01, 0x01, 0x00, 0x00, 0x00,
            0x00, 0x00, 0x00, 0x00, 0x00, 0x00, 0x00, 0x00, 0x00, 0x00, 0x00, 0x00, 0x00, 0x00,
            0x00, 0x04, 0x00, 0x00, 0x00, 0x0c, 0x00, 0x01, 0x01, 0x00, 0x00, 0x00, 0x16, 0x00,
            0x00, 0x03, 0xff, 0xfd, 0xff, 0x02, 0xfe, 0xfe, 0xfe, 0x00, 0x00, 0x00, 0x00, 0x00,
            0x00, 0x00, 0x00, 0xff, 0x7f, 0xff, 0xac, 0x00, 0x00, 0x00, 0x0d, 0x00, 0x01, 0x01,
            0x00, 0x00, 0x00, 0x16, 0x00, 0x00, 0x03, 0xff, 0xfd, 0xff, 0x02, 0xfe, 0xfe, 0xfe,
            0x00, 0x00, 0x00, 0x00, 0x00, 0x00, 0x00, 0x00, 0xff, 0x7f, 0xff, 0xac, 0x00, 0x00,
            0x00, 0x0e, 0x00, 0x01, 0x01, 0x00, 0x00, 0x00, 0x16, 0x00, 0x00, 0x03, 0xff, 0xfd,
            0xff, 0x02, 0xfe, 0xfe, 0xfe, 0x00, 0x00, 0x00, 0x00, 0x00, 0x00, 0x00, 0x00, 0xff,
            0x7f, 0xff, 0xac, 0x00, 0x00, 0x00, 0x0f, 0x00, 0x01, 0x01, 0x00, 0x00, 0x00, 0x16,
            0x00, 0x00, 0x03, 0xff, 0xfd, 0xff, 0x02, 0xfe, 0xfe, 0xfe, 0x00, 0x00, 0x00, 0x00,
            0x00, 0x00, 0x00, 0x00, 0xff, 0x7f, 0xff, 0xac, 0x00, 0x00, 0x00, 0x10, 0x00, 0x01,
            0x01, 0x00, 0x00, 0x00, 0x16, 0x00, 0x00, 0x03, 0xff, 0xfd, 0xff, 0x02, 0xfe, 0xfe,
            0xfe, 0x00, 0x00, 0x00, 0x00, 0x00, 0x00, 0x00, 0x00, 0xff, 0x7f, 0xff, 0xac, 0x00,
            0x00, 0x00, 0x11, 0x00, 0x01, 0x01, 0x00, 0x00, 0x00, 0x16, 0x00, 0x00, 0x03, 0xff,
            0xfd, 0xff, 0x02, 0xfe, 0xfe, 0xfe, 0x00, 0x00, 0x00, 0x00, 0x00, 0x00, 0x00, 0x00,
            0xff, 0x7f, 0xff, 0xac, 0x00, 0x00, 0x00, 0x12, 0x00, 0x01, 0x01, 0x00, 0x00, 0x00,
            0x16, 0x00, 0x00, 0x03, 0xff, 0xfd, 0xff, 0x02, 0xfe, 0xfe, 0xfe, 0x00, 0x00, 0x00,
            0x00, 0x00, 0x00, 0x00, 0x00, 0xff, 0x7f, 0xff, 0xac, 0x00, 0x00, 0x00, 0x13, 0x00,
            0x01, 0x01, 0x00, 0x00, 0x00, 0x16, 0x00, 0x00, 0x03, 0xff, 0xfd, 0xff, 0x02, 0xfe,
            0xfe, 0xfe, 0x00, 0x00, 0x00, 0x00, 0x00, 0x00, 0x00, 0x00, 0xff, 0x7f, 0xff, 0xac,
            0x00, 0x00, 0x00, 0x14, 0x00, 0x01, 0x01, 0x00, 0x00, 0x00, 0x16, 0x00, 0x00, 0x03,
            0xff, 0xfd, 0xff, 0x02, 0xfe, 0xfe, 0xfe, 0x00, 0x00, 0x00, 0x00, 0x00, 0x00, 0x00,
            0x00, 0xff, 0x7f, 0xff, 0xac, 0x00, 0x00, 0x00, 0x15, 0x00, 0x01, 0x01, 0x00, 0x00,
            0x00, 0x16, 0x00, 0x00, 0x03, 0xff, 0xfd, 0xff, 0x02, 0xfe, 0xfe, 0xfe, 0x00, 0x00,
            0x00, 0x00, 0x00, 0x00, 0x00, 0x00, 0xff, 0x7f, 0xff, 0xac, 0x00, 0x00, 0x00, 0x16,
            0x00, 0x01, 0x01, 0x00, 0x00, 0x00, 0x16, 0x00, 0x00, 0x03, 0xff, 0xfd, 0xff, 0x02,
            0xfe, 0xfe, 0xfe, 0x00, 0x00, 0x00, 0x00, 0x00, 0x00, 0x00, 0x00, 0xff, 0x7f, 0xff,
            0xac, 0x00, 0x00, 0x00, 0x17, 0x00, 0x01, 0x01, 0x00, 0x00, 0x00, 0x16, 0x00, 0x00,
            0x03, 0xff, 0xfd, 0xff, 0x02, 0xfe, 0xfe, 0xfe, 0x00, 0x00, 0x00, 0x00, 0x00, 0x00,
            0x00, 0x00, 0xff, 0x7f, 0xff, 0xac, 0x00, 0x00, 0x00, 0x18, 0x00, 0x01, 0x01, 0x00,
            0x00, 0x00, 0x16, 0x00, 0x00, 0x03, 0xff, 0xfd, 0xff, 0x02, 0xfe, 0xfe, 0xfe, 0x00,
            0x00, 0x00, 0x00, 0x00, 0x00, 0x00, 0x00, 0xff, 0x7f, 0xff, 0xac, 0x00, 0x00, 0x00,
            0x19, 0x00, 0x01, 0x01, 0x00, 0x00, 0x00, 0x16, 0x00, 0x00, 0x03, 0xff, 0xfd, 0xff,
            0x02, 0xfe, 0xfe, 0xfe, 0x00, 0x00, 0x00, 0x00, 0x00, 0x00, 0x00, 0x00, 0xff, 0x7f,
            0xff, 0xac, 0x00, 0x00, 0x00, 0x1a, 0x00, 0x01, 0x01, 0x00, 0x00, 0x00, 0x16, 0x00,
            0x00, 0x03, 0xff, 0xfd, 0xff, 0x02, 0xfe, 0xfe, 0xfe, 0x00, 0x00, 0x00, 0x00, 0x00,
            0x00, 0x00, 0x00, 0xff, 0x7f, 0xff, 0xac, 0x00, 0x00, 0x00, 0x1b, 0x00, 0x01, 0x01,
            0x00, 0x00, 0x00, 0x16, 0x00, 0x00, 0x03, 0xff, 0xfd, 0xff, 0x02, 0xfe, 0xfe, 0xfe,
            0x00, 0x00, 0x00, 0x00, 0x00, 0x00, 0x00, 0x00, 0xff, 0x7f, 0xff, 0xac, 0x00, 0x00,
            0x00, 0x1c, 0x00, 0x01, 0x01, 0x00, 0x00, 0x00, 0x16, 0x00, 0x00, 0x03, 0xff, 0xfd,
            0xff, 0x02, 0xfe, 0xfe, 0xfe, 0x00, 0x00, 0x00, 0x00, 0x00, 0x00, 0x00, 0x00, 0xff,
            0x7f, 0xff, 0xac, 0x00, 0x00, 0x00, 0x1d, 0x00, 0x01, 0x01, 0x00, 0x00, 0x00, 0x16,
            0x00, 0x00, 0x03, 0xff, 0xfd, 0xff, 0x02, 0xfe, 0xfe, 0xfe, 0x00, 0x00, 0x00, 0x00,
            0x00, 0x00, 0x00, 0x00, 0xff, 0x7f, 0xff, 0xac, 0x00, 0x00, 0x00, 0x1e, 0x00, 0x01,
            0x01, 0x00, 0x00, 0x00, 0x16, 0x00, 0x00, 0x03, 0xff, 0xfd, 0xff, 0x02, 0xfe, 0xfe,
            0xfe, 0x00, 0x00, 0x00, 0x00, 0x00, 0x00, 0x00, 0x00, 0xff, 0x7f, 0xff, 0xac, 0x00,
            0x00, 0x00, 0x1f, 0x00, 0x01, 0x01, 0x00, 0x00, 0x00, 0x16, 0x00, 0x00, 0x03, 0xff,
            0xfd, 0xff, 0x02, 0xfe, 0xfe, 0xfe, 0x00, 0x00, 0x00, 0x00, 0x00, 0x00, 0x00, 0x00,
            0xff, 0x7f, 0xff, 0xac, 0x00, 0x00, 0x00, 0x20, 0x00, 0x01, 0x01, 0x00, 0x00, 0x00,
            0x16, 0x00, 0x00, 0x03, 0xff, 0xfd, 0xff, 0x02, 0xfe, 0xfe, 0xfe, 0x00, 0x00, 0x00,
            0x00, 0x00, 0x00, 0x00, 0x00, 0xff, 0x7f, 0xff, 0xac, 0x00, 0x00, 0x00, 0x21, 0x00,
            0x01, 0x01, 0x00, 0x00, 0x00, 0x16, 0x00, 0x00, 0x03, 0xff, 0xfd, 0xff, 0x02, 0xfe,
            0xfe, 0xfe, 0x00, 0x00, 0x00, 0x00, 0x00, 0x00, 0x00, 0x00, 0xff, 0x7f, 0xff, 0xac,
            0x00, 0x00, 0x00, 0x22, 0x00, 0x01, 0x01, 0x00, 0x00, 0x00, 0x16, 0x00, 0x00, 0x03,
            0xff, 0xfd, 0xff, 0x02, 0xfe, 0xfe, 0xfe, 0x00, 0x00, 0x00, 0x00, 0x00, 0x00, 0x00,
            0x00, 0xff, 0x7f, 0xff, 0xac, 0x00, 0x00, 0x00, 0x23, 0x00, 0x01, 0x01, 0x00, 0x00,
            0x00, 0x16, 0x00, 0x00, 0x03, 0xff, 0xfd, 0xff, 0x02, 0xfe, 0xfe, 0xfe, 0x00, 0x00,
            0x00, 0x00, 0x00, 0x00, 0x00, 0x00, 0xff, 0x7f, 0xff, 0xac, 0x00, 0x00, 0x00, 0x24,
            0x00, 0x01, 0x01, 0x00, 0x00, 0x00, 0x16, 0x00, 0x00, 0x03, 0xff, 0xfd, 0xff, 0x02,
            0xfe, 0xfe, 0xfe, 0x00, 0x00, 0x00, 0x00, 0x00, 0x00, 0x00, 0x00, 0xff, 0x7f, 0xff,
            0xac, 0x00, 0x00, 0x00, 0x25, 0x00, 0x01, 0x01, 0x00, 0x00, 0x00, 0x16, 0x00, 0x00,
            0x03, 0xff, 0xfd, 0xff, 0x02, 0xfe, 0xfe, 0xfe, 0x00, 0x00, 0x00, 0x00, 0x00, 0x00,
            0x00, 0x00, 0xff, 0x7f, 0xff, 0xac, 0x00, 0x00, 0x00, 0x26, 0x00, 0x01, 0x01, 0x00,
            0x00, 0x00, 0x16, 0x00, 0x00, 0x03, 0xff, 0xfd, 0xff, 0x02, 0xfe, 0xfe, 0xfe, 0x00,
            0x00, 0x00, 0x00, 0x00, 0x00, 0x00, 0x00, 0xff, 0x7f, 0xff, 0xac, 0x00, 0x00, 0x00,
            0x27, 0x00, 0x01, 0x01, 0x00, 0x00, 0x00, 0x16, 0x00, 0x00, 0x03, 0xff, 0xfd, 0xff,
            0x02, 0xfe, 0xfe, 0xfe, 0x00, 0x00, 0x00, 0x00, 0x00, 0x00, 0x00, 0x00, 0xff, 0x7f,
            0xff, 0xac, 0x00, 0x00, 0x00, 0x28, 0x00, 0x01, 0x01, 0x00, 0x00, 0x00, 0x16, 0x00,
            0x00, 0x03, 0xff, 0xfd, 0xff, 0x02, 0xfe, 0xfe, 0xfe, 0x00, 0x00, 0x00, 0x00, 0x00,
            0x00, 0x00, 0x00, 0xff, 0x7f, 0xff, 0xac, 0x00, 0x00, 0x00, 0x29, 0x00, 0x01, 0x01,
            0x00, 0x00, 0x00, 0x16, 0x00, 0x00, 0x03, 0xff, 0xfd, 0xff, 0x02, 0xfe, 0xfe, 0xfe,
            0x00, 0x00, 0x00, 0x00, 0x00, 0x00, 0x00, 0x00, 0xff, 0x7f, 0xff, 0xac, 0x00, 0x00,
            0x00, 0x2a, 0x00, 0x01, 0x01, 0x00, 0x00, 0x00, 0x16, 0x00, 0x00, 0x03, 0xff, 0xfd,
            0xff, 0x02, 0xfe, 0xfe, 0xfe, 0x00, 0x00, 0x00, 0x00, 0x00, 0x00, 0x00, 0x00, 0xff,
            0x7f, 0xff, 0xac, 0x00, 0x00, 0x00, 0xff, 0x3e, 0xe0, 0x00, 0x00, 0x1f, 0xff, 0xff,
            0xff, 0xff, 0x0c, 0x0d, 0x0e, 0x0f, 0x10, 0x11, 0x12, 0x13, 0x14, 0x15, 0x16, 0x17,
            0x18, 0x19, 0x1a, 0x1b, 0x1c, 0x1d, 0x1e, 0x1f, 0x20, 0x21, 0x22, 0x23, 0x24, 0x25,
            0x26, 0x27, 0x28, 0x29, 0x2a, 0x01, 0x00, 0x00, 0x00, 0x09, 0x20, 0x00, 0x00, 0x00,
            0x52, 0x00, 0x50, 0x00, 0x00,
        ],
    },
    EncodedCase {
        name: "count-32-comment-pair",
        data: &[
            0x00, 0x00, 0x00, 0x01, 0x30, 0x01, 0x01, 0x00, 0x00, 0x00, 0x13, 0x00, 0x00, 0x00,
            0x09, 0x00, 0x00, 0x00, 0x07, 0x00, 0x00, 0x00, 0x00, 0x00, 0x00, 0x00, 0x00, 0x63,
            0x00, 0x00, 0x00, 0x00, 0x00, 0x0a, 0x00, 0x01, 0x01, 0x00, 0x00, 0x00, 0x1e, 0x00,
            0x01, 0x00, 0x00, 0x00, 0x01, 0x00, 0x00, 0x00, 0x01, 0xe7, 0xdb, 0xf0, 0x00, 0x95,
            0x00, 0x4a, 0x80, 0x4c, 0x80, 0xc3, 0x80, 0x00, 0x00, 0x1c, 0x00, 0x93, 0x00, 0x00,
            0x40, 0x00, 0x00, 0x00, 0x0b, 0x07, 0x23, 0x0a, 0x01, 0x00, 0x00, 0x00, 0x2d, 0x00,
            0x00, 0x00, 0x09, 0x00, 0x00, 0x00, 0x07, 0x00, 0x00, 0x00, 0x00, 0x00, 0x00, 0x00,
            0x00, 0x04, 0x00, 0x11, 0x00, 0x00, 0x00, 0x00, 0x00, 0x01, 0x01, 0x00, 0x00, 0x00,
            0x00, 0x00, 0x00, 0x00, 0x00, 0x00, 0x00, 0x00, 0x00, 0x00, 0x00, 0x00, 0x00, 0x00,
            0x00, 0x04, 0x00, 0x00, 0x00, 0x0c, 0x00, 0x01, 0x01, 0x00, 0x00, 0x00, 0x16, 0x00,
            0x00, 0x03, 0xff, 0xfd, 0xff, 0x02, 0xfe, 0xfe, 0xfe, 0x00, 0x00, 0x00, 0x00, 0x00,
            0x00, 0x00, 0x00, 0xff, 0x7f, 0xff, 0xac, 0x00, 0x00, 0x00, 0x0d, 0x00, 0x01, 0x01,
            0x00, 0x00, 0x00, 0x16, 0x00, 0x00, 0x03, 0xff, 0xfd, 0xff, 0x02, 0xfe, 0xfe, 0xfe,
            0x00, 0x00, 0x00, 0x00, 0x00, 0x00, 0x00, 0x00, 0xff, 0x7f, 0xff, 0xac, 0x00, 0x00,
            0x00, 0x0e, 0x00, 0x01, 0x01, 0x00, 0x00, 0x00, 0x16, 0x00, 0x00, 0x03, 0xff, 0xfd,
            0xff, 0x02, 0xfe, 0xfe, 0xfe, 0x00, 0x00, 0x00, 0x00, 0x00, 0x00, 0x00, 0x00, 0xff,
            0x7f, 0xff, 0xac, 0x00, 0x00, 0x00, 0x0f, 0x00, 0x01, 0x01, 0x00, 0x00, 0x00, 0x16,
            0x00, 0x00, 0x03, 0xff, 0xfd, 0xff, 0x02, 0xfe, 0xfe, 0xfe, 0x00, 0x00, 0x00, 0x00,
            0x00, 0x00, 0x00, 0x00, 0xff, 0x7f, 0xff, 0xac, 0x00, 0x00, 0x00, 0x10, 0x00, 0x01,
            0x01, 0x00, 0x00, 0x00, 0x16, 0x00, 0x00, 0x03, 0xff, 0xfd, 0xff, 0x02, 0xfe, 0xfe,
            0xfe, 0x00, 0x00, 0x00, 0x00, 0x00, 0x00, 0x00, 0x00, 0xff, 0x7f, 0xff, 0xac, 0x00,
            0x00, 0x00, 0x11, 0x00, 0x01, 0x01, 0x00, 0x00, 0x00, 0x16, 0x00, 0x00, 0x03, 0xff,
            0xfd, 0xff, 0x02, 0xfe, 0xfe, 0xfe, 0x00, 0x00, 0x00, 0x00, 0x00, 0x00, 0x00, 0x00,
            0xff, 0x7f, 0xff, 0xac, 0x00, 0x00, 0x00, 0x12, 0x00, 0x01, 0x01, 0x00, 0x00, 0x00,
            0x16, 0x00, 0x00, 0x03, 0xff, 0xfd, 0xff, 0x02, 0xfe, 0xfe, 0xfe, 0x00, 0x00, 0x00,
            0x00, 0x00, 0x00, 0x00, 0x00, 0xff, 0x7f, 0xff, 0xac, 0x00, 0x00, 0x00, 0x13, 0x00,
            0x01, 0x01, 0x00, 0x00, 0x00, 0x16, 0x00, 0x00, 0x03, 0xff, 0xfd, 0xff, 0x02, 0xfe,
            0xfe, 0xfe, 0x00, 0x00, 0x00, 0x00, 0x00, 0x00, 0x00, 0x00, 0xff, 0x7f, 0xff, 0xac,
            0x00, 0x00, 0x00, 0x14, 0x00, 0x01, 0x01, 0x00, 0x00, 0x00, 0x16, 0x00, 0x00, 0x03,
            0xff, 0xfd, 0xff, 0x02, 0xfe, 0xfe, 0xfe, 0x00, 0x00, 0x00, 0x00, 0x00, 0x00, 0x00,
            0x00, 0xff, 0x7f, 0xff, 0xac, 0x00, 0x00, 0x00, 0x15, 0x00, 0x01, 0x01, 0x00, 0x00,
            0x00, 0x16, 0x00, 0x00, 0x03, 0xff, 0xfd, 0xff, 0x02, 0xfe, 0xfe, 0xfe, 0x00, 0x00,
            0x00, 0x00, 0x00, 0x00, 0x00, 0x00, 0xff, 0x7f, 0xff, 0xac, 0x00, 0x00, 0x00, 0x16,
            0x00, 0x01, 0x01, 0x00, 0x00, 0x00, 0x16, 0x00, 0x00, 0x03, 0xff, 0xfd, 0xff, 0x02,
            0xfe, 0xfe, 0xfe, 0x00, 0x00, 0x00, 0x00, 0x00, 0x00, 0x00, 0x00, 0xff, 0x7f, 0xff,
            0xac, 0x00, 0x00, 0x00, 0x17, 0x00, 0x01, 0x01, 0x00, 0x00, 0x00, 0x16, 0x00, 0x00,
            0x03, 0xff, 0xfd, 0xff, 0x02, 0xfe, 0xfe, 0xfe, 0x00, 0x00, 0x00, 0x00, 0x00, 0x00,
            0x00, 0x00, 0xff, 0x7f, 0xff, 0xac, 0x00, 0x00, 0x00, 0x18, 0x00, 0x01, 0x01, 0x00,
            0x00, 0x00, 0x16, 0x00, 0x00, 0x03, 0xff, 0xfd, 0xff, 0x02, 0xfe, 0xfe, 0xfe, 0x00,
            0x00, 0x00, 0x00, 0x00, 0x00, 0x00, 0x00, 0xff, 0x7f, 0xff, 0xac, 0x00, 0x00, 0x00,
            0x19, 0x00, 0x01, 0x01, 0x00, 0x00, 0x00, 0x16, 0x00, 0x00, 0x03, 0xff, 0xfd, 0xff,
            0x02, 0xfe, 0xfe, 0xfe, 0x00, 0x00, 0x00, 0x00, 0x00, 0x00, 0x00, 0x00, 0xff, 0x7f,
            0xff, 0xac, 0x00, 0x00, 0x00, 0x1a, 0x00, 0x01, 0x01, 0x00, 0x00, 0x00, 0x16, 0x00,
            0x00, 0x03, 0xff, 0xfd, 0xff, 0x02, 0xfe, 0xfe, 0xfe, 0x00, 0x00, 0x00, 0x00, 0x00,
            0x00, 0x00, 0x00, 0xff, 0x7f, 0xff, 0xac, 0x00, 0x00, 0x00, 0x1b, 0x00, 0x01, 0x01,
            0x00, 0x00, 0x00, 0x16, 0x00, 0x00, 0x03, 0xff, 0xfd, 0xff, 0x02, 0xfe, 0xfe, 0xfe,
            0x00, 0x00, 0x00, 0x00, 0x00, 0x00, 0x00, 0x00, 0xff, 0x7f, 0xff, 0xac, 0x00, 0x00,
            0x00, 0x1c, 0x00, 0x01, 0x01, 0x00, 0x00, 0x00, 0x16, 0x00, 0x00, 0x03, 0xff, 0xfd,
            0xff, 0x02, 0xfe, 0xfe, 0xfe, 0x00, 0x00, 0x00, 0x00, 0x00, 0x00, 0x00, 0x00, 0xff,
            0x7f, 0xff, 0xac, 0x00, 0x00, 0x00, 0x1d, 0x00, 0x01, 0x01, 0x00, 0x00, 0x00, 0x16,
            0x00, 0x00, 0x03, 0xff, 0xfd, 0xff, 0x02, 0xfe, 0xfe, 0xfe, 0x00, 0x00, 0x00, 0x00,
            0x00, 0x00, 0x00, 0x00, 0xff, 0x7f, 0xff, 0xac, 0x00, 0x00, 0x00, 0x1e, 0x00, 0x01,
            0x01, 0x00, 0x00, 0x00, 0x16, 0x00, 0x00, 0x03, 0xff, 0xfd, 0xff, 0x02, 0xfe, 0xfe,
            0xfe, 0x00, 0x00, 0x00, 0x00, 0x00, 0x00, 0x00, 0x00, 0xff, 0x7f, 0xff, 0xac, 0x00,
            0x00, 0x00, 0x1f, 0x00, 0x01, 0x01, 0x00, 0x00, 0x00, 0x16, 0x00, 0x00, 0x03, 0xff,
            0xfd, 0xff, 0x02, 0xfe, 0xfe, 0xfe, 0x00, 0x00, 0x00, 0x00, 0x00, 0x00, 0x00, 0x00,
            0xff, 0x7f, 0xff, 0xac, 0x00, 0x00, 0x00, 0x20, 0x00, 0x01, 0x01, 0x00, 0x00, 0x00,
            0x16, 0x00, 0x00, 0x03, 0xff, 0xfd, 0xff, 0x02, 0xfe, 0xfe, 0xfe, 0x00, 0x00, 0x00,
            0x00, 0x00, 0x00, 0x00, 0x00, 0xff, 0x7f, 0xff, 0xac, 0x00, 0x00, 0x00, 0x21, 0x00,
            0x01, 0x01, 0x00, 0x00, 0x00, 0x16, 0x00, 0x00, 0x03, 0xff, 0xfd, 0xff, 0x02, 0xfe,
            0xfe, 0xfe, 0x00, 0x00, 0x00, 0x00, 0x00, 0x00, 0x00, 0x00, 0xff, 0x7f, 0xff, 0xac,
            0x00, 0x00, 0x00, 0x22, 0x00, 0x01, 0x01, 0x00, 0x00, 0x00, 0x16, 0x00, 0x00, 0x03,
            0xff, 0xfd, 0xff, 0x02, 0xfe, 0xfe, 0xfe, 0x00, 0x00, 0x00, 0x00, 0x00, 0x00, 0x00,
            0x00, 0xff, 0x7f, 0xff, 0xac, 0x00, 0x00, 0x00, 0x23, 0x00, 0x01, 0x01, 0x00, 0x00,
            0x00, 0x16, 0x00, 0x00, 0x03, 0xff, 0xfd, 0xff, 0x02, 0xfe, 0xfe, 0xfe, 0x00, 0x00,
            0x00, 0x00, 0x00, 0x00, 0x00, 0x00, 0xff, 0x7f, 0xff, 0xac, 0x00, 0x00, 0x00, 0x24,
            0x00, 0x01, 0x01, 0x00, 0x00, 0x00, 0x16, 0x00, 0x00, 0x03, 0xff, 0xfd, 0xff, 0x02,
            0xfe, 0xfe, 0xfe, 0x00, 0x00, 0x00, 0x00, 0x00, 0x00, 0x00, 0x00, 0xff, 0x7f, 0xff,
            0xac, 0x00, 0x00, 0x00, 0x25, 0x00, 0x01, 0x01, 0x00, 0x00, 0x00, 0x16, 0x00, 0x00,
            0x03, 0xff, 0xfd, 0xff, 0x02, 0xfe, 0xfe, 0xfe, 0x00, 0x00, 0x00, 0x00, 0x00, 0x00,
            0x00, 0x00, 0xff, 0x7f, 0xff, 0xac, 0x00, 0x00, 0x00, 0x26, 0x00, 0x01, 0x01, 0x00,
            0x00, 0x00, 0x16, 0x00, 0x00, 0x03, 0xff, 0xfd, 0xff, 0x02, 0xfe, 0xfe, 0xfe, 0x00,
            0x00, 0x00, 0x00, 0x00, 0x00, 0x00, 0x00, 0xff, 0x7f, 0xff, 0xac, 0x00, 0x00, 0x00,
            0x27, 0x00, 0x01, 0x01, 0x00, 0x00, 0x00, 0x16, 0x00, 0x00, 0x03, 0xff, 0xfd, 0xff,
            0x02, 0xfe, 0xfe, 0xfe, 0x00, 0x00, 0x00, 0x00, 0x00, 0x00, 0x00, 0x00, 0xff, 0x7f,
            0xff, 0xac, 0x00, 0x00, 0x00, 0x28, 0x00, 0x01, 0x01, 0x00, 0x00, 0x00, 0x16, 0x00,
            0x00, 0x03, 0xff, 0xfd, 0xff, 0x02, 0xfe, 0xfe, 0xfe, 0x00, 0x00, 0x00, 0x00, 0x00,
            0x00, 0x00, 0x00, 0xff, 0x7f, 0xff, 0xac, 0x00, 0x00, 0x00, 0x29, 0x00, 0x01, 0x01,
            0x00, 0x00, 0x00, 0x16, 0x00, 0x00, 0x03, 0xff, 0xfd, 0xff, 0x02, 0xfe, 0xfe, 0xfe,
            0x00, 0x00, 0x00, 0x00, 0x00, 0x00, 0x00, 0x00, 0xff, 0x7f, 0xff, 0xac, 0x00, 0x00,
            0x00, 0x2a, 0x00, 0x01, 0x01, 0x00, 0x00, 0x00, 0x16, 0x00, 0x00, 0x03, 0xff, 0xfd,
            0xff, 0x02, 0xfe, 0xfe, 0xfe, 0x00, 0x00, 0x00, 0x00, 0x00, 0x00, 0x00, 0x00, 0xff,
            0x7f, 0xff, 0xac, 0x00, 0x00, 0x00, 0x2b, 0x00, 0x01, 0x01, 0x00, 0x00, 0x00, 0x16,
            0x00, 0x00, 0x03, 0xff, 0xfd, 0xff, 0x02, 0xfe, 0xfe, 0xfe, 0x00, 0x00, 0x00, 0x00,
            0x00, 0x00, 0x00, 0x00, 0xff, 0x7f, 0xff, 0xac, 0x00, 0x00, 0x00, 0xff, 0x3e, 0xe0,
            0x00, 0x00, 0x20, 0xff, 0xff, 0xff, 0xff, 0x01, 0x0c, 0x0d, 0x0e, 0x0f, 0x10, 0x11,
            0x12, 0x13, 0x14, 0x15, 0x16, 0x17, 0x18, 0x19, 0x1a, 0x1b, 0x1c, 0x1d, 0x1e, 0x1f,
            0x20, 0x21, 0x22, 0x23, 0x24, 0x25, 0x26, 0x27, 0x28, 0x29, 0x2a, 0x2b, 0x01, 0x00,
            0x00, 0x00, 0x09, 0x20, 0x00, 0x00, 0x00, 0x52, 0x00, 0x50, 0x00, 0x00,
        ],
    },
    EncodedCase {
        name: "count-9-none-comment-pair",
        data: &[
            0x00, 0x00, 0x00, 0x01, 0x30, 0x01, 0x01, 0x00, 0x00, 0x00, 0x13, 0x00, 0x00, 0x00,
            0x09, 0x00, 0x00, 0x00, 0x07, 0x00, 0x00, 0x00, 0x00, 0x00, 0x00, 0x00, 0x00, 0x63,
            0x00, 0x00, 0x00, 0x00, 0x00, 0x0a, 0x00, 0x01, 0x01, 0x00, 0x00, 0x00, 0x1e, 0x00,
            0x01, 0x00, 0x00, 0x00, 0x01, 0x00, 0x00, 0x00, 0x01, 0xe7, 0xdb, 0xf0, 0x00, 0x95,
            0x00, 0x4a, 0x80, 0x4c, 0x80, 0xc3, 0x80, 0x00, 0x00, 0x1c, 0x00, 0x93, 0x00, 0x00,
            0x40, 0x00, 0x00, 0x00, 0x0b, 0x07, 0x23, 0x0a, 0x01, 0x00, 0x00, 0x00, 0x2d, 0x00,
            0x00, 0x00, 0x09, 0x00, 0x00, 0x00, 0x07, 0x00, 0x00, 0x00, 0x00, 0x00, 0x00, 0x00,
            0x00, 0x04, 0x00, 0x11, 0x00, 0x00, 0x00, 0x00, 0x00, 0x01, 0x01, 0x00, 0x00, 0x00,
            0x00, 0x00, 0x00, 0x00, 0x00, 0x00, 0x00, 0x00, 0x00, 0x00, 0x00, 0x00, 0x00, 0x00,
            0x00, 0x04, 0x00, 0x00, 0x00, 0x0c, 0x00, 0x01, 0x01, 0x00, 0x00, 0x00, 0x16, 0x00,
            0x00, 0x03, 0xff, 0xfd, 0xff, 0x02, 0xfe, 0xfe, 0xfe, 0x00, 0x00, 0x00, 0x00, 0x00,
            0x00, 0x00, 0x00, 0xff, 0x7f, 0xff, 0xac, 0x00, 0x00, 0x00, 0x0d, 0x00, 0x01, 0x01,
            0x00, 0x00, 0x00, 0x16, 0x00, 0x00, 0x03, 0xff, 0xfd, 0xff, 0x02, 0xfe, 0xfe, 0xfe,
            0x00, 0x00, 0x00, 0x00, 0x00, 0x00, 0x00, 0x00, 0xff, 0x7f, 0xff, 0xac, 0x00, 0x00,
            0x00, 0x0e, 0x00, 0x01, 0x01, 0x00, 0x00, 0x00, 0x16, 0x00, 0x00, 0x03, 0xff, 0xfd,
            0xff, 0x02, 0xfe, 0xfe, 0xfe, 0x00, 0x00, 0x00, 0x00, 0x00, 0x00, 0x00, 0x00, 0xff,
            0x7f, 0xff, 0xac, 0x00, 0x00, 0x00, 0x0f, 0x00, 0x01, 0x01, 0x00, 0x00, 0x00, 0x16,
            0x00, 0x00, 0x03, 0xff, 0xfd, 0xff, 0x02, 0xfe, 0xfe, 0xfe, 0x00, 0x00, 0x00, 0x00,
            0x00, 0x00, 0x00, 0x00, 0xff, 0x7f, 0xff, 0xac, 0x00, 0x00, 0x00, 0x10, 0x00, 0x01,
            0x01, 0x00, 0x00, 0x00, 0x16, 0x00, 0x00, 0x03, 0xff, 0xfd, 0xff, 0x02, 0xfe, 0xfe,
            0xfe, 0x00, 0x00, 0x00, 0x00, 0x00, 0x00, 0x00, 0x00, 0xff, 0x7f, 0xff, 0xac, 0x00,
            0x00, 0x00, 0x11, 0x00, 0x01, 0x01, 0x00, 0x00, 0x00, 0x16, 0x00, 0x00, 0x03, 0xff,
            0xfd, 0xff, 0x02, 0xfe, 0xfe, 0xfe, 0x00, 0x00, 0x00, 0x00, 0x00, 0x00, 0x00, 0x00,
            0xff, 0x7f, 0xff, 0xac, 0x00, 0x00, 0x00, 0x12, 0x00, 0x01, 0x01, 0x00, 0x00, 0x00,
            0x16, 0x00, 0x00, 0x03, 0xff, 0xfd, 0xff, 0x02, 0xfe, 0xfe, 0xfe, 0x00, 0x00, 0x00,
            0x00, 0x00, 0x00, 0x00, 0x00, 0xff, 0x7f, 0xff, 0xac, 0x00, 0x00, 0x00, 0x13, 0x00,
            0x01, 0x01, 0x00, 0x00, 0x00, 0x16, 0x00, 0x00, 0x03, 0xff, 0xfd, 0xff, 0x02, 0xfe,
            0xfe, 0xfe, 0x00, 0x00, 0x00, 0x00, 0x00, 0x00, 0x00, 0x00, 0xff, 0x7f, 0xff, 0xac,
            0x00, 0x00, 0x00, 0x14, 0x00, 0x01, 0x01, 0x00, 0x00, 0x00, 0x16, 0x00, 0x00, 0x03,
            0xff, 0xfd, 0xff, 0x02, 0xfe, 0xfe, 0xfe, 0x00, 0x00, 0x00, 0x00, 0x00, 0x00, 0x00,
            0x00, 0xff, 0x7f, 0xff, 0xac, 0x00, 0x00, 0x00, 0xff, 0x3e, 0xe0, 0x00, 0x00, 0x09,
            0x00, 0x00, 0x0c, 0x0d, 0x0e, 0x0f, 0x10, 0x11, 0x12, 0x13, 0x14, 0x01, 0x00, 0x00,
            0x00, 0x09, 0x20, 0x00, 0x00, 0x00, 0x52, 0x00, 0x50, 0x00, 0x00,
        ],
    },
    EncodedCase {
        name: "count-9-alternating-comment-pair",
        data: &[
            0x00, 0x00, 0x00, 0x01, 0x30, 0x01, 0x01, 0x00, 0x00, 0x00, 0x13, 0x00, 0x00, 0x00,
            0x09, 0x00, 0x00, 0x00, 0x07, 0x00, 0x00, 0x00, 0x00, 0x00, 0x00, 0x00, 0x00, 0x63,
            0x00, 0x00, 0x00, 0x00, 0x00, 0x0a, 0x00, 0x01, 0x01, 0x00, 0x00, 0x00, 0x1e, 0x00,
            0x01, 0x00, 0x00, 0x00, 0x01, 0x00, 0x00, 0x00, 0x01, 0xe7, 0xdb, 0xf0, 0x00, 0x95,
            0x00, 0x4a, 0x80, 0x4c, 0x80, 0xc3, 0x80, 0x00, 0x00, 0x1c, 0x00, 0x93, 0x00, 0x00,
            0x40, 0x00, 0x00, 0x00, 0x0b, 0x07, 0x23, 0x0a, 0x01, 0x00, 0x00, 0x00, 0x2d, 0x00,
            0x00, 0x00, 0x09, 0x00, 0x00, 0x00, 0x07, 0x00, 0x00, 0x00, 0x00, 0x00, 0x00, 0x00,
            0x00, 0x04, 0x00, 0x11, 0x00, 0x00, 0x00, 0x00, 0x00, 0x01, 0x01, 0x00, 0x00, 0x00,
            0x00, 0x00, 0x00, 0x00, 0x00, 0x00, 0x00, 0x00, 0x00, 0x00, 0x00, 0x00, 0x00, 0x00,
            0x00, 0x04, 0x00, 0x00, 0x00, 0x0c, 0x00, 0x01, 0x01, 0x00, 0x00, 0x00, 0x16, 0x00,
            0x00, 0x03, 0xff, 0xfd, 0xff, 0x02, 0xfe, 0xfe, 0xfe, 0x00, 0x00, 0x00, 0x00, 0x00,
            0x00, 0x00, 0x00, 0xff, 0x7f, 0xff, 0xac, 0x00, 0x00, 0x00, 0x0d, 0x00, 0x01, 0x01,
            0x00, 0x00, 0x00, 0x16, 0x00, 0x00, 0x03, 0xff, 0xfd, 0xff, 0x02, 0xfe, 0xfe, 0xfe,
            0x00, 0x00, 0x00, 0x00, 0x00, 0x00, 0x00, 0x00, 0xff, 0x7f, 0xff, 0xac, 0x00, 0x00,
            0x00, 0x0e, 0x00, 0x01, 0x01, 0x00, 0x00, 0x00, 0x16, 0x00, 0x00, 0x03, 0xff, 0xfd,
            0xff, 0x02, 0xfe, 0xfe, 0xfe, 0x00, 0x00, 0x00, 0x00, 0x00, 0x00, 0x00, 0x00, 0xff,
            0x7f, 0xff, 0xac, 0x00, 0x00, 0x00, 0x0f, 0x00, 0x01, 0x01, 0x00, 0x00, 0x00, 0x16,
            0x00, 0x00, 0x03, 0xff, 0xfd, 0xff, 0x02, 0xfe, 0xfe, 0xfe, 0x00, 0x00, 0x00, 0x00,
            0x00, 0x00, 0x00, 0x00, 0xff, 0x7f, 0xff, 0xac, 0x00, 0x00, 0x00, 0x10, 0x00, 0x01,
            0x01, 0x00, 0x00, 0x00, 0x16, 0x00, 0x00, 0x03, 0xff, 0xfd, 0xff, 0x02, 0xfe, 0xfe,
            0xfe, 0x00, 0x00, 0x00, 0x00, 0x00, 0x00, 0x00, 0x00, 0xff, 0x7f, 0xff, 0xac, 0x00,
            0x00, 0x00, 0x11, 0x00, 0x01, 0x01, 0x00, 0x00, 0x00, 0x16, 0x00, 0x00, 0x03, 0xff,
            0xfd, 0xff, 0x02, 0xfe, 0xfe, 0xfe, 0x00, 0x00, 0x00, 0x00, 0x00, 0x00, 0x00, 0x00,
            0xff, 0x7f, 0xff, 0xac, 0x00, 0x00, 0x00, 0x12, 0x00, 0x01, 0x01, 0x00, 0x00, 0x00,
            0x16, 0x00, 0x00, 0x03, 0xff, 0xfd, 0xff, 0x02, 0xfe, 0xfe, 0xfe, 0x00, 0x00, 0x00,
            0x00, 0x00, 0x00, 0x00, 0x00, 0xff, 0x7f, 0xff, 0xac, 0x00, 0x00, 0x00, 0x13, 0x00,
            0x01, 0x01, 0x00, 0x00, 0x00, 0x16, 0x00, 0x00, 0x03, 0xff, 0xfd, 0xff, 0x02, 0xfe,
            0xfe, 0xfe, 0x00, 0x00, 0x00, 0x00, 0x00, 0x00, 0x00, 0x00, 0xff, 0x7f, 0xff, 0xac,
            0x00, 0x00, 0x00, 0x14, 0x00, 0x01, 0x01, 0x00, 0x00, 0x00, 0x16, 0x00, 0x00, 0x03,
            0xff, 0xfd, 0xff, 0x02, 0xfe, 0xfe, 0xfe, 0x00, 0x00, 0x00, 0x00, 0x00, 0x00, 0x00,
            0x00, 0xff, 0x7f, 0xff, 0xac, 0x00, 0x00, 0x00, 0xff, 0x3e, 0xe0, 0x00, 0x00, 0x09,
            0x55, 0x01, 0x0c, 0x0d, 0x0e, 0x0f, 0x10, 0x11, 0x12, 0x13, 0x14, 0x01, 0x00, 0x00,
            0x00, 0x09, 0x20, 0x00, 0x00, 0x00, 0x52, 0x00, 0x50, 0x00, 0x00,
        ],
    },
    EncodedCase {
        name: "count-9-number-257-comment-pair",
        data: &[
            0x00, 0x00, 0x00, 0x01, 0x30, 0x01, 0x01, 0x00, 0x00, 0x00, 0x13, 0x00, 0x00, 0x00,
            0x09, 0x00, 0x00, 0x00, 0x07, 0x00, 0x00, 0x00, 0x00, 0x00, 0x00, 0x00, 0x00, 0x63,
            0x00, 0x00, 0x00, 0x00, 0x00, 0x0a, 0x00, 0x01, 0x01, 0x00, 0x00, 0x00, 0x1e, 0x00,
            0x01, 0x00, 0x00, 0x00, 0x01, 0x00, 0x00, 0x00, 0x01, 0xe7, 0xdb, 0xf0, 0x00, 0x95,
            0x00, 0x4a, 0x80, 0x4c, 0x80, 0xc3, 0x80, 0x00, 0x00, 0x1c, 0x00, 0x93, 0x00, 0x00,
            0x40, 0x00, 0x00, 0x00, 0x0b, 0x07, 0x23, 0x0a, 0x01, 0x00, 0x00, 0x00, 0x2d, 0x00,
            0x00, 0x00, 0x09, 0x00, 0x00, 0x00, 0x07, 0x00, 0x00, 0x00, 0x00, 0x00, 0x00, 0x00,
            0x00, 0x04, 0x00, 0x11, 0x00, 0x00, 0x00, 0x00, 0x00, 0x01, 0x01, 0x00, 0x00, 0x00,
            0x00, 0x00, 0x00, 0x00, 0x00, 0x00, 0x00, 0x00, 0x00, 0x00, 0x00, 0x00, 0x00, 0x00,
            0x00, 0x04, 0x00, 0x00, 0x00, 0x0c, 0x00, 0x01, 0x01, 0x00, 0x00, 0x00, 0x16, 0x00,
            0x00, 0x03, 0xff, 0xfd, 0xff, 0x02, 0xfe, 0xfe, 0xfe, 0x00, 0x00, 0x00, 0x00, 0x00,
            0x00, 0x00, 0x00, 0xff, 0x7f, 0xff, 0xac, 0x00, 0x00, 0x00, 0x0d, 0x00, 0x01, 0x01,
            0x00, 0x00, 0x00, 0x16, 0x00, 0x00, 0x03, 0xff, 0xfd, 0xff, 0x02, 0xfe, 0xfe, 0xfe,
            0x00, 0x00, 0x00, 0x00, 0x00, 0x00, 0x00, 0x00, 0xff, 0x7f, 0xff, 0xac, 0x00, 0x00,
            0x00, 0x0e, 0x00, 0x01, 0x01, 0x00, 0x00, 0x00, 0x16, 0x00, 0x00, 0x03, 0xff, 0xfd,
            0xff, 0x02, 0xfe, 0xfe, 0xfe, 0x00, 0x00, 0x00, 0x00, 0x00, 0x00, 0x00, 0x00, 0xff,
            0x7f, 0xff, 0xac, 0x00, 0x00, 0x00, 0x0f, 0x00, 0x01, 0x01, 0x00, 0x00, 0x00, 0x16,
            0x00, 0x00, 0x03, 0xff, 0xfd, 0xff, 0x02, 0xfe, 0xfe, 0xfe, 0x00, 0x00, 0x00, 0x00,
            0x00, 0x00, 0x00, 0x00, 0xff, 0x7f, 0xff, 0xac, 0x00, 0x00, 0x00, 0x10, 0x00, 0x01,
            0x01, 0x00, 0x00, 0x00, 0x16, 0x00, 0x00, 0x03, 0xff, 0xfd, 0xff, 0x02, 0xfe, 0xfe,
            0xfe, 0x00, 0x00, 0x00, 0x00, 0x00, 0x00, 0x00, 0x00, 0xff, 0x7f, 0xff, 0xac, 0x00,
            0x00, 0x00, 0x11, 0x00, 0x01, 0x01, 0x00, 0x00, 0x00, 0x16, 0x00, 0x00, 0x03, 0xff,
            0xfd, 0xff, 0x02, 0xfe, 0xfe, 0xfe, 0x00, 0x00, 0x00, 0x00, 0x00, 0x00, 0x00, 0x00,
            0xff, 0x7f, 0xff, 0xac, 0x00, 0x00, 0x00, 0x12, 0x00, 0x01, 0x01, 0x00, 0x00, 0x00,
            0x16, 0x00, 0x00, 0x03, 0xff, 0xfd, 0xff, 0x02, 0xfe, 0xfe, 0xfe, 0x00, 0x00, 0x00,
            0x00, 0x00, 0x00, 0x00, 0x00, 0xff, 0x7f, 0xff, 0xac, 0x00, 0x00, 0x00, 0x13, 0x00,
            0x01, 0x01, 0x00, 0x00, 0x00, 0x16, 0x00, 0x00, 0x03, 0xff, 0xfd, 0xff, 0x02, 0xfe,
            0xfe, 0xfe, 0x00, 0x00, 0x00, 0x00, 0x00, 0x00, 0x00, 0x00, 0xff, 0x7f, 0xff, 0xac,
            0x00, 0x00, 0x00, 0x14, 0x00, 0x01, 0x01, 0x00, 0x00, 0x00, 0x16, 0x00, 0x00, 0x03,
            0xff, 0xfd, 0xff, 0x02, 0xfe, 0xfe, 0xfe, 0x00, 0x00, 0x00, 0x00, 0x00, 0x00, 0x00,
            0x00, 0xff, 0x7f, 0xff, 0xac, 0x00, 0x00, 0x01, 0x01, 0x3e, 0xe0, 0x00, 0x00, 0x09,
            0xff, 0x03, 0x00, 0x0c, 0x00, 0x0d, 0x00, 0x0e, 0x00, 0x0f, 0x00, 0x10, 0x00, 0x11,
            0x00, 0x12, 0x00, 0x13, 0x00, 0x14, 0x01, 0x00, 0x00, 0x00, 0x09, 0x20, 0x00, 0x00,
            0x00, 0x52, 0x00, 0x50, 0x00, 0x00,
        ],
    },
    EncodedCase {
        name: "count-9-number-65537-comment-pair",
        data: &[
            0x00, 0x00, 0x00, 0x01, 0x30, 0x01, 0x01, 0x00, 0x00, 0x00, 0x13, 0x00, 0x00, 0x00,
            0x09, 0x00, 0x00, 0x00, 0x07, 0x00, 0x00, 0x00, 0x00, 0x00, 0x00, 0x00, 0x00, 0x63,
            0x00, 0x00, 0x00, 0x00, 0x00, 0x0a, 0x00, 0x01, 0x01, 0x00, 0x00, 0x00, 0x1e, 0x00,
            0x01, 0x00, 0x00, 0x00, 0x01, 0x00, 0x00, 0x00, 0x01, 0xe7, 0xdb, 0xf0, 0x00, 0x95,
            0x00, 0x4a, 0x80, 0x4c, 0x80, 0xc3, 0x80, 0x00, 0x00, 0x1c, 0x00, 0x93, 0x00, 0x00,
            0x40, 0x00, 0x00, 0x00, 0x0b, 0x07, 0x23, 0x0a, 0x01, 0x00, 0x00, 0x00, 0x2d, 0x00,
            0x00, 0x00, 0x09, 0x00, 0x00, 0x00, 0x07, 0x00, 0x00, 0x00, 0x00, 0x00, 0x00, 0x00,
            0x00, 0x04, 0x00, 0x11, 0x00, 0x00, 0x00, 0x00, 0x00, 0x01, 0x01, 0x00, 0x00, 0x00,
            0x00, 0x00, 0x00, 0x00, 0x00, 0x00, 0x00, 0x00, 0x00, 0x00, 0x00, 0x00, 0x00, 0x00,
            0x00, 0x04, 0x00, 0x00, 0x00, 0x0c, 0x00, 0x01, 0x01, 0x00, 0x00, 0x00, 0x16, 0x00,
            0x00, 0x03, 0xff, 0xfd, 0xff, 0x02, 0xfe, 0xfe, 0xfe, 0x00, 0x00, 0x00, 0x00, 0x00,
            0x00, 0x00, 0x00, 0xff, 0x7f, 0xff, 0xac, 0x00, 0x00, 0x00, 0x0d, 0x00, 0x01, 0x01,
            0x00, 0x00, 0x00, 0x16, 0x00, 0x00, 0x03, 0xff, 0xfd, 0xff, 0x02, 0xfe, 0xfe, 0xfe,
            0x00, 0x00, 0x00, 0x00, 0x00, 0x00, 0x00, 0x00, 0xff, 0x7f, 0xff, 0xac, 0x00, 0x00,
            0x00, 0x0e, 0x00, 0x01, 0x01, 0x00, 0x00, 0x00, 0x16, 0x00, 0x00, 0x03, 0xff, 0xfd,
            0xff, 0x02, 0xfe, 0xfe, 0xfe, 0x00, 0x00, 0x00, 0x00, 0x00, 0x00, 0x00, 0x00, 0xff,
            0x7f, 0xff, 0xac, 0x00, 0x00, 0x00, 0x0f, 0x00, 0x01, 0x01, 0x00, 0x00, 0x00, 0x16,
            0x00, 0x00, 0x03, 0xff, 0xfd, 0xff, 0x02, 0xfe, 0xfe, 0xfe, 0x00, 0x00, 0x00, 0x00,
            0x00, 0x00, 0x00, 0x00, 0xff, 0x7f, 0xff, 0xac, 0x00, 0x00, 0x00, 0x10, 0x00, 0x01,
            0x01, 0x00, 0x00, 0x00, 0x16, 0x00, 0x00, 0x03, 0xff, 0xfd, 0xff, 0x02, 0xfe, 0xfe,
            0xfe, 0x00, 0x00, 0x00, 0x00, 0x00, 0x00, 0x00, 0x00, 0xff, 0x7f, 0xff, 0xac, 0x00,
            0x00, 0x00, 0x11, 0x00, 0x01, 0x01, 0x00, 0x00, 0x00, 0x16, 0x00, 0x00, 0x03, 0xff,
            0xfd, 0xff, 0x02, 0xfe, 0xfe, 0xfe, 0x00, 0x00, 0x00, 0x00, 0x00, 0x00, 0x00, 0x00,
            0xff, 0x7f, 0xff, 0xac, 0x00, 0x00, 0x00, 0x12, 0x00, 0x01, 0x01, 0x00, 0x00, 0x00,
            0x16, 0x00, 0x00, 0x03, 0xff, 0xfd, 0xff, 0x02, 0xfe, 0xfe, 0xfe, 0x00, 0x00, 0x00,
            0x00, 0x00, 0x00, 0x00, 0x00, 0xff, 0x7f, 0xff, 0xac, 0x00, 0x00, 0x00, 0x13, 0x00,
            0x01, 0x01, 0x00, 0x00, 0x00, 0x16, 0x00, 0x00, 0x03, 0xff, 0xfd, 0xff, 0x02, 0xfe,
            0xfe, 0xfe, 0x00, 0x00, 0x00, 0x00, 0x00, 0x00, 0x00, 0x00, 0xff, 0x7f, 0xff, 0xac,
            0x00, 0x00, 0x00, 0x14, 0x00, 0x01, 0x01, 0x00, 0x00, 0x00, 0x16, 0x00, 0x00, 0x03,
            0xff, 0xfd, 0xff, 0x02, 0xfe, 0xfe, 0xfe, 0x00, 0x00, 0x00, 0x00, 0x00, 0x00, 0x00,
            0x00, 0xff, 0x7f, 0xff, 0xac, 0x00, 0x01, 0x00, 0x01, 0x3e, 0xe0, 0x00, 0x00, 0x09,
            0xff, 0x03, 0x00, 0x00, 0x00, 0x0c, 0x00, 0x00, 0x00, 0x0d, 0x00, 0x00, 0x00, 0x0e,
            0x00, 0x00, 0x00, 0x0f, 0x00, 0x00, 0x00, 0x10, 0x00, 0x00, 0x00, 0x11, 0x00, 0x00,
            0x00, 0x12, 0x00, 0x00, 0x00, 0x13, 0x00, 0x00, 0x00, 0x14, 0x01, 0x00, 0x00, 0x00,
            0x09, 0x20, 0x00, 0x00, 0x00, 0x52, 0x00, 0x50, 0x00, 0x00,
        ],
    },
    EncodedCase {
        name: "count-9-long-page-comment-pair",
        data: &[
            0x00, 0x00, 0x00, 0x01, 0x30, 0x01, 0x01, 0x00, 0x00, 0x00, 0x13, 0x00, 0x00, 0x00,
            0x09, 0x00, 0x00, 0x00, 0x07, 0x00, 0x00, 0x00, 0x00, 0x00, 0x00, 0x00, 0x00, 0x63,
            0x00, 0x00, 0x00, 0x00, 0x00, 0x0a, 0x00, 0x01, 0x01, 0x00, 0x00, 0x00, 0x1e, 0x00,
            0x01, 0x00, 0x00, 0x00, 0x01, 0x00, 0x00, 0x00, 0x01, 0xe7, 0xdb, 0xf0, 0x00, 0x95,
            0x00, 0x4a, 0x80, 0x4c, 0x80, 0xc3, 0x80, 0x00, 0x00, 0x1c, 0x00, 0x93, 0x00, 0x00,
            0x40, 0x00, 0x00, 0x00, 0x0b, 0x07, 0x23, 0x0a, 0x01, 0x00, 0x00, 0x00, 0x2d, 0x00,
            0x00, 0x00, 0x09, 0x00, 0x00, 0x00, 0x07, 0x00, 0x00, 0x00, 0x00, 0x00, 0x00, 0x00,
            0x00, 0x04, 0x00, 0x11, 0x00, 0x00, 0x00, 0x00, 0x00, 0x01, 0x01, 0x00, 0x00, 0x00,
            0x00, 0x00, 0x00, 0x00, 0x00, 0x00, 0x00, 0x00, 0x00, 0x00, 0x00, 0x00, 0x00, 0x00,
            0x00, 0x04, 0x00, 0x00, 0x00, 0x0c, 0x00, 0x01, 0x01, 0x00, 0x00, 0x00, 0x16, 0x00,
            0x00, 0x03, 0xff, 0xfd, 0xff, 0x02, 0xfe, 0xfe, 0xfe, 0x00, 0x00, 0x00, 0x00, 0x00,
            0x00, 0x00, 0x00, 0xff, 0x7f, 0xff, 0xac, 0x00, 0x00, 0x00, 0x0d, 0x00, 0x01, 0x01,
            0x00, 0x00, 0x00, 0x16, 0x00, 0x00, 0x03, 0xff, 0xfd, 0xff, 0x02, 0xfe, 0xfe, 0xfe,
            0x00, 0x00, 0x00, 0x00, 0x00, 0x00, 0x00, 0x00, 0xff, 0x7f, 0xff, 0xac, 0x00, 0x00,
            0x00, 0x0e, 0x00, 0x01, 0x01, 0x00, 0x00, 0x00, 0x16, 0x00, 0x00, 0x03, 0xff, 0xfd,
            0xff, 0x02, 0xfe, 0xfe, 0xfe, 0x00, 0x00, 0x00, 0x00, 0x00, 0x00, 0x00, 0x00, 0xff,
            0x7f, 0xff, 0xac, 0x00, 0x00, 0x00, 0x0f, 0x00, 0x01, 0x01, 0x00, 0x00, 0x00, 0x16,
            0x00, 0x00, 0x03, 0xff, 0xfd, 0xff, 0x02, 0xfe, 0xfe, 0xfe, 0x00, 0x00, 0x00, 0x00,
            0x00, 0x00, 0x00, 0x00, 0xff, 0x7f, 0xff, 0xac, 0x00, 0x00, 0x00, 0x10, 0x00, 0x01,
            0x01, 0x00, 0x00, 0x00, 0x16, 0x00, 0x00, 0x03, 0xff, 0xfd, 0xff, 0x02, 0xfe, 0xfe,
            0xfe, 0x00, 0x00, 0x00, 0x00, 0x00, 0x00, 0x00, 0x00, 0xff, 0x7f, 0xff, 0xac, 0x00,
            0x00, 0x00, 0x11, 0x00, 0x01, 0x01, 0x00, 0x00, 0x00, 0x16, 0x00, 0x00, 0x03, 0xff,
            0xfd, 0xff, 0x02, 0xfe, 0xfe, 0xfe, 0x00, 0x00, 0x00, 0x00, 0x00, 0x00, 0x00, 0x00,
            0xff, 0x7f, 0xff, 0xac, 0x00, 0x00, 0x00, 0x12, 0x00, 0x01, 0x01, 0x00, 0x00, 0x00,
            0x16, 0x00, 0x00, 0x03, 0xff, 0xfd, 0xff, 0x02, 0xfe, 0xfe, 0xfe, 0x00, 0x00, 0x00,
            0x00, 0x00, 0x00, 0x00, 0x00, 0xff, 0x7f, 0xff, 0xac, 0x00, 0x00, 0x00, 0x13, 0x00,
            0x01, 0x01, 0x00, 0x00, 0x00, 0x16, 0x00, 0x00, 0x03, 0xff, 0xfd, 0xff, 0x02, 0xfe,
            0xfe, 0xfe, 0x00, 0x00, 0x00, 0x00, 0x00, 0x00, 0x00, 0x00, 0xff, 0x7f, 0xff, 0xac,
            0x00, 0x00, 0x00, 0x14, 0x00, 0x01, 0x01, 0x00, 0x00, 0x00, 0x16, 0x00, 0x00, 0x03,
            0xff, 0xfd, 0xff, 0x02, 0xfe, 0xfe, 0xfe, 0x00, 0x00, 0x00, 0x00, 0x00, 0x00, 0x00,
            0x00, 0xff, 0x7f, 0xff, 0xac, 0x00, 0x00, 0x00, 0xff, 0x7e, 0xe0, 0x00, 0x00, 0x09,
            0xff, 0x03, 0x0c, 0x0d, 0x0e, 0x0f, 0x10, 0x11, 0x12, 0x13, 0x14, 0x00, 0x00, 0x00,
            0x01, 0x00, 0x00, 0x00, 0x09, 0x20, 0x00, 0x00, 0x00, 0x52, 0x00, 0x50, 0x00, 0x00,
        ],
    },
    EncodedCase {
        name: "all-eight-custom-tables-zero-padding",
        data: &[
            0x00, 0x00, 0x00, 0x01, 0x30, 0x01, 0x01, 0x00, 0x00, 0x00, 0x13, 0x00, 0x00, 0x00,
            0x09, 0x00, 0x00, 0x00, 0x07, 0x00, 0x00, 0x00, 0x00, 0x00, 0x00, 0x00, 0x00, 0x63,
            0x00, 0x00, 0x00, 0x00, 0x00, 0x02, 0x00, 0x01, 0x01, 0x00, 0x00, 0x00, 0x1f, 0x00,
            0x00, 0x03, 0xff, 0xfd, 0xff, 0x02, 0xfe, 0xfe, 0xfe, 0x00, 0x00, 0x00, 0x01, 0x00,
            0x00, 0x00, 0x01, 0x4d, 0x27, 0x60, 0x73, 0x0c, 0x78, 0x86, 0xd0, 0x9e, 0x61, 0xaa,
            0xff, 0xac, 0x00, 0x00, 0x00, 0x03, 0x35, 0x01, 0x01, 0x00, 0x00, 0x00, 0x0a, 0x00,
            0x00, 0x00, 0x00, 0x00, 0x00, 0x00, 0x00, 0x01, 0x80, 0x00, 0x00, 0x00, 0x04, 0x35,
            0x01, 0x01, 0x00, 0x00, 0x00, 0x0a, 0x01, 0x00, 0x00, 0x00, 0x00, 0x00, 0x00, 0x00,
            0x01, 0x88, 0x00, 0x00, 0x00, 0x05, 0x35, 0x01, 0x01, 0x00, 0x00, 0x00, 0x0a, 0x00,
            0x00, 0x00, 0x00, 0x01, 0x00, 0x00, 0x00, 0x02, 0x80, 0x00, 0x00, 0x00, 0x06, 0x35,
            0x01, 0x01, 0x00, 0x00, 0x00, 0x0a, 0x00, 0x00, 0x00, 0x00, 0x00, 0x00, 0x00, 0x00,
            0x01, 0x80, 0x00, 0x00, 0x00, 0x07, 0x35, 0x01, 0x01, 0x00, 0x00, 0x00, 0x0a, 0x00,
            0x00, 0x00, 0x00, 0x00, 0x00, 0x00, 0x00, 0x01, 0x80, 0x00, 0x00, 0x00, 0x08, 0x35,
            0x01, 0x01, 0x00, 0x00, 0x00, 0x0a, 0x00, 0x00, 0x00, 0x00, 0x01, 0x00, 0x00, 0x00,
            0x02, 0x80, 0x00, 0x00, 0x00, 0x09, 0x35, 0x01, 0x01, 0x00, 0x00, 0x00, 0x0a, 0x00,
            0xff, 0xff, 0xff, 0xff, 0x00, 0x00, 0x00, 0x00, 0x80, 0x00, 0x00, 0x00, 0x0a, 0x35,
            0x01, 0x01, 0x00, 0x00, 0x00, 0x0a, 0x00, 0x00, 0x00, 0x00, 0x0b, 0x00, 0x00, 0x00,
            0x0c, 0x80, 0x00, 0x00, 0x00, 0x0b, 0x07, 0xe0, 0x00, 0x00, 0x09, 0xff, 0x03, 0x02,
            0x03, 0x04, 0x05, 0x06, 0x07, 0x08, 0x09, 0x0a, 0x01, 0x00, 0x00, 0x00, 0x3d, 0x00,
            0x00, 0x00, 0x09, 0x00, 0x00, 0x00, 0x07, 0x00, 0x00, 0x00, 0x00, 0x00, 0x00, 0x00,
            0x00, 0x04, 0x00, 0x13, 0x7f, 0xff, 0xff, 0xff, 0xff, 0xff, 0x00, 0x00, 0x00, 0x01,
            0x01, 0x00, 0x00, 0x00, 0x00, 0x00, 0x00, 0x00, 0x00, 0x00, 0x00, 0x00, 0x00, 0x00,
            0x00, 0x00, 0x00, 0x00, 0x08, 0x00, 0xc8, 0x97, 0x81, 0x2b, 0x6c, 0x4a, 0x7c, 0x8f,
            0x7f, 0xff, 0xac, 0x80,
        ],
    },
];
pub(super) const INVALID: &[EncodedCase] = &[
    EncodedCase {
        name: "count-0-unused-bit-1-comment-pair",
        data: &[
            0x00, 0x00, 0x00, 0x01, 0x30, 0x01, 0x01, 0x00, 0x00, 0x00, 0x13, 0x00, 0x00, 0x00,
            0x09, 0x00, 0x00, 0x00, 0x07, 0x00, 0x00, 0x00, 0x00, 0x00, 0x00, 0x00, 0x00, 0x63,
            0x00, 0x00, 0x00, 0x00, 0x00, 0x0a, 0x00, 0x01, 0x01, 0x00, 0x00, 0x00, 0x1e, 0x00,
            0x01, 0x00, 0x00, 0x00, 0x01, 0x00, 0x00, 0x00, 0x01, 0xe7, 0xdb, 0xf0, 0x00, 0x95,
            0x00, 0x4a, 0x80, 0x4c, 0x80, 0xc3, 0x80, 0x00, 0x00, 0x1c, 0x00, 0x93, 0x00, 0x00,
            0x40, 0x00, 0x00, 0x00, 0x0b, 0x07, 0x23, 0x0a, 0x01, 0x00, 0x00, 0x00, 0x2d, 0x00,
            0x00, 0x00, 0x09, 0x00, 0x00, 0x00, 0x07, 0x00, 0x00, 0x00, 0x00, 0x00, 0x00, 0x00,
            0x00, 0x04, 0x00, 0x11, 0x00, 0x00, 0x00, 0x00, 0x00, 0x01, 0x01, 0x00, 0x00, 0x00,
            0x00, 0x00, 0x00, 0x00, 0x00, 0x00, 0x00, 0x00, 0x00, 0x00, 0x00, 0x00, 0x00, 0x00,
            0x00, 0x04, 0x00, 0x00, 0x00, 0xff, 0x3e, 0x03, 0x01, 0x00, 0x00, 0x00, 0x09, 0x20,
            0x00, 0x00, 0x00, 0x52, 0x00, 0x50, 0x00, 0x00,
        ],
    },
    EncodedCase {
        name: "count-0-unused-bit-2-comment-pair",
        data: &[
            0x00, 0x00, 0x00, 0x01, 0x30, 0x01, 0x01, 0x00, 0x00, 0x00, 0x13, 0x00, 0x00, 0x00,
            0x09, 0x00, 0x00, 0x00, 0x07, 0x00, 0x00, 0x00, 0x00, 0x00, 0x00, 0x00, 0x00, 0x63,
            0x00, 0x00, 0x00, 0x00, 0x00, 0x0a, 0x00, 0x01, 0x01, 0x00, 0x00, 0x00, 0x1e, 0x00,
            0x01, 0x00, 0x00, 0x00, 0x01, 0x00, 0x00, 0x00, 0x01, 0xe7, 0xdb, 0xf0, 0x00, 0x95,
            0x00, 0x4a, 0x80, 0x4c, 0x80, 0xc3, 0x80, 0x00, 0x00, 0x1c, 0x00, 0x93, 0x00, 0x00,
            0x40, 0x00, 0x00, 0x00, 0x0b, 0x07, 0x23, 0x0a, 0x01, 0x00, 0x00, 0x00, 0x2d, 0x00,
            0x00, 0x00, 0x09, 0x00, 0x00, 0x00, 0x07, 0x00, 0x00, 0x00, 0x00, 0x00, 0x00, 0x00,
            0x00, 0x04, 0x00, 0x11, 0x00, 0x00, 0x00, 0x00, 0x00, 0x01, 0x01, 0x00, 0x00, 0x00,
            0x00, 0x00, 0x00, 0x00, 0x00, 0x00, 0x00, 0x00, 0x00, 0x00, 0x00, 0x00, 0x00, 0x00,
            0x00, 0x04, 0x00, 0x00, 0x00, 0xff, 0x3e, 0x05, 0x01, 0x00, 0x00, 0x00, 0x09, 0x20,
            0x00, 0x00, 0x00, 0x52, 0x00, 0x50, 0x00, 0x00,
        ],
    },
    EncodedCase {
        name: "count-0-unused-bit-3-comment-pair",
        data: &[
            0x00, 0x00, 0x00, 0x01, 0x30, 0x01, 0x01, 0x00, 0x00, 0x00, 0x13, 0x00, 0x00, 0x00,
            0x09, 0x00, 0x00, 0x00, 0x07, 0x00, 0x00, 0x00, 0x00, 0x00, 0x00, 0x00, 0x00, 0x63,
            0x00, 0x00, 0x00, 0x00, 0x00, 0x0a, 0x00, 0x01, 0x01, 0x00, 0x00, 0x00, 0x1e, 0x00,
            0x01, 0x00, 0x00, 0x00, 0x01, 0x00, 0x00, 0x00, 0x01, 0xe7, 0xdb, 0xf0, 0x00, 0x95,
            0x00, 0x4a, 0x80, 0x4c, 0x80, 0xc3, 0x80, 0x00, 0x00, 0x1c, 0x00, 0x93, 0x00, 0x00,
            0x40, 0x00, 0x00, 0x00, 0x0b, 0x07, 0x23, 0x0a, 0x01, 0x00, 0x00, 0x00, 0x2d, 0x00,
            0x00, 0x00, 0x09, 0x00, 0x00, 0x00, 0x07, 0x00, 0x00, 0x00, 0x00, 0x00, 0x00, 0x00,
            0x00, 0x04, 0x00, 0x11, 0x00, 0x00, 0x00, 0x00, 0x00, 0x01, 0x01, 0x00, 0x00, 0x00,
            0x00, 0x00, 0x00, 0x00, 0x00, 0x00, 0x00, 0x00, 0x00, 0x00, 0x00, 0x00, 0x00, 0x00,
            0x00, 0x04, 0x00, 0x00, 0x00, 0xff, 0x3e, 0x09, 0x01, 0x00, 0x00, 0x00, 0x09, 0x20,
            0x00, 0x00, 0x00, 0x52, 0x00, 0x50, 0x00, 0x00,
        ],
    },
    EncodedCase {
        name: "count-0-unused-bit-4-comment-pair",
        data: &[
            0x00, 0x00, 0x00, 0x01, 0x30, 0x01, 0x01, 0x00, 0x00, 0x00, 0x13, 0x00, 0x00, 0x00,
            0x09, 0x00, 0x00, 0x00, 0x07, 0x00, 0x00, 0x00, 0x00, 0x00, 0x00, 0x00, 0x00, 0x63,
            0x00, 0x00, 0x00, 0x00, 0x00, 0x0a, 0x00, 0x01, 0x01, 0x00, 0x00, 0x00, 0x1e, 0x00,
            0x01, 0x00, 0x00, 0x00, 0x01, 0x00, 0x00, 0x00, 0x01, 0xe7, 0xdb, 0xf0, 0x00, 0x95,
            0x00, 0x4a, 0x80, 0x4c, 0x80, 0xc3, 0x80, 0x00, 0x00, 0x1c, 0x00, 0x93, 0x00, 0x00,
            0x40, 0x00, 0x00, 0x00, 0x0b, 0x07, 0x23, 0x0a, 0x01, 0x00, 0x00, 0x00, 0x2d, 0x00,
            0x00, 0x00, 0x09, 0x00, 0x00, 0x00, 0x07, 0x00, 0x00, 0x00, 0x00, 0x00, 0x00, 0x00,
            0x00, 0x04, 0x00, 0x11, 0x00, 0x00, 0x00, 0x00, 0x00, 0x01, 0x01, 0x00, 0x00, 0x00,
            0x00, 0x00, 0x00, 0x00, 0x00, 0x00, 0x00, 0x00, 0x00, 0x00, 0x00, 0x00, 0x00, 0x00,
            0x00, 0x04, 0x00, 0x00, 0x00, 0xff, 0x3e, 0x11, 0x01, 0x00, 0x00, 0x00, 0x09, 0x20,
            0x00, 0x00, 0x00, 0x52, 0x00, 0x50, 0x00, 0x00,
        ],
    },
    EncodedCase {
        name: "count-1-unused-bit-2-comment-pair",
        data: &[
            0x00, 0x00, 0x00, 0x01, 0x30, 0x01, 0x01, 0x00, 0x00, 0x00, 0x13, 0x00, 0x00, 0x00,
            0x09, 0x00, 0x00, 0x00, 0x07, 0x00, 0x00, 0x00, 0x00, 0x00, 0x00, 0x00, 0x00, 0x63,
            0x00, 0x00, 0x00, 0x00, 0x00, 0x0a, 0x00, 0x01, 0x01, 0x00, 0x00, 0x00, 0x1e, 0x00,
            0x01, 0x00, 0x00, 0x00, 0x01, 0x00, 0x00, 0x00, 0x01, 0xe7, 0xdb, 0xf0, 0x00, 0x95,
            0x00, 0x4a, 0x80, 0x4c, 0x80, 0xc3, 0x80, 0x00, 0x00, 0x1c, 0x00, 0x93, 0x00, 0x00,
            0x40, 0x00, 0x00, 0x00, 0x0b, 0x07, 0x23, 0x0a, 0x01, 0x00, 0x00, 0x00, 0x2d, 0x00,
            0x00, 0x00, 0x09, 0x00, 0x00, 0x00, 0x07, 0x00, 0x00, 0x00, 0x00, 0x00, 0x00, 0x00,
            0x00, 0x04, 0x00, 0x11, 0x00, 0x00, 0x00, 0x00, 0x00, 0x01, 0x01, 0x00, 0x00, 0x00,
            0x00, 0x00, 0x00, 0x00, 0x00, 0x00, 0x00, 0x00, 0x00, 0x00, 0x00, 0x00, 0x00, 0x00,
            0x00, 0x04, 0x00, 0x00, 0x00, 0x0c, 0x00, 0x01, 0x01, 0x00, 0x00, 0x00, 0x16, 0x00,
            0x00, 0x03, 0xff, 0xfd, 0xff, 0x02, 0xfe, 0xfe, 0xfe, 0x00, 0x00, 0x00, 0x00, 0x00,
            0x00, 0x00, 0x00, 0xff, 0x7f, 0xff, 0xac, 0x00, 0x00, 0x00, 0xff, 0x3e, 0x27, 0x0c,
            0x01, 0x00, 0x00, 0x00, 0x09, 0x20, 0x00, 0x00, 0x00, 0x52, 0x00, 0x50, 0x00, 0x00,
        ],
    },
    EncodedCase {
        name: "count-1-unused-bit-3-comment-pair",
        data: &[
            0x00, 0x00, 0x00, 0x01, 0x30, 0x01, 0x01, 0x00, 0x00, 0x00, 0x13, 0x00, 0x00, 0x00,
            0x09, 0x00, 0x00, 0x00, 0x07, 0x00, 0x00, 0x00, 0x00, 0x00, 0x00, 0x00, 0x00, 0x63,
            0x00, 0x00, 0x00, 0x00, 0x00, 0x0a, 0x00, 0x01, 0x01, 0x00, 0x00, 0x00, 0x1e, 0x00,
            0x01, 0x00, 0x00, 0x00, 0x01, 0x00, 0x00, 0x00, 0x01, 0xe7, 0xdb, 0xf0, 0x00, 0x95,
            0x00, 0x4a, 0x80, 0x4c, 0x80, 0xc3, 0x80, 0x00, 0x00, 0x1c, 0x00, 0x93, 0x00, 0x00,
            0x40, 0x00, 0x00, 0x00, 0x0b, 0x07, 0x23, 0x0a, 0x01, 0x00, 0x00, 0x00, 0x2d, 0x00,
            0x00, 0x00, 0x09, 0x00, 0x00, 0x00, 0x07, 0x00, 0x00, 0x00, 0x00, 0x00, 0x00, 0x00,
            0x00, 0x04, 0x00, 0x11, 0x00, 0x00, 0x00, 0x00, 0x00, 0x01, 0x01, 0x00, 0x00, 0x00,
            0x00, 0x00, 0x00, 0x00, 0x00, 0x00, 0x00, 0x00, 0x00, 0x00, 0x00, 0x00, 0x00, 0x00,
            0x00, 0x04, 0x00, 0x00, 0x00, 0x0c, 0x00, 0x01, 0x01, 0x00, 0x00, 0x00, 0x16, 0x00,
            0x00, 0x03, 0xff, 0xfd, 0xff, 0x02, 0xfe, 0xfe, 0xfe, 0x00, 0x00, 0x00, 0x00, 0x00,
            0x00, 0x00, 0x00, 0xff, 0x7f, 0xff, 0xac, 0x00, 0x00, 0x00, 0xff, 0x3e, 0x2b, 0x0c,
            0x01, 0x00, 0x00, 0x00, 0x09, 0x20, 0x00, 0x00, 0x00, 0x52, 0x00, 0x50, 0x00, 0x00,
        ],
    },
    EncodedCase {
        name: "count-1-unused-bit-4-comment-pair",
        data: &[
            0x00, 0x00, 0x00, 0x01, 0x30, 0x01, 0x01, 0x00, 0x00, 0x00, 0x13, 0x00, 0x00, 0x00,
            0x09, 0x00, 0x00, 0x00, 0x07, 0x00, 0x00, 0x00, 0x00, 0x00, 0x00, 0x00, 0x00, 0x63,
            0x00, 0x00, 0x00, 0x00, 0x00, 0x0a, 0x00, 0x01, 0x01, 0x00, 0x00, 0x00, 0x1e, 0x00,
            0x01, 0x00, 0x00, 0x00, 0x01, 0x00, 0x00, 0x00, 0x01, 0xe7, 0xdb, 0xf0, 0x00, 0x95,
            0x00, 0x4a, 0x80, 0x4c, 0x80, 0xc3, 0x80, 0x00, 0x00, 0x1c, 0x00, 0x93, 0x00, 0x00,
            0x40, 0x00, 0x00, 0x00, 0x0b, 0x07, 0x23, 0x0a, 0x01, 0x00, 0x00, 0x00, 0x2d, 0x00,
            0x00, 0x00, 0x09, 0x00, 0x00, 0x00, 0x07, 0x00, 0x00, 0x00, 0x00, 0x00, 0x00, 0x00,
            0x00, 0x04, 0x00, 0x11, 0x00, 0x00, 0x00, 0x00, 0x00, 0x01, 0x01, 0x00, 0x00, 0x00,
            0x00, 0x00, 0x00, 0x00, 0x00, 0x00, 0x00, 0x00, 0x00, 0x00, 0x00, 0x00, 0x00, 0x00,
            0x00, 0x04, 0x00, 0x00, 0x00, 0x0c, 0x00, 0x01, 0x01, 0x00, 0x00, 0x00, 0x16, 0x00,
            0x00, 0x03, 0xff, 0xfd, 0xff, 0x02, 0xfe, 0xfe, 0xfe, 0x00, 0x00, 0x00, 0x00, 0x00,
            0x00, 0x00, 0x00, 0xff, 0x7f, 0xff, 0xac, 0x00, 0x00, 0x00, 0xff, 0x3e, 0x33, 0x0c,
            0x01, 0x00, 0x00, 0x00, 0x09, 0x20, 0x00, 0x00, 0x00, 0x52, 0x00, 0x50, 0x00, 0x00,
        ],
    },
    EncodedCase {
        name: "count-2-unused-bit-3-comment-pair",
        data: &[
            0x00, 0x00, 0x00, 0x01, 0x30, 0x01, 0x01, 0x00, 0x00, 0x00, 0x13, 0x00, 0x00, 0x00,
            0x09, 0x00, 0x00, 0x00, 0x07, 0x00, 0x00, 0x00, 0x00, 0x00, 0x00, 0x00, 0x00, 0x63,
            0x00, 0x00, 0x00, 0x00, 0x00, 0x0a, 0x00, 0x01, 0x01, 0x00, 0x00, 0x00, 0x1e, 0x00,
            0x01, 0x00, 0x00, 0x00, 0x01, 0x00, 0x00, 0x00, 0x01, 0xe7, 0xdb, 0xf0, 0x00, 0x95,
            0x00, 0x4a, 0x80, 0x4c, 0x80, 0xc3, 0x80, 0x00, 0x00, 0x1c, 0x00, 0x93, 0x00, 0x00,
            0x40, 0x00, 0x00, 0x00, 0x0b, 0x07, 0x23, 0x0a, 0x01, 0x00, 0x00, 0x00, 0x2d, 0x00,
            0x00, 0x00, 0x09, 0x00, 0x00, 0x00, 0x07, 0x00, 0x00, 0x00, 0x00, 0x00, 0x00, 0x00,
            0x00, 0x04, 0x00, 0x11, 0x00, 0x00, 0x00, 0x00, 0x00, 0x01, 0x01, 0x00, 0x00, 0x00,
            0x00, 0x00, 0x00, 0x00, 0x00, 0x00, 0x00, 0x00, 0x00, 0x00, 0x00, 0x00, 0x00, 0x00,
            0x00, 0x04, 0x00, 0x00, 0x00, 0x0c, 0x00, 0x01, 0x01, 0x00, 0x00, 0x00, 0x16, 0x00,
            0x00, 0x03, 0xff, 0xfd, 0xff, 0x02, 0xfe, 0xfe, 0xfe, 0x00, 0x00, 0x00, 0x00, 0x00,
            0x00, 0x00, 0x00, 0xff, 0x7f, 0xff, 0xac, 0x00, 0x00, 0x00, 0x0d, 0x00, 0x01, 0x01,
            0x00, 0x00, 0x00, 0x16, 0x00, 0x00, 0x03, 0xff, 0xfd, 0xff, 0x02, 0xfe, 0xfe, 0xfe,
            0x00, 0x00, 0x00, 0x00, 0x00, 0x00, 0x00, 0x00, 0xff, 0x7f, 0xff, 0xac, 0x00, 0x00,
            0x00, 0xff, 0x3e, 0x4f, 0x0c, 0x0d, 0x01, 0x00, 0x00, 0x00, 0x09, 0x20, 0x00, 0x00,
            0x00, 0x52, 0x00, 0x50, 0x00, 0x00,
        ],
    },
    EncodedCase {
        name: "count-2-unused-bit-4-comment-pair",
        data: &[
            0x00, 0x00, 0x00, 0x01, 0x30, 0x01, 0x01, 0x00, 0x00, 0x00, 0x13, 0x00, 0x00, 0x00,
            0x09, 0x00, 0x00, 0x00, 0x07, 0x00, 0x00, 0x00, 0x00, 0x00, 0x00, 0x00, 0x00, 0x63,
            0x00, 0x00, 0x00, 0x00, 0x00, 0x0a, 0x00, 0x01, 0x01, 0x00, 0x00, 0x00, 0x1e, 0x00,
            0x01, 0x00, 0x00, 0x00, 0x01, 0x00, 0x00, 0x00, 0x01, 0xe7, 0xdb, 0xf0, 0x00, 0x95,
            0x00, 0x4a, 0x80, 0x4c, 0x80, 0xc3, 0x80, 0x00, 0x00, 0x1c, 0x00, 0x93, 0x00, 0x00,
            0x40, 0x00, 0x00, 0x00, 0x0b, 0x07, 0x23, 0x0a, 0x01, 0x00, 0x00, 0x00, 0x2d, 0x00,
            0x00, 0x00, 0x09, 0x00, 0x00, 0x00, 0x07, 0x00, 0x00, 0x00, 0x00, 0x00, 0x00, 0x00,
            0x00, 0x04, 0x00, 0x11, 0x00, 0x00, 0x00, 0x00, 0x00, 0x01, 0x01, 0x00, 0x00, 0x00,
            0x00, 0x00, 0x00, 0x00, 0x00, 0x00, 0x00, 0x00, 0x00, 0x00, 0x00, 0x00, 0x00, 0x00,
            0x00, 0x04, 0x00, 0x00, 0x00, 0x0c, 0x00, 0x01, 0x01, 0x00, 0x00, 0x00, 0x16, 0x00,
            0x00, 0x03, 0xff, 0xfd, 0xff, 0x02, 0xfe, 0xfe, 0xfe, 0x00, 0x00, 0x00, 0x00, 0x00,
            0x00, 0x00, 0x00, 0xff, 0x7f, 0xff, 0xac, 0x00, 0x00, 0x00, 0x0d, 0x00, 0x01, 0x01,
            0x00, 0x00, 0x00, 0x16, 0x00, 0x00, 0x03, 0xff, 0xfd, 0xff, 0x02, 0xfe, 0xfe, 0xfe,
            0x00, 0x00, 0x00, 0x00, 0x00, 0x00, 0x00, 0x00, 0xff, 0x7f, 0xff, 0xac, 0x00, 0x00,
            0x00, 0xff, 0x3e, 0x57, 0x0c, 0x0d, 0x01, 0x00, 0x00, 0x00, 0x09, 0x20, 0x00, 0x00,
            0x00, 0x52, 0x00, 0x50, 0x00, 0x00,
        ],
    },
    EncodedCase {
        name: "count-3-unused-bit-4-comment-pair",
        data: &[
            0x00, 0x00, 0x00, 0x01, 0x30, 0x01, 0x01, 0x00, 0x00, 0x00, 0x13, 0x00, 0x00, 0x00,
            0x09, 0x00, 0x00, 0x00, 0x07, 0x00, 0x00, 0x00, 0x00, 0x00, 0x00, 0x00, 0x00, 0x63,
            0x00, 0x00, 0x00, 0x00, 0x00, 0x0a, 0x00, 0x01, 0x01, 0x00, 0x00, 0x00, 0x1e, 0x00,
            0x01, 0x00, 0x00, 0x00, 0x01, 0x00, 0x00, 0x00, 0x01, 0xe7, 0xdb, 0xf0, 0x00, 0x95,
            0x00, 0x4a, 0x80, 0x4c, 0x80, 0xc3, 0x80, 0x00, 0x00, 0x1c, 0x00, 0x93, 0x00, 0x00,
            0x40, 0x00, 0x00, 0x00, 0x0b, 0x07, 0x23, 0x0a, 0x01, 0x00, 0x00, 0x00, 0x2d, 0x00,
            0x00, 0x00, 0x09, 0x00, 0x00, 0x00, 0x07, 0x00, 0x00, 0x00, 0x00, 0x00, 0x00, 0x00,
            0x00, 0x04, 0x00, 0x11, 0x00, 0x00, 0x00, 0x00, 0x00, 0x01, 0x01, 0x00, 0x00, 0x00,
            0x00, 0x00, 0x00, 0x00, 0x00, 0x00, 0x00, 0x00, 0x00, 0x00, 0x00, 0x00, 0x00, 0x00,
            0x00, 0x04, 0x00, 0x00, 0x00, 0x0c, 0x00, 0x01, 0x01, 0x00, 0x00, 0x00, 0x16, 0x00,
            0x00, 0x03, 0xff, 0xfd, 0xff, 0x02, 0xfe, 0xfe, 0xfe, 0x00, 0x00, 0x00, 0x00, 0x00,
            0x00, 0x00, 0x00, 0xff, 0x7f, 0xff, 0xac, 0x00, 0x00, 0x00, 0x0d, 0x00, 0x01, 0x01,
            0x00, 0x00, 0x00, 0x16, 0x00, 0x00, 0x03, 0xff, 0xfd, 0xff, 0x02, 0xfe, 0xfe, 0xfe,
            0x00, 0x00, 0x00, 0x00, 0x00, 0x00, 0x00, 0x00, 0xff, 0x7f, 0xff, 0xac, 0x00, 0x00,
            0x00, 0x0e, 0x00, 0x01, 0x01, 0x00, 0x00, 0x00, 0x16, 0x00, 0x00, 0x03, 0xff, 0xfd,
            0xff, 0x02, 0xfe, 0xfe, 0xfe, 0x00, 0x00, 0x00, 0x00, 0x00, 0x00, 0x00, 0x00, 0xff,
            0x7f, 0xff, 0xac, 0x00, 0x00, 0x00, 0xff, 0x3e, 0x7f, 0x0c, 0x0d, 0x0e, 0x01, 0x00,
            0x00, 0x00, 0x09, 0x20, 0x00, 0x00, 0x00, 0x52, 0x00, 0x50, 0x00, 0x00,
        ],
    },
    EncodedCase {
        name: "count-5-unused-bit-6-comment-pair",
        data: &[
            0x00, 0x00, 0x00, 0x01, 0x30, 0x01, 0x01, 0x00, 0x00, 0x00, 0x13, 0x00, 0x00, 0x00,
            0x09, 0x00, 0x00, 0x00, 0x07, 0x00, 0x00, 0x00, 0x00, 0x00, 0x00, 0x00, 0x00, 0x63,
            0x00, 0x00, 0x00, 0x00, 0x00, 0x0a, 0x00, 0x01, 0x01, 0x00, 0x00, 0x00, 0x1e, 0x00,
            0x01, 0x00, 0x00, 0x00, 0x01, 0x00, 0x00, 0x00, 0x01, 0xe7, 0xdb, 0xf0, 0x00, 0x95,
            0x00, 0x4a, 0x80, 0x4c, 0x80, 0xc3, 0x80, 0x00, 0x00, 0x1c, 0x00, 0x93, 0x00, 0x00,
            0x40, 0x00, 0x00, 0x00, 0x0b, 0x07, 0x23, 0x0a, 0x01, 0x00, 0x00, 0x00, 0x2d, 0x00,
            0x00, 0x00, 0x09, 0x00, 0x00, 0x00, 0x07, 0x00, 0x00, 0x00, 0x00, 0x00, 0x00, 0x00,
            0x00, 0x04, 0x00, 0x11, 0x00, 0x00, 0x00, 0x00, 0x00, 0x01, 0x01, 0x00, 0x00, 0x00,
            0x00, 0x00, 0x00, 0x00, 0x00, 0x00, 0x00, 0x00, 0x00, 0x00, 0x00, 0x00, 0x00, 0x00,
            0x00, 0x04, 0x00, 0x00, 0x00, 0x0c, 0x00, 0x01, 0x01, 0x00, 0x00, 0x00, 0x16, 0x00,
            0x00, 0x03, 0xff, 0xfd, 0xff, 0x02, 0xfe, 0xfe, 0xfe, 0x00, 0x00, 0x00, 0x00, 0x00,
            0x00, 0x00, 0x00, 0xff, 0x7f, 0xff, 0xac, 0x00, 0x00, 0x00, 0x0d, 0x00, 0x01, 0x01,
            0x00, 0x00, 0x00, 0x16, 0x00, 0x00, 0x03, 0xff, 0xfd, 0xff, 0x02, 0xfe, 0xfe, 0xfe,
            0x00, 0x00, 0x00, 0x00, 0x00, 0x00, 0x00, 0x00, 0xff, 0x7f, 0xff, 0xac, 0x00, 0x00,
            0x00, 0x0e, 0x00, 0x01, 0x01, 0x00, 0x00, 0x00, 0x16, 0x00, 0x00, 0x03, 0xff, 0xfd,
            0xff, 0x02, 0xfe, 0xfe, 0xfe, 0x00, 0x00, 0x00, 0x00, 0x00, 0x00, 0x00, 0x00, 0xff,
            0x7f, 0xff, 0xac, 0x00, 0x00, 0x00, 0x0f, 0x00, 0x01, 0x01, 0x00, 0x00, 0x00, 0x16,
            0x00, 0x00, 0x03, 0xff, 0xfd, 0xff, 0x02, 0xfe, 0xfe, 0xfe, 0x00, 0x00, 0x00, 0x00,
            0x00, 0x00, 0x00, 0x00, 0xff, 0x7f, 0xff, 0xac, 0x00, 0x00, 0x00, 0x10, 0x00, 0x01,
            0x01, 0x00, 0x00, 0x00, 0x16, 0x00, 0x00, 0x03, 0xff, 0xfd, 0xff, 0x02, 0xfe, 0xfe,
            0xfe, 0x00, 0x00, 0x00, 0x00, 0x00, 0x00, 0x00, 0x00, 0xff, 0x7f, 0xff, 0xac, 0x00,
            0x00, 0x00, 0xff, 0x3e, 0xe0, 0x00, 0x00, 0x05, 0x7f, 0x0c, 0x0d, 0x0e, 0x0f, 0x10,
            0x01, 0x00, 0x00, 0x00, 0x09, 0x20, 0x00, 0x00, 0x00, 0x52, 0x00, 0x50, 0x00, 0x00,
        ],
    },
    EncodedCase {
        name: "count-5-unused-bit-7-comment-pair",
        data: &[
            0x00, 0x00, 0x00, 0x01, 0x30, 0x01, 0x01, 0x00, 0x00, 0x00, 0x13, 0x00, 0x00, 0x00,
            0x09, 0x00, 0x00, 0x00, 0x07, 0x00, 0x00, 0x00, 0x00, 0x00, 0x00, 0x00, 0x00, 0x63,
            0x00, 0x00, 0x00, 0x00, 0x00, 0x0a, 0x00, 0x01, 0x01, 0x00, 0x00, 0x00, 0x1e, 0x00,
            0x01, 0x00, 0x00, 0x00, 0x01, 0x00, 0x00, 0x00, 0x01, 0xe7, 0xdb, 0xf0, 0x00, 0x95,
            0x00, 0x4a, 0x80, 0x4c, 0x80, 0xc3, 0x80, 0x00, 0x00, 0x1c, 0x00, 0x93, 0x00, 0x00,
            0x40, 0x00, 0x00, 0x00, 0x0b, 0x07, 0x23, 0x0a, 0x01, 0x00, 0x00, 0x00, 0x2d, 0x00,
            0x00, 0x00, 0x09, 0x00, 0x00, 0x00, 0x07, 0x00, 0x00, 0x00, 0x00, 0x00, 0x00, 0x00,
            0x00, 0x04, 0x00, 0x11, 0x00, 0x00, 0x00, 0x00, 0x00, 0x01, 0x01, 0x00, 0x00, 0x00,
            0x00, 0x00, 0x00, 0x00, 0x00, 0x00, 0x00, 0x00, 0x00, 0x00, 0x00, 0x00, 0x00, 0x00,
            0x00, 0x04, 0x00, 0x00, 0x00, 0x0c, 0x00, 0x01, 0x01, 0x00, 0x00, 0x00, 0x16, 0x00,
            0x00, 0x03, 0xff, 0xfd, 0xff, 0x02, 0xfe, 0xfe, 0xfe, 0x00, 0x00, 0x00, 0x00, 0x00,
            0x00, 0x00, 0x00, 0xff, 0x7f, 0xff, 0xac, 0x00, 0x00, 0x00, 0x0d, 0x00, 0x01, 0x01,
            0x00, 0x00, 0x00, 0x16, 0x00, 0x00, 0x03, 0xff, 0xfd, 0xff, 0x02, 0xfe, 0xfe, 0xfe,
            0x00, 0x00, 0x00, 0x00, 0x00, 0x00, 0x00, 0x00, 0xff, 0x7f, 0xff, 0xac, 0x00, 0x00,
            0x00, 0x0e, 0x00, 0x01, 0x01, 0x00, 0x00, 0x00, 0x16, 0x00, 0x00, 0x03, 0xff, 0xfd,
            0xff, 0x02, 0xfe, 0xfe, 0xfe, 0x00, 0x00, 0x00, 0x00, 0x00, 0x00, 0x00, 0x00, 0xff,
            0x7f, 0xff, 0xac, 0x00, 0x00, 0x00, 0x0f, 0x00, 0x01, 0x01, 0x00, 0x00, 0x00, 0x16,
            0x00, 0x00, 0x03, 0xff, 0xfd, 0xff, 0x02, 0xfe, 0xfe, 0xfe, 0x00, 0x00, 0x00, 0x00,
            0x00, 0x00, 0x00, 0x00, 0xff, 0x7f, 0xff, 0xac, 0x00, 0x00, 0x00, 0x10, 0x00, 0x01,
            0x01, 0x00, 0x00, 0x00, 0x16, 0x00, 0x00, 0x03, 0xff, 0xfd, 0xff, 0x02, 0xfe, 0xfe,
            0xfe, 0x00, 0x00, 0x00, 0x00, 0x00, 0x00, 0x00, 0x00, 0xff, 0x7f, 0xff, 0xac, 0x00,
            0x00, 0x00, 0xff, 0x3e, 0xe0, 0x00, 0x00, 0x05, 0xbf, 0x0c, 0x0d, 0x0e, 0x0f, 0x10,
            0x01, 0x00, 0x00, 0x00, 0x09, 0x20, 0x00, 0x00, 0x00, 0x52, 0x00, 0x50, 0x00, 0x00,
        ],
    },
    EncodedCase {
        name: "count-6-unused-bit-7-comment-pair",
        data: &[
            0x00, 0x00, 0x00, 0x01, 0x30, 0x01, 0x01, 0x00, 0x00, 0x00, 0x13, 0x00, 0x00, 0x00,
            0x09, 0x00, 0x00, 0x00, 0x07, 0x00, 0x00, 0x00, 0x00, 0x00, 0x00, 0x00, 0x00, 0x63,
            0x00, 0x00, 0x00, 0x00, 0x00, 0x0a, 0x00, 0x01, 0x01, 0x00, 0x00, 0x00, 0x1e, 0x00,
            0x01, 0x00, 0x00, 0x00, 0x01, 0x00, 0x00, 0x00, 0x01, 0xe7, 0xdb, 0xf0, 0x00, 0x95,
            0x00, 0x4a, 0x80, 0x4c, 0x80, 0xc3, 0x80, 0x00, 0x00, 0x1c, 0x00, 0x93, 0x00, 0x00,
            0x40, 0x00, 0x00, 0x00, 0x0b, 0x07, 0x23, 0x0a, 0x01, 0x00, 0x00, 0x00, 0x2d, 0x00,
            0x00, 0x00, 0x09, 0x00, 0x00, 0x00, 0x07, 0x00, 0x00, 0x00, 0x00, 0x00, 0x00, 0x00,
            0x00, 0x04, 0x00, 0x11, 0x00, 0x00, 0x00, 0x00, 0x00, 0x01, 0x01, 0x00, 0x00, 0x00,
            0x00, 0x00, 0x00, 0x00, 0x00, 0x00, 0x00, 0x00, 0x00, 0x00, 0x00, 0x00, 0x00, 0x00,
            0x00, 0x04, 0x00, 0x00, 0x00, 0x0c, 0x00, 0x01, 0x01, 0x00, 0x00, 0x00, 0x16, 0x00,
            0x00, 0x03, 0xff, 0xfd, 0xff, 0x02, 0xfe, 0xfe, 0xfe, 0x00, 0x00, 0x00, 0x00, 0x00,
            0x00, 0x00, 0x00, 0xff, 0x7f, 0xff, 0xac, 0x00, 0x00, 0x00, 0x0d, 0x00, 0x01, 0x01,
            0x00, 0x00, 0x00, 0x16, 0x00, 0x00, 0x03, 0xff, 0xfd, 0xff, 0x02, 0xfe, 0xfe, 0xfe,
            0x00, 0x00, 0x00, 0x00, 0x00, 0x00, 0x00, 0x00, 0xff, 0x7f, 0xff, 0xac, 0x00, 0x00,
            0x00, 0x0e, 0x00, 0x01, 0x01, 0x00, 0x00, 0x00, 0x16, 0x00, 0x00, 0x03, 0xff, 0xfd,
            0xff, 0x02, 0xfe, 0xfe, 0xfe, 0x00, 0x00, 0x00, 0x00, 0x00, 0x00, 0x00, 0x00, 0xff,
            0x7f, 0xff, 0xac, 0x00, 0x00, 0x00, 0x0f, 0x00, 0x01, 0x01, 0x00, 0x00, 0x00, 0x16,
            0x00, 0x00, 0x03, 0xff, 0xfd, 0xff, 0x02, 0xfe, 0xfe, 0xfe, 0x00, 0x00, 0x00, 0x00,
            0x00, 0x00, 0x00, 0x00, 0xff, 0x7f, 0xff, 0xac, 0x00, 0x00, 0x00, 0x10, 0x00, 0x01,
            0x01, 0x00, 0x00, 0x00, 0x16, 0x00, 0x00, 0x03, 0xff, 0xfd, 0xff, 0x02, 0xfe, 0xfe,
            0xfe, 0x00, 0x00, 0x00, 0x00, 0x00, 0x00, 0x00, 0x00, 0xff, 0x7f, 0xff, 0xac, 0x00,
            0x00, 0x00, 0x11, 0x00, 0x01, 0x01, 0x00, 0x00, 0x00, 0x16, 0x00, 0x00, 0x03, 0xff,
            0xfd, 0xff, 0x02, 0xfe, 0xfe, 0xfe, 0x00, 0x00, 0x00, 0x00, 0x00, 0x00, 0x00, 0x00,
            0xff, 0x7f, 0xff, 0xac, 0x00, 0x00, 0x00, 0xff, 0x3e, 0xe0, 0x00, 0x00, 0x06, 0xff,
            0x0c, 0x0d, 0x0e, 0x0f, 0x10, 0x11, 0x01, 0x00, 0x00, 0x00, 0x09, 0x20, 0x00, 0x00,
            0x00, 0x52, 0x00, 0x50, 0x00, 0x00,
        ],
    },
    EncodedCase {
        name: "count-8-unused-bit-1-comment-pair",
        data: &[
            0x00, 0x00, 0x00, 0x01, 0x30, 0x01, 0x01, 0x00, 0x00, 0x00, 0x13, 0x00, 0x00, 0x00,
            0x09, 0x00, 0x00, 0x00, 0x07, 0x00, 0x00, 0x00, 0x00, 0x00, 0x00, 0x00, 0x00, 0x63,
            0x00, 0x00, 0x00, 0x00, 0x00, 0x0a, 0x00, 0x01, 0x01, 0x00, 0x00, 0x00, 0x1e, 0x00,
            0x01, 0x00, 0x00, 0x00, 0x01, 0x00, 0x00, 0x00, 0x01, 0xe7, 0xdb, 0xf0, 0x00, 0x95,
            0x00, 0x4a, 0x80, 0x4c, 0x80, 0xc3, 0x80, 0x00, 0x00, 0x1c, 0x00, 0x93, 0x00, 0x00,
            0x40, 0x00, 0x00, 0x00, 0x0b, 0x07, 0x23, 0x0a, 0x01, 0x00, 0x00, 0x00, 0x2d, 0x00,
            0x00, 0x00, 0x09, 0x00, 0x00, 0x00, 0x07, 0x00, 0x00, 0x00, 0x00, 0x00, 0x00, 0x00,
            0x00, 0x04, 0x00, 0x11, 0x00, 0x00, 0x00, 0x00, 0x00, 0x01, 0x01, 0x00, 0x00, 0x00,
            0x00, 0x00, 0x00, 0x00, 0x00, 0x00, 0x00, 0x00, 0x00, 0x00, 0x00, 0x00, 0x00, 0x00,
            0x00, 0x04, 0x00, 0x00, 0x00, 0x0c, 0x00, 0x01, 0x01, 0x00, 0x00, 0x00, 0x16, 0x00,
            0x00, 0x03, 0xff, 0xfd, 0xff, 0x02, 0xfe, 0xfe, 0xfe, 0x00, 0x00, 0x00, 0x00, 0x00,
            0x00, 0x00, 0x00, 0xff, 0x7f, 0xff, 0xac, 0x00, 0x00, 0x00, 0x0d, 0x00, 0x01, 0x01,
            0x00, 0x00, 0x00, 0x16, 0x00, 0x00, 0x03, 0xff, 0xfd, 0xff, 0x02, 0xfe, 0xfe, 0xfe,
            0x00, 0x00, 0x00, 0x00, 0x00, 0x00, 0x00, 0x00, 0xff, 0x7f, 0xff, 0xac, 0x00, 0x00,
            0x00, 0x0e, 0x00, 0x01, 0x01, 0x00, 0x00, 0x00, 0x16, 0x00, 0x00, 0x03, 0xff, 0xfd,
            0xff, 0x02, 0xfe, 0xfe, 0xfe, 0x00, 0x00, 0x00, 0x00, 0x00, 0x00, 0x00, 0x00, 0xff,
            0x7f, 0xff, 0xac, 0x00, 0x00, 0x00, 0x0f, 0x00, 0x01, 0x01, 0x00, 0x00, 0x00, 0x16,
            0x00, 0x00, 0x03, 0xff, 0xfd, 0xff, 0x02, 0xfe, 0xfe, 0xfe, 0x00, 0x00, 0x00, 0x00,
            0x00, 0x00, 0x00, 0x00, 0xff, 0x7f, 0xff, 0xac, 0x00, 0x00, 0x00, 0x10, 0x00, 0x01,
            0x01, 0x00, 0x00, 0x00, 0x16, 0x00, 0x00, 0x03, 0xff, 0xfd, 0xff, 0x02, 0xfe, 0xfe,
            0xfe, 0x00, 0x00, 0x00, 0x00, 0x00, 0x00, 0x00, 0x00, 0xff, 0x7f, 0xff, 0xac, 0x00,
            0x00, 0x00, 0x11, 0x00, 0x01, 0x01, 0x00, 0x00, 0x00, 0x16, 0x00, 0x00, 0x03, 0xff,
            0xfd, 0xff, 0x02, 0xfe, 0xfe, 0xfe, 0x00, 0x00, 0x00, 0x00, 0x00, 0x00, 0x00, 0x00,
            0xff, 0x7f, 0xff, 0xac, 0x00, 0x00, 0x00, 0x12, 0x00, 0x01, 0x01, 0x00, 0x00, 0x00,
            0x16, 0x00, 0x00, 0x03, 0xff, 0xfd, 0xff, 0x02, 0xfe, 0xfe, 0xfe, 0x00, 0x00, 0x00,
            0x00, 0x00, 0x00, 0x00, 0x00, 0xff, 0x7f, 0xff, 0xac, 0x00, 0x00, 0x00, 0x13, 0x00,
            0x01, 0x01, 0x00, 0x00, 0x00, 0x16, 0x00, 0x00, 0x03, 0xff, 0xfd, 0xff, 0x02, 0xfe,
            0xfe, 0xfe, 0x00, 0x00, 0x00, 0x00, 0x00, 0x00, 0x00, 0x00, 0xff, 0x7f, 0xff, 0xac,
            0x00, 0x00, 0x00, 0xff, 0x3e, 0xe0, 0x00, 0x00, 0x08, 0xff, 0x03, 0x0c, 0x0d, 0x0e,
            0x0f, 0x10, 0x11, 0x12, 0x13, 0x01, 0x00, 0x00, 0x00, 0x09, 0x20, 0x00, 0x00, 0x00,
            0x52, 0x00, 0x50, 0x00, 0x00,
        ],
    },
    EncodedCase {
        name: "count-8-unused-bit-2-comment-pair",
        data: &[
            0x00, 0x00, 0x00, 0x01, 0x30, 0x01, 0x01, 0x00, 0x00, 0x00, 0x13, 0x00, 0x00, 0x00,
            0x09, 0x00, 0x00, 0x00, 0x07, 0x00, 0x00, 0x00, 0x00, 0x00, 0x00, 0x00, 0x00, 0x63,
            0x00, 0x00, 0x00, 0x00, 0x00, 0x0a, 0x00, 0x01, 0x01, 0x00, 0x00, 0x00, 0x1e, 0x00,
            0x01, 0x00, 0x00, 0x00, 0x01, 0x00, 0x00, 0x00, 0x01, 0xe7, 0xdb, 0xf0, 0x00, 0x95,
            0x00, 0x4a, 0x80, 0x4c, 0x80, 0xc3, 0x80, 0x00, 0x00, 0x1c, 0x00, 0x93, 0x00, 0x00,
            0x40, 0x00, 0x00, 0x00, 0x0b, 0x07, 0x23, 0x0a, 0x01, 0x00, 0x00, 0x00, 0x2d, 0x00,
            0x00, 0x00, 0x09, 0x00, 0x00, 0x00, 0x07, 0x00, 0x00, 0x00, 0x00, 0x00, 0x00, 0x00,
            0x00, 0x04, 0x00, 0x11, 0x00, 0x00, 0x00, 0x00, 0x00, 0x01, 0x01, 0x00, 0x00, 0x00,
            0x00, 0x00, 0x00, 0x00, 0x00, 0x00, 0x00, 0x00, 0x00, 0x00, 0x00, 0x00, 0x00, 0x00,
            0x00, 0x04, 0x00, 0x00, 0x00, 0x0c, 0x00, 0x01, 0x01, 0x00, 0x00, 0x00, 0x16, 0x00,
            0x00, 0x03, 0xff, 0xfd, 0xff, 0x02, 0xfe, 0xfe, 0xfe, 0x00, 0x00, 0x00, 0x00, 0x00,
            0x00, 0x00, 0x00, 0xff, 0x7f, 0xff, 0xac, 0x00, 0x00, 0x00, 0x0d, 0x00, 0x01, 0x01,
            0x00, 0x00, 0x00, 0x16, 0x00, 0x00, 0x03, 0xff, 0xfd, 0xff, 0x02, 0xfe, 0xfe, 0xfe,
            0x00, 0x00, 0x00, 0x00, 0x00, 0x00, 0x00, 0x00, 0xff, 0x7f, 0xff, 0xac, 0x00, 0x00,
            0x00, 0x0e, 0x00, 0x01, 0x01, 0x00, 0x00, 0x00, 0x16, 0x00, 0x00, 0x03, 0xff, 0xfd,
            0xff, 0x02, 0xfe, 0xfe, 0xfe, 0x00, 0x00, 0x00, 0x00, 0x00, 0x00, 0x00, 0x00, 0xff,
            0x7f, 0xff, 0xac, 0x00, 0x00, 0x00, 0x0f, 0x00, 0x01, 0x01, 0x00, 0x00, 0x00, 0x16,
            0x00, 0x00, 0x03, 0xff, 0xfd, 0xff, 0x02, 0xfe, 0xfe, 0xfe, 0x00, 0x00, 0x00, 0x00,
            0x00, 0x00, 0x00, 0x00, 0xff, 0x7f, 0xff, 0xac, 0x00, 0x00, 0x00, 0x10, 0x00, 0x01,
            0x01, 0x00, 0x00, 0x00, 0x16, 0x00, 0x00, 0x03, 0xff, 0xfd, 0xff, 0x02, 0xfe, 0xfe,
            0xfe, 0x00, 0x00, 0x00, 0x00, 0x00, 0x00, 0x00, 0x00, 0xff, 0x7f, 0xff, 0xac, 0x00,
            0x00, 0x00, 0x11, 0x00, 0x01, 0x01, 0x00, 0x00, 0x00, 0x16, 0x00, 0x00, 0x03, 0xff,
            0xfd, 0xff, 0x02, 0xfe, 0xfe, 0xfe, 0x00, 0x00, 0x00, 0x00, 0x00, 0x00, 0x00, 0x00,
            0xff, 0x7f, 0xff, 0xac, 0x00, 0x00, 0x00, 0x12, 0x00, 0x01, 0x01, 0x00, 0x00, 0x00,
            0x16, 0x00, 0x00, 0x03, 0xff, 0xfd, 0xff, 0x02, 0xfe, 0xfe, 0xfe, 0x00, 0x00, 0x00,
            0x00, 0x00, 0x00, 0x00, 0x00, 0xff, 0x7f, 0xff, 0xac, 0x00, 0x00, 0x00, 0x13, 0x00,
            0x01, 0x01, 0x00, 0x00, 0x00, 0x16, 0x00, 0x00, 0x03, 0xff, 0xfd, 0xff, 0x02, 0xfe,
            0xfe, 0xfe, 0x00, 0x00, 0x00, 0x00, 0x00, 0x00, 0x00, 0x00, 0xff, 0x7f, 0xff, 0xac,
            0x00, 0x00, 0x00, 0xff, 0x3e, 0xe0, 0x00, 0x00, 0x08, 0xff, 0x05, 0x0c, 0x0d, 0x0e,
            0x0f, 0x10, 0x11, 0x12, 0x13, 0x01, 0x00, 0x00, 0x00, 0x09, 0x20, 0x00, 0x00, 0x00,
            0x52, 0x00, 0x50, 0x00, 0x00,
        ],
    },
    EncodedCase {
        name: "count-8-unused-bit-3-comment-pair",
        data: &[
            0x00, 0x00, 0x00, 0x01, 0x30, 0x01, 0x01, 0x00, 0x00, 0x00, 0x13, 0x00, 0x00, 0x00,
            0x09, 0x00, 0x00, 0x00, 0x07, 0x00, 0x00, 0x00, 0x00, 0x00, 0x00, 0x00, 0x00, 0x63,
            0x00, 0x00, 0x00, 0x00, 0x00, 0x0a, 0x00, 0x01, 0x01, 0x00, 0x00, 0x00, 0x1e, 0x00,
            0x01, 0x00, 0x00, 0x00, 0x01, 0x00, 0x00, 0x00, 0x01, 0xe7, 0xdb, 0xf0, 0x00, 0x95,
            0x00, 0x4a, 0x80, 0x4c, 0x80, 0xc3, 0x80, 0x00, 0x00, 0x1c, 0x00, 0x93, 0x00, 0x00,
            0x40, 0x00, 0x00, 0x00, 0x0b, 0x07, 0x23, 0x0a, 0x01, 0x00, 0x00, 0x00, 0x2d, 0x00,
            0x00, 0x00, 0x09, 0x00, 0x00, 0x00, 0x07, 0x00, 0x00, 0x00, 0x00, 0x00, 0x00, 0x00,
            0x00, 0x04, 0x00, 0x11, 0x00, 0x00, 0x00, 0x00, 0x00, 0x01, 0x01, 0x00, 0x00, 0x00,
            0x00, 0x00, 0x00, 0x00, 0x00, 0x00, 0x00, 0x00, 0x00, 0x00, 0x00, 0x00, 0x00, 0x00,
            0x00, 0x04, 0x00, 0x00, 0x00, 0x0c, 0x00, 0x01, 0x01, 0x00, 0x00, 0x00, 0x16, 0x00,
            0x00, 0x03, 0xff, 0xfd, 0xff, 0x02, 0xfe, 0xfe, 0xfe, 0x00, 0x00, 0x00, 0x00, 0x00,
            0x00, 0x00, 0x00, 0xff, 0x7f, 0xff, 0xac, 0x00, 0x00, 0x00, 0x0d, 0x00, 0x01, 0x01,
            0x00, 0x00, 0x00, 0x16, 0x00, 0x00, 0x03, 0xff, 0xfd, 0xff, 0x02, 0xfe, 0xfe, 0xfe,
            0x00, 0x00, 0x00, 0x00, 0x00, 0x00, 0x00, 0x00, 0xff, 0x7f, 0xff, 0xac, 0x00, 0x00,
            0x00, 0x0e, 0x00, 0x01, 0x01, 0x00, 0x00, 0x00, 0x16, 0x00, 0x00, 0x03, 0xff, 0xfd,
            0xff, 0x02, 0xfe, 0xfe, 0xfe, 0x00, 0x00, 0x00, 0x00, 0x00, 0x00, 0x00, 0x00, 0xff,
            0x7f, 0xff, 0xac, 0x00, 0x00, 0x00, 0x0f, 0x00, 0x01, 0x01, 0x00, 0x00, 0x00, 0x16,
            0x00, 0x00, 0x03, 0xff, 0xfd, 0xff, 0x02, 0xfe, 0xfe, 0xfe, 0x00, 0x00, 0x00, 0x00,
            0x00, 0x00, 0x00, 0x00, 0xff, 0x7f, 0xff, 0xac, 0x00, 0x00, 0x00, 0x10, 0x00, 0x01,
            0x01, 0x00, 0x00, 0x00, 0x16, 0x00, 0x00, 0x03, 0xff, 0xfd, 0xff, 0x02, 0xfe, 0xfe,
            0xfe, 0x00, 0x00, 0x00, 0x00, 0x00, 0x00, 0x00, 0x00, 0xff, 0x7f, 0xff, 0xac, 0x00,
            0x00, 0x00, 0x11, 0x00, 0x01, 0x01, 0x00, 0x00, 0x00, 0x16, 0x00, 0x00, 0x03, 0xff,
            0xfd, 0xff, 0x02, 0xfe, 0xfe, 0xfe, 0x00, 0x00, 0x00, 0x00, 0x00, 0x00, 0x00, 0x00,
            0xff, 0x7f, 0xff, 0xac, 0x00, 0x00, 0x00, 0x12, 0x00, 0x01, 0x01, 0x00, 0x00, 0x00,
            0x16, 0x00, 0x00, 0x03, 0xff, 0xfd, 0xff, 0x02, 0xfe, 0xfe, 0xfe, 0x00, 0x00, 0x00,
            0x00, 0x00, 0x00, 0x00, 0x00, 0xff, 0x7f, 0xff, 0xac, 0x00, 0x00, 0x00, 0x13, 0x00,
            0x01, 0x01, 0x00, 0x00, 0x00, 0x16, 0x00, 0x00, 0x03, 0xff, 0xfd, 0xff, 0x02, 0xfe,
            0xfe, 0xfe, 0x00, 0x00, 0x00, 0x00, 0x00, 0x00, 0x00, 0x00, 0xff, 0x7f, 0xff, 0xac,
            0x00, 0x00, 0x00, 0xff, 0x3e, 0xe0, 0x00, 0x00, 0x08, 0xff, 0x09, 0x0c, 0x0d, 0x0e,
            0x0f, 0x10, 0x11, 0x12, 0x13, 0x01, 0x00, 0x00, 0x00, 0x09, 0x20, 0x00, 0x00, 0x00,
            0x52, 0x00, 0x50, 0x00, 0x00,
        ],
    },
    EncodedCase {
        name: "count-8-unused-bit-4-comment-pair",
        data: &[
            0x00, 0x00, 0x00, 0x01, 0x30, 0x01, 0x01, 0x00, 0x00, 0x00, 0x13, 0x00, 0x00, 0x00,
            0x09, 0x00, 0x00, 0x00, 0x07, 0x00, 0x00, 0x00, 0x00, 0x00, 0x00, 0x00, 0x00, 0x63,
            0x00, 0x00, 0x00, 0x00, 0x00, 0x0a, 0x00, 0x01, 0x01, 0x00, 0x00, 0x00, 0x1e, 0x00,
            0x01, 0x00, 0x00, 0x00, 0x01, 0x00, 0x00, 0x00, 0x01, 0xe7, 0xdb, 0xf0, 0x00, 0x95,
            0x00, 0x4a, 0x80, 0x4c, 0x80, 0xc3, 0x80, 0x00, 0x00, 0x1c, 0x00, 0x93, 0x00, 0x00,
            0x40, 0x00, 0x00, 0x00, 0x0b, 0x07, 0x23, 0x0a, 0x01, 0x00, 0x00, 0x00, 0x2d, 0x00,
            0x00, 0x00, 0x09, 0x00, 0x00, 0x00, 0x07, 0x00, 0x00, 0x00, 0x00, 0x00, 0x00, 0x00,
            0x00, 0x04, 0x00, 0x11, 0x00, 0x00, 0x00, 0x00, 0x00, 0x01, 0x01, 0x00, 0x00, 0x00,
            0x00, 0x00, 0x00, 0x00, 0x00, 0x00, 0x00, 0x00, 0x00, 0x00, 0x00, 0x00, 0x00, 0x00,
            0x00, 0x04, 0x00, 0x00, 0x00, 0x0c, 0x00, 0x01, 0x01, 0x00, 0x00, 0x00, 0x16, 0x00,
            0x00, 0x03, 0xff, 0xfd, 0xff, 0x02, 0xfe, 0xfe, 0xfe, 0x00, 0x00, 0x00, 0x00, 0x00,
            0x00, 0x00, 0x00, 0xff, 0x7f, 0xff, 0xac, 0x00, 0x00, 0x00, 0x0d, 0x00, 0x01, 0x01,
            0x00, 0x00, 0x00, 0x16, 0x00, 0x00, 0x03, 0xff, 0xfd, 0xff, 0x02, 0xfe, 0xfe, 0xfe,
            0x00, 0x00, 0x00, 0x00, 0x00, 0x00, 0x00, 0x00, 0xff, 0x7f, 0xff, 0xac, 0x00, 0x00,
            0x00, 0x0e, 0x00, 0x01, 0x01, 0x00, 0x00, 0x00, 0x16, 0x00, 0x00, 0x03, 0xff, 0xfd,
            0xff, 0x02, 0xfe, 0xfe, 0xfe, 0x00, 0x00, 0x00, 0x00, 0x00, 0x00, 0x00, 0x00, 0xff,
            0x7f, 0xff, 0xac, 0x00, 0x00, 0x00, 0x0f, 0x00, 0x01, 0x01, 0x00, 0x00, 0x00, 0x16,
            0x00, 0x00, 0x03, 0xff, 0xfd, 0xff, 0x02, 0xfe, 0xfe, 0xfe, 0x00, 0x00, 0x00, 0x00,
            0x00, 0x00, 0x00, 0x00, 0xff, 0x7f, 0xff, 0xac, 0x00, 0x00, 0x00, 0x10, 0x00, 0x01,
            0x01, 0x00, 0x00, 0x00, 0x16, 0x00, 0x00, 0x03, 0xff, 0xfd, 0xff, 0x02, 0xfe, 0xfe,
            0xfe, 0x00, 0x00, 0x00, 0x00, 0x00, 0x00, 0x00, 0x00, 0xff, 0x7f, 0xff, 0xac, 0x00,
            0x00, 0x00, 0x11, 0x00, 0x01, 0x01, 0x00, 0x00, 0x00, 0x16, 0x00, 0x00, 0x03, 0xff,
            0xfd, 0xff, 0x02, 0xfe, 0xfe, 0xfe, 0x00, 0x00, 0x00, 0x00, 0x00, 0x00, 0x00, 0x00,
            0xff, 0x7f, 0xff, 0xac, 0x00, 0x00, 0x00, 0x12, 0x00, 0x01, 0x01, 0x00, 0x00, 0x00,
            0x16, 0x00, 0x00, 0x03, 0xff, 0xfd, 0xff, 0x02, 0xfe, 0xfe, 0xfe, 0x00, 0x00, 0x00,
            0x00, 0x00, 0x00, 0x00, 0x00, 0xff, 0x7f, 0xff, 0xac, 0x00, 0x00, 0x00, 0x13, 0x00,
            0x01, 0x01, 0x00, 0x00, 0x00, 0x16, 0x00, 0x00, 0x03, 0xff, 0xfd, 0xff, 0x02, 0xfe,
            0xfe, 0xfe, 0x00, 0x00, 0x00, 0x00, 0x00, 0x00, 0x00, 0x00, 0xff, 0x7f, 0xff, 0xac,
            0x00, 0x00, 0x00, 0xff, 0x3e, 0xe0, 0x00, 0x00, 0x08, 0xff, 0x11, 0x0c, 0x0d, 0x0e,
            0x0f, 0x10, 0x11, 0x12, 0x13, 0x01, 0x00, 0x00, 0x00, 0x09, 0x20, 0x00, 0x00, 0x00,
            0x52, 0x00, 0x50, 0x00, 0x00,
        ],
    },
    EncodedCase {
        name: "count-8-unused-bit-5-comment-pair",
        data: &[
            0x00, 0x00, 0x00, 0x01, 0x30, 0x01, 0x01, 0x00, 0x00, 0x00, 0x13, 0x00, 0x00, 0x00,
            0x09, 0x00, 0x00, 0x00, 0x07, 0x00, 0x00, 0x00, 0x00, 0x00, 0x00, 0x00, 0x00, 0x63,
            0x00, 0x00, 0x00, 0x00, 0x00, 0x0a, 0x00, 0x01, 0x01, 0x00, 0x00, 0x00, 0x1e, 0x00,
            0x01, 0x00, 0x00, 0x00, 0x01, 0x00, 0x00, 0x00, 0x01, 0xe7, 0xdb, 0xf0, 0x00, 0x95,
            0x00, 0x4a, 0x80, 0x4c, 0x80, 0xc3, 0x80, 0x00, 0x00, 0x1c, 0x00, 0x93, 0x00, 0x00,
            0x40, 0x00, 0x00, 0x00, 0x0b, 0x07, 0x23, 0x0a, 0x01, 0x00, 0x00, 0x00, 0x2d, 0x00,
            0x00, 0x00, 0x09, 0x00, 0x00, 0x00, 0x07, 0x00, 0x00, 0x00, 0x00, 0x00, 0x00, 0x00,
            0x00, 0x04, 0x00, 0x11, 0x00, 0x00, 0x00, 0x00, 0x00, 0x01, 0x01, 0x00, 0x00, 0x00,
            0x00, 0x00, 0x00, 0x00, 0x00, 0x00, 0x00, 0x00, 0x00, 0x00, 0x00, 0x00, 0x00, 0x00,
            0x00, 0x04, 0x00, 0x00, 0x00, 0x0c, 0x00, 0x01, 0x01, 0x00, 0x00, 0x00, 0x16, 0x00,
            0x00, 0x03, 0xff, 0xfd, 0xff, 0x02, 0xfe, 0xfe, 0xfe, 0x00, 0x00, 0x00, 0x00, 0x00,
            0x00, 0x00, 0x00, 0xff, 0x7f, 0xff, 0xac, 0x00, 0x00, 0x00, 0x0d, 0x00, 0x01, 0x01,
            0x00, 0x00, 0x00, 0x16, 0x00, 0x00, 0x03, 0xff, 0xfd, 0xff, 0x02, 0xfe, 0xfe, 0xfe,
            0x00, 0x00, 0x00, 0x00, 0x00, 0x00, 0x00, 0x00, 0xff, 0x7f, 0xff, 0xac, 0x00, 0x00,
            0x00, 0x0e, 0x00, 0x01, 0x01, 0x00, 0x00, 0x00, 0x16, 0x00, 0x00, 0x03, 0xff, 0xfd,
            0xff, 0x02, 0xfe, 0xfe, 0xfe, 0x00, 0x00, 0x00, 0x00, 0x00, 0x00, 0x00, 0x00, 0xff,
            0x7f, 0xff, 0xac, 0x00, 0x00, 0x00, 0x0f, 0x00, 0x01, 0x01, 0x00, 0x00, 0x00, 0x16,
            0x00, 0x00, 0x03, 0xff, 0xfd, 0xff, 0x02, 0xfe, 0xfe, 0xfe, 0x00, 0x00, 0x00, 0x00,
            0x00, 0x00, 0x00, 0x00, 0xff, 0x7f, 0xff, 0xac, 0x00, 0x00, 0x00, 0x10, 0x00, 0x01,
            0x01, 0x00, 0x00, 0x00, 0x16, 0x00, 0x00, 0x03, 0xff, 0xfd, 0xff, 0x02, 0xfe, 0xfe,
            0xfe, 0x00, 0x00, 0x00, 0x00, 0x00, 0x00, 0x00, 0x00, 0xff, 0x7f, 0xff, 0xac, 0x00,
            0x00, 0x00, 0x11, 0x00, 0x01, 0x01, 0x00, 0x00, 0x00, 0x16, 0x00, 0x00, 0x03, 0xff,
            0xfd, 0xff, 0x02, 0xfe, 0xfe, 0xfe, 0x00, 0x00, 0x00, 0x00, 0x00, 0x00, 0x00, 0x00,
            0xff, 0x7f, 0xff, 0xac, 0x00, 0x00, 0x00, 0x12, 0x00, 0x01, 0x01, 0x00, 0x00, 0x00,
            0x16, 0x00, 0x00, 0x03, 0xff, 0xfd, 0xff, 0x02, 0xfe, 0xfe, 0xfe, 0x00, 0x00, 0x00,
            0x00, 0x00, 0x00, 0x00, 0x00, 0xff, 0x7f, 0xff, 0xac, 0x00, 0x00, 0x00, 0x13, 0x00,
            0x01, 0x01, 0x00, 0x00, 0x00, 0x16, 0x00, 0x00, 0x03, 0xff, 0xfd, 0xff, 0x02, 0xfe,
            0xfe, 0xfe, 0x00, 0x00, 0x00, 0x00, 0x00, 0x00, 0x00, 0x00, 0xff, 0x7f, 0xff, 0xac,
            0x00, 0x00, 0x00, 0xff, 0x3e, 0xe0, 0x00, 0x00, 0x08, 0xff, 0x21, 0x0c, 0x0d, 0x0e,
            0x0f, 0x10, 0x11, 0x12, 0x13, 0x01, 0x00, 0x00, 0x00, 0x09, 0x20, 0x00, 0x00, 0x00,
            0x52, 0x00, 0x50, 0x00, 0x00,
        ],
    },
    EncodedCase {
        name: "count-8-unused-bit-6-comment-pair",
        data: &[
            0x00, 0x00, 0x00, 0x01, 0x30, 0x01, 0x01, 0x00, 0x00, 0x00, 0x13, 0x00, 0x00, 0x00,
            0x09, 0x00, 0x00, 0x00, 0x07, 0x00, 0x00, 0x00, 0x00, 0x00, 0x00, 0x00, 0x00, 0x63,
            0x00, 0x00, 0x00, 0x00, 0x00, 0x0a, 0x00, 0x01, 0x01, 0x00, 0x00, 0x00, 0x1e, 0x00,
            0x01, 0x00, 0x00, 0x00, 0x01, 0x00, 0x00, 0x00, 0x01, 0xe7, 0xdb, 0xf0, 0x00, 0x95,
            0x00, 0x4a, 0x80, 0x4c, 0x80, 0xc3, 0x80, 0x00, 0x00, 0x1c, 0x00, 0x93, 0x00, 0x00,
            0x40, 0x00, 0x00, 0x00, 0x0b, 0x07, 0x23, 0x0a, 0x01, 0x00, 0x00, 0x00, 0x2d, 0x00,
            0x00, 0x00, 0x09, 0x00, 0x00, 0x00, 0x07, 0x00, 0x00, 0x00, 0x00, 0x00, 0x00, 0x00,
            0x00, 0x04, 0x00, 0x11, 0x00, 0x00, 0x00, 0x00, 0x00, 0x01, 0x01, 0x00, 0x00, 0x00,
            0x00, 0x00, 0x00, 0x00, 0x00, 0x00, 0x00, 0x00, 0x00, 0x00, 0x00, 0x00, 0x00, 0x00,
            0x00, 0x04, 0x00, 0x00, 0x00, 0x0c, 0x00, 0x01, 0x01, 0x00, 0x00, 0x00, 0x16, 0x00,
            0x00, 0x03, 0xff, 0xfd, 0xff, 0x02, 0xfe, 0xfe, 0xfe, 0x00, 0x00, 0x00, 0x00, 0x00,
            0x00, 0x00, 0x00, 0xff, 0x7f, 0xff, 0xac, 0x00, 0x00, 0x00, 0x0d, 0x00, 0x01, 0x01,
            0x00, 0x00, 0x00, 0x16, 0x00, 0x00, 0x03, 0xff, 0xfd, 0xff, 0x02, 0xfe, 0xfe, 0xfe,
            0x00, 0x00, 0x00, 0x00, 0x00, 0x00, 0x00, 0x00, 0xff, 0x7f, 0xff, 0xac, 0x00, 0x00,
            0x00, 0x0e, 0x00, 0x01, 0x01, 0x00, 0x00, 0x00, 0x16, 0x00, 0x00, 0x03, 0xff, 0xfd,
            0xff, 0x02, 0xfe, 0xfe, 0xfe, 0x00, 0x00, 0x00, 0x00, 0x00, 0x00, 0x00, 0x00, 0xff,
            0x7f, 0xff, 0xac, 0x00, 0x00, 0x00, 0x0f, 0x00, 0x01, 0x01, 0x00, 0x00, 0x00, 0x16,
            0x00, 0x00, 0x03, 0xff, 0xfd, 0xff, 0x02, 0xfe, 0xfe, 0xfe, 0x00, 0x00, 0x00, 0x00,
            0x00, 0x00, 0x00, 0x00, 0xff, 0x7f, 0xff, 0xac, 0x00, 0x00, 0x00, 0x10, 0x00, 0x01,
            0x01, 0x00, 0x00, 0x00, 0x16, 0x00, 0x00, 0x03, 0xff, 0xfd, 0xff, 0x02, 0xfe, 0xfe,
            0xfe, 0x00, 0x00, 0x00, 0x00, 0x00, 0x00, 0x00, 0x00, 0xff, 0x7f, 0xff, 0xac, 0x00,
            0x00, 0x00, 0x11, 0x00, 0x01, 0x01, 0x00, 0x00, 0x00, 0x16, 0x00, 0x00, 0x03, 0xff,
            0xfd, 0xff, 0x02, 0xfe, 0xfe, 0xfe, 0x00, 0x00, 0x00, 0x00, 0x00, 0x00, 0x00, 0x00,
            0xff, 0x7f, 0xff, 0xac, 0x00, 0x00, 0x00, 0x12, 0x00, 0x01, 0x01, 0x00, 0x00, 0x00,
            0x16, 0x00, 0x00, 0x03, 0xff, 0xfd, 0xff, 0x02, 0xfe, 0xfe, 0xfe, 0x00, 0x00, 0x00,
            0x00, 0x00, 0x00, 0x00, 0x00, 0xff, 0x7f, 0xff, 0xac, 0x00, 0x00, 0x00, 0x13, 0x00,
            0x01, 0x01, 0x00, 0x00, 0x00, 0x16, 0x00, 0x00, 0x03, 0xff, 0xfd, 0xff, 0x02, 0xfe,
            0xfe, 0xfe, 0x00, 0x00, 0x00, 0x00, 0x00, 0x00, 0x00, 0x00, 0xff, 0x7f, 0xff, 0xac,
            0x00, 0x00, 0x00, 0xff, 0x3e, 0xe0, 0x00, 0x00, 0x08, 0xff, 0x41, 0x0c, 0x0d, 0x0e,
            0x0f, 0x10, 0x11, 0x12, 0x13, 0x01, 0x00, 0x00, 0x00, 0x09, 0x20, 0x00, 0x00, 0x00,
            0x52, 0x00, 0x50, 0x00, 0x00,
        ],
    },
    EncodedCase {
        name: "count-8-unused-bit-7-comment-pair",
        data: &[
            0x00, 0x00, 0x00, 0x01, 0x30, 0x01, 0x01, 0x00, 0x00, 0x00, 0x13, 0x00, 0x00, 0x00,
            0x09, 0x00, 0x00, 0x00, 0x07, 0x00, 0x00, 0x00, 0x00, 0x00, 0x00, 0x00, 0x00, 0x63,
            0x00, 0x00, 0x00, 0x00, 0x00, 0x0a, 0x00, 0x01, 0x01, 0x00, 0x00, 0x00, 0x1e, 0x00,
            0x01, 0x00, 0x00, 0x00, 0x01, 0x00, 0x00, 0x00, 0x01, 0xe7, 0xdb, 0xf0, 0x00, 0x95,
            0x00, 0x4a, 0x80, 0x4c, 0x80, 0xc3, 0x80, 0x00, 0x00, 0x1c, 0x00, 0x93, 0x00, 0x00,
            0x40, 0x00, 0x00, 0x00, 0x0b, 0x07, 0x23, 0x0a, 0x01, 0x00, 0x00, 0x00, 0x2d, 0x00,
            0x00, 0x00, 0x09, 0x00, 0x00, 0x00, 0x07, 0x00, 0x00, 0x00, 0x00, 0x00, 0x00, 0x00,
            0x00, 0x04, 0x00, 0x11, 0x00, 0x00, 0x00, 0x00, 0x00, 0x01, 0x01, 0x00, 0x00, 0x00,
            0x00, 0x00, 0x00, 0x00, 0x00, 0x00, 0x00, 0x00, 0x00, 0x00, 0x00, 0x00, 0x00, 0x00,
            0x00, 0x04, 0x00, 0x00, 0x00, 0x0c, 0x00, 0x01, 0x01, 0x00, 0x00, 0x00, 0x16, 0x00,
            0x00, 0x03, 0xff, 0xfd, 0xff, 0x02, 0xfe, 0xfe, 0xfe, 0x00, 0x00, 0x00, 0x00, 0x00,
            0x00, 0x00, 0x00, 0xff, 0x7f, 0xff, 0xac, 0x00, 0x00, 0x00, 0x0d, 0x00, 0x01, 0x01,
            0x00, 0x00, 0x00, 0x16, 0x00, 0x00, 0x03, 0xff, 0xfd, 0xff, 0x02, 0xfe, 0xfe, 0xfe,
            0x00, 0x00, 0x00, 0x00, 0x00, 0x00, 0x00, 0x00, 0xff, 0x7f, 0xff, 0xac, 0x00, 0x00,
            0x00, 0x0e, 0x00, 0x01, 0x01, 0x00, 0x00, 0x00, 0x16, 0x00, 0x00, 0x03, 0xff, 0xfd,
            0xff, 0x02, 0xfe, 0xfe, 0xfe, 0x00, 0x00, 0x00, 0x00, 0x00, 0x00, 0x00, 0x00, 0xff,
            0x7f, 0xff, 0xac, 0x00, 0x00, 0x00, 0x0f, 0x00, 0x01, 0x01, 0x00, 0x00, 0x00, 0x16,
            0x00, 0x00, 0x03, 0xff, 0xfd, 0xff, 0x02, 0xfe, 0xfe, 0xfe, 0x00, 0x00, 0x00, 0x00,
            0x00, 0x00, 0x00, 0x00, 0xff, 0x7f, 0xff, 0xac, 0x00, 0x00, 0x00, 0x10, 0x00, 0x01,
            0x01, 0x00, 0x00, 0x00, 0x16, 0x00, 0x00, 0x03, 0xff, 0xfd, 0xff, 0x02, 0xfe, 0xfe,
            0xfe, 0x00, 0x00, 0x00, 0x00, 0x00, 0x00, 0x00, 0x00, 0xff, 0x7f, 0xff, 0xac, 0x00,
            0x00, 0x00, 0x11, 0x00, 0x01, 0x01, 0x00, 0x00, 0x00, 0x16, 0x00, 0x00, 0x03, 0xff,
            0xfd, 0xff, 0x02, 0xfe, 0xfe, 0xfe, 0x00, 0x00, 0x00, 0x00, 0x00, 0x00, 0x00, 0x00,
            0xff, 0x7f, 0xff, 0xac, 0x00, 0x00, 0x00, 0x12, 0x00, 0x01, 0x01, 0x00, 0x00, 0x00,
            0x16, 0x00, 0x00, 0x03, 0xff, 0xfd, 0xff, 0x02, 0xfe, 0xfe, 0xfe, 0x00, 0x00, 0x00,
            0x00, 0x00, 0x00, 0x00, 0x00, 0xff, 0x7f, 0xff, 0xac, 0x00, 0x00, 0x00, 0x13, 0x00,
            0x01, 0x01, 0x00, 0x00, 0x00, 0x16, 0x00, 0x00, 0x03, 0xff, 0xfd, 0xff, 0x02, 0xfe,
            0xfe, 0xfe, 0x00, 0x00, 0x00, 0x00, 0x00, 0x00, 0x00, 0x00, 0xff, 0x7f, 0xff, 0xac,
            0x00, 0x00, 0x00, 0xff, 0x3e, 0xe0, 0x00, 0x00, 0x08, 0xff, 0x81, 0x0c, 0x0d, 0x0e,
            0x0f, 0x10, 0x11, 0x12, 0x13, 0x01, 0x00, 0x00, 0x00, 0x09, 0x20, 0x00, 0x00, 0x00,
            0x52, 0x00, 0x50, 0x00, 0x00,
        ],
    },
    EncodedCase {
        name: "count-9-unused-bit-2-comment-pair",
        data: &[
            0x00, 0x00, 0x00, 0x01, 0x30, 0x01, 0x01, 0x00, 0x00, 0x00, 0x13, 0x00, 0x00, 0x00,
            0x09, 0x00, 0x00, 0x00, 0x07, 0x00, 0x00, 0x00, 0x00, 0x00, 0x00, 0x00, 0x00, 0x63,
            0x00, 0x00, 0x00, 0x00, 0x00, 0x0a, 0x00, 0x01, 0x01, 0x00, 0x00, 0x00, 0x1e, 0x00,
            0x01, 0x00, 0x00, 0x00, 0x01, 0x00, 0x00, 0x00, 0x01, 0xe7, 0xdb, 0xf0, 0x00, 0x95,
            0x00, 0x4a, 0x80, 0x4c, 0x80, 0xc3, 0x80, 0x00, 0x00, 0x1c, 0x00, 0x93, 0x00, 0x00,
            0x40, 0x00, 0x00, 0x00, 0x0b, 0x07, 0x23, 0x0a, 0x01, 0x00, 0x00, 0x00, 0x2d, 0x00,
            0x00, 0x00, 0x09, 0x00, 0x00, 0x00, 0x07, 0x00, 0x00, 0x00, 0x00, 0x00, 0x00, 0x00,
            0x00, 0x04, 0x00, 0x11, 0x00, 0x00, 0x00, 0x00, 0x00, 0x01, 0x01, 0x00, 0x00, 0x00,
            0x00, 0x00, 0x00, 0x00, 0x00, 0x00, 0x00, 0x00, 0x00, 0x00, 0x00, 0x00, 0x00, 0x00,
            0x00, 0x04, 0x00, 0x00, 0x00, 0x0c, 0x00, 0x01, 0x01, 0x00, 0x00, 0x00, 0x16, 0x00,
            0x00, 0x03, 0xff, 0xfd, 0xff, 0x02, 0xfe, 0xfe, 0xfe, 0x00, 0x00, 0x00, 0x00, 0x00,
            0x00, 0x00, 0x00, 0xff, 0x7f, 0xff, 0xac, 0x00, 0x00, 0x00, 0x0d, 0x00, 0x01, 0x01,
            0x00, 0x00, 0x00, 0x16, 0x00, 0x00, 0x03, 0xff, 0xfd, 0xff, 0x02, 0xfe, 0xfe, 0xfe,
            0x00, 0x00, 0x00, 0x00, 0x00, 0x00, 0x00, 0x00, 0xff, 0x7f, 0xff, 0xac, 0x00, 0x00,
            0x00, 0x0e, 0x00, 0x01, 0x01, 0x00, 0x00, 0x00, 0x16, 0x00, 0x00, 0x03, 0xff, 0xfd,
            0xff, 0x02, 0xfe, 0xfe, 0xfe, 0x00, 0x00, 0x00, 0x00, 0x00, 0x00, 0x00, 0x00, 0xff,
            0x7f, 0xff, 0xac, 0x00, 0x00, 0x00, 0x0f, 0x00, 0x01, 0x01, 0x00, 0x00, 0x00, 0x16,
            0x00, 0x00, 0x03, 0xff, 0xfd, 0xff, 0x02, 0xfe, 0xfe, 0xfe, 0x00, 0x00, 0x00, 0x00,
            0x00, 0x00, 0x00, 0x00, 0xff, 0x7f, 0xff, 0xac, 0x00, 0x00, 0x00, 0x10, 0x00, 0x01,
            0x01, 0x00, 0x00, 0x00, 0x16, 0x00, 0x00, 0x03, 0xff, 0xfd, 0xff, 0x02, 0xfe, 0xfe,
            0xfe, 0x00, 0x00, 0x00, 0x00, 0x00, 0x00, 0x00, 0x00, 0xff, 0x7f, 0xff, 0xac, 0x00,
            0x00, 0x00, 0x11, 0x00, 0x01, 0x01, 0x00, 0x00, 0x00, 0x16, 0x00, 0x00, 0x03, 0xff,
            0xfd, 0xff, 0x02, 0xfe, 0xfe, 0xfe, 0x00, 0x00, 0x00, 0x00, 0x00, 0x00, 0x00, 0x00,
            0xff, 0x7f, 0xff, 0xac, 0x00, 0x00, 0x00, 0x12, 0x00, 0x01, 0x01, 0x00, 0x00, 0x00,
            0x16, 0x00, 0x00, 0x03, 0xff, 0xfd, 0xff, 0x02, 0xfe, 0xfe, 0xfe, 0x00, 0x00, 0x00,
            0x00, 0x00, 0x00, 0x00, 0x00, 0xff, 0x7f, 0xff, 0xac, 0x00, 0x00, 0x00, 0x13, 0x00,
            0x01, 0x01, 0x00, 0x00, 0x00, 0x16, 0x00, 0x00, 0x03, 0xff, 0xfd, 0xff, 0x02, 0xfe,
            0xfe, 0xfe, 0x00, 0x00, 0x00, 0x00, 0x00, 0x00, 0x00, 0x00, 0xff, 0x7f, 0xff, 0xac,
            0x00, 0x00, 0x00, 0x14, 0x00, 0x01, 0x01, 0x00, 0x00, 0x00, 0x16, 0x00, 0x00, 0x03,
            0xff, 0xfd, 0xff, 0x02, 0xfe, 0xfe, 0xfe, 0x00, 0x00, 0x00, 0x00, 0x00, 0x00, 0x00,
            0x00, 0xff, 0x7f, 0xff, 0xac, 0x00, 0x00, 0x00, 0xff, 0x3e, 0xe0, 0x00, 0x00, 0x09,
            0xff, 0x07, 0x0c, 0x0d, 0x0e, 0x0f, 0x10, 0x11, 0x12, 0x13, 0x14, 0x01, 0x00, 0x00,
            0x00, 0x09, 0x20, 0x00, 0x00, 0x00, 0x52, 0x00, 0x50, 0x00, 0x00,
        ],
    },
    EncodedCase {
        name: "count-9-unused-bit-3-comment-pair",
        data: &[
            0x00, 0x00, 0x00, 0x01, 0x30, 0x01, 0x01, 0x00, 0x00, 0x00, 0x13, 0x00, 0x00, 0x00,
            0x09, 0x00, 0x00, 0x00, 0x07, 0x00, 0x00, 0x00, 0x00, 0x00, 0x00, 0x00, 0x00, 0x63,
            0x00, 0x00, 0x00, 0x00, 0x00, 0x0a, 0x00, 0x01, 0x01, 0x00, 0x00, 0x00, 0x1e, 0x00,
            0x01, 0x00, 0x00, 0x00, 0x01, 0x00, 0x00, 0x00, 0x01, 0xe7, 0xdb, 0xf0, 0x00, 0x95,
            0x00, 0x4a, 0x80, 0x4c, 0x80, 0xc3, 0x80, 0x00, 0x00, 0x1c, 0x00, 0x93, 0x00, 0x00,
            0x40, 0x00, 0x00, 0x00, 0x0b, 0x07, 0x23, 0x0a, 0x01, 0x00, 0x00, 0x00, 0x2d, 0x00,
            0x00, 0x00, 0x09, 0x00, 0x00, 0x00, 0x07, 0x00, 0x00, 0x00, 0x00, 0x00, 0x00, 0x00,
            0x00, 0x04, 0x00, 0x11, 0x00, 0x00, 0x00, 0x00, 0x00, 0x01, 0x01, 0x00, 0x00, 0x00,
            0x00, 0x00, 0x00, 0x00, 0x00, 0x00, 0x00, 0x00, 0x00, 0x00, 0x00, 0x00, 0x00, 0x00,
            0x00, 0x04, 0x00, 0x00, 0x00, 0x0c, 0x00, 0x01, 0x01, 0x00, 0x00, 0x00, 0x16, 0x00,
            0x00, 0x03, 0xff, 0xfd, 0xff, 0x02, 0xfe, 0xfe, 0xfe, 0x00, 0x00, 0x00, 0x00, 0x00,
            0x00, 0x00, 0x00, 0xff, 0x7f, 0xff, 0xac, 0x00, 0x00, 0x00, 0x0d, 0x00, 0x01, 0x01,
            0x00, 0x00, 0x00, 0x16, 0x00, 0x00, 0x03, 0xff, 0xfd, 0xff, 0x02, 0xfe, 0xfe, 0xfe,
            0x00, 0x00, 0x00, 0x00, 0x00, 0x00, 0x00, 0x00, 0xff, 0x7f, 0xff, 0xac, 0x00, 0x00,
            0x00, 0x0e, 0x00, 0x01, 0x01, 0x00, 0x00, 0x00, 0x16, 0x00, 0x00, 0x03, 0xff, 0xfd,
            0xff, 0x02, 0xfe, 0xfe, 0xfe, 0x00, 0x00, 0x00, 0x00, 0x00, 0x00, 0x00, 0x00, 0xff,
            0x7f, 0xff, 0xac, 0x00, 0x00, 0x00, 0x0f, 0x00, 0x01, 0x01, 0x00, 0x00, 0x00, 0x16,
            0x00, 0x00, 0x03, 0xff, 0xfd, 0xff, 0x02, 0xfe, 0xfe, 0xfe, 0x00, 0x00, 0x00, 0x00,
            0x00, 0x00, 0x00, 0x00, 0xff, 0x7f, 0xff, 0xac, 0x00, 0x00, 0x00, 0x10, 0x00, 0x01,
            0x01, 0x00, 0x00, 0x00, 0x16, 0x00, 0x00, 0x03, 0xff, 0xfd, 0xff, 0x02, 0xfe, 0xfe,
            0xfe, 0x00, 0x00, 0x00, 0x00, 0x00, 0x00, 0x00, 0x00, 0xff, 0x7f, 0xff, 0xac, 0x00,
            0x00, 0x00, 0x11, 0x00, 0x01, 0x01, 0x00, 0x00, 0x00, 0x16, 0x00, 0x00, 0x03, 0xff,
            0xfd, 0xff, 0x02, 0xfe, 0xfe, 0xfe, 0x00, 0x00, 0x00, 0x00, 0x00, 0x00, 0x00, 0x00,
            0xff, 0x7f, 0xff, 0xac, 0x00, 0x00, 0x00, 0x12, 0x00, 0x01, 0x01, 0x00, 0x00, 0x00,
            0x16, 0x00, 0x00, 0x03, 0xff, 0xfd, 0xff, 0x02, 0xfe, 0xfe, 0xfe, 0x00, 0x00, 0x00,
            0x00, 0x00, 0x00, 0x00, 0x00, 0xff, 0x7f, 0xff, 0xac, 0x00, 0x00, 0x00, 0x13, 0x00,
            0x01, 0x01, 0x00, 0x00, 0x00, 0x16, 0x00, 0x00, 0x03, 0xff, 0xfd, 0xff, 0x02, 0xfe,
            0xfe, 0xfe, 0x00, 0x00, 0x00, 0x00, 0x00, 0x00, 0x00, 0x00, 0xff, 0x7f, 0xff, 0xac,
            0x00, 0x00, 0x00, 0x14, 0x00, 0x01, 0x01, 0x00, 0x00, 0x00, 0x16, 0x00, 0x00, 0x03,
            0xff, 0xfd, 0xff, 0x02, 0xfe, 0xfe, 0xfe, 0x00, 0x00, 0x00, 0x00, 0x00, 0x00, 0x00,
            0x00, 0xff, 0x7f, 0xff, 0xac, 0x00, 0x00, 0x00, 0xff, 0x3e, 0xe0, 0x00, 0x00, 0x09,
            0xff, 0x0b, 0x0c, 0x0d, 0x0e, 0x0f, 0x10, 0x11, 0x12, 0x13, 0x14, 0x01, 0x00, 0x00,
            0x00, 0x09, 0x20, 0x00, 0x00, 0x00, 0x52, 0x00, 0x50, 0x00, 0x00,
        ],
    },
    EncodedCase {
        name: "count-9-unused-bit-4-comment-pair",
        data: &[
            0x00, 0x00, 0x00, 0x01, 0x30, 0x01, 0x01, 0x00, 0x00, 0x00, 0x13, 0x00, 0x00, 0x00,
            0x09, 0x00, 0x00, 0x00, 0x07, 0x00, 0x00, 0x00, 0x00, 0x00, 0x00, 0x00, 0x00, 0x63,
            0x00, 0x00, 0x00, 0x00, 0x00, 0x0a, 0x00, 0x01, 0x01, 0x00, 0x00, 0x00, 0x1e, 0x00,
            0x01, 0x00, 0x00, 0x00, 0x01, 0x00, 0x00, 0x00, 0x01, 0xe7, 0xdb, 0xf0, 0x00, 0x95,
            0x00, 0x4a, 0x80, 0x4c, 0x80, 0xc3, 0x80, 0x00, 0x00, 0x1c, 0x00, 0x93, 0x00, 0x00,
            0x40, 0x00, 0x00, 0x00, 0x0b, 0x07, 0x23, 0x0a, 0x01, 0x00, 0x00, 0x00, 0x2d, 0x00,
            0x00, 0x00, 0x09, 0x00, 0x00, 0x00, 0x07, 0x00, 0x00, 0x00, 0x00, 0x00, 0x00, 0x00,
            0x00, 0x04, 0x00, 0x11, 0x00, 0x00, 0x00, 0x00, 0x00, 0x01, 0x01, 0x00, 0x00, 0x00,
            0x00, 0x00, 0x00, 0x00, 0x00, 0x00, 0x00, 0x00, 0x00, 0x00, 0x00, 0x00, 0x00, 0x00,
            0x00, 0x04, 0x00, 0x00, 0x00, 0x0c, 0x00, 0x01, 0x01, 0x00, 0x00, 0x00, 0x16, 0x00,
            0x00, 0x03, 0xff, 0xfd, 0xff, 0x02, 0xfe, 0xfe, 0xfe, 0x00, 0x00, 0x00, 0x00, 0x00,
            0x00, 0x00, 0x00, 0xff, 0x7f, 0xff, 0xac, 0x00, 0x00, 0x00, 0x0d, 0x00, 0x01, 0x01,
            0x00, 0x00, 0x00, 0x16, 0x00, 0x00, 0x03, 0xff, 0xfd, 0xff, 0x02, 0xfe, 0xfe, 0xfe,
            0x00, 0x00, 0x00, 0x00, 0x00, 0x00, 0x00, 0x00, 0xff, 0x7f, 0xff, 0xac, 0x00, 0x00,
            0x00, 0x0e, 0x00, 0x01, 0x01, 0x00, 0x00, 0x00, 0x16, 0x00, 0x00, 0x03, 0xff, 0xfd,
            0xff, 0x02, 0xfe, 0xfe, 0xfe, 0x00, 0x00, 0x00, 0x00, 0x00, 0x00, 0x00, 0x00, 0xff,
            0x7f, 0xff, 0xac, 0x00, 0x00, 0x00, 0x0f, 0x00, 0x01, 0x01, 0x00, 0x00, 0x00, 0x16,
            0x00, 0x00, 0x03, 0xff, 0xfd, 0xff, 0x02, 0xfe, 0xfe, 0xfe, 0x00, 0x00, 0x00, 0x00,
            0x00, 0x00, 0x00, 0x00, 0xff, 0x7f, 0xff, 0xac, 0x00, 0x00, 0x00, 0x10, 0x00, 0x01,
            0x01, 0x00, 0x00, 0x00, 0x16, 0x00, 0x00, 0x03, 0xff, 0xfd, 0xff, 0x02, 0xfe, 0xfe,
            0xfe, 0x00, 0x00, 0x00, 0x00, 0x00, 0x00, 0x00, 0x00, 0xff, 0x7f, 0xff, 0xac, 0x00,
            0x00, 0x00, 0x11, 0x00, 0x01, 0x01, 0x00, 0x00, 0x00, 0x16, 0x00, 0x00, 0x03, 0xff,
            0xfd, 0xff, 0x02, 0xfe, 0xfe, 0xfe, 0x00, 0x00, 0x00, 0x00, 0x00, 0x00, 0x00, 0x00,
            0xff, 0x7f, 0xff, 0xac, 0x00, 0x00, 0x00, 0x12, 0x00, 0x01, 0x01, 0x00, 0x00, 0x00,
            0x16, 0x00, 0x00, 0x03, 0xff, 0xfd, 0xff, 0x02, 0xfe, 0xfe, 0xfe, 0x00, 0x00, 0x00,
            0x00, 0x00, 0x00, 0x00, 0x00, 0xff, 0x7f, 0xff, 0xac, 0x00, 0x00, 0x00, 0x13, 0x00,
            0x01, 0x01, 0x00, 0x00, 0x00, 0x16, 0x00, 0x00, 0x03, 0xff, 0xfd, 0xff, 0x02, 0xfe,
            0xfe, 0xfe, 0x00, 0x00, 0x00, 0x00, 0x00, 0x00, 0x00, 0x00, 0xff, 0x7f, 0xff, 0xac,
            0x00, 0x00, 0x00, 0x14, 0x00, 0x01, 0x01, 0x00, 0x00, 0x00, 0x16, 0x00, 0x00, 0x03,
            0xff, 0xfd, 0xff, 0x02, 0xfe, 0xfe, 0xfe, 0x00, 0x00, 0x00, 0x00, 0x00, 0x00, 0x00,
            0x00, 0xff, 0x7f, 0xff, 0xac, 0x00, 0x00, 0x00, 0xff, 0x3e, 0xe0, 0x00, 0x00, 0x09,
            0xff, 0x13, 0x0c, 0x0d, 0x0e, 0x0f, 0x10, 0x11, 0x12, 0x13, 0x14, 0x01, 0x00, 0x00,
            0x00, 0x09, 0x20, 0x00, 0x00, 0x00, 0x52, 0x00, 0x50, 0x00, 0x00,
        ],
    },
    EncodedCase {
        name: "count-9-unused-bit-5-comment-pair",
        data: &[
            0x00, 0x00, 0x00, 0x01, 0x30, 0x01, 0x01, 0x00, 0x00, 0x00, 0x13, 0x00, 0x00, 0x00,
            0x09, 0x00, 0x00, 0x00, 0x07, 0x00, 0x00, 0x00, 0x00, 0x00, 0x00, 0x00, 0x00, 0x63,
            0x00, 0x00, 0x00, 0x00, 0x00, 0x0a, 0x00, 0x01, 0x01, 0x00, 0x00, 0x00, 0x1e, 0x00,
            0x01, 0x00, 0x00, 0x00, 0x01, 0x00, 0x00, 0x00, 0x01, 0xe7, 0xdb, 0xf0, 0x00, 0x95,
            0x00, 0x4a, 0x80, 0x4c, 0x80, 0xc3, 0x80, 0x00, 0x00, 0x1c, 0x00, 0x93, 0x00, 0x00,
            0x40, 0x00, 0x00, 0x00, 0x0b, 0x07, 0x23, 0x0a, 0x01, 0x00, 0x00, 0x00, 0x2d, 0x00,
            0x00, 0x00, 0x09, 0x00, 0x00, 0x00, 0x07, 0x00, 0x00, 0x00, 0x00, 0x00, 0x00, 0x00,
            0x00, 0x04, 0x00, 0x11, 0x00, 0x00, 0x00, 0x00, 0x00, 0x01, 0x01, 0x00, 0x00, 0x00,
            0x00, 0x00, 0x00, 0x00, 0x00, 0x00, 0x00, 0x00, 0x00, 0x00, 0x00, 0x00, 0x00, 0x00,
            0x00, 0x04, 0x00, 0x00, 0x00, 0x0c, 0x00, 0x01, 0x01, 0x00, 0x00, 0x00, 0x16, 0x00,
            0x00, 0x03, 0xff, 0xfd, 0xff, 0x02, 0xfe, 0xfe, 0xfe, 0x00, 0x00, 0x00, 0x00, 0x00,
            0x00, 0x00, 0x00, 0xff, 0x7f, 0xff, 0xac, 0x00, 0x00, 0x00, 0x0d, 0x00, 0x01, 0x01,
            0x00, 0x00, 0x00, 0x16, 0x00, 0x00, 0x03, 0xff, 0xfd, 0xff, 0x02, 0xfe, 0xfe, 0xfe,
            0x00, 0x00, 0x00, 0x00, 0x00, 0x00, 0x00, 0x00, 0xff, 0x7f, 0xff, 0xac, 0x00, 0x00,
            0x00, 0x0e, 0x00, 0x01, 0x01, 0x00, 0x00, 0x00, 0x16, 0x00, 0x00, 0x03, 0xff, 0xfd,
            0xff, 0x02, 0xfe, 0xfe, 0xfe, 0x00, 0x00, 0x00, 0x00, 0x00, 0x00, 0x00, 0x00, 0xff,
            0x7f, 0xff, 0xac, 0x00, 0x00, 0x00, 0x0f, 0x00, 0x01, 0x01, 0x00, 0x00, 0x00, 0x16,
            0x00, 0x00, 0x03, 0xff, 0xfd, 0xff, 0x02, 0xfe, 0xfe, 0xfe, 0x00, 0x00, 0x00, 0x00,
            0x00, 0x00, 0x00, 0x00, 0xff, 0x7f, 0xff, 0xac, 0x00, 0x00, 0x00, 0x10, 0x00, 0x01,
            0x01, 0x00, 0x00, 0x00, 0x16, 0x00, 0x00, 0x03, 0xff, 0xfd, 0xff, 0x02, 0xfe, 0xfe,
            0xfe, 0x00, 0x00, 0x00, 0x00, 0x00, 0x00, 0x00, 0x00, 0xff, 0x7f, 0xff, 0xac, 0x00,
            0x00, 0x00, 0x11, 0x00, 0x01, 0x01, 0x00, 0x00, 0x00, 0x16, 0x00, 0x00, 0x03, 0xff,
            0xfd, 0xff, 0x02, 0xfe, 0xfe, 0xfe, 0x00, 0x00, 0x00, 0x00, 0x00, 0x00, 0x00, 0x00,
            0xff, 0x7f, 0xff, 0xac, 0x00, 0x00, 0x00, 0x12, 0x00, 0x01, 0x01, 0x00, 0x00, 0x00,
            0x16, 0x00, 0x00, 0x03, 0xff, 0xfd, 0xff, 0x02, 0xfe, 0xfe, 0xfe, 0x00, 0x00, 0x00,
            0x00, 0x00, 0x00, 0x00, 0x00, 0xff, 0x7f, 0xff, 0xac, 0x00, 0x00, 0x00, 0x13, 0x00,
            0x01, 0x01, 0x00, 0x00, 0x00, 0x16, 0x00, 0x00, 0x03, 0xff, 0xfd, 0xff, 0x02, 0xfe,
            0xfe, 0xfe, 0x00, 0x00, 0x00, 0x00, 0x00, 0x00, 0x00, 0x00, 0xff, 0x7f, 0xff, 0xac,
            0x00, 0x00, 0x00, 0x14, 0x00, 0x01, 0x01, 0x00, 0x00, 0x00, 0x16, 0x00, 0x00, 0x03,
            0xff, 0xfd, 0xff, 0x02, 0xfe, 0xfe, 0xfe, 0x00, 0x00, 0x00, 0x00, 0x00, 0x00, 0x00,
            0x00, 0xff, 0x7f, 0xff, 0xac, 0x00, 0x00, 0x00, 0xff, 0x3e, 0xe0, 0x00, 0x00, 0x09,
            0xff, 0x23, 0x0c, 0x0d, 0x0e, 0x0f, 0x10, 0x11, 0x12, 0x13, 0x14, 0x01, 0x00, 0x00,
            0x00, 0x09, 0x20, 0x00, 0x00, 0x00, 0x52, 0x00, 0x50, 0x00, 0x00,
        ],
    },
    EncodedCase {
        name: "count-9-unused-bit-6-comment-pair",
        data: &[
            0x00, 0x00, 0x00, 0x01, 0x30, 0x01, 0x01, 0x00, 0x00, 0x00, 0x13, 0x00, 0x00, 0x00,
            0x09, 0x00, 0x00, 0x00, 0x07, 0x00, 0x00, 0x00, 0x00, 0x00, 0x00, 0x00, 0x00, 0x63,
            0x00, 0x00, 0x00, 0x00, 0x00, 0x0a, 0x00, 0x01, 0x01, 0x00, 0x00, 0x00, 0x1e, 0x00,
            0x01, 0x00, 0x00, 0x00, 0x01, 0x00, 0x00, 0x00, 0x01, 0xe7, 0xdb, 0xf0, 0x00, 0x95,
            0x00, 0x4a, 0x80, 0x4c, 0x80, 0xc3, 0x80, 0x00, 0x00, 0x1c, 0x00, 0x93, 0x00, 0x00,
            0x40, 0x00, 0x00, 0x00, 0x0b, 0x07, 0x23, 0x0a, 0x01, 0x00, 0x00, 0x00, 0x2d, 0x00,
            0x00, 0x00, 0x09, 0x00, 0x00, 0x00, 0x07, 0x00, 0x00, 0x00, 0x00, 0x00, 0x00, 0x00,
            0x00, 0x04, 0x00, 0x11, 0x00, 0x00, 0x00, 0x00, 0x00, 0x01, 0x01, 0x00, 0x00, 0x00,
            0x00, 0x00, 0x00, 0x00, 0x00, 0x00, 0x00, 0x00, 0x00, 0x00, 0x00, 0x00, 0x00, 0x00,
            0x00, 0x04, 0x00, 0x00, 0x00, 0x0c, 0x00, 0x01, 0x01, 0x00, 0x00, 0x00, 0x16, 0x00,
            0x00, 0x03, 0xff, 0xfd, 0xff, 0x02, 0xfe, 0xfe, 0xfe, 0x00, 0x00, 0x00, 0x00, 0x00,
            0x00, 0x00, 0x00, 0xff, 0x7f, 0xff, 0xac, 0x00, 0x00, 0x00, 0x0d, 0x00, 0x01, 0x01,
            0x00, 0x00, 0x00, 0x16, 0x00, 0x00, 0x03, 0xff, 0xfd, 0xff, 0x02, 0xfe, 0xfe, 0xfe,
            0x00, 0x00, 0x00, 0x00, 0x00, 0x00, 0x00, 0x00, 0xff, 0x7f, 0xff, 0xac, 0x00, 0x00,
            0x00, 0x0e, 0x00, 0x01, 0x01, 0x00, 0x00, 0x00, 0x16, 0x00, 0x00, 0x03, 0xff, 0xfd,
            0xff, 0x02, 0xfe, 0xfe, 0xfe, 0x00, 0x00, 0x00, 0x00, 0x00, 0x00, 0x00, 0x00, 0xff,
            0x7f, 0xff, 0xac, 0x00, 0x00, 0x00, 0x0f, 0x00, 0x01, 0x01, 0x00, 0x00, 0x00, 0x16,
            0x00, 0x00, 0x03, 0xff, 0xfd, 0xff, 0x02, 0xfe, 0xfe, 0xfe, 0x00, 0x00, 0x00, 0x00,
            0x00, 0x00, 0x00, 0x00, 0xff, 0x7f, 0xff, 0xac, 0x00, 0x00, 0x00, 0x10, 0x00, 0x01,
            0x01, 0x00, 0x00, 0x00, 0x16, 0x00, 0x00, 0x03, 0xff, 0xfd, 0xff, 0x02, 0xfe, 0xfe,
            0xfe, 0x00, 0x00, 0x00, 0x00, 0x00, 0x00, 0x00, 0x00, 0xff, 0x7f, 0xff, 0xac, 0x00,
            0x00, 0x00, 0x11, 0x00, 0x01, 0x01, 0x00, 0x00, 0x00, 0x16, 0x00, 0x00, 0x03, 0xff,
            0xfd, 0xff, 0x02, 0xfe, 0xfe, 0xfe, 0x00, 0x00, 0x00, 0x00, 0x00, 0x00, 0x00, 0x00,
            0xff, 0x7f, 0xff, 0xac, 0x00, 0x00, 0x00, 0x12, 0x00, 0x01, 0x01, 0x00, 0x00, 0x00,
            0x16, 0x00, 0x00, 0x03, 0xff, 0xfd, 0xff, 0x02, 0xfe, 0xfe, 0xfe, 0x00, 0x00, 0x00,
            0x00, 0x00, 0x00, 0x00, 0x00, 0xff, 0x7f, 0xff, 0xac, 0x00, 0x00, 0x00, 0x13, 0x00,
            0x01, 0x01, 0x00, 0x00, 0x00, 0x16, 0x00, 0x00, 0x03, 0xff, 0xfd, 0xff, 0x02, 0xfe,
            0xfe, 0xfe, 0x00, 0x00, 0x00, 0x00, 0x00, 0x00, 0x00, 0x00, 0xff, 0x7f, 0xff, 0xac,
            0x00, 0x00, 0x00, 0x14, 0x00, 0x01, 0x01, 0x00, 0x00, 0x00, 0x16, 0x00, 0x00, 0x03,
            0xff, 0xfd, 0xff, 0x02, 0xfe, 0xfe, 0xfe, 0x00, 0x00, 0x00, 0x00, 0x00, 0x00, 0x00,
            0x00, 0xff, 0x7f, 0xff, 0xac, 0x00, 0x00, 0x00, 0xff, 0x3e, 0xe0, 0x00, 0x00, 0x09,
            0xff, 0x43, 0x0c, 0x0d, 0x0e, 0x0f, 0x10, 0x11, 0x12, 0x13, 0x14, 0x01, 0x00, 0x00,
            0x00, 0x09, 0x20, 0x00, 0x00, 0x00, 0x52, 0x00, 0x50, 0x00, 0x00,
        ],
    },
    EncodedCase {
        name: "count-9-unused-bit-7-comment-pair",
        data: &[
            0x00, 0x00, 0x00, 0x01, 0x30, 0x01, 0x01, 0x00, 0x00, 0x00, 0x13, 0x00, 0x00, 0x00,
            0x09, 0x00, 0x00, 0x00, 0x07, 0x00, 0x00, 0x00, 0x00, 0x00, 0x00, 0x00, 0x00, 0x63,
            0x00, 0x00, 0x00, 0x00, 0x00, 0x0a, 0x00, 0x01, 0x01, 0x00, 0x00, 0x00, 0x1e, 0x00,
            0x01, 0x00, 0x00, 0x00, 0x01, 0x00, 0x00, 0x00, 0x01, 0xe7, 0xdb, 0xf0, 0x00, 0x95,
            0x00, 0x4a, 0x80, 0x4c, 0x80, 0xc3, 0x80, 0x00, 0x00, 0x1c, 0x00, 0x93, 0x00, 0x00,
            0x40, 0x00, 0x00, 0x00, 0x0b, 0x07, 0x23, 0x0a, 0x01, 0x00, 0x00, 0x00, 0x2d, 0x00,
            0x00, 0x00, 0x09, 0x00, 0x00, 0x00, 0x07, 0x00, 0x00, 0x00, 0x00, 0x00, 0x00, 0x00,
            0x00, 0x04, 0x00, 0x11, 0x00, 0x00, 0x00, 0x00, 0x00, 0x01, 0x01, 0x00, 0x00, 0x00,
            0x00, 0x00, 0x00, 0x00, 0x00, 0x00, 0x00, 0x00, 0x00, 0x00, 0x00, 0x00, 0x00, 0x00,
            0x00, 0x04, 0x00, 0x00, 0x00, 0x0c, 0x00, 0x01, 0x01, 0x00, 0x00, 0x00, 0x16, 0x00,
            0x00, 0x03, 0xff, 0xfd, 0xff, 0x02, 0xfe, 0xfe, 0xfe, 0x00, 0x00, 0x00, 0x00, 0x00,
            0x00, 0x00, 0x00, 0xff, 0x7f, 0xff, 0xac, 0x00, 0x00, 0x00, 0x0d, 0x00, 0x01, 0x01,
            0x00, 0x00, 0x00, 0x16, 0x00, 0x00, 0x03, 0xff, 0xfd, 0xff, 0x02, 0xfe, 0xfe, 0xfe,
            0x00, 0x00, 0x00, 0x00, 0x00, 0x00, 0x00, 0x00, 0xff, 0x7f, 0xff, 0xac, 0x00, 0x00,
            0x00, 0x0e, 0x00, 0x01, 0x01, 0x00, 0x00, 0x00, 0x16, 0x00, 0x00, 0x03, 0xff, 0xfd,
            0xff, 0x02, 0xfe, 0xfe, 0xfe, 0x00, 0x00, 0x00, 0x00, 0x00, 0x00, 0x00, 0x00, 0xff,
            0x7f, 0xff, 0xac, 0x00, 0x00, 0x00, 0x0f, 0x00, 0x01, 0x01, 0x00, 0x00, 0x00, 0x16,
            0x00, 0x00, 0x03, 0xff, 0xfd, 0xff, 0x02, 0xfe, 0xfe, 0xfe, 0x00, 0x00, 0x00, 0x00,
            0x00, 0x00, 0x00, 0x00, 0xff, 0x7f, 0xff, 0xac, 0x00, 0x00, 0x00, 0x10, 0x00, 0x01,
            0x01, 0x00, 0x00, 0x00, 0x16, 0x00, 0x00, 0x03, 0xff, 0xfd, 0xff, 0x02, 0xfe, 0xfe,
            0xfe, 0x00, 0x00, 0x00, 0x00, 0x00, 0x00, 0x00, 0x00, 0xff, 0x7f, 0xff, 0xac, 0x00,
            0x00, 0x00, 0x11, 0x00, 0x01, 0x01, 0x00, 0x00, 0x00, 0x16, 0x00, 0x00, 0x03, 0xff,
            0xfd, 0xff, 0x02, 0xfe, 0xfe, 0xfe, 0x00, 0x00, 0x00, 0x00, 0x00, 0x00, 0x00, 0x00,
            0xff, 0x7f, 0xff, 0xac, 0x00, 0x00, 0x00, 0x12, 0x00, 0x01, 0x01, 0x00, 0x00, 0x00,
            0x16, 0x00, 0x00, 0x03, 0xff, 0xfd, 0xff, 0x02, 0xfe, 0xfe, 0xfe, 0x00, 0x00, 0x00,
            0x00, 0x00, 0x00, 0x00, 0x00, 0xff, 0x7f, 0xff, 0xac, 0x00, 0x00, 0x00, 0x13, 0x00,
            0x01, 0x01, 0x00, 0x00, 0x00, 0x16, 0x00, 0x00, 0x03, 0xff, 0xfd, 0xff, 0x02, 0xfe,
            0xfe, 0xfe, 0x00, 0x00, 0x00, 0x00, 0x00, 0x00, 0x00, 0x00, 0xff, 0x7f, 0xff, 0xac,
            0x00, 0x00, 0x00, 0x14, 0x00, 0x01, 0x01, 0x00, 0x00, 0x00, 0x16, 0x00, 0x00, 0x03,
            0xff, 0xfd, 0xff, 0x02, 0xfe, 0xfe, 0xfe, 0x00, 0x00, 0x00, 0x00, 0x00, 0x00, 0x00,
            0x00, 0xff, 0x7f, 0xff, 0xac, 0x00, 0x00, 0x00, 0xff, 0x3e, 0xe0, 0x00, 0x00, 0x09,
            0xff, 0x83, 0x0c, 0x0d, 0x0e, 0x0f, 0x10, 0x11, 0x12, 0x13, 0x14, 0x01, 0x00, 0x00,
            0x00, 0x09, 0x20, 0x00, 0x00, 0x00, 0x52, 0x00, 0x50, 0x00, 0x00,
        ],
    },
    EncodedCase {
        name: "count-10-unused-bit-3-comment-pair",
        data: &[
            0x00, 0x00, 0x00, 0x01, 0x30, 0x01, 0x01, 0x00, 0x00, 0x00, 0x13, 0x00, 0x00, 0x00,
            0x09, 0x00, 0x00, 0x00, 0x07, 0x00, 0x00, 0x00, 0x00, 0x00, 0x00, 0x00, 0x00, 0x63,
            0x00, 0x00, 0x00, 0x00, 0x00, 0x0a, 0x00, 0x01, 0x01, 0x00, 0x00, 0x00, 0x1e, 0x00,
            0x01, 0x00, 0x00, 0x00, 0x01, 0x00, 0x00, 0x00, 0x01, 0xe7, 0xdb, 0xf0, 0x00, 0x95,
            0x00, 0x4a, 0x80, 0x4c, 0x80, 0xc3, 0x80, 0x00, 0x00, 0x1c, 0x00, 0x93, 0x00, 0x00,
            0x40, 0x00, 0x00, 0x00, 0x0b, 0x07, 0x23, 0x0a, 0x01, 0x00, 0x00, 0x00, 0x2d, 0x00,
            0x00, 0x00, 0x09, 0x00, 0x00, 0x00, 0x07, 0x00, 0x00, 0x00, 0x00, 0x00, 0x00, 0x00,
            0x00, 0x04, 0x00, 0x11, 0x00, 0x00, 0x00, 0x00, 0x00, 0x01, 0x01, 0x00, 0x00, 0x00,
            0x00, 0x00, 0x00, 0x00, 0x00, 0x00, 0x00, 0x00, 0x00, 0x00, 0x00, 0x00, 0x00, 0x00,
            0x00, 0x04, 0x00, 0x00, 0x00, 0x0c, 0x00, 0x01, 0x01, 0x00, 0x00, 0x00, 0x16, 0x00,
            0x00, 0x03, 0xff, 0xfd, 0xff, 0x02, 0xfe, 0xfe, 0xfe, 0x00, 0x00, 0x00, 0x00, 0x00,
            0x00, 0x00, 0x00, 0xff, 0x7f, 0xff, 0xac, 0x00, 0x00, 0x00, 0x0d, 0x00, 0x01, 0x01,
            0x00, 0x00, 0x00, 0x16, 0x00, 0x00, 0x03, 0xff, 0xfd, 0xff, 0x02, 0xfe, 0xfe, 0xfe,
            0x00, 0x00, 0x00, 0x00, 0x00, 0x00, 0x00, 0x00, 0xff, 0x7f, 0xff, 0xac, 0x00, 0x00,
            0x00, 0x0e, 0x00, 0x01, 0x01, 0x00, 0x00, 0x00, 0x16, 0x00, 0x00, 0x03, 0xff, 0xfd,
            0xff, 0x02, 0xfe, 0xfe, 0xfe, 0x00, 0x00, 0x00, 0x00, 0x00, 0x00, 0x00, 0x00, 0xff,
            0x7f, 0xff, 0xac, 0x00, 0x00, 0x00, 0x0f, 0x00, 0x01, 0x01, 0x00, 0x00, 0x00, 0x16,
            0x00, 0x00, 0x03, 0xff, 0xfd, 0xff, 0x02, 0xfe, 0xfe, 0xfe, 0x00, 0x00, 0x00, 0x00,
            0x00, 0x00, 0x00, 0x00, 0xff, 0x7f, 0xff, 0xac, 0x00, 0x00, 0x00, 0x10, 0x00, 0x01,
            0x01, 0x00, 0x00, 0x00, 0x16, 0x00, 0x00, 0x03, 0xff, 0xfd, 0xff, 0x02, 0xfe, 0xfe,
            0xfe, 0x00, 0x00, 0x00, 0x00, 0x00, 0x00, 0x00, 0x00, 0xff, 0x7f, 0xff, 0xac, 0x00,
            0x00, 0x00, 0x11, 0x00, 0x01, 0x01, 0x00, 0x00, 0x00, 0x16, 0x00, 0x00, 0x03, 0xff,
            0xfd, 0xff, 0x02, 0xfe, 0xfe, 0xfe, 0x00, 0x00, 0x00, 0x00, 0x00, 0x00, 0x00, 0x00,
            0xff, 0x7f, 0xff, 0xac, 0x00, 0x00, 0x00, 0x12, 0x00, 0x01, 0x01, 0x00, 0x00, 0x00,
            0x16, 0x00, 0x00, 0x03, 0xff, 0xfd, 0xff, 0x02, 0xfe, 0xfe, 0xfe, 0x00, 0x00, 0x00,
            0x00, 0x00, 0x00, 0x00, 0x00, 0xff, 0x7f, 0xff, 0xac, 0x00, 0x00, 0x00, 0x13, 0x00,
            0x01, 0x01, 0x00, 0x00, 0x00, 0x16, 0x00, 0x00, 0x03, 0xff, 0xfd, 0xff, 0x02, 0xfe,
            0xfe, 0xfe, 0x00, 0x00, 0x00, 0x00, 0x00, 0x00, 0x00, 0x00, 0xff, 0x7f, 0xff, 0xac,
            0x00, 0x00, 0x00, 0x14, 0x00, 0x01, 0x01, 0x00, 0x00, 0x00, 0x16, 0x00, 0x00, 0x03,
            0xff, 0xfd, 0xff, 0x02, 0xfe, 0xfe, 0xfe, 0x00, 0x00, 0x00, 0x00, 0x00, 0x00, 0x00,
            0x00, 0xff, 0x7f, 0xff, 0xac, 0x00, 0x00, 0x00, 0x15, 0x00, 0x01, 0x01, 0x00, 0x00,
            0x00, 0x16, 0x00, 0x00, 0x03, 0xff, 0xfd, 0xff, 0x02, 0xfe, 0xfe, 0xfe, 0x00, 0x00,
            0x00, 0x00, 0x00, 0x00, 0x00, 0x00, 0xff, 0x7f, 0xff, 0xac, 0x00, 0x00, 0x00, 0xff,
            0x3e, 0xe0, 0x00, 0x00, 0x0a, 0xff, 0x0f, 0x0c, 0x0d, 0x0e, 0x0f, 0x10, 0x11, 0x12,
            0x13, 0x14, 0x15, 0x01, 0x00, 0x00, 0x00, 0x09, 0x20, 0x00, 0x00, 0x00, 0x52, 0x00,
            0x50, 0x00, 0x00,
        ],
    },
    EncodedCase {
        name: "count-10-unused-bit-4-comment-pair",
        data: &[
            0x00, 0x00, 0x00, 0x01, 0x30, 0x01, 0x01, 0x00, 0x00, 0x00, 0x13, 0x00, 0x00, 0x00,
            0x09, 0x00, 0x00, 0x00, 0x07, 0x00, 0x00, 0x00, 0x00, 0x00, 0x00, 0x00, 0x00, 0x63,
            0x00, 0x00, 0x00, 0x00, 0x00, 0x0a, 0x00, 0x01, 0x01, 0x00, 0x00, 0x00, 0x1e, 0x00,
            0x01, 0x00, 0x00, 0x00, 0x01, 0x00, 0x00, 0x00, 0x01, 0xe7, 0xdb, 0xf0, 0x00, 0x95,
            0x00, 0x4a, 0x80, 0x4c, 0x80, 0xc3, 0x80, 0x00, 0x00, 0x1c, 0x00, 0x93, 0x00, 0x00,
            0x40, 0x00, 0x00, 0x00, 0x0b, 0x07, 0x23, 0x0a, 0x01, 0x00, 0x00, 0x00, 0x2d, 0x00,
            0x00, 0x00, 0x09, 0x00, 0x00, 0x00, 0x07, 0x00, 0x00, 0x00, 0x00, 0x00, 0x00, 0x00,
            0x00, 0x04, 0x00, 0x11, 0x00, 0x00, 0x00, 0x00, 0x00, 0x01, 0x01, 0x00, 0x00, 0x00,
            0x00, 0x00, 0x00, 0x00, 0x00, 0x00, 0x00, 0x00, 0x00, 0x00, 0x00, 0x00, 0x00, 0x00,
            0x00, 0x04, 0x00, 0x00, 0x00, 0x0c, 0x00, 0x01, 0x01, 0x00, 0x00, 0x00, 0x16, 0x00,
            0x00, 0x03, 0xff, 0xfd, 0xff, 0x02, 0xfe, 0xfe, 0xfe, 0x00, 0x00, 0x00, 0x00, 0x00,
            0x00, 0x00, 0x00, 0xff, 0x7f, 0xff, 0xac, 0x00, 0x00, 0x00, 0x0d, 0x00, 0x01, 0x01,
            0x00, 0x00, 0x00, 0x16, 0x00, 0x00, 0x03, 0xff, 0xfd, 0xff, 0x02, 0xfe, 0xfe, 0xfe,
            0x00, 0x00, 0x00, 0x00, 0x00, 0x00, 0x00, 0x00, 0xff, 0x7f, 0xff, 0xac, 0x00, 0x00,
            0x00, 0x0e, 0x00, 0x01, 0x01, 0x00, 0x00, 0x00, 0x16, 0x00, 0x00, 0x03, 0xff, 0xfd,
            0xff, 0x02, 0xfe, 0xfe, 0xfe, 0x00, 0x00, 0x00, 0x00, 0x00, 0x00, 0x00, 0x00, 0xff,
            0x7f, 0xff, 0xac, 0x00, 0x00, 0x00, 0x0f, 0x00, 0x01, 0x01, 0x00, 0x00, 0x00, 0x16,
            0x00, 0x00, 0x03, 0xff, 0xfd, 0xff, 0x02, 0xfe, 0xfe, 0xfe, 0x00, 0x00, 0x00, 0x00,
            0x00, 0x00, 0x00, 0x00, 0xff, 0x7f, 0xff, 0xac, 0x00, 0x00, 0x00, 0x10, 0x00, 0x01,
            0x01, 0x00, 0x00, 0x00, 0x16, 0x00, 0x00, 0x03, 0xff, 0xfd, 0xff, 0x02, 0xfe, 0xfe,
            0xfe, 0x00, 0x00, 0x00, 0x00, 0x00, 0x00, 0x00, 0x00, 0xff, 0x7f, 0xff, 0xac, 0x00,
            0x00, 0x00, 0x11, 0x00, 0x01, 0x01, 0x00, 0x00, 0x00, 0x16, 0x00, 0x00, 0x03, 0xff,
            0xfd, 0xff, 0x02, 0xfe, 0xfe, 0xfe, 0x00, 0x00, 0x00, 0x00, 0x00, 0x00, 0x00, 0x00,
            0xff, 0x7f, 0xff, 0xac, 0x00, 0x00, 0x00, 0x12, 0x00, 0x01, 0x01, 0x00, 0x00, 0x00,
            0x16, 0x00, 0x00, 0x03, 0xff, 0xfd, 0xff, 0x02, 0xfe, 0xfe, 0xfe, 0x00, 0x00, 0x00,
            0x00, 0x00, 0x00, 0x00, 0x00, 0xff, 0x7f, 0xff, 0xac, 0x00, 0x00, 0x00, 0x13, 0x00,
            0x01, 0x01, 0x00, 0x00, 0x00, 0x16, 0x00, 0x00, 0x03, 0xff, 0xfd, 0xff, 0x02, 0xfe,
            0xfe, 0xfe, 0x00, 0x00, 0x00, 0x00, 0x00, 0x00, 0x00, 0x00, 0xff, 0x7f, 0xff, 0xac,
            0x00, 0x00, 0x00, 0x14, 0x00, 0x01, 0x01, 0x00, 0x00, 0x00, 0x16, 0x00, 0x00, 0x03,
            0xff, 0xfd, 0xff, 0x02, 0xfe, 0xfe, 0xfe, 0x00, 0x00, 0x00, 0x00, 0x00, 0x00, 0x00,
            0x00, 0xff, 0x7f, 0xff, 0xac, 0x00, 0x00, 0x00, 0x15, 0x00, 0x01, 0x01, 0x00, 0x00,
            0x00, 0x16, 0x00, 0x00, 0x03, 0xff, 0xfd, 0xff, 0x02, 0xfe, 0xfe, 0xfe, 0x00, 0x00,
            0x00, 0x00, 0x00, 0x00, 0x00, 0x00, 0xff, 0x7f, 0xff, 0xac, 0x00, 0x00, 0x00, 0xff,
            0x3e, 0xe0, 0x00, 0x00, 0x0a, 0xff, 0x17, 0x0c, 0x0d, 0x0e, 0x0f, 0x10, 0x11, 0x12,
            0x13, 0x14, 0x15, 0x01, 0x00, 0x00, 0x00, 0x09, 0x20, 0x00, 0x00, 0x00, 0x52, 0x00,
            0x50, 0x00, 0x00,
        ],
    },
    EncodedCase {
        name: "count-10-unused-bit-5-comment-pair",
        data: &[
            0x00, 0x00, 0x00, 0x01, 0x30, 0x01, 0x01, 0x00, 0x00, 0x00, 0x13, 0x00, 0x00, 0x00,
            0x09, 0x00, 0x00, 0x00, 0x07, 0x00, 0x00, 0x00, 0x00, 0x00, 0x00, 0x00, 0x00, 0x63,
            0x00, 0x00, 0x00, 0x00, 0x00, 0x0a, 0x00, 0x01, 0x01, 0x00, 0x00, 0x00, 0x1e, 0x00,
            0x01, 0x00, 0x00, 0x00, 0x01, 0x00, 0x00, 0x00, 0x01, 0xe7, 0xdb, 0xf0, 0x00, 0x95,
            0x00, 0x4a, 0x80, 0x4c, 0x80, 0xc3, 0x80, 0x00, 0x00, 0x1c, 0x00, 0x93, 0x00, 0x00,
            0x40, 0x00, 0x00, 0x00, 0x0b, 0x07, 0x23, 0x0a, 0x01, 0x00, 0x00, 0x00, 0x2d, 0x00,
            0x00, 0x00, 0x09, 0x00, 0x00, 0x00, 0x07, 0x00, 0x00, 0x00, 0x00, 0x00, 0x00, 0x00,
            0x00, 0x04, 0x00, 0x11, 0x00, 0x00, 0x00, 0x00, 0x00, 0x01, 0x01, 0x00, 0x00, 0x00,
            0x00, 0x00, 0x00, 0x00, 0x00, 0x00, 0x00, 0x00, 0x00, 0x00, 0x00, 0x00, 0x00, 0x00,
            0x00, 0x04, 0x00, 0x00, 0x00, 0x0c, 0x00, 0x01, 0x01, 0x00, 0x00, 0x00, 0x16, 0x00,
            0x00, 0x03, 0xff, 0xfd, 0xff, 0x02, 0xfe, 0xfe, 0xfe, 0x00, 0x00, 0x00, 0x00, 0x00,
            0x00, 0x00, 0x00, 0xff, 0x7f, 0xff, 0xac, 0x00, 0x00, 0x00, 0x0d, 0x00, 0x01, 0x01,
            0x00, 0x00, 0x00, 0x16, 0x00, 0x00, 0x03, 0xff, 0xfd, 0xff, 0x02, 0xfe, 0xfe, 0xfe,
            0x00, 0x00, 0x00, 0x00, 0x00, 0x00, 0x00, 0x00, 0xff, 0x7f, 0xff, 0xac, 0x00, 0x00,
            0x00, 0x0e, 0x00, 0x01, 0x01, 0x00, 0x00, 0x00, 0x16, 0x00, 0x00, 0x03, 0xff, 0xfd,
            0xff, 0x02, 0xfe, 0xfe, 0xfe, 0x00, 0x00, 0x00, 0x00, 0x00, 0x00, 0x00, 0x00, 0xff,
            0x7f, 0xff, 0xac, 0x00, 0x00, 0x00, 0x0f, 0x00, 0x01, 0x01, 0x00, 0x00, 0x00, 0x16,
            0x00, 0x00, 0x03, 0xff, 0xfd, 0xff, 0x02, 0xfe, 0xfe, 0xfe, 0x00, 0x00, 0x00, 0x00,
            0x00, 0x00, 0x00, 0x00, 0xff, 0x7f, 0xff, 0xac, 0x00, 0x00, 0x00, 0x10, 0x00, 0x01,
            0x01, 0x00, 0x00, 0x00, 0x16, 0x00, 0x00, 0x03, 0xff, 0xfd, 0xff, 0x02, 0xfe, 0xfe,
            0xfe, 0x00, 0x00, 0x00, 0x00, 0x00, 0x00, 0x00, 0x00, 0xff, 0x7f, 0xff, 0xac, 0x00,
            0x00, 0x00, 0x11, 0x00, 0x01, 0x01, 0x00, 0x00, 0x00, 0x16, 0x00, 0x00, 0x03, 0xff,
            0xfd, 0xff, 0x02, 0xfe, 0xfe, 0xfe, 0x00, 0x00, 0x00, 0x00, 0x00, 0x00, 0x00, 0x00,
            0xff, 0x7f, 0xff, 0xac, 0x00, 0x00, 0x00, 0x12, 0x00, 0x01, 0x01, 0x00, 0x00, 0x00,
            0x16, 0x00, 0x00, 0x03, 0xff, 0xfd, 0xff, 0x02, 0xfe, 0xfe, 0xfe, 0x00, 0x00, 0x00,
            0x00, 0x00, 0x00, 0x00, 0x00, 0xff, 0x7f, 0xff, 0xac, 0x00, 0x00, 0x00, 0x13, 0x00,
            0x01, 0x01, 0x00, 0x00, 0x00, 0x16, 0x00, 0x00, 0x03, 0xff, 0xfd, 0xff, 0x02, 0xfe,
            0xfe, 0xfe, 0x00, 0x00, 0x00, 0x00, 0x00, 0x00, 0x00, 0x00, 0xff, 0x7f, 0xff, 0xac,
            0x00, 0x00, 0x00, 0x14, 0x00, 0x01, 0x01, 0x00, 0x00, 0x00, 0x16, 0x00, 0x00, 0x03,
            0xff, 0xfd, 0xff, 0x02, 0xfe, 0xfe, 0xfe, 0x00, 0x00, 0x00, 0x00, 0x00, 0x00, 0x00,
            0x00, 0xff, 0x7f, 0xff, 0xac, 0x00, 0x00, 0x00, 0x15, 0x00, 0x01, 0x01, 0x00, 0x00,
            0x00, 0x16, 0x00, 0x00, 0x03, 0xff, 0xfd, 0xff, 0x02, 0xfe, 0xfe, 0xfe, 0x00, 0x00,
            0x00, 0x00, 0x00, 0x00, 0x00, 0x00, 0xff, 0x7f, 0xff, 0xac, 0x00, 0x00, 0x00, 0xff,
            0x3e, 0xe0, 0x00, 0x00, 0x0a, 0xff, 0x27, 0x0c, 0x0d, 0x0e, 0x0f, 0x10, 0x11, 0x12,
            0x13, 0x14, 0x15, 0x01, 0x00, 0x00, 0x00, 0x09, 0x20, 0x00, 0x00, 0x00, 0x52, 0x00,
            0x50, 0x00, 0x00,
        ],
    },
    EncodedCase {
        name: "count-10-unused-bit-6-comment-pair",
        data: &[
            0x00, 0x00, 0x00, 0x01, 0x30, 0x01, 0x01, 0x00, 0x00, 0x00, 0x13, 0x00, 0x00, 0x00,
            0x09, 0x00, 0x00, 0x00, 0x07, 0x00, 0x00, 0x00, 0x00, 0x00, 0x00, 0x00, 0x00, 0x63,
            0x00, 0x00, 0x00, 0x00, 0x00, 0x0a, 0x00, 0x01, 0x01, 0x00, 0x00, 0x00, 0x1e, 0x00,
            0x01, 0x00, 0x00, 0x00, 0x01, 0x00, 0x00, 0x00, 0x01, 0xe7, 0xdb, 0xf0, 0x00, 0x95,
            0x00, 0x4a, 0x80, 0x4c, 0x80, 0xc3, 0x80, 0x00, 0x00, 0x1c, 0x00, 0x93, 0x00, 0x00,
            0x40, 0x00, 0x00, 0x00, 0x0b, 0x07, 0x23, 0x0a, 0x01, 0x00, 0x00, 0x00, 0x2d, 0x00,
            0x00, 0x00, 0x09, 0x00, 0x00, 0x00, 0x07, 0x00, 0x00, 0x00, 0x00, 0x00, 0x00, 0x00,
            0x00, 0x04, 0x00, 0x11, 0x00, 0x00, 0x00, 0x00, 0x00, 0x01, 0x01, 0x00, 0x00, 0x00,
            0x00, 0x00, 0x00, 0x00, 0x00, 0x00, 0x00, 0x00, 0x00, 0x00, 0x00, 0x00, 0x00, 0x00,
            0x00, 0x04, 0x00, 0x00, 0x00, 0x0c, 0x00, 0x01, 0x01, 0x00, 0x00, 0x00, 0x16, 0x00,
            0x00, 0x03, 0xff, 0xfd, 0xff, 0x02, 0xfe, 0xfe, 0xfe, 0x00, 0x00, 0x00, 0x00, 0x00,
            0x00, 0x00, 0x00, 0xff, 0x7f, 0xff, 0xac, 0x00, 0x00, 0x00, 0x0d, 0x00, 0x01, 0x01,
            0x00, 0x00, 0x00, 0x16, 0x00, 0x00, 0x03, 0xff, 0xfd, 0xff, 0x02, 0xfe, 0xfe, 0xfe,
            0x00, 0x00, 0x00, 0x00, 0x00, 0x00, 0x00, 0x00, 0xff, 0x7f, 0xff, 0xac, 0x00, 0x00,
            0x00, 0x0e, 0x00, 0x01, 0x01, 0x00, 0x00, 0x00, 0x16, 0x00, 0x00, 0x03, 0xff, 0xfd,
            0xff, 0x02, 0xfe, 0xfe, 0xfe, 0x00, 0x00, 0x00, 0x00, 0x00, 0x00, 0x00, 0x00, 0xff,
            0x7f, 0xff, 0xac, 0x00, 0x00, 0x00, 0x0f, 0x00, 0x01, 0x01, 0x00, 0x00, 0x00, 0x16,
            0x00, 0x00, 0x03, 0xff, 0xfd, 0xff, 0x02, 0xfe, 0xfe, 0xfe, 0x00, 0x00, 0x00, 0x00,
            0x00, 0x00, 0x00, 0x00, 0xff, 0x7f, 0xff, 0xac, 0x00, 0x00, 0x00, 0x10, 0x00, 0x01,
            0x01, 0x00, 0x00, 0x00, 0x16, 0x00, 0x00, 0x03, 0xff, 0xfd, 0xff, 0x02, 0xfe, 0xfe,
            0xfe, 0x00, 0x00, 0x00, 0x00, 0x00, 0x00, 0x00, 0x00, 0xff, 0x7f, 0xff, 0xac, 0x00,
            0x00, 0x00, 0x11, 0x00, 0x01, 0x01, 0x00, 0x00, 0x00, 0x16, 0x00, 0x00, 0x03, 0xff,
            0xfd, 0xff, 0x02, 0xfe, 0xfe, 0xfe, 0x00, 0x00, 0x00, 0x00, 0x00, 0x00, 0x00, 0x00,
            0xff, 0x7f, 0xff, 0xac, 0x00, 0x00, 0x00, 0x12, 0x00, 0x01, 0x01, 0x00, 0x00, 0x00,
            0x16, 0x00, 0x00, 0x03, 0xff, 0xfd, 0xff, 0x02, 0xfe, 0xfe, 0xfe, 0x00, 0x00, 0x00,
            0x00, 0x00, 0x00, 0x00, 0x00, 0xff, 0x7f, 0xff, 0xac, 0x00, 0x00, 0x00, 0x13, 0x00,
            0x01, 0x01, 0x00, 0x00, 0x00, 0x16, 0x00, 0x00, 0x03, 0xff, 0xfd, 0xff, 0x02, 0xfe,
            0xfe, 0xfe, 0x00, 0x00, 0x00, 0x00, 0x00, 0x00, 0x00, 0x00, 0xff, 0x7f, 0xff, 0xac,
            0x00, 0x00, 0x00, 0x14, 0x00, 0x01, 0x01, 0x00, 0x00, 0x00, 0x16, 0x00, 0x00, 0x03,
            0xff, 0xfd, 0xff, 0x02, 0xfe, 0xfe, 0xfe, 0x00, 0x00, 0x00, 0x00, 0x00, 0x00, 0x00,
            0x00, 0xff, 0x7f, 0xff, 0xac, 0x00, 0x00, 0x00, 0x15, 0x00, 0x01, 0x01, 0x00, 0x00,
            0x00, 0x16, 0x00, 0x00, 0x03, 0xff, 0xfd, 0xff, 0x02, 0xfe, 0xfe, 0xfe, 0x00, 0x00,
            0x00, 0x00, 0x00, 0x00, 0x00, 0x00, 0xff, 0x7f, 0xff, 0xac, 0x00, 0x00, 0x00, 0xff,
            0x3e, 0xe0, 0x00, 0x00, 0x0a, 0xff, 0x47, 0x0c, 0x0d, 0x0e, 0x0f, 0x10, 0x11, 0x12,
            0x13, 0x14, 0x15, 0x01, 0x00, 0x00, 0x00, 0x09, 0x20, 0x00, 0x00, 0x00, 0x52, 0x00,
            0x50, 0x00, 0x00,
        ],
    },
    EncodedCase {
        name: "count-10-unused-bit-7-comment-pair",
        data: &[
            0x00, 0x00, 0x00, 0x01, 0x30, 0x01, 0x01, 0x00, 0x00, 0x00, 0x13, 0x00, 0x00, 0x00,
            0x09, 0x00, 0x00, 0x00, 0x07, 0x00, 0x00, 0x00, 0x00, 0x00, 0x00, 0x00, 0x00, 0x63,
            0x00, 0x00, 0x00, 0x00, 0x00, 0x0a, 0x00, 0x01, 0x01, 0x00, 0x00, 0x00, 0x1e, 0x00,
            0x01, 0x00, 0x00, 0x00, 0x01, 0x00, 0x00, 0x00, 0x01, 0xe7, 0xdb, 0xf0, 0x00, 0x95,
            0x00, 0x4a, 0x80, 0x4c, 0x80, 0xc3, 0x80, 0x00, 0x00, 0x1c, 0x00, 0x93, 0x00, 0x00,
            0x40, 0x00, 0x00, 0x00, 0x0b, 0x07, 0x23, 0x0a, 0x01, 0x00, 0x00, 0x00, 0x2d, 0x00,
            0x00, 0x00, 0x09, 0x00, 0x00, 0x00, 0x07, 0x00, 0x00, 0x00, 0x00, 0x00, 0x00, 0x00,
            0x00, 0x04, 0x00, 0x11, 0x00, 0x00, 0x00, 0x00, 0x00, 0x01, 0x01, 0x00, 0x00, 0x00,
            0x00, 0x00, 0x00, 0x00, 0x00, 0x00, 0x00, 0x00, 0x00, 0x00, 0x00, 0x00, 0x00, 0x00,
            0x00, 0x04, 0x00, 0x00, 0x00, 0x0c, 0x00, 0x01, 0x01, 0x00, 0x00, 0x00, 0x16, 0x00,
            0x00, 0x03, 0xff, 0xfd, 0xff, 0x02, 0xfe, 0xfe, 0xfe, 0x00, 0x00, 0x00, 0x00, 0x00,
            0x00, 0x00, 0x00, 0xff, 0x7f, 0xff, 0xac, 0x00, 0x00, 0x00, 0x0d, 0x00, 0x01, 0x01,
            0x00, 0x00, 0x00, 0x16, 0x00, 0x00, 0x03, 0xff, 0xfd, 0xff, 0x02, 0xfe, 0xfe, 0xfe,
            0x00, 0x00, 0x00, 0x00, 0x00, 0x00, 0x00, 0x00, 0xff, 0x7f, 0xff, 0xac, 0x00, 0x00,
            0x00, 0x0e, 0x00, 0x01, 0x01, 0x00, 0x00, 0x00, 0x16, 0x00, 0x00, 0x03, 0xff, 0xfd,
            0xff, 0x02, 0xfe, 0xfe, 0xfe, 0x00, 0x00, 0x00, 0x00, 0x00, 0x00, 0x00, 0x00, 0xff,
            0x7f, 0xff, 0xac, 0x00, 0x00, 0x00, 0x0f, 0x00, 0x01, 0x01, 0x00, 0x00, 0x00, 0x16,
            0x00, 0x00, 0x03, 0xff, 0xfd, 0xff, 0x02, 0xfe, 0xfe, 0xfe, 0x00, 0x00, 0x00, 0x00,
            0x00, 0x00, 0x00, 0x00, 0xff, 0x7f, 0xff, 0xac, 0x00, 0x00, 0x00, 0x10, 0x00, 0x01,
            0x01, 0x00, 0x00, 0x00, 0x16, 0x00, 0x00, 0x03, 0xff, 0xfd, 0xff, 0x02, 0xfe, 0xfe,
            0xfe, 0x00, 0x00, 0x00, 0x00, 0x00, 0x00, 0x00, 0x00, 0xff, 0x7f, 0xff, 0xac, 0x00,
            0x00, 0x00, 0x11, 0x00, 0x01, 0x01, 0x00, 0x00, 0x00, 0x16, 0x00, 0x00, 0x03, 0xff,
            0xfd, 0xff, 0x02, 0xfe, 0xfe, 0xfe, 0x00, 0x00, 0x00, 0x00, 0x00, 0x00, 0x00, 0x00,
            0xff, 0x7f, 0xff, 0xac, 0x00, 0x00, 0x00, 0x12, 0x00, 0x01, 0x01, 0x00, 0x00, 0x00,
            0x16, 0x00, 0x00, 0x03, 0xff, 0xfd, 0xff, 0x02, 0xfe, 0xfe, 0xfe, 0x00, 0x00, 0x00,
            0x00, 0x00, 0x00, 0x00, 0x00, 0xff, 0x7f, 0xff, 0xac, 0x00, 0x00, 0x00, 0x13, 0x00,
            0x01, 0x01, 0x00, 0x00, 0x00, 0x16, 0x00, 0x00, 0x03, 0xff, 0xfd, 0xff, 0x02, 0xfe,
            0xfe, 0xfe, 0x00, 0x00, 0x00, 0x00, 0x00, 0x00, 0x00, 0x00, 0xff, 0x7f, 0xff, 0xac,
            0x00, 0x00, 0x00, 0x14, 0x00, 0x01, 0x01, 0x00, 0x00, 0x00, 0x16, 0x00, 0x00, 0x03,
            0xff, 0xfd, 0xff, 0x02, 0xfe, 0xfe, 0xfe, 0x00, 0x00, 0x00, 0x00, 0x00, 0x00, 0x00,
            0x00, 0xff, 0x7f, 0xff, 0xac, 0x00, 0x00, 0x00, 0x15, 0x00, 0x01, 0x01, 0x00, 0x00,
            0x00, 0x16, 0x00, 0x00, 0x03, 0xff, 0xfd, 0xff, 0x02, 0xfe, 0xfe, 0xfe, 0x00, 0x00,
            0x00, 0x00, 0x00, 0x00, 0x00, 0x00, 0xff, 0x7f, 0xff, 0xac, 0x00, 0x00, 0x00, 0xff,
            0x3e, 0xe0, 0x00, 0x00, 0x0a, 0xff, 0x87, 0x0c, 0x0d, 0x0e, 0x0f, 0x10, 0x11, 0x12,
            0x13, 0x14, 0x15, 0x01, 0x00, 0x00, 0x00, 0x09, 0x20, 0x00, 0x00, 0x00, 0x52, 0x00,
            0x50, 0x00, 0x00,
        ],
    },
    EncodedCase {
        name: "count-11-unused-bit-4-comment-pair",
        data: &[
            0x00, 0x00, 0x00, 0x01, 0x30, 0x01, 0x01, 0x00, 0x00, 0x00, 0x13, 0x00, 0x00, 0x00,
            0x09, 0x00, 0x00, 0x00, 0x07, 0x00, 0x00, 0x00, 0x00, 0x00, 0x00, 0x00, 0x00, 0x63,
            0x00, 0x00, 0x00, 0x00, 0x00, 0x0a, 0x00, 0x01, 0x01, 0x00, 0x00, 0x00, 0x1e, 0x00,
            0x01, 0x00, 0x00, 0x00, 0x01, 0x00, 0x00, 0x00, 0x01, 0xe7, 0xdb, 0xf0, 0x00, 0x95,
            0x00, 0x4a, 0x80, 0x4c, 0x80, 0xc3, 0x80, 0x00, 0x00, 0x1c, 0x00, 0x93, 0x00, 0x00,
            0x40, 0x00, 0x00, 0x00, 0x0b, 0x07, 0x23, 0x0a, 0x01, 0x00, 0x00, 0x00, 0x2d, 0x00,
            0x00, 0x00, 0x09, 0x00, 0x00, 0x00, 0x07, 0x00, 0x00, 0x00, 0x00, 0x00, 0x00, 0x00,
            0x00, 0x04, 0x00, 0x11, 0x00, 0x00, 0x00, 0x00, 0x00, 0x01, 0x01, 0x00, 0x00, 0x00,
            0x00, 0x00, 0x00, 0x00, 0x00, 0x00, 0x00, 0x00, 0x00, 0x00, 0x00, 0x00, 0x00, 0x00,
            0x00, 0x04, 0x00, 0x00, 0x00, 0x0c, 0x00, 0x01, 0x01, 0x00, 0x00, 0x00, 0x16, 0x00,
            0x00, 0x03, 0xff, 0xfd, 0xff, 0x02, 0xfe, 0xfe, 0xfe, 0x00, 0x00, 0x00, 0x00, 0x00,
            0x00, 0x00, 0x00, 0xff, 0x7f, 0xff, 0xac, 0x00, 0x00, 0x00, 0x0d, 0x00, 0x01, 0x01,
            0x00, 0x00, 0x00, 0x16, 0x00, 0x00, 0x03, 0xff, 0xfd, 0xff, 0x02, 0xfe, 0xfe, 0xfe,
            0x00, 0x00, 0x00, 0x00, 0x00, 0x00, 0x00, 0x00, 0xff, 0x7f, 0xff, 0xac, 0x00, 0x00,
            0x00, 0x0e, 0x00, 0x01, 0x01, 0x00, 0x00, 0x00, 0x16, 0x00, 0x00, 0x03, 0xff, 0xfd,
            0xff, 0x02, 0xfe, 0xfe, 0xfe, 0x00, 0x00, 0x00, 0x00, 0x00, 0x00, 0x00, 0x00, 0xff,
            0x7f, 0xff, 0xac, 0x00, 0x00, 0x00, 0x0f, 0x00, 0x01, 0x01, 0x00, 0x00, 0x00, 0x16,
            0x00, 0x00, 0x03, 0xff, 0xfd, 0xff, 0x02, 0xfe, 0xfe, 0xfe, 0x00, 0x00, 0x00, 0x00,
            0x00, 0x00, 0x00, 0x00, 0xff, 0x7f, 0xff, 0xac, 0x00, 0x00, 0x00, 0x10, 0x00, 0x01,
            0x01, 0x00, 0x00, 0x00, 0x16, 0x00, 0x00, 0x03, 0xff, 0xfd, 0xff, 0x02, 0xfe, 0xfe,
            0xfe, 0x00, 0x00, 0x00, 0x00, 0x00, 0x00, 0x00, 0x00, 0xff, 0x7f, 0xff, 0xac, 0x00,
            0x00, 0x00, 0x11, 0x00, 0x01, 0x01, 0x00, 0x00, 0x00, 0x16, 0x00, 0x00, 0x03, 0xff,
            0xfd, 0xff, 0x02, 0xfe, 0xfe, 0xfe, 0x00, 0x00, 0x00, 0x00, 0x00, 0x00, 0x00, 0x00,
            0xff, 0x7f, 0xff, 0xac, 0x00, 0x00, 0x00, 0x12, 0x00, 0x01, 0x01, 0x00, 0x00, 0x00,
            0x16, 0x00, 0x00, 0x03, 0xff, 0xfd, 0xff, 0x02, 0xfe, 0xfe, 0xfe, 0x00, 0x00, 0x00,
            0x00, 0x00, 0x00, 0x00, 0x00, 0xff, 0x7f, 0xff, 0xac, 0x00, 0x00, 0x00, 0x13, 0x00,
            0x01, 0x01, 0x00, 0x00, 0x00, 0x16, 0x00, 0x00, 0x03, 0xff, 0xfd, 0xff, 0x02, 0xfe,
            0xfe, 0xfe, 0x00, 0x00, 0x00, 0x00, 0x00, 0x00, 0x00, 0x00, 0xff, 0x7f, 0xff, 0xac,
            0x00, 0x00, 0x00, 0x14, 0x00, 0x01, 0x01, 0x00, 0x00, 0x00, 0x16, 0x00, 0x00, 0x03,
            0xff, 0xfd, 0xff, 0x02, 0xfe, 0xfe, 0xfe, 0x00, 0x00, 0x00, 0x00, 0x00, 0x00, 0x00,
            0x00, 0xff, 0x7f, 0xff, 0xac, 0x00, 0x00, 0x00, 0x15, 0x00, 0x01, 0x01, 0x00, 0x00,
            0x00, 0x16, 0x00, 0x00, 0x03, 0xff, 0xfd, 0xff, 0x02, 0xfe, 0xfe, 0xfe, 0x00, 0x00,
            0x00, 0x00, 0x00, 0x00, 0x00, 0x00, 0xff, 0x7f, 0xff, 0xac, 0x00, 0x00, 0x00, 0x16,
            0x00, 0x01, 0x01, 0x00, 0x00, 0x00, 0x16, 0x00, 0x00, 0x03, 0xff, 0xfd, 0xff, 0x02,
            0xfe, 0xfe, 0xfe, 0x00, 0x00, 0x00, 0x00, 0x00, 0x00, 0x00, 0x00, 0xff, 0x7f, 0xff,
            0xac, 0x00, 0x00, 0x00, 0xff, 0x3e, 0xe0, 0x00, 0x00, 0x0b, 0xff, 0x1f, 0x0c, 0x0d,
            0x0e, 0x0f, 0x10, 0x11, 0x12, 0x13, 0x14, 0x15, 0x16, 0x01, 0x00, 0x00, 0x00, 0x09,
            0x20, 0x00, 0x00, 0x00, 0x52, 0x00, 0x50, 0x00, 0x00,
        ],
    },
    EncodedCase {
        name: "count-11-unused-bit-5-comment-pair",
        data: &[
            0x00, 0x00, 0x00, 0x01, 0x30, 0x01, 0x01, 0x00, 0x00, 0x00, 0x13, 0x00, 0x00, 0x00,
            0x09, 0x00, 0x00, 0x00, 0x07, 0x00, 0x00, 0x00, 0x00, 0x00, 0x00, 0x00, 0x00, 0x63,
            0x00, 0x00, 0x00, 0x00, 0x00, 0x0a, 0x00, 0x01, 0x01, 0x00, 0x00, 0x00, 0x1e, 0x00,
            0x01, 0x00, 0x00, 0x00, 0x01, 0x00, 0x00, 0x00, 0x01, 0xe7, 0xdb, 0xf0, 0x00, 0x95,
            0x00, 0x4a, 0x80, 0x4c, 0x80, 0xc3, 0x80, 0x00, 0x00, 0x1c, 0x00, 0x93, 0x00, 0x00,
            0x40, 0x00, 0x00, 0x00, 0x0b, 0x07, 0x23, 0x0a, 0x01, 0x00, 0x00, 0x00, 0x2d, 0x00,
            0x00, 0x00, 0x09, 0x00, 0x00, 0x00, 0x07, 0x00, 0x00, 0x00, 0x00, 0x00, 0x00, 0x00,
            0x00, 0x04, 0x00, 0x11, 0x00, 0x00, 0x00, 0x00, 0x00, 0x01, 0x01, 0x00, 0x00, 0x00,
            0x00, 0x00, 0x00, 0x00, 0x00, 0x00, 0x00, 0x00, 0x00, 0x00, 0x00, 0x00, 0x00, 0x00,
            0x00, 0x04, 0x00, 0x00, 0x00, 0x0c, 0x00, 0x01, 0x01, 0x00, 0x00, 0x00, 0x16, 0x00,
            0x00, 0x03, 0xff, 0xfd, 0xff, 0x02, 0xfe, 0xfe, 0xfe, 0x00, 0x00, 0x00, 0x00, 0x00,
            0x00, 0x00, 0x00, 0xff, 0x7f, 0xff, 0xac, 0x00, 0x00, 0x00, 0x0d, 0x00, 0x01, 0x01,
            0x00, 0x00, 0x00, 0x16, 0x00, 0x00, 0x03, 0xff, 0xfd, 0xff, 0x02, 0xfe, 0xfe, 0xfe,
            0x00, 0x00, 0x00, 0x00, 0x00, 0x00, 0x00, 0x00, 0xff, 0x7f, 0xff, 0xac, 0x00, 0x00,
            0x00, 0x0e, 0x00, 0x01, 0x01, 0x00, 0x00, 0x00, 0x16, 0x00, 0x00, 0x03, 0xff, 0xfd,
            0xff, 0x02, 0xfe, 0xfe, 0xfe, 0x00, 0x00, 0x00, 0x00, 0x00, 0x00, 0x00, 0x00, 0xff,
            0x7f, 0xff, 0xac, 0x00, 0x00, 0x00, 0x0f, 0x00, 0x01, 0x01, 0x00, 0x00, 0x00, 0x16,
            0x00, 0x00, 0x03, 0xff, 0xfd, 0xff, 0x02, 0xfe, 0xfe, 0xfe, 0x00, 0x00, 0x00, 0x00,
            0x00, 0x00, 0x00, 0x00, 0xff, 0x7f, 0xff, 0xac, 0x00, 0x00, 0x00, 0x10, 0x00, 0x01,
            0x01, 0x00, 0x00, 0x00, 0x16, 0x00, 0x00, 0x03, 0xff, 0xfd, 0xff, 0x02, 0xfe, 0xfe,
            0xfe, 0x00, 0x00, 0x00, 0x00, 0x00, 0x00, 0x00, 0x00, 0xff, 0x7f, 0xff, 0xac, 0x00,
            0x00, 0x00, 0x11, 0x00, 0x01, 0x01, 0x00, 0x00, 0x00, 0x16, 0x00, 0x00, 0x03, 0xff,
            0xfd, 0xff, 0x02, 0xfe, 0xfe, 0xfe, 0x00, 0x00, 0x00, 0x00, 0x00, 0x00, 0x00, 0x00,
            0xff, 0x7f, 0xff, 0xac, 0x00, 0x00, 0x00, 0x12, 0x00, 0x01, 0x01, 0x00, 0x00, 0x00,
            0x16, 0x00, 0x00, 0x03, 0xff, 0xfd, 0xff, 0x02, 0xfe, 0xfe, 0xfe, 0x00, 0x00, 0x00,
            0x00, 0x00, 0x00, 0x00, 0x00, 0xff, 0x7f, 0xff, 0xac, 0x00, 0x00, 0x00, 0x13, 0x00,
            0x01, 0x01, 0x00, 0x00, 0x00, 0x16, 0x00, 0x00, 0x03, 0xff, 0xfd, 0xff, 0x02, 0xfe,
            0xfe, 0xfe, 0x00, 0x00, 0x00, 0x00, 0x00, 0x00, 0x00, 0x00, 0xff, 0x7f, 0xff, 0xac,
            0x00, 0x00, 0x00, 0x14, 0x00, 0x01, 0x01, 0x00, 0x00, 0x00, 0x16, 0x00, 0x00, 0x03,
            0xff, 0xfd, 0xff, 0x02, 0xfe, 0xfe, 0xfe, 0x00, 0x00, 0x00, 0x00, 0x00, 0x00, 0x00,
            0x00, 0xff, 0x7f, 0xff, 0xac, 0x00, 0x00, 0x00, 0x15, 0x00, 0x01, 0x01, 0x00, 0x00,
            0x00, 0x16, 0x00, 0x00, 0x03, 0xff, 0xfd, 0xff, 0x02, 0xfe, 0xfe, 0xfe, 0x00, 0x00,
            0x00, 0x00, 0x00, 0x00, 0x00, 0x00, 0xff, 0x7f, 0xff, 0xac, 0x00, 0x00, 0x00, 0x16,
            0x00, 0x01, 0x01, 0x00, 0x00, 0x00, 0x16, 0x00, 0x00, 0x03, 0xff, 0xfd, 0xff, 0x02,
            0xfe, 0xfe, 0xfe, 0x00, 0x00, 0x00, 0x00, 0x00, 0x00, 0x00, 0x00, 0xff, 0x7f, 0xff,
            0xac, 0x00, 0x00, 0x00, 0xff, 0x3e, 0xe0, 0x00, 0x00, 0x0b, 0xff, 0x2f, 0x0c, 0x0d,
            0x0e, 0x0f, 0x10, 0x11, 0x12, 0x13, 0x14, 0x15, 0x16, 0x01, 0x00, 0x00, 0x00, 0x09,
            0x20, 0x00, 0x00, 0x00, 0x52, 0x00, 0x50, 0x00, 0x00,
        ],
    },
    EncodedCase {
        name: "count-11-unused-bit-6-comment-pair",
        data: &[
            0x00, 0x00, 0x00, 0x01, 0x30, 0x01, 0x01, 0x00, 0x00, 0x00, 0x13, 0x00, 0x00, 0x00,
            0x09, 0x00, 0x00, 0x00, 0x07, 0x00, 0x00, 0x00, 0x00, 0x00, 0x00, 0x00, 0x00, 0x63,
            0x00, 0x00, 0x00, 0x00, 0x00, 0x0a, 0x00, 0x01, 0x01, 0x00, 0x00, 0x00, 0x1e, 0x00,
            0x01, 0x00, 0x00, 0x00, 0x01, 0x00, 0x00, 0x00, 0x01, 0xe7, 0xdb, 0xf0, 0x00, 0x95,
            0x00, 0x4a, 0x80, 0x4c, 0x80, 0xc3, 0x80, 0x00, 0x00, 0x1c, 0x00, 0x93, 0x00, 0x00,
            0x40, 0x00, 0x00, 0x00, 0x0b, 0x07, 0x23, 0x0a, 0x01, 0x00, 0x00, 0x00, 0x2d, 0x00,
            0x00, 0x00, 0x09, 0x00, 0x00, 0x00, 0x07, 0x00, 0x00, 0x00, 0x00, 0x00, 0x00, 0x00,
            0x00, 0x04, 0x00, 0x11, 0x00, 0x00, 0x00, 0x00, 0x00, 0x01, 0x01, 0x00, 0x00, 0x00,
            0x00, 0x00, 0x00, 0x00, 0x00, 0x00, 0x00, 0x00, 0x00, 0x00, 0x00, 0x00, 0x00, 0x00,
            0x00, 0x04, 0x00, 0x00, 0x00, 0x0c, 0x00, 0x01, 0x01, 0x00, 0x00, 0x00, 0x16, 0x00,
            0x00, 0x03, 0xff, 0xfd, 0xff, 0x02, 0xfe, 0xfe, 0xfe, 0x00, 0x00, 0x00, 0x00, 0x00,
            0x00, 0x00, 0x00, 0xff, 0x7f, 0xff, 0xac, 0x00, 0x00, 0x00, 0x0d, 0x00, 0x01, 0x01,
            0x00, 0x00, 0x00, 0x16, 0x00, 0x00, 0x03, 0xff, 0xfd, 0xff, 0x02, 0xfe, 0xfe, 0xfe,
            0x00, 0x00, 0x00, 0x00, 0x00, 0x00, 0x00, 0x00, 0xff, 0x7f, 0xff, 0xac, 0x00, 0x00,
            0x00, 0x0e, 0x00, 0x01, 0x01, 0x00, 0x00, 0x00, 0x16, 0x00, 0x00, 0x03, 0xff, 0xfd,
            0xff, 0x02, 0xfe, 0xfe, 0xfe, 0x00, 0x00, 0x00, 0x00, 0x00, 0x00, 0x00, 0x00, 0xff,
            0x7f, 0xff, 0xac, 0x00, 0x00, 0x00, 0x0f, 0x00, 0x01, 0x01, 0x00, 0x00, 0x00, 0x16,
            0x00, 0x00, 0x03, 0xff, 0xfd, 0xff, 0x02, 0xfe, 0xfe, 0xfe, 0x00, 0x00, 0x00, 0x00,
            0x00, 0x00, 0x00, 0x00, 0xff, 0x7f, 0xff, 0xac, 0x00, 0x00, 0x00, 0x10, 0x00, 0x01,
            0x01, 0x00, 0x00, 0x00, 0x16, 0x00, 0x00, 0x03, 0xff, 0xfd, 0xff, 0x02, 0xfe, 0xfe,
            0xfe, 0x00, 0x00, 0x00, 0x00, 0x00, 0x00, 0x00, 0x00, 0xff, 0x7f, 0xff, 0xac, 0x00,
            0x00, 0x00, 0x11, 0x00, 0x01, 0x01, 0x00, 0x00, 0x00, 0x16, 0x00, 0x00, 0x03, 0xff,
            0xfd, 0xff, 0x02, 0xfe, 0xfe, 0xfe, 0x00, 0x00, 0x00, 0x00, 0x00, 0x00, 0x00, 0x00,
            0xff, 0x7f, 0xff, 0xac, 0x00, 0x00, 0x00, 0x12, 0x00, 0x01, 0x01, 0x00, 0x00, 0x00,
            0x16, 0x00, 0x00, 0x03, 0xff, 0xfd, 0xff, 0x02, 0xfe, 0xfe, 0xfe, 0x00, 0x00, 0x00,
            0x00, 0x00, 0x00, 0x00, 0x00, 0xff, 0x7f, 0xff, 0xac, 0x00, 0x00, 0x00, 0x13, 0x00,
            0x01, 0x01, 0x00, 0x00, 0x00, 0x16, 0x00, 0x00, 0x03, 0xff, 0xfd, 0xff, 0x02, 0xfe,
            0xfe, 0xfe, 0x00, 0x00, 0x00, 0x00, 0x00, 0x00, 0x00, 0x00, 0xff, 0x7f, 0xff, 0xac,
            0x00, 0x00, 0x00, 0x14, 0x00, 0x01, 0x01, 0x00, 0x00, 0x00, 0x16, 0x00, 0x00, 0x03,
            0xff, 0xfd, 0xff, 0x02, 0xfe, 0xfe, 0xfe, 0x00, 0x00, 0x00, 0x00, 0x00, 0x00, 0x00,
            0x00, 0xff, 0x7f, 0xff, 0xac, 0x00, 0x00, 0x00, 0x15, 0x00, 0x01, 0x01, 0x00, 0x00,
            0x00, 0x16, 0x00, 0x00, 0x03, 0xff, 0xfd, 0xff, 0x02, 0xfe, 0xfe, 0xfe, 0x00, 0x00,
            0x00, 0x00, 0x00, 0x00, 0x00, 0x00, 0xff, 0x7f, 0xff, 0xac, 0x00, 0x00, 0x00, 0x16,
            0x00, 0x01, 0x01, 0x00, 0x00, 0x00, 0x16, 0x00, 0x00, 0x03, 0xff, 0xfd, 0xff, 0x02,
            0xfe, 0xfe, 0xfe, 0x00, 0x00, 0x00, 0x00, 0x00, 0x00, 0x00, 0x00, 0xff, 0x7f, 0xff,
            0xac, 0x00, 0x00, 0x00, 0xff, 0x3e, 0xe0, 0x00, 0x00, 0x0b, 0xff, 0x4f, 0x0c, 0x0d,
            0x0e, 0x0f, 0x10, 0x11, 0x12, 0x13, 0x14, 0x15, 0x16, 0x01, 0x00, 0x00, 0x00, 0x09,
            0x20, 0x00, 0x00, 0x00, 0x52, 0x00, 0x50, 0x00, 0x00,
        ],
    },
    EncodedCase {
        name: "count-11-unused-bit-7-comment-pair",
        data: &[
            0x00, 0x00, 0x00, 0x01, 0x30, 0x01, 0x01, 0x00, 0x00, 0x00, 0x13, 0x00, 0x00, 0x00,
            0x09, 0x00, 0x00, 0x00, 0x07, 0x00, 0x00, 0x00, 0x00, 0x00, 0x00, 0x00, 0x00, 0x63,
            0x00, 0x00, 0x00, 0x00, 0x00, 0x0a, 0x00, 0x01, 0x01, 0x00, 0x00, 0x00, 0x1e, 0x00,
            0x01, 0x00, 0x00, 0x00, 0x01, 0x00, 0x00, 0x00, 0x01, 0xe7, 0xdb, 0xf0, 0x00, 0x95,
            0x00, 0x4a, 0x80, 0x4c, 0x80, 0xc3, 0x80, 0x00, 0x00, 0x1c, 0x00, 0x93, 0x00, 0x00,
            0x40, 0x00, 0x00, 0x00, 0x0b, 0x07, 0x23, 0x0a, 0x01, 0x00, 0x00, 0x00, 0x2d, 0x00,
            0x00, 0x00, 0x09, 0x00, 0x00, 0x00, 0x07, 0x00, 0x00, 0x00, 0x00, 0x00, 0x00, 0x00,
            0x00, 0x04, 0x00, 0x11, 0x00, 0x00, 0x00, 0x00, 0x00, 0x01, 0x01, 0x00, 0x00, 0x00,
            0x00, 0x00, 0x00, 0x00, 0x00, 0x00, 0x00, 0x00, 0x00, 0x00, 0x00, 0x00, 0x00, 0x00,
            0x00, 0x04, 0x00, 0x00, 0x00, 0x0c, 0x00, 0x01, 0x01, 0x00, 0x00, 0x00, 0x16, 0x00,
            0x00, 0x03, 0xff, 0xfd, 0xff, 0x02, 0xfe, 0xfe, 0xfe, 0x00, 0x00, 0x00, 0x00, 0x00,
            0x00, 0x00, 0x00, 0xff, 0x7f, 0xff, 0xac, 0x00, 0x00, 0x00, 0x0d, 0x00, 0x01, 0x01,
            0x00, 0x00, 0x00, 0x16, 0x00, 0x00, 0x03, 0xff, 0xfd, 0xff, 0x02, 0xfe, 0xfe, 0xfe,
            0x00, 0x00, 0x00, 0x00, 0x00, 0x00, 0x00, 0x00, 0xff, 0x7f, 0xff, 0xac, 0x00, 0x00,
            0x00, 0x0e, 0x00, 0x01, 0x01, 0x00, 0x00, 0x00, 0x16, 0x00, 0x00, 0x03, 0xff, 0xfd,
            0xff, 0x02, 0xfe, 0xfe, 0xfe, 0x00, 0x00, 0x00, 0x00, 0x00, 0x00, 0x00, 0x00, 0xff,
            0x7f, 0xff, 0xac, 0x00, 0x00, 0x00, 0x0f, 0x00, 0x01, 0x01, 0x00, 0x00, 0x00, 0x16,
            0x00, 0x00, 0x03, 0xff, 0xfd, 0xff, 0x02, 0xfe, 0xfe, 0xfe, 0x00, 0x00, 0x00, 0x00,
            0x00, 0x00, 0x00, 0x00, 0xff, 0x7f, 0xff, 0xac, 0x00, 0x00, 0x00, 0x10, 0x00, 0x01,
            0x01, 0x00, 0x00, 0x00, 0x16, 0x00, 0x00, 0x03, 0xff, 0xfd, 0xff, 0x02, 0xfe, 0xfe,
            0xfe, 0x00, 0x00, 0x00, 0x00, 0x00, 0x00, 0x00, 0x00, 0xff, 0x7f, 0xff, 0xac, 0x00,
            0x00, 0x00, 0x11, 0x00, 0x01, 0x01, 0x00, 0x00, 0x00, 0x16, 0x00, 0x00, 0x03, 0xff,
            0xfd, 0xff, 0x02, 0xfe, 0xfe, 0xfe, 0x00, 0x00, 0x00, 0x00, 0x00, 0x00, 0x00, 0x00,
            0xff, 0x7f, 0xff, 0xac, 0x00, 0x00, 0x00, 0x12, 0x00, 0x01, 0x01, 0x00, 0x00, 0x00,
            0x16, 0x00, 0x00, 0x03, 0xff, 0xfd, 0xff, 0x02, 0xfe, 0xfe, 0xfe, 0x00, 0x00, 0x00,
            0x00, 0x00, 0x00, 0x00, 0x00, 0xff, 0x7f, 0xff, 0xac, 0x00, 0x00, 0x00, 0x13, 0x00,
            0x01, 0x01, 0x00, 0x00, 0x00, 0x16, 0x00, 0x00, 0x03, 0xff, 0xfd, 0xff, 0x02, 0xfe,
            0xfe, 0xfe, 0x00, 0x00, 0x00, 0x00, 0x00, 0x00, 0x00, 0x00, 0xff, 0x7f, 0xff, 0xac,
            0x00, 0x00, 0x00, 0x14, 0x00, 0x01, 0x01, 0x00, 0x00, 0x00, 0x16, 0x00, 0x00, 0x03,
            0xff, 0xfd, 0xff, 0x02, 0xfe, 0xfe, 0xfe, 0x00, 0x00, 0x00, 0x00, 0x00, 0x00, 0x00,
            0x00, 0xff, 0x7f, 0xff, 0xac, 0x00, 0x00, 0x00, 0x15, 0x00, 0x01, 0x01, 0x00, 0x00,
            0x00, 0x16, 0x00, 0x00, 0x03, 0xff, 0xfd, 0xff, 0x02, 0xfe, 0xfe, 0xfe, 0x00, 0x00,
            0x00, 0x00, 0x00, 0x00, 0x00, 0x00, 0xff, 0x7f, 0xff, 0xac, 0x00, 0x00, 0x00, 0x16,
            0x00, 0x01, 0x01, 0x00, 0x00, 0x00, 0x16, 0x00, 0x00, 0x03, 0xff, 0xfd, 0xff, 0x02,
            0xfe, 0xfe, 0xfe, 0x00, 0x00, 0x00, 0x00, 0x00, 0x00, 0x00, 0x00, 0xff, 0x7f, 0xff,
            0xac, 0x00, 0x00, 0x00, 0xff, 0x3e, 0xe0, 0x00, 0x00, 0x0b, 0xff, 0x8f, 0x0c, 0x0d,
            0x0e, 0x0f, 0x10, 0x11, 0x12, 0x13, 0x14, 0x15, 0x16, 0x01, 0x00, 0x00, 0x00, 0x09,
            0x20, 0x00, 0x00, 0x00, 0x52, 0x00, 0x50, 0x00, 0x00,
        ],
    },
    EncodedCase {
        name: "count-12-unused-bit-5-comment-pair",
        data: &[
            0x00, 0x00, 0x00, 0x01, 0x30, 0x01, 0x01, 0x00, 0x00, 0x00, 0x13, 0x00, 0x00, 0x00,
            0x09, 0x00, 0x00, 0x00, 0x07, 0x00, 0x00, 0x00, 0x00, 0x00, 0x00, 0x00, 0x00, 0x63,
            0x00, 0x00, 0x00, 0x00, 0x00, 0x0a, 0x00, 0x01, 0x01, 0x00, 0x00, 0x00, 0x1e, 0x00,
            0x01, 0x00, 0x00, 0x00, 0x01, 0x00, 0x00, 0x00, 0x01, 0xe7, 0xdb, 0xf0, 0x00, 0x95,
            0x00, 0x4a, 0x80, 0x4c, 0x80, 0xc3, 0x80, 0x00, 0x00, 0x1c, 0x00, 0x93, 0x00, 0x00,
            0x40, 0x00, 0x00, 0x00, 0x0b, 0x07, 0x23, 0x0a, 0x01, 0x00, 0x00, 0x00, 0x2d, 0x00,
            0x00, 0x00, 0x09, 0x00, 0x00, 0x00, 0x07, 0x00, 0x00, 0x00, 0x00, 0x00, 0x00, 0x00,
            0x00, 0x04, 0x00, 0x11, 0x00, 0x00, 0x00, 0x00, 0x00, 0x01, 0x01, 0x00, 0x00, 0x00,
            0x00, 0x00, 0x00, 0x00, 0x00, 0x00, 0x00, 0x00, 0x00, 0x00, 0x00, 0x00, 0x00, 0x00,
            0x00, 0x04, 0x00, 0x00, 0x00, 0x0c, 0x00, 0x01, 0x01, 0x00, 0x00, 0x00, 0x16, 0x00,
            0x00, 0x03, 0xff, 0xfd, 0xff, 0x02, 0xfe, 0xfe, 0xfe, 0x00, 0x00, 0x00, 0x00, 0x00,
            0x00, 0x00, 0x00, 0xff, 0x7f, 0xff, 0xac, 0x00, 0x00, 0x00, 0x0d, 0x00, 0x01, 0x01,
            0x00, 0x00, 0x00, 0x16, 0x00, 0x00, 0x03, 0xff, 0xfd, 0xff, 0x02, 0xfe, 0xfe, 0xfe,
            0x00, 0x00, 0x00, 0x00, 0x00, 0x00, 0x00, 0x00, 0xff, 0x7f, 0xff, 0xac, 0x00, 0x00,
            0x00, 0x0e, 0x00, 0x01, 0x01, 0x00, 0x00, 0x00, 0x16, 0x00, 0x00, 0x03, 0xff, 0xfd,
            0xff, 0x02, 0xfe, 0xfe, 0xfe, 0x00, 0x00, 0x00, 0x00, 0x00, 0x00, 0x00, 0x00, 0xff,
            0x7f, 0xff, 0xac, 0x00, 0x00, 0x00, 0x0f, 0x00, 0x01, 0x01, 0x00, 0x00, 0x00, 0x16,
            0x00, 0x00, 0x03, 0xff, 0xfd, 0xff, 0x02, 0xfe, 0xfe, 0xfe, 0x00, 0x00, 0x00, 0x00,
            0x00, 0x00, 0x00, 0x00, 0xff, 0x7f, 0xff, 0xac, 0x00, 0x00, 0x00, 0x10, 0x00, 0x01,
            0x01, 0x00, 0x00, 0x00, 0x16, 0x00, 0x00, 0x03, 0xff, 0xfd, 0xff, 0x02, 0xfe, 0xfe,
            0xfe, 0x00, 0x00, 0x00, 0x00, 0x00, 0x00, 0x00, 0x00, 0xff, 0x7f, 0xff, 0xac, 0x00,
            0x00, 0x00, 0x11, 0x00, 0x01, 0x01, 0x00, 0x00, 0x00, 0x16, 0x00, 0x00, 0x03, 0xff,
            0xfd, 0xff, 0x02, 0xfe, 0xfe, 0xfe, 0x00, 0x00, 0x00, 0x00, 0x00, 0x00, 0x00, 0x00,
            0xff, 0x7f, 0xff, 0xac, 0x00, 0x00, 0x00, 0x12, 0x00, 0x01, 0x01, 0x00, 0x00, 0x00,
            0x16, 0x00, 0x00, 0x03, 0xff, 0xfd, 0xff, 0x02, 0xfe, 0xfe, 0xfe, 0x00, 0x00, 0x00,
            0x00, 0x00, 0x00, 0x00, 0x00, 0xff, 0x7f, 0xff, 0xac, 0x00, 0x00, 0x00, 0x13, 0x00,
            0x01, 0x01, 0x00, 0x00, 0x00, 0x16, 0x00, 0x00, 0x03, 0xff, 0xfd, 0xff, 0x02, 0xfe,
            0xfe, 0xfe, 0x00, 0x00, 0x00, 0x00, 0x00, 0x00, 0x00, 0x00, 0xff, 0x7f, 0xff, 0xac,
            0x00, 0x00, 0x00, 0x14, 0x00, 0x01, 0x01, 0x00, 0x00, 0x00, 0x16, 0x00, 0x00, 0x03,
            0xff, 0xfd, 0xff, 0x02, 0xfe, 0xfe, 0xfe, 0x00, 0x00, 0x00, 0x00, 0x00, 0x00, 0x00,
            0x00, 0xff, 0x7f, 0xff, 0xac, 0x00, 0x00, 0x00, 0x15, 0x00, 0x01, 0x01, 0x00, 0x00,
            0x00, 0x16, 0x00, 0x00, 0x03, 0xff, 0xfd, 0xff, 0x02, 0xfe, 0xfe, 0xfe, 0x00, 0x00,
            0x00, 0x00, 0x00, 0x00, 0x00, 0x00, 0xff, 0x7f, 0xff, 0xac, 0x00, 0x00, 0x00, 0x16,
            0x00, 0x01, 0x01, 0x00, 0x00, 0x00, 0x16, 0x00, 0x00, 0x03, 0xff, 0xfd, 0xff, 0x02,
            0xfe, 0xfe, 0xfe, 0x00, 0x00, 0x00, 0x00, 0x00, 0x00, 0x00, 0x00, 0xff, 0x7f, 0xff,
            0xac, 0x00, 0x00, 0x00, 0x17, 0x00, 0x01, 0x01, 0x00, 0x00, 0x00, 0x16, 0x00, 0x00,
            0x03, 0xff, 0xfd, 0xff, 0x02, 0xfe, 0xfe, 0xfe, 0x00, 0x00, 0x00, 0x00, 0x00, 0x00,
            0x00, 0x00, 0xff, 0x7f, 0xff, 0xac, 0x00, 0x00, 0x00, 0xff, 0x3e, 0xe0, 0x00, 0x00,
            0x0c, 0xff, 0x3f, 0x0c, 0x0d, 0x0e, 0x0f, 0x10, 0x11, 0x12, 0x13, 0x14, 0x15, 0x16,
            0x17, 0x01, 0x00, 0x00, 0x00, 0x09, 0x20, 0x00, 0x00, 0x00, 0x52, 0x00, 0x50, 0x00,
            0x00,
        ],
    },
    EncodedCase {
        name: "count-12-unused-bit-6-comment-pair",
        data: &[
            0x00, 0x00, 0x00, 0x01, 0x30, 0x01, 0x01, 0x00, 0x00, 0x00, 0x13, 0x00, 0x00, 0x00,
            0x09, 0x00, 0x00, 0x00, 0x07, 0x00, 0x00, 0x00, 0x00, 0x00, 0x00, 0x00, 0x00, 0x63,
            0x00, 0x00, 0x00, 0x00, 0x00, 0x0a, 0x00, 0x01, 0x01, 0x00, 0x00, 0x00, 0x1e, 0x00,
            0x01, 0x00, 0x00, 0x00, 0x01, 0x00, 0x00, 0x00, 0x01, 0xe7, 0xdb, 0xf0, 0x00, 0x95,
            0x00, 0x4a, 0x80, 0x4c, 0x80, 0xc3, 0x80, 0x00, 0x00, 0x1c, 0x00, 0x93, 0x00, 0x00,
            0x40, 0x00, 0x00, 0x00, 0x0b, 0x07, 0x23, 0x0a, 0x01, 0x00, 0x00, 0x00, 0x2d, 0x00,
            0x00, 0x00, 0x09, 0x00, 0x00, 0x00, 0x07, 0x00, 0x00, 0x00, 0x00, 0x00, 0x00, 0x00,
            0x00, 0x04, 0x00, 0x11, 0x00, 0x00, 0x00, 0x00, 0x00, 0x01, 0x01, 0x00, 0x00, 0x00,
            0x00, 0x00, 0x00, 0x00, 0x00, 0x00, 0x00, 0x00, 0x00, 0x00, 0x00, 0x00, 0x00, 0x00,
            0x00, 0x04, 0x00, 0x00, 0x00, 0x0c, 0x00, 0x01, 0x01, 0x00, 0x00, 0x00, 0x16, 0x00,
            0x00, 0x03, 0xff, 0xfd, 0xff, 0x02, 0xfe, 0xfe, 0xfe, 0x00, 0x00, 0x00, 0x00, 0x00,
            0x00, 0x00, 0x00, 0xff, 0x7f, 0xff, 0xac, 0x00, 0x00, 0x00, 0x0d, 0x00, 0x01, 0x01,
            0x00, 0x00, 0x00, 0x16, 0x00, 0x00, 0x03, 0xff, 0xfd, 0xff, 0x02, 0xfe, 0xfe, 0xfe,
            0x00, 0x00, 0x00, 0x00, 0x00, 0x00, 0x00, 0x00, 0xff, 0x7f, 0xff, 0xac, 0x00, 0x00,
            0x00, 0x0e, 0x00, 0x01, 0x01, 0x00, 0x00, 0x00, 0x16, 0x00, 0x00, 0x03, 0xff, 0xfd,
            0xff, 0x02, 0xfe, 0xfe, 0xfe, 0x00, 0x00, 0x00, 0x00, 0x00, 0x00, 0x00, 0x00, 0xff,
            0x7f, 0xff, 0xac, 0x00, 0x00, 0x00, 0x0f, 0x00, 0x01, 0x01, 0x00, 0x00, 0x00, 0x16,
            0x00, 0x00, 0x03, 0xff, 0xfd, 0xff, 0x02, 0xfe, 0xfe, 0xfe, 0x00, 0x00, 0x00, 0x00,
            0x00, 0x00, 0x00, 0x00, 0xff, 0x7f, 0xff, 0xac, 0x00, 0x00, 0x00, 0x10, 0x00, 0x01,
            0x01, 0x00, 0x00, 0x00, 0x16, 0x00, 0x00, 0x03, 0xff, 0xfd, 0xff, 0x02, 0xfe, 0xfe,
            0xfe, 0x00, 0x00, 0x00, 0x00, 0x00, 0x00, 0x00, 0x00, 0xff, 0x7f, 0xff, 0xac, 0x00,
            0x00, 0x00, 0x11, 0x00, 0x01, 0x01, 0x00, 0x00, 0x00, 0x16, 0x00, 0x00, 0x03, 0xff,
            0xfd, 0xff, 0x02, 0xfe, 0xfe, 0xfe, 0x00, 0x00, 0x00, 0x00, 0x00, 0x00, 0x00, 0x00,
            0xff, 0x7f, 0xff, 0xac, 0x00, 0x00, 0x00, 0x12, 0x00, 0x01, 0x01, 0x00, 0x00, 0x00,
            0x16, 0x00, 0x00, 0x03, 0xff, 0xfd, 0xff, 0x02, 0xfe, 0xfe, 0xfe, 0x00, 0x00, 0x00,
            0x00, 0x00, 0x00, 0x00, 0x00, 0xff, 0x7f, 0xff, 0xac, 0x00, 0x00, 0x00, 0x13, 0x00,
            0x01, 0x01, 0x00, 0x00, 0x00, 0x16, 0x00, 0x00, 0x03, 0xff, 0xfd, 0xff, 0x02, 0xfe,
            0xfe, 0xfe, 0x00, 0x00, 0x00, 0x00, 0x00, 0x00, 0x00, 0x00, 0xff, 0x7f, 0xff, 0xac,
            0x00, 0x00, 0x00, 0x14, 0x00, 0x01, 0x01, 0x00, 0x00, 0x00, 0x16, 0x00, 0x00, 0x03,
            0xff, 0xfd, 0xff, 0x02, 0xfe, 0xfe, 0xfe, 0x00, 0x00, 0x00, 0x00, 0x00, 0x00, 0x00,
            0x00, 0xff, 0x7f, 0xff, 0xac, 0x00, 0x00, 0x00, 0x15, 0x00, 0x01, 0x01, 0x00, 0x00,
            0x00, 0x16, 0x00, 0x00, 0x03, 0xff, 0xfd, 0xff, 0x02, 0xfe, 0xfe, 0xfe, 0x00, 0x00,
            0x00, 0x00, 0x00, 0x00, 0x00, 0x00, 0xff, 0x7f, 0xff, 0xac, 0x00, 0x00, 0x00, 0x16,
            0x00, 0x01, 0x01, 0x00, 0x00, 0x00, 0x16, 0x00, 0x00, 0x03, 0xff, 0xfd, 0xff, 0x02,
            0xfe, 0xfe, 0xfe, 0x00, 0x00, 0x00, 0x00, 0x00, 0x00, 0x00, 0x00, 0xff, 0x7f, 0xff,
            0xac, 0x00, 0x00, 0x00, 0x17, 0x00, 0x01, 0x01, 0x00, 0x00, 0x00, 0x16, 0x00, 0x00,
            0x03, 0xff, 0xfd, 0xff, 0x02, 0xfe, 0xfe, 0xfe, 0x00, 0x00, 0x00, 0x00, 0x00, 0x00,
            0x00, 0x00, 0xff, 0x7f, 0xff, 0xac, 0x00, 0x00, 0x00, 0xff, 0x3e, 0xe0, 0x00, 0x00,
            0x0c, 0xff, 0x5f, 0x0c, 0x0d, 0x0e, 0x0f, 0x10, 0x11, 0x12, 0x13, 0x14, 0x15, 0x16,
            0x17, 0x01, 0x00, 0x00, 0x00, 0x09, 0x20, 0x00, 0x00, 0x00, 0x52, 0x00, 0x50, 0x00,
            0x00,
        ],
    },
    EncodedCase {
        name: "count-12-unused-bit-7-comment-pair",
        data: &[
            0x00, 0x00, 0x00, 0x01, 0x30, 0x01, 0x01, 0x00, 0x00, 0x00, 0x13, 0x00, 0x00, 0x00,
            0x09, 0x00, 0x00, 0x00, 0x07, 0x00, 0x00, 0x00, 0x00, 0x00, 0x00, 0x00, 0x00, 0x63,
            0x00, 0x00, 0x00, 0x00, 0x00, 0x0a, 0x00, 0x01, 0x01, 0x00, 0x00, 0x00, 0x1e, 0x00,
            0x01, 0x00, 0x00, 0x00, 0x01, 0x00, 0x00, 0x00, 0x01, 0xe7, 0xdb, 0xf0, 0x00, 0x95,
            0x00, 0x4a, 0x80, 0x4c, 0x80, 0xc3, 0x80, 0x00, 0x00, 0x1c, 0x00, 0x93, 0x00, 0x00,
            0x40, 0x00, 0x00, 0x00, 0x0b, 0x07, 0x23, 0x0a, 0x01, 0x00, 0x00, 0x00, 0x2d, 0x00,
            0x00, 0x00, 0x09, 0x00, 0x00, 0x00, 0x07, 0x00, 0x00, 0x00, 0x00, 0x00, 0x00, 0x00,
            0x00, 0x04, 0x00, 0x11, 0x00, 0x00, 0x00, 0x00, 0x00, 0x01, 0x01, 0x00, 0x00, 0x00,
            0x00, 0x00, 0x00, 0x00, 0x00, 0x00, 0x00, 0x00, 0x00, 0x00, 0x00, 0x00, 0x00, 0x00,
            0x00, 0x04, 0x00, 0x00, 0x00, 0x0c, 0x00, 0x01, 0x01, 0x00, 0x00, 0x00, 0x16, 0x00,
            0x00, 0x03, 0xff, 0xfd, 0xff, 0x02, 0xfe, 0xfe, 0xfe, 0x00, 0x00, 0x00, 0x00, 0x00,
            0x00, 0x00, 0x00, 0xff, 0x7f, 0xff, 0xac, 0x00, 0x00, 0x00, 0x0d, 0x00, 0x01, 0x01,
            0x00, 0x00, 0x00, 0x16, 0x00, 0x00, 0x03, 0xff, 0xfd, 0xff, 0x02, 0xfe, 0xfe, 0xfe,
            0x00, 0x00, 0x00, 0x00, 0x00, 0x00, 0x00, 0x00, 0xff, 0x7f, 0xff, 0xac, 0x00, 0x00,
            0x00, 0x0e, 0x00, 0x01, 0x01, 0x00, 0x00, 0x00, 0x16, 0x00, 0x00, 0x03, 0xff, 0xfd,
            0xff, 0x02, 0xfe, 0xfe, 0xfe, 0x00, 0x00, 0x00, 0x00, 0x00, 0x00, 0x00, 0x00, 0xff,
            0x7f, 0xff, 0xac, 0x00, 0x00, 0x00, 0x0f, 0x00, 0x01, 0x01, 0x00, 0x00, 0x00, 0x16,
            0x00, 0x00, 0x03, 0xff, 0xfd, 0xff, 0x02, 0xfe, 0xfe, 0xfe, 0x00, 0x00, 0x00, 0x00,
            0x00, 0x00, 0x00, 0x00, 0xff, 0x7f, 0xff, 0xac, 0x00, 0x00, 0x00, 0x10, 0x00, 0x01,
            0x01, 0x00, 0x00, 0x00, 0x16, 0x00, 0x00, 0x03, 0xff, 0xfd, 0xff, 0x02, 0xfe, 0xfe,
            0xfe, 0x00, 0x00, 0x00, 0x00, 0x00, 0x00, 0x00, 0x00, 0xff, 0x7f, 0xff, 0xac, 0x00,
            0x00, 0x00, 0x11, 0x00, 0x01, 0x01, 0x00, 0x00, 0x00, 0x16, 0x00, 0x00, 0x03, 0xff,
            0xfd, 0xff, 0x02, 0xfe, 0xfe, 0xfe, 0x00, 0x00, 0x00, 0x00, 0x00, 0x00, 0x00, 0x00,
            0xff, 0x7f, 0xff, 0xac, 0x00, 0x00, 0x00, 0x12, 0x00, 0x01, 0x01, 0x00, 0x00, 0x00,
            0x16, 0x00, 0x00, 0x03, 0xff, 0xfd, 0xff, 0x02, 0xfe, 0xfe, 0xfe, 0x00, 0x00, 0x00,
            0x00, 0x00, 0x00, 0x00, 0x00, 0xff, 0x7f, 0xff, 0xac, 0x00, 0x00, 0x00, 0x13, 0x00,
            0x01, 0x01, 0x00, 0x00, 0x00, 0x16, 0x00, 0x00, 0x03, 0xff, 0xfd, 0xff, 0x02, 0xfe,
            0xfe, 0xfe, 0x00, 0x00, 0x00, 0x00, 0x00, 0x00, 0x00, 0x00, 0xff, 0x7f, 0xff, 0xac,
            0x00, 0x00, 0x00, 0x14, 0x00, 0x01, 0x01, 0x00, 0x00, 0x00, 0x16, 0x00, 0x00, 0x03,
            0xff, 0xfd, 0xff, 0x02, 0xfe, 0xfe, 0xfe, 0x00, 0x00, 0x00, 0x00, 0x00, 0x00, 0x00,
            0x00, 0xff, 0x7f, 0xff, 0xac, 0x00, 0x00, 0x00, 0x15, 0x00, 0x01, 0x01, 0x00, 0x00,
            0x00, 0x16, 0x00, 0x00, 0x03, 0xff, 0xfd, 0xff, 0x02, 0xfe, 0xfe, 0xfe, 0x00, 0x00,
            0x00, 0x00, 0x00, 0x00, 0x00, 0x00, 0xff, 0x7f, 0xff, 0xac, 0x00, 0x00, 0x00, 0x16,
            0x00, 0x01, 0x01, 0x00, 0x00, 0x00, 0x16, 0x00, 0x00, 0x03, 0xff, 0xfd, 0xff, 0x02,
            0xfe, 0xfe, 0xfe, 0x00, 0x00, 0x00, 0x00, 0x00, 0x00, 0x00, 0x00, 0xff, 0x7f, 0xff,
            0xac, 0x00, 0x00, 0x00, 0x17, 0x00, 0x01, 0x01, 0x00, 0x00, 0x00, 0x16, 0x00, 0x00,
            0x03, 0xff, 0xfd, 0xff, 0x02, 0xfe, 0xfe, 0xfe, 0x00, 0x00, 0x00, 0x00, 0x00, 0x00,
            0x00, 0x00, 0xff, 0x7f, 0xff, 0xac, 0x00, 0x00, 0x00, 0xff, 0x3e, 0xe0, 0x00, 0x00,
            0x0c, 0xff, 0x9f, 0x0c, 0x0d, 0x0e, 0x0f, 0x10, 0x11, 0x12, 0x13, 0x14, 0x15, 0x16,
            0x17, 0x01, 0x00, 0x00, 0x00, 0x09, 0x20, 0x00, 0x00, 0x00, 0x52, 0x00, 0x50, 0x00,
            0x00,
        ],
    },
    EncodedCase {
        name: "count-13-unused-bit-6-comment-pair",
        data: &[
            0x00, 0x00, 0x00, 0x01, 0x30, 0x01, 0x01, 0x00, 0x00, 0x00, 0x13, 0x00, 0x00, 0x00,
            0x09, 0x00, 0x00, 0x00, 0x07, 0x00, 0x00, 0x00, 0x00, 0x00, 0x00, 0x00, 0x00, 0x63,
            0x00, 0x00, 0x00, 0x00, 0x00, 0x0a, 0x00, 0x01, 0x01, 0x00, 0x00, 0x00, 0x1e, 0x00,
            0x01, 0x00, 0x00, 0x00, 0x01, 0x00, 0x00, 0x00, 0x01, 0xe7, 0xdb, 0xf0, 0x00, 0x95,
            0x00, 0x4a, 0x80, 0x4c, 0x80, 0xc3, 0x80, 0x00, 0x00, 0x1c, 0x00, 0x93, 0x00, 0x00,
            0x40, 0x00, 0x00, 0x00, 0x0b, 0x07, 0x23, 0x0a, 0x01, 0x00, 0x00, 0x00, 0x2d, 0x00,
            0x00, 0x00, 0x09, 0x00, 0x00, 0x00, 0x07, 0x00, 0x00, 0x00, 0x00, 0x00, 0x00, 0x00,
            0x00, 0x04, 0x00, 0x11, 0x00, 0x00, 0x00, 0x00, 0x00, 0x01, 0x01, 0x00, 0x00, 0x00,
            0x00, 0x00, 0x00, 0x00, 0x00, 0x00, 0x00, 0x00, 0x00, 0x00, 0x00, 0x00, 0x00, 0x00,
            0x00, 0x04, 0x00, 0x00, 0x00, 0x0c, 0x00, 0x01, 0x01, 0x00, 0x00, 0x00, 0x16, 0x00,
            0x00, 0x03, 0xff, 0xfd, 0xff, 0x02, 0xfe, 0xfe, 0xfe, 0x00, 0x00, 0x00, 0x00, 0x00,
            0x00, 0x00, 0x00, 0xff, 0x7f, 0xff, 0xac, 0x00, 0x00, 0x00, 0x0d, 0x00, 0x01, 0x01,
            0x00, 0x00, 0x00, 0x16, 0x00, 0x00, 0x03, 0xff, 0xfd, 0xff, 0x02, 0xfe, 0xfe, 0xfe,
            0x00, 0x00, 0x00, 0x00, 0x00, 0x00, 0x00, 0x00, 0xff, 0x7f, 0xff, 0xac, 0x00, 0x00,
            0x00, 0x0e, 0x00, 0x01, 0x01, 0x00, 0x00, 0x00, 0x16, 0x00, 0x00, 0x03, 0xff, 0xfd,
            0xff, 0x02, 0xfe, 0xfe, 0xfe, 0x00, 0x00, 0x00, 0x00, 0x00, 0x00, 0x00, 0x00, 0xff,
            0x7f, 0xff, 0xac, 0x00, 0x00, 0x00, 0x0f, 0x00, 0x01, 0x01, 0x00, 0x00, 0x00, 0x16,
            0x00, 0x00, 0x03, 0xff, 0xfd, 0xff, 0x02, 0xfe, 0xfe, 0xfe, 0x00, 0x00, 0x00, 0x00,
            0x00, 0x00, 0x00, 0x00, 0xff, 0x7f, 0xff, 0xac, 0x00, 0x00, 0x00, 0x10, 0x00, 0x01,
            0x01, 0x00, 0x00, 0x00, 0x16, 0x00, 0x00, 0x03, 0xff, 0xfd, 0xff, 0x02, 0xfe, 0xfe,
            0xfe, 0x00, 0x00, 0x00, 0x00, 0x00, 0x00, 0x00, 0x00, 0xff, 0x7f, 0xff, 0xac, 0x00,
            0x00, 0x00, 0x11, 0x00, 0x01, 0x01, 0x00, 0x00, 0x00, 0x16, 0x00, 0x00, 0x03, 0xff,
            0xfd, 0xff, 0x02, 0xfe, 0xfe, 0xfe, 0x00, 0x00, 0x00, 0x00, 0x00, 0x00, 0x00, 0x00,
            0xff, 0x7f, 0xff, 0xac, 0x00, 0x00, 0x00, 0x12, 0x00, 0x01, 0x01, 0x00, 0x00, 0x00,
            0x16, 0x00, 0x00, 0x03, 0xff, 0xfd, 0xff, 0x02, 0xfe, 0xfe, 0xfe, 0x00, 0x00, 0x00,
            0x00, 0x00, 0x00, 0x00, 0x00, 0xff, 0x7f, 0xff, 0xac, 0x00, 0x00, 0x00, 0x13, 0x00,
            0x01, 0x01, 0x00, 0x00, 0x00, 0x16, 0x00, 0x00, 0x03, 0xff, 0xfd, 0xff, 0x02, 0xfe,
            0xfe, 0xfe, 0x00, 0x00, 0x00, 0x00, 0x00, 0x00, 0x00, 0x00, 0xff, 0x7f, 0xff, 0xac,
            0x00, 0x00, 0x00, 0x14, 0x00, 0x01, 0x01, 0x00, 0x00, 0x00, 0x16, 0x00, 0x00, 0x03,
            0xff, 0xfd, 0xff, 0x02, 0xfe, 0xfe, 0xfe, 0x00, 0x00, 0x00, 0x00, 0x00, 0x00, 0x00,
            0x00, 0xff, 0x7f, 0xff, 0xac, 0x00, 0x00, 0x00, 0x15, 0x00, 0x01, 0x01, 0x00, 0x00,
            0x00, 0x16, 0x00, 0x00, 0x03, 0xff, 0xfd, 0xff, 0x02, 0xfe, 0xfe, 0xfe, 0x00, 0x00,
            0x00, 0x00, 0x00, 0x00, 0x00, 0x00, 0xff, 0x7f, 0xff, 0xac, 0x00, 0x00, 0x00, 0x16,
            0x00, 0x01, 0x01, 0x00, 0x00, 0x00, 0x16, 0x00, 0x00, 0x03, 0xff, 0xfd, 0xff, 0x02,
            0xfe, 0xfe, 0xfe, 0x00, 0x00, 0x00, 0x00, 0x00, 0x00, 0x00, 0x00, 0xff, 0x7f, 0xff,
            0xac, 0x00, 0x00, 0x00, 0x17, 0x00, 0x01, 0x01, 0x00, 0x00, 0x00, 0x16, 0x00, 0x00,
            0x03, 0xff, 0xfd, 0xff, 0x02, 0xfe, 0xfe, 0xfe, 0x00, 0x00, 0x00, 0x00, 0x00, 0x00,
            0x00, 0x00, 0xff, 0x7f, 0xff, 0xac, 0x00, 0x00, 0x00, 0x18, 0x00, 0x01, 0x01, 0x00,
            0x00, 0x00, 0x16, 0x00, 0x00, 0x03, 0xff, 0xfd, 0xff, 0x02, 0xfe, 0xfe, 0xfe, 0x00,
            0x00, 0x00, 0x00, 0x00, 0x00, 0x00, 0x00, 0xff, 0x7f, 0xff, 0xac, 0x00, 0x00, 0x00,
            0xff, 0x3e, 0xe0, 0x00, 0x00, 0x0d, 0xff, 0x7f, 0x0c, 0x0d, 0x0e, 0x0f, 0x10, 0x11,
            0x12, 0x13, 0x14, 0x15, 0x16, 0x17, 0x18, 0x01, 0x00, 0x00, 0x00, 0x09, 0x20, 0x00,
            0x00, 0x00, 0x52, 0x00, 0x50, 0x00, 0x00,
        ],
    },
    EncodedCase {
        name: "count-13-unused-bit-7-comment-pair",
        data: &[
            0x00, 0x00, 0x00, 0x01, 0x30, 0x01, 0x01, 0x00, 0x00, 0x00, 0x13, 0x00, 0x00, 0x00,
            0x09, 0x00, 0x00, 0x00, 0x07, 0x00, 0x00, 0x00, 0x00, 0x00, 0x00, 0x00, 0x00, 0x63,
            0x00, 0x00, 0x00, 0x00, 0x00, 0x0a, 0x00, 0x01, 0x01, 0x00, 0x00, 0x00, 0x1e, 0x00,
            0x01, 0x00, 0x00, 0x00, 0x01, 0x00, 0x00, 0x00, 0x01, 0xe7, 0xdb, 0xf0, 0x00, 0x95,
            0x00, 0x4a, 0x80, 0x4c, 0x80, 0xc3, 0x80, 0x00, 0x00, 0x1c, 0x00, 0x93, 0x00, 0x00,
            0x40, 0x00, 0x00, 0x00, 0x0b, 0x07, 0x23, 0x0a, 0x01, 0x00, 0x00, 0x00, 0x2d, 0x00,
            0x00, 0x00, 0x09, 0x00, 0x00, 0x00, 0x07, 0x00, 0x00, 0x00, 0x00, 0x00, 0x00, 0x00,
            0x00, 0x04, 0x00, 0x11, 0x00, 0x00, 0x00, 0x00, 0x00, 0x01, 0x01, 0x00, 0x00, 0x00,
            0x00, 0x00, 0x00, 0x00, 0x00, 0x00, 0x00, 0x00, 0x00, 0x00, 0x00, 0x00, 0x00, 0x00,
            0x00, 0x04, 0x00, 0x00, 0x00, 0x0c, 0x00, 0x01, 0x01, 0x00, 0x00, 0x00, 0x16, 0x00,
            0x00, 0x03, 0xff, 0xfd, 0xff, 0x02, 0xfe, 0xfe, 0xfe, 0x00, 0x00, 0x00, 0x00, 0x00,
            0x00, 0x00, 0x00, 0xff, 0x7f, 0xff, 0xac, 0x00, 0x00, 0x00, 0x0d, 0x00, 0x01, 0x01,
            0x00, 0x00, 0x00, 0x16, 0x00, 0x00, 0x03, 0xff, 0xfd, 0xff, 0x02, 0xfe, 0xfe, 0xfe,
            0x00, 0x00, 0x00, 0x00, 0x00, 0x00, 0x00, 0x00, 0xff, 0x7f, 0xff, 0xac, 0x00, 0x00,
            0x00, 0x0e, 0x00, 0x01, 0x01, 0x00, 0x00, 0x00, 0x16, 0x00, 0x00, 0x03, 0xff, 0xfd,
            0xff, 0x02, 0xfe, 0xfe, 0xfe, 0x00, 0x00, 0x00, 0x00, 0x00, 0x00, 0x00, 0x00, 0xff,
            0x7f, 0xff, 0xac, 0x00, 0x00, 0x00, 0x0f, 0x00, 0x01, 0x01, 0x00, 0x00, 0x00, 0x16,
            0x00, 0x00, 0x03, 0xff, 0xfd, 0xff, 0x02, 0xfe, 0xfe, 0xfe, 0x00, 0x00, 0x00, 0x00,
            0x00, 0x00, 0x00, 0x00, 0xff, 0x7f, 0xff, 0xac, 0x00, 0x00, 0x00, 0x10, 0x00, 0x01,
            0x01, 0x00, 0x00, 0x00, 0x16, 0x00, 0x00, 0x03, 0xff, 0xfd, 0xff, 0x02, 0xfe, 0xfe,
            0xfe, 0x00, 0x00, 0x00, 0x00, 0x00, 0x00, 0x00, 0x00, 0xff, 0x7f, 0xff, 0xac, 0x00,
            0x00, 0x00, 0x11, 0x00, 0x01, 0x01, 0x00, 0x00, 0x00, 0x16, 0x00, 0x00, 0x03, 0xff,
            0xfd, 0xff, 0x02, 0xfe, 0xfe, 0xfe, 0x00, 0x00, 0x00, 0x00, 0x00, 0x00, 0x00, 0x00,
            0xff, 0x7f, 0xff, 0xac, 0x00, 0x00, 0x00, 0x12, 0x00, 0x01, 0x01, 0x00, 0x00, 0x00,
            0x16, 0x00, 0x00, 0x03, 0xff, 0xfd, 0xff, 0x02, 0xfe, 0xfe, 0xfe, 0x00, 0x00, 0x00,
            0x00, 0x00, 0x00, 0x00, 0x00, 0xff, 0x7f, 0xff, 0xac, 0x00, 0x00, 0x00, 0x13, 0x00,
            0x01, 0x01, 0x00, 0x00, 0x00, 0x16, 0x00, 0x00, 0x03, 0xff, 0xfd, 0xff, 0x02, 0xfe,
            0xfe, 0xfe, 0x00, 0x00, 0x00, 0x00, 0x00, 0x00, 0x00, 0x00, 0xff, 0x7f, 0xff, 0xac,
            0x00, 0x00, 0x00, 0x14, 0x00, 0x01, 0x01, 0x00, 0x00, 0x00, 0x16, 0x00, 0x00, 0x03,
            0xff, 0xfd, 0xff, 0x02, 0xfe, 0xfe, 0xfe, 0x00, 0x00, 0x00, 0x00, 0x00, 0x00, 0x00,
            0x00, 0xff, 0x7f, 0xff, 0xac, 0x00, 0x00, 0x00, 0x15, 0x00, 0x01, 0x01, 0x00, 0x00,
            0x00, 0x16, 0x00, 0x00, 0x03, 0xff, 0xfd, 0xff, 0x02, 0xfe, 0xfe, 0xfe, 0x00, 0x00,
            0x00, 0x00, 0x00, 0x00, 0x00, 0x00, 0xff, 0x7f, 0xff, 0xac, 0x00, 0x00, 0x00, 0x16,
            0x00, 0x01, 0x01, 0x00, 0x00, 0x00, 0x16, 0x00, 0x00, 0x03, 0xff, 0xfd, 0xff, 0x02,
            0xfe, 0xfe, 0xfe, 0x00, 0x00, 0x00, 0x00, 0x00, 0x00, 0x00, 0x00, 0xff, 0x7f, 0xff,
            0xac, 0x00, 0x00, 0x00, 0x17, 0x00, 0x01, 0x01, 0x00, 0x00, 0x00, 0x16, 0x00, 0x00,
            0x03, 0xff, 0xfd, 0xff, 0x02, 0xfe, 0xfe, 0xfe, 0x00, 0x00, 0x00, 0x00, 0x00, 0x00,
            0x00, 0x00, 0xff, 0x7f, 0xff, 0xac, 0x00, 0x00, 0x00, 0x18, 0x00, 0x01, 0x01, 0x00,
            0x00, 0x00, 0x16, 0x00, 0x00, 0x03, 0xff, 0xfd, 0xff, 0x02, 0xfe, 0xfe, 0xfe, 0x00,
            0x00, 0x00, 0x00, 0x00, 0x00, 0x00, 0x00, 0xff, 0x7f, 0xff, 0xac, 0x00, 0x00, 0x00,
            0xff, 0x3e, 0xe0, 0x00, 0x00, 0x0d, 0xff, 0xbf, 0x0c, 0x0d, 0x0e, 0x0f, 0x10, 0x11,
            0x12, 0x13, 0x14, 0x15, 0x16, 0x17, 0x18, 0x01, 0x00, 0x00, 0x00, 0x09, 0x20, 0x00,
            0x00, 0x00, 0x52, 0x00, 0x50, 0x00, 0x00,
        ],
    },
    EncodedCase {
        name: "count-14-unused-bit-7-comment-pair",
        data: &[
            0x00, 0x00, 0x00, 0x01, 0x30, 0x01, 0x01, 0x00, 0x00, 0x00, 0x13, 0x00, 0x00, 0x00,
            0x09, 0x00, 0x00, 0x00, 0x07, 0x00, 0x00, 0x00, 0x00, 0x00, 0x00, 0x00, 0x00, 0x63,
            0x00, 0x00, 0x00, 0x00, 0x00, 0x0a, 0x00, 0x01, 0x01, 0x00, 0x00, 0x00, 0x1e, 0x00,
            0x01, 0x00, 0x00, 0x00, 0x01, 0x00, 0x00, 0x00, 0x01, 0xe7, 0xdb, 0xf0, 0x00, 0x95,
            0x00, 0x4a, 0x80, 0x4c, 0x80, 0xc3, 0x80, 0x00, 0x00, 0x1c, 0x00, 0x93, 0x00, 0x00,
            0x40, 0x00, 0x00, 0x00, 0x0b, 0x07, 0x23, 0x0a, 0x01, 0x00, 0x00, 0x00, 0x2d, 0x00,
            0x00, 0x00, 0x09, 0x00, 0x00, 0x00, 0x07, 0x00, 0x00, 0x00, 0x00, 0x00, 0x00, 0x00,
            0x00, 0x04, 0x00, 0x11, 0x00, 0x00, 0x00, 0x00, 0x00, 0x01, 0x01, 0x00, 0x00, 0x00,
            0x00, 0x00, 0x00, 0x00, 0x00, 0x00, 0x00, 0x00, 0x00, 0x00, 0x00, 0x00, 0x00, 0x00,
            0x00, 0x04, 0x00, 0x00, 0x00, 0x0c, 0x00, 0x01, 0x01, 0x00, 0x00, 0x00, 0x16, 0x00,
            0x00, 0x03, 0xff, 0xfd, 0xff, 0x02, 0xfe, 0xfe, 0xfe, 0x00, 0x00, 0x00, 0x00, 0x00,
            0x00, 0x00, 0x00, 0xff, 0x7f, 0xff, 0xac, 0x00, 0x00, 0x00, 0x0d, 0x00, 0x01, 0x01,
            0x00, 0x00, 0x00, 0x16, 0x00, 0x00, 0x03, 0xff, 0xfd, 0xff, 0x02, 0xfe, 0xfe, 0xfe,
            0x00, 0x00, 0x00, 0x00, 0x00, 0x00, 0x00, 0x00, 0xff, 0x7f, 0xff, 0xac, 0x00, 0x00,
            0x00, 0x0e, 0x00, 0x01, 0x01, 0x00, 0x00, 0x00, 0x16, 0x00, 0x00, 0x03, 0xff, 0xfd,
            0xff, 0x02, 0xfe, 0xfe, 0xfe, 0x00, 0x00, 0x00, 0x00, 0x00, 0x00, 0x00, 0x00, 0xff,
            0x7f, 0xff, 0xac, 0x00, 0x00, 0x00, 0x0f, 0x00, 0x01, 0x01, 0x00, 0x00, 0x00, 0x16,
            0x00, 0x00, 0x03, 0xff, 0xfd, 0xff, 0x02, 0xfe, 0xfe, 0xfe, 0x00, 0x00, 0x00, 0x00,
            0x00, 0x00, 0x00, 0x00, 0xff, 0x7f, 0xff, 0xac, 0x00, 0x00, 0x00, 0x10, 0x00, 0x01,
            0x01, 0x00, 0x00, 0x00, 0x16, 0x00, 0x00, 0x03, 0xff, 0xfd, 0xff, 0x02, 0xfe, 0xfe,
            0xfe, 0x00, 0x00, 0x00, 0x00, 0x00, 0x00, 0x00, 0x00, 0xff, 0x7f, 0xff, 0xac, 0x00,
            0x00, 0x00, 0x11, 0x00, 0x01, 0x01, 0x00, 0x00, 0x00, 0x16, 0x00, 0x00, 0x03, 0xff,
            0xfd, 0xff, 0x02, 0xfe, 0xfe, 0xfe, 0x00, 0x00, 0x00, 0x00, 0x00, 0x00, 0x00, 0x00,
            0xff, 0x7f, 0xff, 0xac, 0x00, 0x00, 0x00, 0x12, 0x00, 0x01, 0x01, 0x00, 0x00, 0x00,
            0x16, 0x00, 0x00, 0x03, 0xff, 0xfd, 0xff, 0x02, 0xfe, 0xfe, 0xfe, 0x00, 0x00, 0x00,
            0x00, 0x00, 0x00, 0x00, 0x00, 0xff, 0x7f, 0xff, 0xac, 0x00, 0x00, 0x00, 0x13, 0x00,
            0x01, 0x01, 0x00, 0x00, 0x00, 0x16, 0x00, 0x00, 0x03, 0xff, 0xfd, 0xff, 0x02, 0xfe,
            0xfe, 0xfe, 0x00, 0x00, 0x00, 0x00, 0x00, 0x00, 0x00, 0x00, 0xff, 0x7f, 0xff, 0xac,
            0x00, 0x00, 0x00, 0x14, 0x00, 0x01, 0x01, 0x00, 0x00, 0x00, 0x16, 0x00, 0x00, 0x03,
            0xff, 0xfd, 0xff, 0x02, 0xfe, 0xfe, 0xfe, 0x00, 0x00, 0x00, 0x00, 0x00, 0x00, 0x00,
            0x00, 0xff, 0x7f, 0xff, 0xac, 0x00, 0x00, 0x00, 0x15, 0x00, 0x01, 0x01, 0x00, 0x00,
            0x00, 0x16, 0x00, 0x00, 0x03, 0xff, 0xfd, 0xff, 0x02, 0xfe, 0xfe, 0xfe, 0x00, 0x00,
            0x00, 0x00, 0x00, 0x00, 0x00, 0x00, 0xff, 0x7f, 0xff, 0xac, 0x00, 0x00, 0x00, 0x16,
            0x00, 0x01, 0x01, 0x00, 0x00, 0x00, 0x16, 0x00, 0x00, 0x03, 0xff, 0xfd, 0xff, 0x02,
            0xfe, 0xfe, 0xfe, 0x00, 0x00, 0x00, 0x00, 0x00, 0x00, 0x00, 0x00, 0xff, 0x7f, 0xff,
            0xac, 0x00, 0x00, 0x00, 0x17, 0x00, 0x01, 0x01, 0x00, 0x00, 0x00, 0x16, 0x00, 0x00,
            0x03, 0xff, 0xfd, 0xff, 0x02, 0xfe, 0xfe, 0xfe, 0x00, 0x00, 0x00, 0x00, 0x00, 0x00,
            0x00, 0x00, 0xff, 0x7f, 0xff, 0xac, 0x00, 0x00, 0x00, 0x18, 0x00, 0x01, 0x01, 0x00,
            0x00, 0x00, 0x16, 0x00, 0x00, 0x03, 0xff, 0xfd, 0xff, 0x02, 0xfe, 0xfe, 0xfe, 0x00,
            0x00, 0x00, 0x00, 0x00, 0x00, 0x00, 0x00, 0xff, 0x7f, 0xff, 0xac, 0x00, 0x00, 0x00,
            0x19, 0x00, 0x01, 0x01, 0x00, 0x00, 0x00, 0x16, 0x00, 0x00, 0x03, 0xff, 0xfd, 0xff,
            0x02, 0xfe, 0xfe, 0xfe, 0x00, 0x00, 0x00, 0x00, 0x00, 0x00, 0x00, 0x00, 0xff, 0x7f,
            0xff, 0xac, 0x00, 0x00, 0x00, 0xff, 0x3e, 0xe0, 0x00, 0x00, 0x0e, 0xff, 0xff, 0x0c,
            0x0d, 0x0e, 0x0f, 0x10, 0x11, 0x12, 0x13, 0x14, 0x15, 0x16, 0x17, 0x18, 0x19, 0x01,
            0x00, 0x00, 0x00, 0x09, 0x20, 0x00, 0x00, 0x00, 0x52, 0x00, 0x50, 0x00, 0x00,
        ],
    },
    EncodedCase {
        name: "count-16-unused-bit-1-comment-pair",
        data: &[
            0x00, 0x00, 0x00, 0x01, 0x30, 0x01, 0x01, 0x00, 0x00, 0x00, 0x13, 0x00, 0x00, 0x00,
            0x09, 0x00, 0x00, 0x00, 0x07, 0x00, 0x00, 0x00, 0x00, 0x00, 0x00, 0x00, 0x00, 0x63,
            0x00, 0x00, 0x00, 0x00, 0x00, 0x0a, 0x00, 0x01, 0x01, 0x00, 0x00, 0x00, 0x1e, 0x00,
            0x01, 0x00, 0x00, 0x00, 0x01, 0x00, 0x00, 0x00, 0x01, 0xe7, 0xdb, 0xf0, 0x00, 0x95,
            0x00, 0x4a, 0x80, 0x4c, 0x80, 0xc3, 0x80, 0x00, 0x00, 0x1c, 0x00, 0x93, 0x00, 0x00,
            0x40, 0x00, 0x00, 0x00, 0x0b, 0x07, 0x23, 0x0a, 0x01, 0x00, 0x00, 0x00, 0x2d, 0x00,
            0x00, 0x00, 0x09, 0x00, 0x00, 0x00, 0x07, 0x00, 0x00, 0x00, 0x00, 0x00, 0x00, 0x00,
            0x00, 0x04, 0x00, 0x11, 0x00, 0x00, 0x00, 0x00, 0x00, 0x01, 0x01, 0x00, 0x00, 0x00,
            0x00, 0x00, 0x00, 0x00, 0x00, 0x00, 0x00, 0x00, 0x00, 0x00, 0x00, 0x00, 0x00, 0x00,
            0x00, 0x04, 0x00, 0x00, 0x00, 0x0c, 0x00, 0x01, 0x01, 0x00, 0x00, 0x00, 0x16, 0x00,
            0x00, 0x03, 0xff, 0xfd, 0xff, 0x02, 0xfe, 0xfe, 0xfe, 0x00, 0x00, 0x00, 0x00, 0x00,
            0x00, 0x00, 0x00, 0xff, 0x7f, 0xff, 0xac, 0x00, 0x00, 0x00, 0x0d, 0x00, 0x01, 0x01,
            0x00, 0x00, 0x00, 0x16, 0x00, 0x00, 0x03, 0xff, 0xfd, 0xff, 0x02, 0xfe, 0xfe, 0xfe,
            0x00, 0x00, 0x00, 0x00, 0x00, 0x00, 0x00, 0x00, 0xff, 0x7f, 0xff, 0xac, 0x00, 0x00,
            0x00, 0x0e, 0x00, 0x01, 0x01, 0x00, 0x00, 0x00, 0x16, 0x00, 0x00, 0x03, 0xff, 0xfd,
            0xff, 0x02, 0xfe, 0xfe, 0xfe, 0x00, 0x00, 0x00, 0x00, 0x00, 0x00, 0x00, 0x00, 0xff,
            0x7f, 0xff, 0xac, 0x00, 0x00, 0x00, 0x0f, 0x00, 0x01, 0x01, 0x00, 0x00, 0x00, 0x16,
            0x00, 0x00, 0x03, 0xff, 0xfd, 0xff, 0x02, 0xfe, 0xfe, 0xfe, 0x00, 0x00, 0x00, 0x00,
            0x00, 0x00, 0x00, 0x00, 0xff, 0x7f, 0xff, 0xac, 0x00, 0x00, 0x00, 0x10, 0x00, 0x01,
            0x01, 0x00, 0x00, 0x00, 0x16, 0x00, 0x00, 0x03, 0xff, 0xfd, 0xff, 0x02, 0xfe, 0xfe,
            0xfe, 0x00, 0x00, 0x00, 0x00, 0x00, 0x00, 0x00, 0x00, 0xff, 0x7f, 0xff, 0xac, 0x00,
            0x00, 0x00, 0x11, 0x00, 0x01, 0x01, 0x00, 0x00, 0x00, 0x16, 0x00, 0x00, 0x03, 0xff,
            0xfd, 0xff, 0x02, 0xfe, 0xfe, 0xfe, 0x00, 0x00, 0x00, 0x00, 0x00, 0x00, 0x00, 0x00,
            0xff, 0x7f, 0xff, 0xac, 0x00, 0x00, 0x00, 0x12, 0x00, 0x01, 0x01, 0x00, 0x00, 0x00,
            0x16, 0x00, 0x00, 0x03, 0xff, 0xfd, 0xff, 0x02, 0xfe, 0xfe, 0xfe, 0x00, 0x00, 0x00,
            0x00, 0x00, 0x00, 0x00, 0x00, 0xff, 0x7f, 0xff, 0xac, 0x00, 0x00, 0x00, 0x13, 0x00,
            0x01, 0x01, 0x00, 0x00, 0x00, 0x16, 0x00, 0x00, 0x03, 0xff, 0xfd, 0xff, 0x02, 0xfe,
            0xfe, 0xfe, 0x00, 0x00, 0x00, 0x00, 0x00, 0x00, 0x00, 0x00, 0xff, 0x7f, 0xff, 0xac,
            0x00, 0x00, 0x00, 0x14, 0x00, 0x01, 0x01, 0x00, 0x00, 0x00, 0x16, 0x00, 0x00, 0x03,
            0xff, 0xfd, 0xff, 0x02, 0xfe, 0xfe, 0xfe, 0x00, 0x00, 0x00, 0x00, 0x00, 0x00, 0x00,
            0x00, 0xff, 0x7f, 0xff, 0xac, 0x00, 0x00, 0x00, 0x15, 0x00, 0x01, 0x01, 0x00, 0x00,
            0x00, 0x16, 0x00, 0x00, 0x03, 0xff, 0xfd, 0xff, 0x02, 0xfe, 0xfe, 0xfe, 0x00, 0x00,
            0x00, 0x00, 0x00, 0x00, 0x00, 0x00, 0xff, 0x7f, 0xff, 0xac, 0x00, 0x00, 0x00, 0x16,
            0x00, 0x01, 0x01, 0x00, 0x00, 0x00, 0x16, 0x00, 0x00, 0x03, 0xff, 0xfd, 0xff, 0x02,
            0xfe, 0xfe, 0xfe, 0x00, 0x00, 0x00, 0x00, 0x00, 0x00, 0x00, 0x00, 0xff, 0x7f, 0xff,
            0xac, 0x00, 0x00, 0x00, 0x17, 0x00, 0x01, 0x01, 0x00, 0x00, 0x00, 0x16, 0x00, 0x00,
            0x03, 0xff, 0xfd, 0xff, 0x02, 0xfe, 0xfe, 0xfe, 0x00, 0x00, 0x00, 0x00, 0x00, 0x00,
            0x00, 0x00, 0xff, 0x7f, 0xff, 0xac, 0x00, 0x00, 0x00, 0x18, 0x00, 0x01, 0x01, 0x00,
            0x00, 0x00, 0x16, 0x00, 0x00, 0x03, 0xff, 0xfd, 0xff, 0x02, 0xfe, 0xfe, 0xfe, 0x00,
            0x00, 0x00, 0x00, 0x00, 0x00, 0x00, 0x00, 0xff, 0x7f, 0xff, 0xac, 0x00, 0x00, 0x00,
            0x19, 0x00, 0x01, 0x01, 0x00, 0x00, 0x00, 0x16, 0x00, 0x00, 0x03, 0xff, 0xfd, 0xff,
            0x02, 0xfe, 0xfe, 0xfe, 0x00, 0x00, 0x00, 0x00, 0x00, 0x00, 0x00, 0x00, 0xff, 0x7f,
            0xff, 0xac, 0x00, 0x00, 0x00, 0x1a, 0x00, 0x01, 0x01, 0x00, 0x00, 0x00, 0x16, 0x00,
            0x00, 0x03, 0xff, 0xfd, 0xff, 0x02, 0xfe, 0xfe, 0xfe, 0x00, 0x00, 0x00, 0x00, 0x00,
            0x00, 0x00, 0x00, 0xff, 0x7f, 0xff, 0xac, 0x00, 0x00, 0x00, 0x1b, 0x00, 0x01, 0x01,
            0x00, 0x00, 0x00, 0x16, 0x00, 0x00, 0x03, 0xff, 0xfd, 0xff, 0x02, 0xfe, 0xfe, 0xfe,
            0x00, 0x00, 0x00, 0x00, 0x00, 0x00, 0x00, 0x00, 0xff, 0x7f, 0xff, 0xac, 0x00, 0x00,
            0x00, 0xff, 0x3e, 0xe0, 0x00, 0x00, 0x10, 0xff, 0xff, 0x03, 0x0c, 0x0d, 0x0e, 0x0f,
            0x10, 0x11, 0x12, 0x13, 0x14, 0x15, 0x16, 0x17, 0x18, 0x19, 0x1a, 0x1b, 0x01, 0x00,
            0x00, 0x00, 0x09, 0x20, 0x00, 0x00, 0x00, 0x52, 0x00, 0x50, 0x00, 0x00,
        ],
    },
    EncodedCase {
        name: "count-16-unused-bit-2-comment-pair",
        data: &[
            0x00, 0x00, 0x00, 0x01, 0x30, 0x01, 0x01, 0x00, 0x00, 0x00, 0x13, 0x00, 0x00, 0x00,
            0x09, 0x00, 0x00, 0x00, 0x07, 0x00, 0x00, 0x00, 0x00, 0x00, 0x00, 0x00, 0x00, 0x63,
            0x00, 0x00, 0x00, 0x00, 0x00, 0x0a, 0x00, 0x01, 0x01, 0x00, 0x00, 0x00, 0x1e, 0x00,
            0x01, 0x00, 0x00, 0x00, 0x01, 0x00, 0x00, 0x00, 0x01, 0xe7, 0xdb, 0xf0, 0x00, 0x95,
            0x00, 0x4a, 0x80, 0x4c, 0x80, 0xc3, 0x80, 0x00, 0x00, 0x1c, 0x00, 0x93, 0x00, 0x00,
            0x40, 0x00, 0x00, 0x00, 0x0b, 0x07, 0x23, 0x0a, 0x01, 0x00, 0x00, 0x00, 0x2d, 0x00,
            0x00, 0x00, 0x09, 0x00, 0x00, 0x00, 0x07, 0x00, 0x00, 0x00, 0x00, 0x00, 0x00, 0x00,
            0x00, 0x04, 0x00, 0x11, 0x00, 0x00, 0x00, 0x00, 0x00, 0x01, 0x01, 0x00, 0x00, 0x00,
            0x00, 0x00, 0x00, 0x00, 0x00, 0x00, 0x00, 0x00, 0x00, 0x00, 0x00, 0x00, 0x00, 0x00,
            0x00, 0x04, 0x00, 0x00, 0x00, 0x0c, 0x00, 0x01, 0x01, 0x00, 0x00, 0x00, 0x16, 0x00,
            0x00, 0x03, 0xff, 0xfd, 0xff, 0x02, 0xfe, 0xfe, 0xfe, 0x00, 0x00, 0x00, 0x00, 0x00,
            0x00, 0x00, 0x00, 0xff, 0x7f, 0xff, 0xac, 0x00, 0x00, 0x00, 0x0d, 0x00, 0x01, 0x01,
            0x00, 0x00, 0x00, 0x16, 0x00, 0x00, 0x03, 0xff, 0xfd, 0xff, 0x02, 0xfe, 0xfe, 0xfe,
            0x00, 0x00, 0x00, 0x00, 0x00, 0x00, 0x00, 0x00, 0xff, 0x7f, 0xff, 0xac, 0x00, 0x00,
            0x00, 0x0e, 0x00, 0x01, 0x01, 0x00, 0x00, 0x00, 0x16, 0x00, 0x00, 0x03, 0xff, 0xfd,
            0xff, 0x02, 0xfe, 0xfe, 0xfe, 0x00, 0x00, 0x00, 0x00, 0x00, 0x00, 0x00, 0x00, 0xff,
            0x7f, 0xff, 0xac, 0x00, 0x00, 0x00, 0x0f, 0x00, 0x01, 0x01, 0x00, 0x00, 0x00, 0x16,
            0x00, 0x00, 0x03, 0xff, 0xfd, 0xff, 0x02, 0xfe, 0xfe, 0xfe, 0x00, 0x00, 0x00, 0x00,
            0x00, 0x00, 0x00, 0x00, 0xff, 0x7f, 0xff, 0xac, 0x00, 0x00, 0x00, 0x10, 0x00, 0x01,
            0x01, 0x00, 0x00, 0x00, 0x16, 0x00, 0x00, 0x03, 0xff, 0xfd, 0xff, 0x02, 0xfe, 0xfe,
            0xfe, 0x00, 0x00, 0x00, 0x00, 0x00, 0x00, 0x00, 0x00, 0xff, 0x7f, 0xff, 0xac, 0x00,
            0x00, 0x00, 0x11, 0x00, 0x01, 0x01, 0x00, 0x00, 0x00, 0x16, 0x00, 0x00, 0x03, 0xff,
            0xfd, 0xff, 0x02, 0xfe, 0xfe, 0xfe, 0x00, 0x00, 0x00, 0x00, 0x00, 0x00, 0x00, 0x00,
            0xff, 0x7f, 0xff, 0xac, 0x00, 0x00, 0x00, 0x12, 0x00, 0x01, 0x01, 0x00, 0x00, 0x00,
            0x16, 0x00, 0x00, 0x03, 0xff, 0xfd, 0xff, 0x02, 0xfe, 0xfe, 0xfe, 0x00, 0x00, 0x00,
            0x00, 0x00, 0x00, 0x00, 0x00, 0xff, 0x7f, 0xff, 0xac, 0x00, 0x00, 0x00, 0x13, 0x00,
            0x01, 0x01, 0x00, 0x00, 0x00, 0x16, 0x00, 0x00, 0x03, 0xff, 0xfd, 0xff, 0x02, 0xfe,
            0xfe, 0xfe, 0x00, 0x00, 0x00, 0x00, 0x00, 0x00, 0x00, 0x00, 0xff, 0x7f, 0xff, 0xac,
            0x00, 0x00, 0x00, 0x14, 0x00, 0x01, 0x01, 0x00, 0x00, 0x00, 0x16, 0x00, 0x00, 0x03,
            0xff, 0xfd, 0xff, 0x02, 0xfe, 0xfe, 0xfe, 0x00, 0x00, 0x00, 0x00, 0x00, 0x00, 0x00,
            0x00, 0xff, 0x7f, 0xff, 0xac, 0x00, 0x00, 0x00, 0x15, 0x00, 0x01, 0x01, 0x00, 0x00,
            0x00, 0x16, 0x00, 0x00, 0x03, 0xff, 0xfd, 0xff, 0x02, 0xfe, 0xfe, 0xfe, 0x00, 0x00,
            0x00, 0x00, 0x00, 0x00, 0x00, 0x00, 0xff, 0x7f, 0xff, 0xac, 0x00, 0x00, 0x00, 0x16,
            0x00, 0x01, 0x01, 0x00, 0x00, 0x00, 0x16, 0x00, 0x00, 0x03, 0xff, 0xfd, 0xff, 0x02,
            0xfe, 0xfe, 0xfe, 0x00, 0x00, 0x00, 0x00, 0x00, 0x00, 0x00, 0x00, 0xff, 0x7f, 0xff,
            0xac, 0x00, 0x00, 0x00, 0x17, 0x00, 0x01, 0x01, 0x00, 0x00, 0x00, 0x16, 0x00, 0x00,
            0x03, 0xff, 0xfd, 0xff, 0x02, 0xfe, 0xfe, 0xfe, 0x00, 0x00, 0x00, 0x00, 0x00, 0x00,
            0x00, 0x00, 0xff, 0x7f, 0xff, 0xac, 0x00, 0x00, 0x00, 0x18, 0x00, 0x01, 0x01, 0x00,
            0x00, 0x00, 0x16, 0x00, 0x00, 0x03, 0xff, 0xfd, 0xff, 0x02, 0xfe, 0xfe, 0xfe, 0x00,
            0x00, 0x00, 0x00, 0x00, 0x00, 0x00, 0x00, 0xff, 0x7f, 0xff, 0xac, 0x00, 0x00, 0x00,
            0x19, 0x00, 0x01, 0x01, 0x00, 0x00, 0x00, 0x16, 0x00, 0x00, 0x03, 0xff, 0xfd, 0xff,
            0x02, 0xfe, 0xfe, 0xfe, 0x00, 0x00, 0x00, 0x00, 0x00, 0x00, 0x00, 0x00, 0xff, 0x7f,
            0xff, 0xac, 0x00, 0x00, 0x00, 0x1a, 0x00, 0x01, 0x01, 0x00, 0x00, 0x00, 0x16, 0x00,
            0x00, 0x03, 0xff, 0xfd, 0xff, 0x02, 0xfe, 0xfe, 0xfe, 0x00, 0x00, 0x00, 0x00, 0x00,
            0x00, 0x00, 0x00, 0xff, 0x7f, 0xff, 0xac, 0x00, 0x00, 0x00, 0x1b, 0x00, 0x01, 0x01,
            0x00, 0x00, 0x00, 0x16, 0x00, 0x00, 0x03, 0xff, 0xfd, 0xff, 0x02, 0xfe, 0xfe, 0xfe,
            0x00, 0x00, 0x00, 0x00, 0x00, 0x00, 0x00, 0x00, 0xff, 0x7f, 0xff, 0xac, 0x00, 0x00,
            0x00, 0xff, 0x3e, 0xe0, 0x00, 0x00, 0x10, 0xff, 0xff, 0x05, 0x0c, 0x0d, 0x0e, 0x0f,
            0x10, 0x11, 0x12, 0x13, 0x14, 0x15, 0x16, 0x17, 0x18, 0x19, 0x1a, 0x1b, 0x01, 0x00,
            0x00, 0x00, 0x09, 0x20, 0x00, 0x00, 0x00, 0x52, 0x00, 0x50, 0x00, 0x00,
        ],
    },
    EncodedCase {
        name: "count-16-unused-bit-3-comment-pair",
        data: &[
            0x00, 0x00, 0x00, 0x01, 0x30, 0x01, 0x01, 0x00, 0x00, 0x00, 0x13, 0x00, 0x00, 0x00,
            0x09, 0x00, 0x00, 0x00, 0x07, 0x00, 0x00, 0x00, 0x00, 0x00, 0x00, 0x00, 0x00, 0x63,
            0x00, 0x00, 0x00, 0x00, 0x00, 0x0a, 0x00, 0x01, 0x01, 0x00, 0x00, 0x00, 0x1e, 0x00,
            0x01, 0x00, 0x00, 0x00, 0x01, 0x00, 0x00, 0x00, 0x01, 0xe7, 0xdb, 0xf0, 0x00, 0x95,
            0x00, 0x4a, 0x80, 0x4c, 0x80, 0xc3, 0x80, 0x00, 0x00, 0x1c, 0x00, 0x93, 0x00, 0x00,
            0x40, 0x00, 0x00, 0x00, 0x0b, 0x07, 0x23, 0x0a, 0x01, 0x00, 0x00, 0x00, 0x2d, 0x00,
            0x00, 0x00, 0x09, 0x00, 0x00, 0x00, 0x07, 0x00, 0x00, 0x00, 0x00, 0x00, 0x00, 0x00,
            0x00, 0x04, 0x00, 0x11, 0x00, 0x00, 0x00, 0x00, 0x00, 0x01, 0x01, 0x00, 0x00, 0x00,
            0x00, 0x00, 0x00, 0x00, 0x00, 0x00, 0x00, 0x00, 0x00, 0x00, 0x00, 0x00, 0x00, 0x00,
            0x00, 0x04, 0x00, 0x00, 0x00, 0x0c, 0x00, 0x01, 0x01, 0x00, 0x00, 0x00, 0x16, 0x00,
            0x00, 0x03, 0xff, 0xfd, 0xff, 0x02, 0xfe, 0xfe, 0xfe, 0x00, 0x00, 0x00, 0x00, 0x00,
            0x00, 0x00, 0x00, 0xff, 0x7f, 0xff, 0xac, 0x00, 0x00, 0x00, 0x0d, 0x00, 0x01, 0x01,
            0x00, 0x00, 0x00, 0x16, 0x00, 0x00, 0x03, 0xff, 0xfd, 0xff, 0x02, 0xfe, 0xfe, 0xfe,
            0x00, 0x00, 0x00, 0x00, 0x00, 0x00, 0x00, 0x00, 0xff, 0x7f, 0xff, 0xac, 0x00, 0x00,
            0x00, 0x0e, 0x00, 0x01, 0x01, 0x00, 0x00, 0x00, 0x16, 0x00, 0x00, 0x03, 0xff, 0xfd,
            0xff, 0x02, 0xfe, 0xfe, 0xfe, 0x00, 0x00, 0x00, 0x00, 0x00, 0x00, 0x00, 0x00, 0xff,
            0x7f, 0xff, 0xac, 0x00, 0x00, 0x00, 0x0f, 0x00, 0x01, 0x01, 0x00, 0x00, 0x00, 0x16,
            0x00, 0x00, 0x03, 0xff, 0xfd, 0xff, 0x02, 0xfe, 0xfe, 0xfe, 0x00, 0x00, 0x00, 0x00,
            0x00, 0x00, 0x00, 0x00, 0xff, 0x7f, 0xff, 0xac, 0x00, 0x00, 0x00, 0x10, 0x00, 0x01,
            0x01, 0x00, 0x00, 0x00, 0x16, 0x00, 0x00, 0x03, 0xff, 0xfd, 0xff, 0x02, 0xfe, 0xfe,
            0xfe, 0x00, 0x00, 0x00, 0x00, 0x00, 0x00, 0x00, 0x00, 0xff, 0x7f, 0xff, 0xac, 0x00,
            0x00, 0x00, 0x11, 0x00, 0x01, 0x01, 0x00, 0x00, 0x00, 0x16, 0x00, 0x00, 0x03, 0xff,
            0xfd, 0xff, 0x02, 0xfe, 0xfe, 0xfe, 0x00, 0x00, 0x00, 0x00, 0x00, 0x00, 0x00, 0x00,
            0xff, 0x7f, 0xff, 0xac, 0x00, 0x00, 0x00, 0x12, 0x00, 0x01, 0x01, 0x00, 0x00, 0x00,
            0x16, 0x00, 0x00, 0x03, 0xff, 0xfd, 0xff, 0x02, 0xfe, 0xfe, 0xfe, 0x00, 0x00, 0x00,
            0x00, 0x00, 0x00, 0x00, 0x00, 0xff, 0x7f, 0xff, 0xac, 0x00, 0x00, 0x00, 0x13, 0x00,
            0x01, 0x01, 0x00, 0x00, 0x00, 0x16, 0x00, 0x00, 0x03, 0xff, 0xfd, 0xff, 0x02, 0xfe,
            0xfe, 0xfe, 0x00, 0x00, 0x00, 0x00, 0x00, 0x00, 0x00, 0x00, 0xff, 0x7f, 0xff, 0xac,
            0x00, 0x00, 0x00, 0x14, 0x00, 0x01, 0x01, 0x00, 0x00, 0x00, 0x16, 0x00, 0x00, 0x03,
            0xff, 0xfd, 0xff, 0x02, 0xfe, 0xfe, 0xfe, 0x00, 0x00, 0x00, 0x00, 0x00, 0x00, 0x00,
            0x00, 0xff, 0x7f, 0xff, 0xac, 0x00, 0x00, 0x00, 0x15, 0x00, 0x01, 0x01, 0x00, 0x00,
            0x00, 0x16, 0x00, 0x00, 0x03, 0xff, 0xfd, 0xff, 0x02, 0xfe, 0xfe, 0xfe, 0x00, 0x00,
            0x00, 0x00, 0x00, 0x00, 0x00, 0x00, 0xff, 0x7f, 0xff, 0xac, 0x00, 0x00, 0x00, 0x16,
            0x00, 0x01, 0x01, 0x00, 0x00, 0x00, 0x16, 0x00, 0x00, 0x03, 0xff, 0xfd, 0xff, 0x02,
            0xfe, 0xfe, 0xfe, 0x00, 0x00, 0x00, 0x00, 0x00, 0x00, 0x00, 0x00, 0xff, 0x7f, 0xff,
            0xac, 0x00, 0x00, 0x00, 0x17, 0x00, 0x01, 0x01, 0x00, 0x00, 0x00, 0x16, 0x00, 0x00,
            0x03, 0xff, 0xfd, 0xff, 0x02, 0xfe, 0xfe, 0xfe, 0x00, 0x00, 0x00, 0x00, 0x00, 0x00,
            0x00, 0x00, 0xff, 0x7f, 0xff, 0xac, 0x00, 0x00, 0x00, 0x18, 0x00, 0x01, 0x01, 0x00,
            0x00, 0x00, 0x16, 0x00, 0x00, 0x03, 0xff, 0xfd, 0xff, 0x02, 0xfe, 0xfe, 0xfe, 0x00,
            0x00, 0x00, 0x00, 0x00, 0x00, 0x00, 0x00, 0xff, 0x7f, 0xff, 0xac, 0x00, 0x00, 0x00,
            0x19, 0x00, 0x01, 0x01, 0x00, 0x00, 0x00, 0x16, 0x00, 0x00, 0x03, 0xff, 0xfd, 0xff,
            0x02, 0xfe, 0xfe, 0xfe, 0x00, 0x00, 0x00, 0x00, 0x00, 0x00, 0x00, 0x00, 0xff, 0x7f,
            0xff, 0xac, 0x00, 0x00, 0x00, 0x1a, 0x00, 0x01, 0x01, 0x00, 0x00, 0x00, 0x16, 0x00,
            0x00, 0x03, 0xff, 0xfd, 0xff, 0x02, 0xfe, 0xfe, 0xfe, 0x00, 0x00, 0x00, 0x00, 0x00,
            0x00, 0x00, 0x00, 0xff, 0x7f, 0xff, 0xac, 0x00, 0x00, 0x00, 0x1b, 0x00, 0x01, 0x01,
            0x00, 0x00, 0x00, 0x16, 0x00, 0x00, 0x03, 0xff, 0xfd, 0xff, 0x02, 0xfe, 0xfe, 0xfe,
            0x00, 0x00, 0x00, 0x00, 0x00, 0x00, 0x00, 0x00, 0xff, 0x7f, 0xff, 0xac, 0x00, 0x00,
            0x00, 0xff, 0x3e, 0xe0, 0x00, 0x00, 0x10, 0xff, 0xff, 0x09, 0x0c, 0x0d, 0x0e, 0x0f,
            0x10, 0x11, 0x12, 0x13, 0x14, 0x15, 0x16, 0x17, 0x18, 0x19, 0x1a, 0x1b, 0x01, 0x00,
            0x00, 0x00, 0x09, 0x20, 0x00, 0x00, 0x00, 0x52, 0x00, 0x50, 0x00, 0x00,
        ],
    },
    EncodedCase {
        name: "count-16-unused-bit-4-comment-pair",
        data: &[
            0x00, 0x00, 0x00, 0x01, 0x30, 0x01, 0x01, 0x00, 0x00, 0x00, 0x13, 0x00, 0x00, 0x00,
            0x09, 0x00, 0x00, 0x00, 0x07, 0x00, 0x00, 0x00, 0x00, 0x00, 0x00, 0x00, 0x00, 0x63,
            0x00, 0x00, 0x00, 0x00, 0x00, 0x0a, 0x00, 0x01, 0x01, 0x00, 0x00, 0x00, 0x1e, 0x00,
            0x01, 0x00, 0x00, 0x00, 0x01, 0x00, 0x00, 0x00, 0x01, 0xe7, 0xdb, 0xf0, 0x00, 0x95,
            0x00, 0x4a, 0x80, 0x4c, 0x80, 0xc3, 0x80, 0x00, 0x00, 0x1c, 0x00, 0x93, 0x00, 0x00,
            0x40, 0x00, 0x00, 0x00, 0x0b, 0x07, 0x23, 0x0a, 0x01, 0x00, 0x00, 0x00, 0x2d, 0x00,
            0x00, 0x00, 0x09, 0x00, 0x00, 0x00, 0x07, 0x00, 0x00, 0x00, 0x00, 0x00, 0x00, 0x00,
            0x00, 0x04, 0x00, 0x11, 0x00, 0x00, 0x00, 0x00, 0x00, 0x01, 0x01, 0x00, 0x00, 0x00,
            0x00, 0x00, 0x00, 0x00, 0x00, 0x00, 0x00, 0x00, 0x00, 0x00, 0x00, 0x00, 0x00, 0x00,
            0x00, 0x04, 0x00, 0x00, 0x00, 0x0c, 0x00, 0x01, 0x01, 0x00, 0x00, 0x00, 0x16, 0x00,
            0x00, 0x03, 0xff, 0xfd, 0xff, 0x02, 0xfe, 0xfe, 0xfe, 0x00, 0x00, 0x00, 0x00, 0x00,
            0x00, 0x00, 0x00, 0xff, 0x7f, 0xff, 0xac, 0x00, 0x00, 0x00, 0x0d, 0x00, 0x01, 0x01,
            0x00, 0x00, 0x00, 0x16, 0x00, 0x00, 0x03, 0xff, 0xfd, 0xff, 0x02, 0xfe, 0xfe, 0xfe,
            0x00, 0x00, 0x00, 0x00, 0x00, 0x00, 0x00, 0x00, 0xff, 0x7f, 0xff, 0xac, 0x00, 0x00,
            0x00, 0x0e, 0x00, 0x01, 0x01, 0x00, 0x00, 0x00, 0x16, 0x00, 0x00, 0x03, 0xff, 0xfd,
            0xff, 0x02, 0xfe, 0xfe, 0xfe, 0x00, 0x00, 0x00, 0x00, 0x00, 0x00, 0x00, 0x00, 0xff,
            0x7f, 0xff, 0xac, 0x00, 0x00, 0x00, 0x0f, 0x00, 0x01, 0x01, 0x00, 0x00, 0x00, 0x16,
            0x00, 0x00, 0x03, 0xff, 0xfd, 0xff, 0x02, 0xfe, 0xfe, 0xfe, 0x00, 0x00, 0x00, 0x00,
            0x00, 0x00, 0x00, 0x00, 0xff, 0x7f, 0xff, 0xac, 0x00, 0x00, 0x00, 0x10, 0x00, 0x01,
            0x01, 0x00, 0x00, 0x00, 0x16, 0x00, 0x00, 0x03, 0xff, 0xfd, 0xff, 0x02, 0xfe, 0xfe,
            0xfe, 0x00, 0x00, 0x00, 0x00, 0x00, 0x00, 0x00, 0x00, 0xff, 0x7f, 0xff, 0xac, 0x00,
            0x00, 0x00, 0x11, 0x00, 0x01, 0x01, 0x00, 0x00, 0x00, 0x16, 0x00, 0x00, 0x03, 0xff,
            0xfd, 0xff, 0x02, 0xfe, 0xfe, 0xfe, 0x00, 0x00, 0x00, 0x00, 0x00, 0x00, 0x00, 0x00,
            0xff, 0x7f, 0xff, 0xac, 0x00, 0x00, 0x00, 0x12, 0x00, 0x01, 0x01, 0x00, 0x00, 0x00,
            0x16, 0x00, 0x00, 0x03, 0xff, 0xfd, 0xff, 0x02, 0xfe, 0xfe, 0xfe, 0x00, 0x00, 0x00,
            0x00, 0x00, 0x00, 0x00, 0x00, 0xff, 0x7f, 0xff, 0xac, 0x00, 0x00, 0x00, 0x13, 0x00,
            0x01, 0x01, 0x00, 0x00, 0x00, 0x16, 0x00, 0x00, 0x03, 0xff, 0xfd, 0xff, 0x02, 0xfe,
            0xfe, 0xfe, 0x00, 0x00, 0x00, 0x00, 0x00, 0x00, 0x00, 0x00, 0xff, 0x7f, 0xff, 0xac,
            0x00, 0x00, 0x00, 0x14, 0x00, 0x01, 0x01, 0x00, 0x00, 0x00, 0x16, 0x00, 0x00, 0x03,
            0xff, 0xfd, 0xff, 0x02, 0xfe, 0xfe, 0xfe, 0x00, 0x00, 0x00, 0x00, 0x00, 0x00, 0x00,
            0x00, 0xff, 0x7f, 0xff, 0xac, 0x00, 0x00, 0x00, 0x15, 0x00, 0x01, 0x01, 0x00, 0x00,
            0x00, 0x16, 0x00, 0x00, 0x03, 0xff, 0xfd, 0xff, 0x02, 0xfe, 0xfe, 0xfe, 0x00, 0x00,
            0x00, 0x00, 0x00, 0x00, 0x00, 0x00, 0xff, 0x7f, 0xff, 0xac, 0x00, 0x00, 0x00, 0x16,
            0x00, 0x01, 0x01, 0x00, 0x00, 0x00, 0x16, 0x00, 0x00, 0x03, 0xff, 0xfd, 0xff, 0x02,
            0xfe, 0xfe, 0xfe, 0x00, 0x00, 0x00, 0x00, 0x00, 0x00, 0x00, 0x00, 0xff, 0x7f, 0xff,
            0xac, 0x00, 0x00, 0x00, 0x17, 0x00, 0x01, 0x01, 0x00, 0x00, 0x00, 0x16, 0x00, 0x00,
            0x03, 0xff, 0xfd, 0xff, 0x02, 0xfe, 0xfe, 0xfe, 0x00, 0x00, 0x00, 0x00, 0x00, 0x00,
            0x00, 0x00, 0xff, 0x7f, 0xff, 0xac, 0x00, 0x00, 0x00, 0x18, 0x00, 0x01, 0x01, 0x00,
            0x00, 0x00, 0x16, 0x00, 0x00, 0x03, 0xff, 0xfd, 0xff, 0x02, 0xfe, 0xfe, 0xfe, 0x00,
            0x00, 0x00, 0x00, 0x00, 0x00, 0x00, 0x00, 0xff, 0x7f, 0xff, 0xac, 0x00, 0x00, 0x00,
            0x19, 0x00, 0x01, 0x01, 0x00, 0x00, 0x00, 0x16, 0x00, 0x00, 0x03, 0xff, 0xfd, 0xff,
            0x02, 0xfe, 0xfe, 0xfe, 0x00, 0x00, 0x00, 0x00, 0x00, 0x00, 0x00, 0x00, 0xff, 0x7f,
            0xff, 0xac, 0x00, 0x00, 0x00, 0x1a, 0x00, 0x01, 0x01, 0x00, 0x00, 0x00, 0x16, 0x00,
            0x00, 0x03, 0xff, 0xfd, 0xff, 0x02, 0xfe, 0xfe, 0xfe, 0x00, 0x00, 0x00, 0x00, 0x00,
            0x00, 0x00, 0x00, 0xff, 0x7f, 0xff, 0xac, 0x00, 0x00, 0x00, 0x1b, 0x00, 0x01, 0x01,
            0x00, 0x00, 0x00, 0x16, 0x00, 0x00, 0x03, 0xff, 0xfd, 0xff, 0x02, 0xfe, 0xfe, 0xfe,
            0x00, 0x00, 0x00, 0x00, 0x00, 0x00, 0x00, 0x00, 0xff, 0x7f, 0xff, 0xac, 0x00, 0x00,
            0x00, 0xff, 0x3e, 0xe0, 0x00, 0x00, 0x10, 0xff, 0xff, 0x11, 0x0c, 0x0d, 0x0e, 0x0f,
            0x10, 0x11, 0x12, 0x13, 0x14, 0x15, 0x16, 0x17, 0x18, 0x19, 0x1a, 0x1b, 0x01, 0x00,
            0x00, 0x00, 0x09, 0x20, 0x00, 0x00, 0x00, 0x52, 0x00, 0x50, 0x00, 0x00,
        ],
    },
    EncodedCase {
        name: "count-16-unused-bit-5-comment-pair",
        data: &[
            0x00, 0x00, 0x00, 0x01, 0x30, 0x01, 0x01, 0x00, 0x00, 0x00, 0x13, 0x00, 0x00, 0x00,
            0x09, 0x00, 0x00, 0x00, 0x07, 0x00, 0x00, 0x00, 0x00, 0x00, 0x00, 0x00, 0x00, 0x63,
            0x00, 0x00, 0x00, 0x00, 0x00, 0x0a, 0x00, 0x01, 0x01, 0x00, 0x00, 0x00, 0x1e, 0x00,
            0x01, 0x00, 0x00, 0x00, 0x01, 0x00, 0x00, 0x00, 0x01, 0xe7, 0xdb, 0xf0, 0x00, 0x95,
            0x00, 0x4a, 0x80, 0x4c, 0x80, 0xc3, 0x80, 0x00, 0x00, 0x1c, 0x00, 0x93, 0x00, 0x00,
            0x40, 0x00, 0x00, 0x00, 0x0b, 0x07, 0x23, 0x0a, 0x01, 0x00, 0x00, 0x00, 0x2d, 0x00,
            0x00, 0x00, 0x09, 0x00, 0x00, 0x00, 0x07, 0x00, 0x00, 0x00, 0x00, 0x00, 0x00, 0x00,
            0x00, 0x04, 0x00, 0x11, 0x00, 0x00, 0x00, 0x00, 0x00, 0x01, 0x01, 0x00, 0x00, 0x00,
            0x00, 0x00, 0x00, 0x00, 0x00, 0x00, 0x00, 0x00, 0x00, 0x00, 0x00, 0x00, 0x00, 0x00,
            0x00, 0x04, 0x00, 0x00, 0x00, 0x0c, 0x00, 0x01, 0x01, 0x00, 0x00, 0x00, 0x16, 0x00,
            0x00, 0x03, 0xff, 0xfd, 0xff, 0x02, 0xfe, 0xfe, 0xfe, 0x00, 0x00, 0x00, 0x00, 0x00,
            0x00, 0x00, 0x00, 0xff, 0x7f, 0xff, 0xac, 0x00, 0x00, 0x00, 0x0d, 0x00, 0x01, 0x01,
            0x00, 0x00, 0x00, 0x16, 0x00, 0x00, 0x03, 0xff, 0xfd, 0xff, 0x02, 0xfe, 0xfe, 0xfe,
            0x00, 0x00, 0x00, 0x00, 0x00, 0x00, 0x00, 0x00, 0xff, 0x7f, 0xff, 0xac, 0x00, 0x00,
            0x00, 0x0e, 0x00, 0x01, 0x01, 0x00, 0x00, 0x00, 0x16, 0x00, 0x00, 0x03, 0xff, 0xfd,
            0xff, 0x02, 0xfe, 0xfe, 0xfe, 0x00, 0x00, 0x00, 0x00, 0x00, 0x00, 0x00, 0x00, 0xff,
            0x7f, 0xff, 0xac, 0x00, 0x00, 0x00, 0x0f, 0x00, 0x01, 0x01, 0x00, 0x00, 0x00, 0x16,
            0x00, 0x00, 0x03, 0xff, 0xfd, 0xff, 0x02, 0xfe, 0xfe, 0xfe, 0x00, 0x00, 0x00, 0x00,
            0x00, 0x00, 0x00, 0x00, 0xff, 0x7f, 0xff, 0xac, 0x00, 0x00, 0x00, 0x10, 0x00, 0x01,
            0x01, 0x00, 0x00, 0x00, 0x16, 0x00, 0x00, 0x03, 0xff, 0xfd, 0xff, 0x02, 0xfe, 0xfe,
            0xfe, 0x00, 0x00, 0x00, 0x00, 0x00, 0x00, 0x00, 0x00, 0xff, 0x7f, 0xff, 0xac, 0x00,
            0x00, 0x00, 0x11, 0x00, 0x01, 0x01, 0x00, 0x00, 0x00, 0x16, 0x00, 0x00, 0x03, 0xff,
            0xfd, 0xff, 0x02, 0xfe, 0xfe, 0xfe, 0x00, 0x00, 0x00, 0x00, 0x00, 0x00, 0x00, 0x00,
            0xff, 0x7f, 0xff, 0xac, 0x00, 0x00, 0x00, 0x12, 0x00, 0x01, 0x01, 0x00, 0x00, 0x00,
            0x16, 0x00, 0x00, 0x03, 0xff, 0xfd, 0xff, 0x02, 0xfe, 0xfe, 0xfe, 0x00, 0x00, 0x00,
            0x00, 0x00, 0x00, 0x00, 0x00, 0xff, 0x7f, 0xff, 0xac, 0x00, 0x00, 0x00, 0x13, 0x00,
            0x01, 0x01, 0x00, 0x00, 0x00, 0x16, 0x00, 0x00, 0x03, 0xff, 0xfd, 0xff, 0x02, 0xfe,
            0xfe, 0xfe, 0x00, 0x00, 0x00, 0x00, 0x00, 0x00, 0x00, 0x00, 0xff, 0x7f, 0xff, 0xac,
            0x00, 0x00, 0x00, 0x14, 0x00, 0x01, 0x01, 0x00, 0x00, 0x00, 0x16, 0x00, 0x00, 0x03,
            0xff, 0xfd, 0xff, 0x02, 0xfe, 0xfe, 0xfe, 0x00, 0x00, 0x00, 0x00, 0x00, 0x00, 0x00,
            0x00, 0xff, 0x7f, 0xff, 0xac, 0x00, 0x00, 0x00, 0x15, 0x00, 0x01, 0x01, 0x00, 0x00,
            0x00, 0x16, 0x00, 0x00, 0x03, 0xff, 0xfd, 0xff, 0x02, 0xfe, 0xfe, 0xfe, 0x00, 0x00,
            0x00, 0x00, 0x00, 0x00, 0x00, 0x00, 0xff, 0x7f, 0xff, 0xac, 0x00, 0x00, 0x00, 0x16,
            0x00, 0x01, 0x01, 0x00, 0x00, 0x00, 0x16, 0x00, 0x00, 0x03, 0xff, 0xfd, 0xff, 0x02,
            0xfe, 0xfe, 0xfe, 0x00, 0x00, 0x00, 0x00, 0x00, 0x00, 0x00, 0x00, 0xff, 0x7f, 0xff,
            0xac, 0x00, 0x00, 0x00, 0x17, 0x00, 0x01, 0x01, 0x00, 0x00, 0x00, 0x16, 0x00, 0x00,
            0x03, 0xff, 0xfd, 0xff, 0x02, 0xfe, 0xfe, 0xfe, 0x00, 0x00, 0x00, 0x00, 0x00, 0x00,
            0x00, 0x00, 0xff, 0x7f, 0xff, 0xac, 0x00, 0x00, 0x00, 0x18, 0x00, 0x01, 0x01, 0x00,
            0x00, 0x00, 0x16, 0x00, 0x00, 0x03, 0xff, 0xfd, 0xff, 0x02, 0xfe, 0xfe, 0xfe, 0x00,
            0x00, 0x00, 0x00, 0x00, 0x00, 0x00, 0x00, 0xff, 0x7f, 0xff, 0xac, 0x00, 0x00, 0x00,
            0x19, 0x00, 0x01, 0x01, 0x00, 0x00, 0x00, 0x16, 0x00, 0x00, 0x03, 0xff, 0xfd, 0xff,
            0x02, 0xfe, 0xfe, 0xfe, 0x00, 0x00, 0x00, 0x00, 0x00, 0x00, 0x00, 0x00, 0xff, 0x7f,
            0xff, 0xac, 0x00, 0x00, 0x00, 0x1a, 0x00, 0x01, 0x01, 0x00, 0x00, 0x00, 0x16, 0x00,
            0x00, 0x03, 0xff, 0xfd, 0xff, 0x02, 0xfe, 0xfe, 0xfe, 0x00, 0x00, 0x00, 0x00, 0x00,
            0x00, 0x00, 0x00, 0xff, 0x7f, 0xff, 0xac, 0x00, 0x00, 0x00, 0x1b, 0x00, 0x01, 0x01,
            0x00, 0x00, 0x00, 0x16, 0x00, 0x00, 0x03, 0xff, 0xfd, 0xff, 0x02, 0xfe, 0xfe, 0xfe,
            0x00, 0x00, 0x00, 0x00, 0x00, 0x00, 0x00, 0x00, 0xff, 0x7f, 0xff, 0xac, 0x00, 0x00,
            0x00, 0xff, 0x3e, 0xe0, 0x00, 0x00, 0x10, 0xff, 0xff, 0x21, 0x0c, 0x0d, 0x0e, 0x0f,
            0x10, 0x11, 0x12, 0x13, 0x14, 0x15, 0x16, 0x17, 0x18, 0x19, 0x1a, 0x1b, 0x01, 0x00,
            0x00, 0x00, 0x09, 0x20, 0x00, 0x00, 0x00, 0x52, 0x00, 0x50, 0x00, 0x00,
        ],
    },
    EncodedCase {
        name: "count-16-unused-bit-6-comment-pair",
        data: &[
            0x00, 0x00, 0x00, 0x01, 0x30, 0x01, 0x01, 0x00, 0x00, 0x00, 0x13, 0x00, 0x00, 0x00,
            0x09, 0x00, 0x00, 0x00, 0x07, 0x00, 0x00, 0x00, 0x00, 0x00, 0x00, 0x00, 0x00, 0x63,
            0x00, 0x00, 0x00, 0x00, 0x00, 0x0a, 0x00, 0x01, 0x01, 0x00, 0x00, 0x00, 0x1e, 0x00,
            0x01, 0x00, 0x00, 0x00, 0x01, 0x00, 0x00, 0x00, 0x01, 0xe7, 0xdb, 0xf0, 0x00, 0x95,
            0x00, 0x4a, 0x80, 0x4c, 0x80, 0xc3, 0x80, 0x00, 0x00, 0x1c, 0x00, 0x93, 0x00, 0x00,
            0x40, 0x00, 0x00, 0x00, 0x0b, 0x07, 0x23, 0x0a, 0x01, 0x00, 0x00, 0x00, 0x2d, 0x00,
            0x00, 0x00, 0x09, 0x00, 0x00, 0x00, 0x07, 0x00, 0x00, 0x00, 0x00, 0x00, 0x00, 0x00,
            0x00, 0x04, 0x00, 0x11, 0x00, 0x00, 0x00, 0x00, 0x00, 0x01, 0x01, 0x00, 0x00, 0x00,
            0x00, 0x00, 0x00, 0x00, 0x00, 0x00, 0x00, 0x00, 0x00, 0x00, 0x00, 0x00, 0x00, 0x00,
            0x00, 0x04, 0x00, 0x00, 0x00, 0x0c, 0x00, 0x01, 0x01, 0x00, 0x00, 0x00, 0x16, 0x00,
            0x00, 0x03, 0xff, 0xfd, 0xff, 0x02, 0xfe, 0xfe, 0xfe, 0x00, 0x00, 0x00, 0x00, 0x00,
            0x00, 0x00, 0x00, 0xff, 0x7f, 0xff, 0xac, 0x00, 0x00, 0x00, 0x0d, 0x00, 0x01, 0x01,
            0x00, 0x00, 0x00, 0x16, 0x00, 0x00, 0x03, 0xff, 0xfd, 0xff, 0x02, 0xfe, 0xfe, 0xfe,
            0x00, 0x00, 0x00, 0x00, 0x00, 0x00, 0x00, 0x00, 0xff, 0x7f, 0xff, 0xac, 0x00, 0x00,
            0x00, 0x0e, 0x00, 0x01, 0x01, 0x00, 0x00, 0x00, 0x16, 0x00, 0x00, 0x03, 0xff, 0xfd,
            0xff, 0x02, 0xfe, 0xfe, 0xfe, 0x00, 0x00, 0x00, 0x00, 0x00, 0x00, 0x00, 0x00, 0xff,
            0x7f, 0xff, 0xac, 0x00, 0x00, 0x00, 0x0f, 0x00, 0x01, 0x01, 0x00, 0x00, 0x00, 0x16,
            0x00, 0x00, 0x03, 0xff, 0xfd, 0xff, 0x02, 0xfe, 0xfe, 0xfe, 0x00, 0x00, 0x00, 0x00,
            0x00, 0x00, 0x00, 0x00, 0xff, 0x7f, 0xff, 0xac, 0x00, 0x00, 0x00, 0x10, 0x00, 0x01,
            0x01, 0x00, 0x00, 0x00, 0x16, 0x00, 0x00, 0x03, 0xff, 0xfd, 0xff, 0x02, 0xfe, 0xfe,
            0xfe, 0x00, 0x00, 0x00, 0x00, 0x00, 0x00, 0x00, 0x00, 0xff, 0x7f, 0xff, 0xac, 0x00,
            0x00, 0x00, 0x11, 0x00, 0x01, 0x01, 0x00, 0x00, 0x00, 0x16, 0x00, 0x00, 0x03, 0xff,
            0xfd, 0xff, 0x02, 0xfe, 0xfe, 0xfe, 0x00, 0x00, 0x00, 0x00, 0x00, 0x00, 0x00, 0x00,
            0xff, 0x7f, 0xff, 0xac, 0x00, 0x00, 0x00, 0x12, 0x00, 0x01, 0x01, 0x00, 0x00, 0x00,
            0x16, 0x00, 0x00, 0x03, 0xff, 0xfd, 0xff, 0x02, 0xfe, 0xfe, 0xfe, 0x00, 0x00, 0x00,
            0x00, 0x00, 0x00, 0x00, 0x00, 0xff, 0x7f, 0xff, 0xac, 0x00, 0x00, 0x00, 0x13, 0x00,
            0x01, 0x01, 0x00, 0x00, 0x00, 0x16, 0x00, 0x00, 0x03, 0xff, 0xfd, 0xff, 0x02, 0xfe,
            0xfe, 0xfe, 0x00, 0x00, 0x00, 0x00, 0x00, 0x00, 0x00, 0x00, 0xff, 0x7f, 0xff, 0xac,
            0x00, 0x00, 0x00, 0x14, 0x00, 0x01, 0x01, 0x00, 0x00, 0x00, 0x16, 0x00, 0x00, 0x03,
            0xff, 0xfd, 0xff, 0x02, 0xfe, 0xfe, 0xfe, 0x00, 0x00, 0x00, 0x00, 0x00, 0x00, 0x00,
            0x00, 0xff, 0x7f, 0xff, 0xac, 0x00, 0x00, 0x00, 0x15, 0x00, 0x01, 0x01, 0x00, 0x00,
            0x00, 0x16, 0x00, 0x00, 0x03, 0xff, 0xfd, 0xff, 0x02, 0xfe, 0xfe, 0xfe, 0x00, 0x00,
            0x00, 0x00, 0x00, 0x00, 0x00, 0x00, 0xff, 0x7f, 0xff, 0xac, 0x00, 0x00, 0x00, 0x16,
            0x00, 0x01, 0x01, 0x00, 0x00, 0x00, 0x16, 0x00, 0x00, 0x03, 0xff, 0xfd, 0xff, 0x02,
            0xfe, 0xfe, 0xfe, 0x00, 0x00, 0x00, 0x00, 0x00, 0x00, 0x00, 0x00, 0xff, 0x7f, 0xff,
            0xac, 0x00, 0x00, 0x00, 0x17, 0x00, 0x01, 0x01, 0x00, 0x00, 0x00, 0x16, 0x00, 0x00,
            0x03, 0xff, 0xfd, 0xff, 0x02, 0xfe, 0xfe, 0xfe, 0x00, 0x00, 0x00, 0x00, 0x00, 0x00,
            0x00, 0x00, 0xff, 0x7f, 0xff, 0xac, 0x00, 0x00, 0x00, 0x18, 0x00, 0x01, 0x01, 0x00,
            0x00, 0x00, 0x16, 0x00, 0x00, 0x03, 0xff, 0xfd, 0xff, 0x02, 0xfe, 0xfe, 0xfe, 0x00,
            0x00, 0x00, 0x00, 0x00, 0x00, 0x00, 0x00, 0xff, 0x7f, 0xff, 0xac, 0x00, 0x00, 0x00,
            0x19, 0x00, 0x01, 0x01, 0x00, 0x00, 0x00, 0x16, 0x00, 0x00, 0x03, 0xff, 0xfd, 0xff,
            0x02, 0xfe, 0xfe, 0xfe, 0x00, 0x00, 0x00, 0x00, 0x00, 0x00, 0x00, 0x00, 0xff, 0x7f,
            0xff, 0xac, 0x00, 0x00, 0x00, 0x1a, 0x00, 0x01, 0x01, 0x00, 0x00, 0x00, 0x16, 0x00,
            0x00, 0x03, 0xff, 0xfd, 0xff, 0x02, 0xfe, 0xfe, 0xfe, 0x00, 0x00, 0x00, 0x00, 0x00,
            0x00, 0x00, 0x00, 0xff, 0x7f, 0xff, 0xac, 0x00, 0x00, 0x00, 0x1b, 0x00, 0x01, 0x01,
            0x00, 0x00, 0x00, 0x16, 0x00, 0x00, 0x03, 0xff, 0xfd, 0xff, 0x02, 0xfe, 0xfe, 0xfe,
            0x00, 0x00, 0x00, 0x00, 0x00, 0x00, 0x00, 0x00, 0xff, 0x7f, 0xff, 0xac, 0x00, 0x00,
            0x00, 0xff, 0x3e, 0xe0, 0x00, 0x00, 0x10, 0xff, 0xff, 0x41, 0x0c, 0x0d, 0x0e, 0x0f,
            0x10, 0x11, 0x12, 0x13, 0x14, 0x15, 0x16, 0x17, 0x18, 0x19, 0x1a, 0x1b, 0x01, 0x00,
            0x00, 0x00, 0x09, 0x20, 0x00, 0x00, 0x00, 0x52, 0x00, 0x50, 0x00, 0x00,
        ],
    },
    EncodedCase {
        name: "count-16-unused-bit-7-comment-pair",
        data: &[
            0x00, 0x00, 0x00, 0x01, 0x30, 0x01, 0x01, 0x00, 0x00, 0x00, 0x13, 0x00, 0x00, 0x00,
            0x09, 0x00, 0x00, 0x00, 0x07, 0x00, 0x00, 0x00, 0x00, 0x00, 0x00, 0x00, 0x00, 0x63,
            0x00, 0x00, 0x00, 0x00, 0x00, 0x0a, 0x00, 0x01, 0x01, 0x00, 0x00, 0x00, 0x1e, 0x00,
            0x01, 0x00, 0x00, 0x00, 0x01, 0x00, 0x00, 0x00, 0x01, 0xe7, 0xdb, 0xf0, 0x00, 0x95,
            0x00, 0x4a, 0x80, 0x4c, 0x80, 0xc3, 0x80, 0x00, 0x00, 0x1c, 0x00, 0x93, 0x00, 0x00,
            0x40, 0x00, 0x00, 0x00, 0x0b, 0x07, 0x23, 0x0a, 0x01, 0x00, 0x00, 0x00, 0x2d, 0x00,
            0x00, 0x00, 0x09, 0x00, 0x00, 0x00, 0x07, 0x00, 0x00, 0x00, 0x00, 0x00, 0x00, 0x00,
            0x00, 0x04, 0x00, 0x11, 0x00, 0x00, 0x00, 0x00, 0x00, 0x01, 0x01, 0x00, 0x00, 0x00,
            0x00, 0x00, 0x00, 0x00, 0x00, 0x00, 0x00, 0x00, 0x00, 0x00, 0x00, 0x00, 0x00, 0x00,
            0x00, 0x04, 0x00, 0x00, 0x00, 0x0c, 0x00, 0x01, 0x01, 0x00, 0x00, 0x00, 0x16, 0x00,
            0x00, 0x03, 0xff, 0xfd, 0xff, 0x02, 0xfe, 0xfe, 0xfe, 0x00, 0x00, 0x00, 0x00, 0x00,
            0x00, 0x00, 0x00, 0xff, 0x7f, 0xff, 0xac, 0x00, 0x00, 0x00, 0x0d, 0x00, 0x01, 0x01,
            0x00, 0x00, 0x00, 0x16, 0x00, 0x00, 0x03, 0xff, 0xfd, 0xff, 0x02, 0xfe, 0xfe, 0xfe,
            0x00, 0x00, 0x00, 0x00, 0x00, 0x00, 0x00, 0x00, 0xff, 0x7f, 0xff, 0xac, 0x00, 0x00,
            0x00, 0x0e, 0x00, 0x01, 0x01, 0x00, 0x00, 0x00, 0x16, 0x00, 0x00, 0x03, 0xff, 0xfd,
            0xff, 0x02, 0xfe, 0xfe, 0xfe, 0x00, 0x00, 0x00, 0x00, 0x00, 0x00, 0x00, 0x00, 0xff,
            0x7f, 0xff, 0xac, 0x00, 0x00, 0x00, 0x0f, 0x00, 0x01, 0x01, 0x00, 0x00, 0x00, 0x16,
            0x00, 0x00, 0x03, 0xff, 0xfd, 0xff, 0x02, 0xfe, 0xfe, 0xfe, 0x00, 0x00, 0x00, 0x00,
            0x00, 0x00, 0x00, 0x00, 0xff, 0x7f, 0xff, 0xac, 0x00, 0x00, 0x00, 0x10, 0x00, 0x01,
            0x01, 0x00, 0x00, 0x00, 0x16, 0x00, 0x00, 0x03, 0xff, 0xfd, 0xff, 0x02, 0xfe, 0xfe,
            0xfe, 0x00, 0x00, 0x00, 0x00, 0x00, 0x00, 0x00, 0x00, 0xff, 0x7f, 0xff, 0xac, 0x00,
            0x00, 0x00, 0x11, 0x00, 0x01, 0x01, 0x00, 0x00, 0x00, 0x16, 0x00, 0x00, 0x03, 0xff,
            0xfd, 0xff, 0x02, 0xfe, 0xfe, 0xfe, 0x00, 0x00, 0x00, 0x00, 0x00, 0x00, 0x00, 0x00,
            0xff, 0x7f, 0xff, 0xac, 0x00, 0x00, 0x00, 0x12, 0x00, 0x01, 0x01, 0x00, 0x00, 0x00,
            0x16, 0x00, 0x00, 0x03, 0xff, 0xfd, 0xff, 0x02, 0xfe, 0xfe, 0xfe, 0x00, 0x00, 0x00,
            0x00, 0x00, 0x00, 0x00, 0x00, 0xff, 0x7f, 0xff, 0xac, 0x00, 0x00, 0x00, 0x13, 0x00,
            0x01, 0x01, 0x00, 0x00, 0x00, 0x16, 0x00, 0x00, 0x03, 0xff, 0xfd, 0xff, 0x02, 0xfe,
            0xfe, 0xfe, 0x00, 0x00, 0x00, 0x00, 0x00, 0x00, 0x00, 0x00, 0xff, 0x7f, 0xff, 0xac,
            0x00, 0x00, 0x00, 0x14, 0x00, 0x01, 0x01, 0x00, 0x00, 0x00, 0x16, 0x00, 0x00, 0x03,
            0xff, 0xfd, 0xff, 0x02, 0xfe, 0xfe, 0xfe, 0x00, 0x00, 0x00, 0x00, 0x00, 0x00, 0x00,
            0x00, 0xff, 0x7f, 0xff, 0xac, 0x00, 0x00, 0x00, 0x15, 0x00, 0x01, 0x01, 0x00, 0x00,
            0x00, 0x16, 0x00, 0x00, 0x03, 0xff, 0xfd, 0xff, 0x02, 0xfe, 0xfe, 0xfe, 0x00, 0x00,
            0x00, 0x00, 0x00, 0x00, 0x00, 0x00, 0xff, 0x7f, 0xff, 0xac, 0x00, 0x00, 0x00, 0x16,
            0x00, 0x01, 0x01, 0x00, 0x00, 0x00, 0x16, 0x00, 0x00, 0x03, 0xff, 0xfd, 0xff, 0x02,
            0xfe, 0xfe, 0xfe, 0x00, 0x00, 0x00, 0x00, 0x00, 0x00, 0x00, 0x00, 0xff, 0x7f, 0xff,
            0xac, 0x00, 0x00, 0x00, 0x17, 0x00, 0x01, 0x01, 0x00, 0x00, 0x00, 0x16, 0x00, 0x00,
            0x03, 0xff, 0xfd, 0xff, 0x02, 0xfe, 0xfe, 0xfe, 0x00, 0x00, 0x00, 0x00, 0x00, 0x00,
            0x00, 0x00, 0xff, 0x7f, 0xff, 0xac, 0x00, 0x00, 0x00, 0x18, 0x00, 0x01, 0x01, 0x00,
            0x00, 0x00, 0x16, 0x00, 0x00, 0x03, 0xff, 0xfd, 0xff, 0x02, 0xfe, 0xfe, 0xfe, 0x00,
            0x00, 0x00, 0x00, 0x00, 0x00, 0x00, 0x00, 0xff, 0x7f, 0xff, 0xac, 0x00, 0x00, 0x00,
            0x19, 0x00, 0x01, 0x01, 0x00, 0x00, 0x00, 0x16, 0x00, 0x00, 0x03, 0xff, 0xfd, 0xff,
            0x02, 0xfe, 0xfe, 0xfe, 0x00, 0x00, 0x00, 0x00, 0x00, 0x00, 0x00, 0x00, 0xff, 0x7f,
            0xff, 0xac, 0x00, 0x00, 0x00, 0x1a, 0x00, 0x01, 0x01, 0x00, 0x00, 0x00, 0x16, 0x00,
            0x00, 0x03, 0xff, 0xfd, 0xff, 0x02, 0xfe, 0xfe, 0xfe, 0x00, 0x00, 0x00, 0x00, 0x00,
            0x00, 0x00, 0x00, 0xff, 0x7f, 0xff, 0xac, 0x00, 0x00, 0x00, 0x1b, 0x00, 0x01, 0x01,
            0x00, 0x00, 0x00, 0x16, 0x00, 0x00, 0x03, 0xff, 0xfd, 0xff, 0x02, 0xfe, 0xfe, 0xfe,
            0x00, 0x00, 0x00, 0x00, 0x00, 0x00, 0x00, 0x00, 0xff, 0x7f, 0xff, 0xac, 0x00, 0x00,
            0x00, 0xff, 0x3e, 0xe0, 0x00, 0x00, 0x10, 0xff, 0xff, 0x81, 0x0c, 0x0d, 0x0e, 0x0f,
            0x10, 0x11, 0x12, 0x13, 0x14, 0x15, 0x16, 0x17, 0x18, 0x19, 0x1a, 0x1b, 0x01, 0x00,
            0x00, 0x00, 0x09, 0x20, 0x00, 0x00, 0x00, 0x52, 0x00, 0x50, 0x00, 0x00,
        ],
    },
    EncodedCase {
        name: "count-24-unused-bit-1-comment-pair",
        data: &[
            0x00, 0x00, 0x00, 0x01, 0x30, 0x01, 0x01, 0x00, 0x00, 0x00, 0x13, 0x00, 0x00, 0x00,
            0x09, 0x00, 0x00, 0x00, 0x07, 0x00, 0x00, 0x00, 0x00, 0x00, 0x00, 0x00, 0x00, 0x63,
            0x00, 0x00, 0x00, 0x00, 0x00, 0x0a, 0x00, 0x01, 0x01, 0x00, 0x00, 0x00, 0x1e, 0x00,
            0x01, 0x00, 0x00, 0x00, 0x01, 0x00, 0x00, 0x00, 0x01, 0xe7, 0xdb, 0xf0, 0x00, 0x95,
            0x00, 0x4a, 0x80, 0x4c, 0x80, 0xc3, 0x80, 0x00, 0x00, 0x1c, 0x00, 0x93, 0x00, 0x00,
            0x40, 0x00, 0x00, 0x00, 0x0b, 0x07, 0x23, 0x0a, 0x01, 0x00, 0x00, 0x00, 0x2d, 0x00,
            0x00, 0x00, 0x09, 0x00, 0x00, 0x00, 0x07, 0x00, 0x00, 0x00, 0x00, 0x00, 0x00, 0x00,
            0x00, 0x04, 0x00, 0x11, 0x00, 0x00, 0x00, 0x00, 0x00, 0x01, 0x01, 0x00, 0x00, 0x00,
            0x00, 0x00, 0x00, 0x00, 0x00, 0x00, 0x00, 0x00, 0x00, 0x00, 0x00, 0x00, 0x00, 0x00,
            0x00, 0x04, 0x00, 0x00, 0x00, 0x0c, 0x00, 0x01, 0x01, 0x00, 0x00, 0x00, 0x16, 0x00,
            0x00, 0x03, 0xff, 0xfd, 0xff, 0x02, 0xfe, 0xfe, 0xfe, 0x00, 0x00, 0x00, 0x00, 0x00,
            0x00, 0x00, 0x00, 0xff, 0x7f, 0xff, 0xac, 0x00, 0x00, 0x00, 0x0d, 0x00, 0x01, 0x01,
            0x00, 0x00, 0x00, 0x16, 0x00, 0x00, 0x03, 0xff, 0xfd, 0xff, 0x02, 0xfe, 0xfe, 0xfe,
            0x00, 0x00, 0x00, 0x00, 0x00, 0x00, 0x00, 0x00, 0xff, 0x7f, 0xff, 0xac, 0x00, 0x00,
            0x00, 0x0e, 0x00, 0x01, 0x01, 0x00, 0x00, 0x00, 0x16, 0x00, 0x00, 0x03, 0xff, 0xfd,
            0xff, 0x02, 0xfe, 0xfe, 0xfe, 0x00, 0x00, 0x00, 0x00, 0x00, 0x00, 0x00, 0x00, 0xff,
            0x7f, 0xff, 0xac, 0x00, 0x00, 0x00, 0x0f, 0x00, 0x01, 0x01, 0x00, 0x00, 0x00, 0x16,
            0x00, 0x00, 0x03, 0xff, 0xfd, 0xff, 0x02, 0xfe, 0xfe, 0xfe, 0x00, 0x00, 0x00, 0x00,
            0x00, 0x00, 0x00, 0x00, 0xff, 0x7f, 0xff, 0xac, 0x00, 0x00, 0x00, 0x10, 0x00, 0x01,
            0x01, 0x00, 0x00, 0x00, 0x16, 0x00, 0x00, 0x03, 0xff, 0xfd, 0xff, 0x02, 0xfe, 0xfe,
            0xfe, 0x00, 0x00, 0x00, 0x00, 0x00, 0x00, 0x00, 0x00, 0xff, 0x7f, 0xff, 0xac, 0x00,
            0x00, 0x00, 0x11, 0x00, 0x01, 0x01, 0x00, 0x00, 0x00, 0x16, 0x00, 0x00, 0x03, 0xff,
            0xfd, 0xff, 0x02, 0xfe, 0xfe, 0xfe, 0x00, 0x00, 0x00, 0x00, 0x00, 0x00, 0x00, 0x00,
            0xff, 0x7f, 0xff, 0xac, 0x00, 0x00, 0x00, 0x12, 0x00, 0x01, 0x01, 0x00, 0x00, 0x00,
            0x16, 0x00, 0x00, 0x03, 0xff, 0xfd, 0xff, 0x02, 0xfe, 0xfe, 0xfe, 0x00, 0x00, 0x00,
            0x00, 0x00, 0x00, 0x00, 0x00, 0xff, 0x7f, 0xff, 0xac, 0x00, 0x00, 0x00, 0x13, 0x00,
            0x01, 0x01, 0x00, 0x00, 0x00, 0x16, 0x00, 0x00, 0x03, 0xff, 0xfd, 0xff, 0x02, 0xfe,
            0xfe, 0xfe, 0x00, 0x00, 0x00, 0x00, 0x00, 0x00, 0x00, 0x00, 0xff, 0x7f, 0xff, 0xac,
            0x00, 0x00, 0x00, 0x14, 0x00, 0x01, 0x01, 0x00, 0x00, 0x00, 0x16, 0x00, 0x00, 0x03,
            0xff, 0xfd, 0xff, 0x02, 0xfe, 0xfe, 0xfe, 0x00, 0x00, 0x00, 0x00, 0x00, 0x00, 0x00,
            0x00, 0xff, 0x7f, 0xff, 0xac, 0x00, 0x00, 0x00, 0x15, 0x00, 0x01, 0x01, 0x00, 0x00,
            0x00, 0x16, 0x00, 0x00, 0x03, 0xff, 0xfd, 0xff, 0x02, 0xfe, 0xfe, 0xfe, 0x00, 0x00,
            0x00, 0x00, 0x00, 0x00, 0x00, 0x00, 0xff, 0x7f, 0xff, 0xac, 0x00, 0x00, 0x00, 0x16,
            0x00, 0x01, 0x01, 0x00, 0x00, 0x00, 0x16, 0x00, 0x00, 0x03, 0xff, 0xfd, 0xff, 0x02,
            0xfe, 0xfe, 0xfe, 0x00, 0x00, 0x00, 0x00, 0x00, 0x00, 0x00, 0x00, 0xff, 0x7f, 0xff,
            0xac, 0x00, 0x00, 0x00, 0x17, 0x00, 0x01, 0x01, 0x00, 0x00, 0x00, 0x16, 0x00, 0x00,
            0x03, 0xff, 0xfd, 0xff, 0x02, 0xfe, 0xfe, 0xfe, 0x00, 0x00, 0x00, 0x00, 0x00, 0x00,
            0x00, 0x00, 0xff, 0x7f, 0xff, 0xac, 0x00, 0x00, 0x00, 0x18, 0x00, 0x01, 0x01, 0x00,
            0x00, 0x00, 0x16, 0x00, 0x00, 0x03, 0xff, 0xfd, 0xff, 0x02, 0xfe, 0xfe, 0xfe, 0x00,
            0x00, 0x00, 0x00, 0x00, 0x00, 0x00, 0x00, 0xff, 0x7f, 0xff, 0xac, 0x00, 0x00, 0x00,
            0x19, 0x00, 0x01, 0x01, 0x00, 0x00, 0x00, 0x16, 0x00, 0x00, 0x03, 0xff, 0xfd, 0xff,
            0x02, 0xfe, 0xfe, 0xfe, 0x00, 0x00, 0x00, 0x00, 0x00, 0x00, 0x00, 0x00, 0xff, 0x7f,
            0xff, 0xac, 0x00, 0x00, 0x00, 0x1a, 0x00, 0x01, 0x01, 0x00, 0x00, 0x00, 0x16, 0x00,
            0x00, 0x03, 0xff, 0xfd, 0xff, 0x02, 0xfe, 0xfe, 0xfe, 0x00, 0x00, 0x00, 0x00, 0x00,
            0x00, 0x00, 0x00, 0xff, 0x7f, 0xff, 0xac, 0x00, 0x00, 0x00, 0x1b, 0x00, 0x01, 0x01,
            0x00, 0x00, 0x00, 0x16, 0x00, 0x00, 0x03, 0xff, 0xfd, 0xff, 0x02, 0xfe, 0xfe, 0xfe,
            0x00, 0x00, 0x00, 0x00, 0x00, 0x00, 0x00, 0x00, 0xff, 0x7f, 0xff, 0xac, 0x00, 0x00,
            0x00, 0x1c, 0x00, 0x01, 0x01, 0x00, 0x00, 0x00, 0x16, 0x00, 0x00, 0x03, 0xff, 0xfd,
            0xff, 0x02, 0xfe, 0xfe, 0xfe, 0x00, 0x00, 0x00, 0x00, 0x00, 0x00, 0x00, 0x00, 0xff,
            0x7f, 0xff, 0xac, 0x00, 0x00, 0x00, 0x1d, 0x00, 0x01, 0x01, 0x00, 0x00, 0x00, 0x16,
            0x00, 0x00, 0x03, 0xff, 0xfd, 0xff, 0x02, 0xfe, 0xfe, 0xfe, 0x00, 0x00, 0x00, 0x00,
            0x00, 0x00, 0x00, 0x00, 0xff, 0x7f, 0xff, 0xac, 0x00, 0x00, 0x00, 0x1e, 0x00, 0x01,
            0x01, 0x00, 0x00, 0x00, 0x16, 0x00, 0x00, 0x03, 0xff, 0xfd, 0xff, 0x02, 0xfe, 0xfe,
            0xfe, 0x00, 0x00, 0x00, 0x00, 0x00, 0x00, 0x00, 0x00, 0xff, 0x7f, 0xff, 0xac, 0x00,
            0x00, 0x00, 0x1f, 0x00, 0x01, 0x01, 0x00, 0x00, 0x00, 0x16, 0x00, 0x00, 0x03, 0xff,
            0xfd, 0xff, 0x02, 0xfe, 0xfe, 0xfe, 0x00, 0x00, 0x00, 0x00, 0x00, 0x00, 0x00, 0x00,
            0xff, 0x7f, 0xff, 0xac, 0x00, 0x00, 0x00, 0x20, 0x00, 0x01, 0x01, 0x00, 0x00, 0x00,
            0x16, 0x00, 0x00, 0x03, 0xff, 0xfd, 0xff, 0x02, 0xfe, 0xfe, 0xfe, 0x00, 0x00, 0x00,
            0x00, 0x00, 0x00, 0x00, 0x00, 0xff, 0x7f, 0xff, 0xac, 0x00, 0x00, 0x00, 0x21, 0x00,
            0x01, 0x01, 0x00, 0x00, 0x00, 0x16, 0x00, 0x00, 0x03, 0xff, 0xfd, 0xff, 0x02, 0xfe,
            0xfe, 0xfe, 0x00, 0x00, 0x00, 0x00, 0x00, 0x00, 0x00, 0x00, 0xff, 0x7f, 0xff, 0xac,
            0x00, 0x00, 0x00, 0x22, 0x00, 0x01, 0x01, 0x00, 0x00, 0x00, 0x16, 0x00, 0x00, 0x03,
            0xff, 0xfd, 0xff, 0x02, 0xfe, 0xfe, 0xfe, 0x00, 0x00, 0x00, 0x00, 0x00, 0x00, 0x00,
            0x00, 0xff, 0x7f, 0xff, 0xac, 0x00, 0x00, 0x00, 0x23, 0x00, 0x01, 0x01, 0x00, 0x00,
            0x00, 0x16, 0x00, 0x00, 0x03, 0xff, 0xfd, 0xff, 0x02, 0xfe, 0xfe, 0xfe, 0x00, 0x00,
            0x00, 0x00, 0x00, 0x00, 0x00, 0x00, 0xff, 0x7f, 0xff, 0xac, 0x00, 0x00, 0x00, 0xff,
            0x3e, 0xe0, 0x00, 0x00, 0x18, 0xff, 0xff, 0xff, 0x03, 0x0c, 0x0d, 0x0e, 0x0f, 0x10,
            0x11, 0x12, 0x13, 0x14, 0x15, 0x16, 0x17, 0x18, 0x19, 0x1a, 0x1b, 0x1c, 0x1d, 0x1e,
            0x1f, 0x20, 0x21, 0x22, 0x23, 0x01, 0x00, 0x00, 0x00, 0x09, 0x20, 0x00, 0x00, 0x00,
            0x52, 0x00, 0x50, 0x00, 0x00,
        ],
    },
    EncodedCase {
        name: "count-24-unused-bit-2-comment-pair",
        data: &[
            0x00, 0x00, 0x00, 0x01, 0x30, 0x01, 0x01, 0x00, 0x00, 0x00, 0x13, 0x00, 0x00, 0x00,
            0x09, 0x00, 0x00, 0x00, 0x07, 0x00, 0x00, 0x00, 0x00, 0x00, 0x00, 0x00, 0x00, 0x63,
            0x00, 0x00, 0x00, 0x00, 0x00, 0x0a, 0x00, 0x01, 0x01, 0x00, 0x00, 0x00, 0x1e, 0x00,
            0x01, 0x00, 0x00, 0x00, 0x01, 0x00, 0x00, 0x00, 0x01, 0xe7, 0xdb, 0xf0, 0x00, 0x95,
            0x00, 0x4a, 0x80, 0x4c, 0x80, 0xc3, 0x80, 0x00, 0x00, 0x1c, 0x00, 0x93, 0x00, 0x00,
            0x40, 0x00, 0x00, 0x00, 0x0b, 0x07, 0x23, 0x0a, 0x01, 0x00, 0x00, 0x00, 0x2d, 0x00,
            0x00, 0x00, 0x09, 0x00, 0x00, 0x00, 0x07, 0x00, 0x00, 0x00, 0x00, 0x00, 0x00, 0x00,
            0x00, 0x04, 0x00, 0x11, 0x00, 0x00, 0x00, 0x00, 0x00, 0x01, 0x01, 0x00, 0x00, 0x00,
            0x00, 0x00, 0x00, 0x00, 0x00, 0x00, 0x00, 0x00, 0x00, 0x00, 0x00, 0x00, 0x00, 0x00,
            0x00, 0x04, 0x00, 0x00, 0x00, 0x0c, 0x00, 0x01, 0x01, 0x00, 0x00, 0x00, 0x16, 0x00,
            0x00, 0x03, 0xff, 0xfd, 0xff, 0x02, 0xfe, 0xfe, 0xfe, 0x00, 0x00, 0x00, 0x00, 0x00,
            0x00, 0x00, 0x00, 0xff, 0x7f, 0xff, 0xac, 0x00, 0x00, 0x00, 0x0d, 0x00, 0x01, 0x01,
            0x00, 0x00, 0x00, 0x16, 0x00, 0x00, 0x03, 0xff, 0xfd, 0xff, 0x02, 0xfe, 0xfe, 0xfe,
            0x00, 0x00, 0x00, 0x00, 0x00, 0x00, 0x00, 0x00, 0xff, 0x7f, 0xff, 0xac, 0x00, 0x00,
            0x00, 0x0e, 0x00, 0x01, 0x01, 0x00, 0x00, 0x00, 0x16, 0x00, 0x00, 0x03, 0xff, 0xfd,
            0xff, 0x02, 0xfe, 0xfe, 0xfe, 0x00, 0x00, 0x00, 0x00, 0x00, 0x00, 0x00, 0x00, 0xff,
            0x7f, 0xff, 0xac, 0x00, 0x00, 0x00, 0x0f, 0x00, 0x01, 0x01, 0x00, 0x00, 0x00, 0x16,
            0x00, 0x00, 0x03, 0xff, 0xfd, 0xff, 0x02, 0xfe, 0xfe, 0xfe, 0x00, 0x00, 0x00, 0x00,
            0x00, 0x00, 0x00, 0x00, 0xff, 0x7f, 0xff, 0xac, 0x00, 0x00, 0x00, 0x10, 0x00, 0x01,
            0x01, 0x00, 0x00, 0x00, 0x16, 0x00, 0x00, 0x03, 0xff, 0xfd, 0xff, 0x02, 0xfe, 0xfe,
            0xfe, 0x00, 0x00, 0x00, 0x00, 0x00, 0x00, 0x00, 0x00, 0xff, 0x7f, 0xff, 0xac, 0x00,
            0x00, 0x00, 0x11, 0x00, 0x01, 0x01, 0x00, 0x00, 0x00, 0x16, 0x00, 0x00, 0x03, 0xff,
            0xfd, 0xff, 0x02, 0xfe, 0xfe, 0xfe, 0x00, 0x00, 0x00, 0x00, 0x00, 0x00, 0x00, 0x00,
            0xff, 0x7f, 0xff, 0xac, 0x00, 0x00, 0x00, 0x12, 0x00, 0x01, 0x01, 0x00, 0x00, 0x00,
            0x16, 0x00, 0x00, 0x03, 0xff, 0xfd, 0xff, 0x02, 0xfe, 0xfe, 0xfe, 0x00, 0x00, 0x00,
            0x00, 0x00, 0x00, 0x00, 0x00, 0xff, 0x7f, 0xff, 0xac, 0x00, 0x00, 0x00, 0x13, 0x00,
            0x01, 0x01, 0x00, 0x00, 0x00, 0x16, 0x00, 0x00, 0x03, 0xff, 0xfd, 0xff, 0x02, 0xfe,
            0xfe, 0xfe, 0x00, 0x00, 0x00, 0x00, 0x00, 0x00, 0x00, 0x00, 0xff, 0x7f, 0xff, 0xac,
            0x00, 0x00, 0x00, 0x14, 0x00, 0x01, 0x01, 0x00, 0x00, 0x00, 0x16, 0x00, 0x00, 0x03,
            0xff, 0xfd, 0xff, 0x02, 0xfe, 0xfe, 0xfe, 0x00, 0x00, 0x00, 0x00, 0x00, 0x00, 0x00,
            0x00, 0xff, 0x7f, 0xff, 0xac, 0x00, 0x00, 0x00, 0x15, 0x00, 0x01, 0x01, 0x00, 0x00,
            0x00, 0x16, 0x00, 0x00, 0x03, 0xff, 0xfd, 0xff, 0x02, 0xfe, 0xfe, 0xfe, 0x00, 0x00,
            0x00, 0x00, 0x00, 0x00, 0x00, 0x00, 0xff, 0x7f, 0xff, 0xac, 0x00, 0x00, 0x00, 0x16,
            0x00, 0x01, 0x01, 0x00, 0x00, 0x00, 0x16, 0x00, 0x00, 0x03, 0xff, 0xfd, 0xff, 0x02,
            0xfe, 0xfe, 0xfe, 0x00, 0x00, 0x00, 0x00, 0x00, 0x00, 0x00, 0x00, 0xff, 0x7f, 0xff,
            0xac, 0x00, 0x00, 0x00, 0x17, 0x00, 0x01, 0x01, 0x00, 0x00, 0x00, 0x16, 0x00, 0x00,
            0x03, 0xff, 0xfd, 0xff, 0x02, 0xfe, 0xfe, 0xfe, 0x00, 0x00, 0x00, 0x00, 0x00, 0x00,
            0x00, 0x00, 0xff, 0x7f, 0xff, 0xac, 0x00, 0x00, 0x00, 0x18, 0x00, 0x01, 0x01, 0x00,
            0x00, 0x00, 0x16, 0x00, 0x00, 0x03, 0xff, 0xfd, 0xff, 0x02, 0xfe, 0xfe, 0xfe, 0x00,
            0x00, 0x00, 0x00, 0x00, 0x00, 0x00, 0x00, 0xff, 0x7f, 0xff, 0xac, 0x00, 0x00, 0x00,
            0x19, 0x00, 0x01, 0x01, 0x00, 0x00, 0x00, 0x16, 0x00, 0x00, 0x03, 0xff, 0xfd, 0xff,
            0x02, 0xfe, 0xfe, 0xfe, 0x00, 0x00, 0x00, 0x00, 0x00, 0x00, 0x00, 0x00, 0xff, 0x7f,
            0xff, 0xac, 0x00, 0x00, 0x00, 0x1a, 0x00, 0x01, 0x01, 0x00, 0x00, 0x00, 0x16, 0x00,
            0x00, 0x03, 0xff, 0xfd, 0xff, 0x02, 0xfe, 0xfe, 0xfe, 0x00, 0x00, 0x00, 0x00, 0x00,
            0x00, 0x00, 0x00, 0xff, 0x7f, 0xff, 0xac, 0x00, 0x00, 0x00, 0x1b, 0x00, 0x01, 0x01,
            0x00, 0x00, 0x00, 0x16, 0x00, 0x00, 0x03, 0xff, 0xfd, 0xff, 0x02, 0xfe, 0xfe, 0xfe,
            0x00, 0x00, 0x00, 0x00, 0x00, 0x00, 0x00, 0x00, 0xff, 0x7f, 0xff, 0xac, 0x00, 0x00,
            0x00, 0x1c, 0x00, 0x01, 0x01, 0x00, 0x00, 0x00, 0x16, 0x00, 0x00, 0x03, 0xff, 0xfd,
            0xff, 0x02, 0xfe, 0xfe, 0xfe, 0x00, 0x00, 0x00, 0x00, 0x00, 0x00, 0x00, 0x00, 0xff,
            0x7f, 0xff, 0xac, 0x00, 0x00, 0x00, 0x1d, 0x00, 0x01, 0x01, 0x00, 0x00, 0x00, 0x16,
            0x00, 0x00, 0x03, 0xff, 0xfd, 0xff, 0x02, 0xfe, 0xfe, 0xfe, 0x00, 0x00, 0x00, 0x00,
            0x00, 0x00, 0x00, 0x00, 0xff, 0x7f, 0xff, 0xac, 0x00, 0x00, 0x00, 0x1e, 0x00, 0x01,
            0x01, 0x00, 0x00, 0x00, 0x16, 0x00, 0x00, 0x03, 0xff, 0xfd, 0xff, 0x02, 0xfe, 0xfe,
            0xfe, 0x00, 0x00, 0x00, 0x00, 0x00, 0x00, 0x00, 0x00, 0xff, 0x7f, 0xff, 0xac, 0x00,
            0x00, 0x00, 0x1f, 0x00, 0x01, 0x01, 0x00, 0x00, 0x00, 0x16, 0x00, 0x00, 0x03, 0xff,
            0xfd, 0xff, 0x02, 0xfe, 0xfe, 0xfe, 0x00, 0x00, 0x00, 0x00, 0x00, 0x00, 0x00, 0x00,
            0xff, 0x7f, 0xff, 0xac, 0x00, 0x00, 0x00, 0x20, 0x00, 0x01, 0x01, 0x00, 0x00, 0x00,
            0x16, 0x00, 0x00, 0x03, 0xff, 0xfd, 0xff, 0x02, 0xfe, 0xfe, 0xfe, 0x00, 0x00, 0x00,
            0x00, 0x00, 0x00, 0x00, 0x00, 0xff, 0x7f, 0xff, 0xac, 0x00, 0x00, 0x00, 0x21, 0x00,
            0x01, 0x01, 0x00, 0x00, 0x00, 0x16, 0x00, 0x00, 0x03, 0xff, 0xfd, 0xff, 0x02, 0xfe,
            0xfe, 0xfe, 0x00, 0x00, 0x00, 0x00, 0x00, 0x00, 0x00, 0x00, 0xff, 0x7f, 0xff, 0xac,
            0x00, 0x00, 0x00, 0x22, 0x00, 0x01, 0x01, 0x00, 0x00, 0x00, 0x16, 0x00, 0x00, 0x03,
            0xff, 0xfd, 0xff, 0x02, 0xfe, 0xfe, 0xfe, 0x00, 0x00, 0x00, 0x00, 0x00, 0x00, 0x00,
            0x00, 0xff, 0x7f, 0xff, 0xac, 0x00, 0x00, 0x00, 0x23, 0x00, 0x01, 0x01, 0x00, 0x00,
            0x00, 0x16, 0x00, 0x00, 0x03, 0xff, 0xfd, 0xff, 0x02, 0xfe, 0xfe, 0xfe, 0x00, 0x00,
            0x00, 0x00, 0x00, 0x00, 0x00, 0x00, 0xff, 0x7f, 0xff, 0xac, 0x00, 0x00, 0x00, 0xff,
            0x3e, 0xe0, 0x00, 0x00, 0x18, 0xff, 0xff, 0xff, 0x05, 0x0c, 0x0d, 0x0e, 0x0f, 0x10,
            0x11, 0x12, 0x13, 0x14, 0x15, 0x16, 0x17, 0x18, 0x19, 0x1a, 0x1b, 0x1c, 0x1d, 0x1e,
            0x1f, 0x20, 0x21, 0x22, 0x23, 0x01, 0x00, 0x00, 0x00, 0x09, 0x20, 0x00, 0x00, 0x00,
            0x52, 0x00, 0x50, 0x00, 0x00,
        ],
    },
    EncodedCase {
        name: "count-24-unused-bit-3-comment-pair",
        data: &[
            0x00, 0x00, 0x00, 0x01, 0x30, 0x01, 0x01, 0x00, 0x00, 0x00, 0x13, 0x00, 0x00, 0x00,
            0x09, 0x00, 0x00, 0x00, 0x07, 0x00, 0x00, 0x00, 0x00, 0x00, 0x00, 0x00, 0x00, 0x63,
            0x00, 0x00, 0x00, 0x00, 0x00, 0x0a, 0x00, 0x01, 0x01, 0x00, 0x00, 0x00, 0x1e, 0x00,
            0x01, 0x00, 0x00, 0x00, 0x01, 0x00, 0x00, 0x00, 0x01, 0xe7, 0xdb, 0xf0, 0x00, 0x95,
            0x00, 0x4a, 0x80, 0x4c, 0x80, 0xc3, 0x80, 0x00, 0x00, 0x1c, 0x00, 0x93, 0x00, 0x00,
            0x40, 0x00, 0x00, 0x00, 0x0b, 0x07, 0x23, 0x0a, 0x01, 0x00, 0x00, 0x00, 0x2d, 0x00,
            0x00, 0x00, 0x09, 0x00, 0x00, 0x00, 0x07, 0x00, 0x00, 0x00, 0x00, 0x00, 0x00, 0x00,
            0x00, 0x04, 0x00, 0x11, 0x00, 0x00, 0x00, 0x00, 0x00, 0x01, 0x01, 0x00, 0x00, 0x00,
            0x00, 0x00, 0x00, 0x00, 0x00, 0x00, 0x00, 0x00, 0x00, 0x00, 0x00, 0x00, 0x00, 0x00,
            0x00, 0x04, 0x00, 0x00, 0x00, 0x0c, 0x00, 0x01, 0x01, 0x00, 0x00, 0x00, 0x16, 0x00,
            0x00, 0x03, 0xff, 0xfd, 0xff, 0x02, 0xfe, 0xfe, 0xfe, 0x00, 0x00, 0x00, 0x00, 0x00,
            0x00, 0x00, 0x00, 0xff, 0x7f, 0xff, 0xac, 0x00, 0x00, 0x00, 0x0d, 0x00, 0x01, 0x01,
            0x00, 0x00, 0x00, 0x16, 0x00, 0x00, 0x03, 0xff, 0xfd, 0xff, 0x02, 0xfe, 0xfe, 0xfe,
            0x00, 0x00, 0x00, 0x00, 0x00, 0x00, 0x00, 0x00, 0xff, 0x7f, 0xff, 0xac, 0x00, 0x00,
            0x00, 0x0e, 0x00, 0x01, 0x01, 0x00, 0x00, 0x00, 0x16, 0x00, 0x00, 0x03, 0xff, 0xfd,
            0xff, 0x02, 0xfe, 0xfe, 0xfe, 0x00, 0x00, 0x00, 0x00, 0x00, 0x00, 0x00, 0x00, 0xff,
            0x7f, 0xff, 0xac, 0x00, 0x00, 0x00, 0x0f, 0x00, 0x01, 0x01, 0x00, 0x00, 0x00, 0x16,
            0x00, 0x00, 0x03, 0xff, 0xfd, 0xff, 0x02, 0xfe, 0xfe, 0xfe, 0x00, 0x00, 0x00, 0x00,
            0x00, 0x00, 0x00, 0x00, 0xff, 0x7f, 0xff, 0xac, 0x00, 0x00, 0x00, 0x10, 0x00, 0x01,
            0x01, 0x00, 0x00, 0x00, 0x16, 0x00, 0x00, 0x03, 0xff, 0xfd, 0xff, 0x02, 0xfe, 0xfe,
            0xfe, 0x00, 0x00, 0x00, 0x00, 0x00, 0x00, 0x00, 0x00, 0xff, 0x7f, 0xff, 0xac, 0x00,
            0x00, 0x00, 0x11, 0x00, 0x01, 0x01, 0x00, 0x00, 0x00, 0x16, 0x00, 0x00, 0x03, 0xff,
            0xfd, 0xff, 0x02, 0xfe, 0xfe, 0xfe, 0x00, 0x00, 0x00, 0x00, 0x00, 0x00, 0x00, 0x00,
            0xff, 0x7f, 0xff, 0xac, 0x00, 0x00, 0x00, 0x12, 0x00, 0x01, 0x01, 0x00, 0x00, 0x00,
            0x16, 0x00, 0x00, 0x03, 0xff, 0xfd, 0xff, 0x02, 0xfe, 0xfe, 0xfe, 0x00, 0x00, 0x00,
            0x00, 0x00, 0x00, 0x00, 0x00, 0xff, 0x7f, 0xff, 0xac, 0x00, 0x00, 0x00, 0x13, 0x00,
            0x01, 0x01, 0x00, 0x00, 0x00, 0x16, 0x00, 0x00, 0x03, 0xff, 0xfd, 0xff, 0x02, 0xfe,
            0xfe, 0xfe, 0x00, 0x00, 0x00, 0x00, 0x00, 0x00, 0x00, 0x00, 0xff, 0x7f, 0xff, 0xac,
            0x00, 0x00, 0x00, 0x14, 0x00, 0x01, 0x01, 0x00, 0x00, 0x00, 0x16, 0x00, 0x00, 0x03,
            0xff, 0xfd, 0xff, 0x02, 0xfe, 0xfe, 0xfe, 0x00, 0x00, 0x00, 0x00, 0x00, 0x00, 0x00,
            0x00, 0xff, 0x7f, 0xff, 0xac, 0x00, 0x00, 0x00, 0x15, 0x00, 0x01, 0x01, 0x00, 0x00,
            0x00, 0x16, 0x00, 0x00, 0x03, 0xff, 0xfd, 0xff, 0x02, 0xfe, 0xfe, 0xfe, 0x00, 0x00,
            0x00, 0x00, 0x00, 0x00, 0x00, 0x00, 0xff, 0x7f, 0xff, 0xac, 0x00, 0x00, 0x00, 0x16,
            0x00, 0x01, 0x01, 0x00, 0x00, 0x00, 0x16, 0x00, 0x00, 0x03, 0xff, 0xfd, 0xff, 0x02,
            0xfe, 0xfe, 0xfe, 0x00, 0x00, 0x00, 0x00, 0x00, 0x00, 0x00, 0x00, 0xff, 0x7f, 0xff,
            0xac, 0x00, 0x00, 0x00, 0x17, 0x00, 0x01, 0x01, 0x00, 0x00, 0x00, 0x16, 0x00, 0x00,
            0x03, 0xff, 0xfd, 0xff, 0x02, 0xfe, 0xfe, 0xfe, 0x00, 0x00, 0x00, 0x00, 0x00, 0x00,
            0x00, 0x00, 0xff, 0x7f, 0xff, 0xac, 0x00, 0x00, 0x00, 0x18, 0x00, 0x01, 0x01, 0x00,
            0x00, 0x00, 0x16, 0x00, 0x00, 0x03, 0xff, 0xfd, 0xff, 0x02, 0xfe, 0xfe, 0xfe, 0x00,
            0x00, 0x00, 0x00, 0x00, 0x00, 0x00, 0x00, 0xff, 0x7f, 0xff, 0xac, 0x00, 0x00, 0x00,
            0x19, 0x00, 0x01, 0x01, 0x00, 0x00, 0x00, 0x16, 0x00, 0x00, 0x03, 0xff, 0xfd, 0xff,
            0x02, 0xfe, 0xfe, 0xfe, 0x00, 0x00, 0x00, 0x00, 0x00, 0x00, 0x00, 0x00, 0xff, 0x7f,
            0xff, 0xac, 0x00, 0x00, 0x00, 0x1a, 0x00, 0x01, 0x01, 0x00, 0x00, 0x00, 0x16, 0x00,
            0x00, 0x03, 0xff, 0xfd, 0xff, 0x02, 0xfe, 0xfe, 0xfe, 0x00, 0x00, 0x00, 0x00, 0x00,
            0x00, 0x00, 0x00, 0xff, 0x7f, 0xff, 0xac, 0x00, 0x00, 0x00, 0x1b, 0x00, 0x01, 0x01,
            0x00, 0x00, 0x00, 0x16, 0x00, 0x00, 0x03, 0xff, 0xfd, 0xff, 0x02, 0xfe, 0xfe, 0xfe,
            0x00, 0x00, 0x00, 0x00, 0x00, 0x00, 0x00, 0x00, 0xff, 0x7f, 0xff, 0xac, 0x00, 0x00,
            0x00, 0x1c, 0x00, 0x01, 0x01, 0x00, 0x00, 0x00, 0x16, 0x00, 0x00, 0x03, 0xff, 0xfd,
            0xff, 0x02, 0xfe, 0xfe, 0xfe, 0x00, 0x00, 0x00, 0x00, 0x00, 0x00, 0x00, 0x00, 0xff,
            0x7f, 0xff, 0xac, 0x00, 0x00, 0x00, 0x1d, 0x00, 0x01, 0x01, 0x00, 0x00, 0x00, 0x16,
            0x00, 0x00, 0x03, 0xff, 0xfd, 0xff, 0x02, 0xfe, 0xfe, 0xfe, 0x00, 0x00, 0x00, 0x00,
            0x00, 0x00, 0x00, 0x00, 0xff, 0x7f, 0xff, 0xac, 0x00, 0x00, 0x00, 0x1e, 0x00, 0x01,
            0x01, 0x00, 0x00, 0x00, 0x16, 0x00, 0x00, 0x03, 0xff, 0xfd, 0xff, 0x02, 0xfe, 0xfe,
            0xfe, 0x00, 0x00, 0x00, 0x00, 0x00, 0x00, 0x00, 0x00, 0xff, 0x7f, 0xff, 0xac, 0x00,
            0x00, 0x00, 0x1f, 0x00, 0x01, 0x01, 0x00, 0x00, 0x00, 0x16, 0x00, 0x00, 0x03, 0xff,
            0xfd, 0xff, 0x02, 0xfe, 0xfe, 0xfe, 0x00, 0x00, 0x00, 0x00, 0x00, 0x00, 0x00, 0x00,
            0xff, 0x7f, 0xff, 0xac, 0x00, 0x00, 0x00, 0x20, 0x00, 0x01, 0x01, 0x00, 0x00, 0x00,
            0x16, 0x00, 0x00, 0x03, 0xff, 0xfd, 0xff, 0x02, 0xfe, 0xfe, 0xfe, 0x00, 0x00, 0x00,
            0x00, 0x00, 0x00, 0x00, 0x00, 0xff, 0x7f, 0xff, 0xac, 0x00, 0x00, 0x00, 0x21, 0x00,
            0x01, 0x01, 0x00, 0x00, 0x00, 0x16, 0x00, 0x00, 0x03, 0xff, 0xfd, 0xff, 0x02, 0xfe,
            0xfe, 0xfe, 0x00, 0x00, 0x00, 0x00, 0x00, 0x00, 0x00, 0x00, 0xff, 0x7f, 0xff, 0xac,
            0x00, 0x00, 0x00, 0x22, 0x00, 0x01, 0x01, 0x00, 0x00, 0x00, 0x16, 0x00, 0x00, 0x03,
            0xff, 0xfd, 0xff, 0x02, 0xfe, 0xfe, 0xfe, 0x00, 0x00, 0x00, 0x00, 0x00, 0x00, 0x00,
            0x00, 0xff, 0x7f, 0xff, 0xac, 0x00, 0x00, 0x00, 0x23, 0x00, 0x01, 0x01, 0x00, 0x00,
            0x00, 0x16, 0x00, 0x00, 0x03, 0xff, 0xfd, 0xff, 0x02, 0xfe, 0xfe, 0xfe, 0x00, 0x00,
            0x00, 0x00, 0x00, 0x00, 0x00, 0x00, 0xff, 0x7f, 0xff, 0xac, 0x00, 0x00, 0x00, 0xff,
            0x3e, 0xe0, 0x00, 0x00, 0x18, 0xff, 0xff, 0xff, 0x09, 0x0c, 0x0d, 0x0e, 0x0f, 0x10,
            0x11, 0x12, 0x13, 0x14, 0x15, 0x16, 0x17, 0x18, 0x19, 0x1a, 0x1b, 0x1c, 0x1d, 0x1e,
            0x1f, 0x20, 0x21, 0x22, 0x23, 0x01, 0x00, 0x00, 0x00, 0x09, 0x20, 0x00, 0x00, 0x00,
            0x52, 0x00, 0x50, 0x00, 0x00,
        ],
    },
    EncodedCase {
        name: "count-24-unused-bit-4-comment-pair",
        data: &[
            0x00, 0x00, 0x00, 0x01, 0x30, 0x01, 0x01, 0x00, 0x00, 0x00, 0x13, 0x00, 0x00, 0x00,
            0x09, 0x00, 0x00, 0x00, 0x07, 0x00, 0x00, 0x00, 0x00, 0x00, 0x00, 0x00, 0x00, 0x63,
            0x00, 0x00, 0x00, 0x00, 0x00, 0x0a, 0x00, 0x01, 0x01, 0x00, 0x00, 0x00, 0x1e, 0x00,
            0x01, 0x00, 0x00, 0x00, 0x01, 0x00, 0x00, 0x00, 0x01, 0xe7, 0xdb, 0xf0, 0x00, 0x95,
            0x00, 0x4a, 0x80, 0x4c, 0x80, 0xc3, 0x80, 0x00, 0x00, 0x1c, 0x00, 0x93, 0x00, 0x00,
            0x40, 0x00, 0x00, 0x00, 0x0b, 0x07, 0x23, 0x0a, 0x01, 0x00, 0x00, 0x00, 0x2d, 0x00,
            0x00, 0x00, 0x09, 0x00, 0x00, 0x00, 0x07, 0x00, 0x00, 0x00, 0x00, 0x00, 0x00, 0x00,
            0x00, 0x04, 0x00, 0x11, 0x00, 0x00, 0x00, 0x00, 0x00, 0x01, 0x01, 0x00, 0x00, 0x00,
            0x00, 0x00, 0x00, 0x00, 0x00, 0x00, 0x00, 0x00, 0x00, 0x00, 0x00, 0x00, 0x00, 0x00,
            0x00, 0x04, 0x00, 0x00, 0x00, 0x0c, 0x00, 0x01, 0x01, 0x00, 0x00, 0x00, 0x16, 0x00,
            0x00, 0x03, 0xff, 0xfd, 0xff, 0x02, 0xfe, 0xfe, 0xfe, 0x00, 0x00, 0x00, 0x00, 0x00,
            0x00, 0x00, 0x00, 0xff, 0x7f, 0xff, 0xac, 0x00, 0x00, 0x00, 0x0d, 0x00, 0x01, 0x01,
            0x00, 0x00, 0x00, 0x16, 0x00, 0x00, 0x03, 0xff, 0xfd, 0xff, 0x02, 0xfe, 0xfe, 0xfe,
            0x00, 0x00, 0x00, 0x00, 0x00, 0x00, 0x00, 0x00, 0xff, 0x7f, 0xff, 0xac, 0x00, 0x00,
            0x00, 0x0e, 0x00, 0x01, 0x01, 0x00, 0x00, 0x00, 0x16, 0x00, 0x00, 0x03, 0xff, 0xfd,
            0xff, 0x02, 0xfe, 0xfe, 0xfe, 0x00, 0x00, 0x00, 0x00, 0x00, 0x00, 0x00, 0x00, 0xff,
            0x7f, 0xff, 0xac, 0x00, 0x00, 0x00, 0x0f, 0x00, 0x01, 0x01, 0x00, 0x00, 0x00, 0x16,
            0x00, 0x00, 0x03, 0xff, 0xfd, 0xff, 0x02, 0xfe, 0xfe, 0xfe, 0x00, 0x00, 0x00, 0x00,
            0x00, 0x00, 0x00, 0x00, 0xff, 0x7f, 0xff, 0xac, 0x00, 0x00, 0x00, 0x10, 0x00, 0x01,
            0x01, 0x00, 0x00, 0x00, 0x16, 0x00, 0x00, 0x03, 0xff, 0xfd, 0xff, 0x02, 0xfe, 0xfe,
            0xfe, 0x00, 0x00, 0x00, 0x00, 0x00, 0x00, 0x00, 0x00, 0xff, 0x7f, 0xff, 0xac, 0x00,
            0x00, 0x00, 0x11, 0x00, 0x01, 0x01, 0x00, 0x00, 0x00, 0x16, 0x00, 0x00, 0x03, 0xff,
            0xfd, 0xff, 0x02, 0xfe, 0xfe, 0xfe, 0x00, 0x00, 0x00, 0x00, 0x00, 0x00, 0x00, 0x00,
            0xff, 0x7f, 0xff, 0xac, 0x00, 0x00, 0x00, 0x12, 0x00, 0x01, 0x01, 0x00, 0x00, 0x00,
            0x16, 0x00, 0x00, 0x03, 0xff, 0xfd, 0xff, 0x02, 0xfe, 0xfe, 0xfe, 0x00, 0x00, 0x00,
            0x00, 0x00, 0x00, 0x00, 0x00, 0xff, 0x7f, 0xff, 0xac, 0x00, 0x00, 0x00, 0x13, 0x00,
            0x01, 0x01, 0x00, 0x00, 0x00, 0x16, 0x00, 0x00, 0x03, 0xff, 0xfd, 0xff, 0x02, 0xfe,
            0xfe, 0xfe, 0x00, 0x00, 0x00, 0x00, 0x00, 0x00, 0x00, 0x00, 0xff, 0x7f, 0xff, 0xac,
            0x00, 0x00, 0x00, 0x14, 0x00, 0x01, 0x01, 0x00, 0x00, 0x00, 0x16, 0x00, 0x00, 0x03,
            0xff, 0xfd, 0xff, 0x02, 0xfe, 0xfe, 0xfe, 0x00, 0x00, 0x00, 0x00, 0x00, 0x00, 0x00,
            0x00, 0xff, 0x7f, 0xff, 0xac, 0x00, 0x00, 0x00, 0x15, 0x00, 0x01, 0x01, 0x00, 0x00,
            0x00, 0x16, 0x00, 0x00, 0x03, 0xff, 0xfd, 0xff, 0x02, 0xfe, 0xfe, 0xfe, 0x00, 0x00,
            0x00, 0x00, 0x00, 0x00, 0x00, 0x00, 0xff, 0x7f, 0xff, 0xac, 0x00, 0x00, 0x00, 0x16,
            0x00, 0x01, 0x01, 0x00, 0x00, 0x00, 0x16, 0x00, 0x00, 0x03, 0xff, 0xfd, 0xff, 0x02,
            0xfe, 0xfe, 0xfe, 0x00, 0x00, 0x00, 0x00, 0x00, 0x00, 0x00, 0x00, 0xff, 0x7f, 0xff,
            0xac, 0x00, 0x00, 0x00, 0x17, 0x00, 0x01, 0x01, 0x00, 0x00, 0x00, 0x16, 0x00, 0x00,
            0x03, 0xff, 0xfd, 0xff, 0x02, 0xfe, 0xfe, 0xfe, 0x00, 0x00, 0x00, 0x00, 0x00, 0x00,
            0x00, 0x00, 0xff, 0x7f, 0xff, 0xac, 0x00, 0x00, 0x00, 0x18, 0x00, 0x01, 0x01, 0x00,
            0x00, 0x00, 0x16, 0x00, 0x00, 0x03, 0xff, 0xfd, 0xff, 0x02, 0xfe, 0xfe, 0xfe, 0x00,
            0x00, 0x00, 0x00, 0x00, 0x00, 0x00, 0x00, 0xff, 0x7f, 0xff, 0xac, 0x00, 0x00, 0x00,
            0x19, 0x00, 0x01, 0x01, 0x00, 0x00, 0x00, 0x16, 0x00, 0x00, 0x03, 0xff, 0xfd, 0xff,
            0x02, 0xfe, 0xfe, 0xfe, 0x00, 0x00, 0x00, 0x00, 0x00, 0x00, 0x00, 0x00, 0xff, 0x7f,
            0xff, 0xac, 0x00, 0x00, 0x00, 0x1a, 0x00, 0x01, 0x01, 0x00, 0x00, 0x00, 0x16, 0x00,
            0x00, 0x03, 0xff, 0xfd, 0xff, 0x02, 0xfe, 0xfe, 0xfe, 0x00, 0x00, 0x00, 0x00, 0x00,
            0x00, 0x00, 0x00, 0xff, 0x7f, 0xff, 0xac, 0x00, 0x00, 0x00, 0x1b, 0x00, 0x01, 0x01,
            0x00, 0x00, 0x00, 0x16, 0x00, 0x00, 0x03, 0xff, 0xfd, 0xff, 0x02, 0xfe, 0xfe, 0xfe,
            0x00, 0x00, 0x00, 0x00, 0x00, 0x00, 0x00, 0x00, 0xff, 0x7f, 0xff, 0xac, 0x00, 0x00,
            0x00, 0x1c, 0x00, 0x01, 0x01, 0x00, 0x00, 0x00, 0x16, 0x00, 0x00, 0x03, 0xff, 0xfd,
            0xff, 0x02, 0xfe, 0xfe, 0xfe, 0x00, 0x00, 0x00, 0x00, 0x00, 0x00, 0x00, 0x00, 0xff,
            0x7f, 0xff, 0xac, 0x00, 0x00, 0x00, 0x1d, 0x00, 0x01, 0x01, 0x00, 0x00, 0x00, 0x16,
            0x00, 0x00, 0x03, 0xff, 0xfd, 0xff, 0x02, 0xfe, 0xfe, 0xfe, 0x00, 0x00, 0x00, 0x00,
            0x00, 0x00, 0x00, 0x00, 0xff, 0x7f, 0xff, 0xac, 0x00, 0x00, 0x00, 0x1e, 0x00, 0x01,
            0x01, 0x00, 0x00, 0x00, 0x16, 0x00, 0x00, 0x03, 0xff, 0xfd, 0xff, 0x02, 0xfe, 0xfe,
            0xfe, 0x00, 0x00, 0x00, 0x00, 0x00, 0x00, 0x00, 0x00, 0xff, 0x7f, 0xff, 0xac, 0x00,
            0x00, 0x00, 0x1f, 0x00, 0x01, 0x01, 0x00, 0x00, 0x00, 0x16, 0x00, 0x00, 0x03, 0xff,
            0xfd, 0xff, 0x02, 0xfe, 0xfe, 0xfe, 0x00, 0x00, 0x00, 0x00, 0x00, 0x00, 0x00, 0x00,
            0xff, 0x7f, 0xff, 0xac, 0x00, 0x00, 0x00, 0x20, 0x00, 0x01, 0x01, 0x00, 0x00, 0x00,
            0x16, 0x00, 0x00, 0x03, 0xff, 0xfd, 0xff, 0x02, 0xfe, 0xfe, 0xfe, 0x00, 0x00, 0x00,
            0x00, 0x00, 0x00, 0x00, 0x00, 0xff, 0x7f, 0xff, 0xac, 0x00, 0x00, 0x00, 0x21, 0x00,
            0x01, 0x01, 0x00, 0x00, 0x00, 0x16, 0x00, 0x00, 0x03, 0xff, 0xfd, 0xff, 0x02, 0xfe,
            0xfe, 0xfe, 0x00, 0x00, 0x00, 0x00, 0x00, 0x00, 0x00, 0x00, 0xff, 0x7f, 0xff, 0xac,
            0x00, 0x00, 0x00, 0x22, 0x00, 0x01, 0x01, 0x00, 0x00, 0x00, 0x16, 0x00, 0x00, 0x03,
            0xff, 0xfd, 0xff, 0x02, 0xfe, 0xfe, 0xfe, 0x00, 0x00, 0x00, 0x00, 0x00, 0x00, 0x00,
            0x00, 0xff, 0x7f, 0xff, 0xac, 0x00, 0x00, 0x00, 0x23, 0x00, 0x01, 0x01, 0x00, 0x00,
            0x00, 0x16, 0x00, 0x00, 0x03, 0xff, 0xfd, 0xff, 0x02, 0xfe, 0xfe, 0xfe, 0x00, 0x00,
            0x00, 0x00, 0x00, 0x00, 0x00, 0x00, 0xff, 0x7f, 0xff, 0xac, 0x00, 0x00, 0x00, 0xff,
            0x3e, 0xe0, 0x00, 0x00, 0x18, 0xff, 0xff, 0xff, 0x11, 0x0c, 0x0d, 0x0e, 0x0f, 0x10,
            0x11, 0x12, 0x13, 0x14, 0x15, 0x16, 0x17, 0x18, 0x19, 0x1a, 0x1b, 0x1c, 0x1d, 0x1e,
            0x1f, 0x20, 0x21, 0x22, 0x23, 0x01, 0x00, 0x00, 0x00, 0x09, 0x20, 0x00, 0x00, 0x00,
            0x52, 0x00, 0x50, 0x00, 0x00,
        ],
    },
    EncodedCase {
        name: "count-24-unused-bit-5-comment-pair",
        data: &[
            0x00, 0x00, 0x00, 0x01, 0x30, 0x01, 0x01, 0x00, 0x00, 0x00, 0x13, 0x00, 0x00, 0x00,
            0x09, 0x00, 0x00, 0x00, 0x07, 0x00, 0x00, 0x00, 0x00, 0x00, 0x00, 0x00, 0x00, 0x63,
            0x00, 0x00, 0x00, 0x00, 0x00, 0x0a, 0x00, 0x01, 0x01, 0x00, 0x00, 0x00, 0x1e, 0x00,
            0x01, 0x00, 0x00, 0x00, 0x01, 0x00, 0x00, 0x00, 0x01, 0xe7, 0xdb, 0xf0, 0x00, 0x95,
            0x00, 0x4a, 0x80, 0x4c, 0x80, 0xc3, 0x80, 0x00, 0x00, 0x1c, 0x00, 0x93, 0x00, 0x00,
            0x40, 0x00, 0x00, 0x00, 0x0b, 0x07, 0x23, 0x0a, 0x01, 0x00, 0x00, 0x00, 0x2d, 0x00,
            0x00, 0x00, 0x09, 0x00, 0x00, 0x00, 0x07, 0x00, 0x00, 0x00, 0x00, 0x00, 0x00, 0x00,
            0x00, 0x04, 0x00, 0x11, 0x00, 0x00, 0x00, 0x00, 0x00, 0x01, 0x01, 0x00, 0x00, 0x00,
            0x00, 0x00, 0x00, 0x00, 0x00, 0x00, 0x00, 0x00, 0x00, 0x00, 0x00, 0x00, 0x00, 0x00,
            0x00, 0x04, 0x00, 0x00, 0x00, 0x0c, 0x00, 0x01, 0x01, 0x00, 0x00, 0x00, 0x16, 0x00,
            0x00, 0x03, 0xff, 0xfd, 0xff, 0x02, 0xfe, 0xfe, 0xfe, 0x00, 0x00, 0x00, 0x00, 0x00,
            0x00, 0x00, 0x00, 0xff, 0x7f, 0xff, 0xac, 0x00, 0x00, 0x00, 0x0d, 0x00, 0x01, 0x01,
            0x00, 0x00, 0x00, 0x16, 0x00, 0x00, 0x03, 0xff, 0xfd, 0xff, 0x02, 0xfe, 0xfe, 0xfe,
            0x00, 0x00, 0x00, 0x00, 0x00, 0x00, 0x00, 0x00, 0xff, 0x7f, 0xff, 0xac, 0x00, 0x00,
            0x00, 0x0e, 0x00, 0x01, 0x01, 0x00, 0x00, 0x00, 0x16, 0x00, 0x00, 0x03, 0xff, 0xfd,
            0xff, 0x02, 0xfe, 0xfe, 0xfe, 0x00, 0x00, 0x00, 0x00, 0x00, 0x00, 0x00, 0x00, 0xff,
            0x7f, 0xff, 0xac, 0x00, 0x00, 0x00, 0x0f, 0x00, 0x01, 0x01, 0x00, 0x00, 0x00, 0x16,
            0x00, 0x00, 0x03, 0xff, 0xfd, 0xff, 0x02, 0xfe, 0xfe, 0xfe, 0x00, 0x00, 0x00, 0x00,
            0x00, 0x00, 0x00, 0x00, 0xff, 0x7f, 0xff, 0xac, 0x00, 0x00, 0x00, 0x10, 0x00, 0x01,
            0x01, 0x00, 0x00, 0x00, 0x16, 0x00, 0x00, 0x03, 0xff, 0xfd, 0xff, 0x02, 0xfe, 0xfe,
            0xfe, 0x00, 0x00, 0x00, 0x00, 0x00, 0x00, 0x00, 0x00, 0xff, 0x7f, 0xff, 0xac, 0x00,
            0x00, 0x00, 0x11, 0x00, 0x01, 0x01, 0x00, 0x00, 0x00, 0x16, 0x00, 0x00, 0x03, 0xff,
            0xfd, 0xff, 0x02, 0xfe, 0xfe, 0xfe, 0x00, 0x00, 0x00, 0x00, 0x00, 0x00, 0x00, 0x00,
            0xff, 0x7f, 0xff, 0xac, 0x00, 0x00, 0x00, 0x12, 0x00, 0x01, 0x01, 0x00, 0x00, 0x00,
            0x16, 0x00, 0x00, 0x03, 0xff, 0xfd, 0xff, 0x02, 0xfe, 0xfe, 0xfe, 0x00, 0x00, 0x00,
            0x00, 0x00, 0x00, 0x00, 0x00, 0xff, 0x7f, 0xff, 0xac, 0x00, 0x00, 0x00, 0x13, 0x00,
            0x01, 0x01, 0x00, 0x00, 0x00, 0x16, 0x00, 0x00, 0x03, 0xff, 0xfd, 0xff, 0x02, 0xfe,
            0xfe, 0xfe, 0x00, 0x00, 0x00, 0x00, 0x00, 0x00, 0x00, 0x00, 0xff, 0x7f, 0xff, 0xac,
            0x00, 0x00, 0x00, 0x14, 0x00, 0x01, 0x01, 0x00, 0x00, 0x00, 0x16, 0x00, 0x00, 0x03,
            0xff, 0xfd, 0xff, 0x02, 0xfe, 0xfe, 0xfe, 0x00, 0x00, 0x00, 0x00, 0x00, 0x00, 0x00,
            0x00, 0xff, 0x7f, 0xff, 0xac, 0x00, 0x00, 0x00, 0x15, 0x00, 0x01, 0x01, 0x00, 0x00,
            0x00, 0x16, 0x00, 0x00, 0x03, 0xff, 0xfd, 0xff, 0x02, 0xfe, 0xfe, 0xfe, 0x00, 0x00,
            0x00, 0x00, 0x00, 0x00, 0x00, 0x00, 0xff, 0x7f, 0xff, 0xac, 0x00, 0x00, 0x00, 0x16,
            0x00, 0x01, 0x01, 0x00, 0x00, 0x00, 0x16, 0x00, 0x00, 0x03, 0xff, 0xfd, 0xff, 0x02,
            0xfe, 0xfe, 0xfe, 0x00, 0x00, 0x00, 0x00, 0x00, 0x00, 0x00, 0x00, 0xff, 0x7f, 0xff,
            0xac, 0x00, 0x00, 0x00, 0x17, 0x00, 0x01, 0x01, 0x00, 0x00, 0x00, 0x16, 0x00, 0x00,
            0x03, 0xff, 0xfd, 0xff, 0x02, 0xfe, 0xfe, 0xfe, 0x00, 0x00, 0x00, 0x00, 0x00, 0x00,
            0x00, 0x00, 0xff, 0x7f, 0xff, 0xac, 0x00, 0x00, 0x00, 0x18, 0x00, 0x01, 0x01, 0x00,
            0x00, 0x00, 0x16, 0x00, 0x00, 0x03, 0xff, 0xfd, 0xff, 0x02, 0xfe, 0xfe, 0xfe, 0x00,
            0x00, 0x00, 0x00, 0x00, 0x00, 0x00, 0x00, 0xff, 0x7f, 0xff, 0xac, 0x00, 0x00, 0x00,
            0x19, 0x00, 0x01, 0x01, 0x00, 0x00, 0x00, 0x16, 0x00, 0x00, 0x03, 0xff, 0xfd, 0xff,
            0x02, 0xfe, 0xfe, 0xfe, 0x00, 0x00, 0x00, 0x00, 0x00, 0x00, 0x00, 0x00, 0xff, 0x7f,
            0xff, 0xac, 0x00, 0x00, 0x00, 0x1a, 0x00, 0x01, 0x01, 0x00, 0x00, 0x00, 0x16, 0x00,
            0x00, 0x03, 0xff, 0xfd, 0xff, 0x02, 0xfe, 0xfe, 0xfe, 0x00, 0x00, 0x00, 0x00, 0x00,
            0x00, 0x00, 0x00, 0xff, 0x7f, 0xff, 0xac, 0x00, 0x00, 0x00, 0x1b, 0x00, 0x01, 0x01,
            0x00, 0x00, 0x00, 0x16, 0x00, 0x00, 0x03, 0xff, 0xfd, 0xff, 0x02, 0xfe, 0xfe, 0xfe,
            0x00, 0x00, 0x00, 0x00, 0x00, 0x00, 0x00, 0x00, 0xff, 0x7f, 0xff, 0xac, 0x00, 0x00,
            0x00, 0x1c, 0x00, 0x01, 0x01, 0x00, 0x00, 0x00, 0x16, 0x00, 0x00, 0x03, 0xff, 0xfd,
            0xff, 0x02, 0xfe, 0xfe, 0xfe, 0x00, 0x00, 0x00, 0x00, 0x00, 0x00, 0x00, 0x00, 0xff,
            0x7f, 0xff, 0xac, 0x00, 0x00, 0x00, 0x1d, 0x00, 0x01, 0x01, 0x00, 0x00, 0x00, 0x16,
            0x00, 0x00, 0x03, 0xff, 0xfd, 0xff, 0x02, 0xfe, 0xfe, 0xfe, 0x00, 0x00, 0x00, 0x00,
            0x00, 0x00, 0x00, 0x00, 0xff, 0x7f, 0xff, 0xac, 0x00, 0x00, 0x00, 0x1e, 0x00, 0x01,
            0x01, 0x00, 0x00, 0x00, 0x16, 0x00, 0x00, 0x03, 0xff, 0xfd, 0xff, 0x02, 0xfe, 0xfe,
            0xfe, 0x00, 0x00, 0x00, 0x00, 0x00, 0x00, 0x00, 0x00, 0xff, 0x7f, 0xff, 0xac, 0x00,
            0x00, 0x00, 0x1f, 0x00, 0x01, 0x01, 0x00, 0x00, 0x00, 0x16, 0x00, 0x00, 0x03, 0xff,
            0xfd, 0xff, 0x02, 0xfe, 0xfe, 0xfe, 0x00, 0x00, 0x00, 0x00, 0x00, 0x00, 0x00, 0x00,
            0xff, 0x7f, 0xff, 0xac, 0x00, 0x00, 0x00, 0x20, 0x00, 0x01, 0x01, 0x00, 0x00, 0x00,
            0x16, 0x00, 0x00, 0x03, 0xff, 0xfd, 0xff, 0x02, 0xfe, 0xfe, 0xfe, 0x00, 0x00, 0x00,
            0x00, 0x00, 0x00, 0x00, 0x00, 0xff, 0x7f, 0xff, 0xac, 0x00, 0x00, 0x00, 0x21, 0x00,
            0x01, 0x01, 0x00, 0x00, 0x00, 0x16, 0x00, 0x00, 0x03, 0xff, 0xfd, 0xff, 0x02, 0xfe,
            0xfe, 0xfe, 0x00, 0x00, 0x00, 0x00, 0x00, 0x00, 0x00, 0x00, 0xff, 0x7f, 0xff, 0xac,
            0x00, 0x00, 0x00, 0x22, 0x00, 0x01, 0x01, 0x00, 0x00, 0x00, 0x16, 0x00, 0x00, 0x03,
            0xff, 0xfd, 0xff, 0x02, 0xfe, 0xfe, 0xfe, 0x00, 0x00, 0x00, 0x00, 0x00, 0x00, 0x00,
            0x00, 0xff, 0x7f, 0xff, 0xac, 0x00, 0x00, 0x00, 0x23, 0x00, 0x01, 0x01, 0x00, 0x00,
            0x00, 0x16, 0x00, 0x00, 0x03, 0xff, 0xfd, 0xff, 0x02, 0xfe, 0xfe, 0xfe, 0x00, 0x00,
            0x00, 0x00, 0x00, 0x00, 0x00, 0x00, 0xff, 0x7f, 0xff, 0xac, 0x00, 0x00, 0x00, 0xff,
            0x3e, 0xe0, 0x00, 0x00, 0x18, 0xff, 0xff, 0xff, 0x21, 0x0c, 0x0d, 0x0e, 0x0f, 0x10,
            0x11, 0x12, 0x13, 0x14, 0x15, 0x16, 0x17, 0x18, 0x19, 0x1a, 0x1b, 0x1c, 0x1d, 0x1e,
            0x1f, 0x20, 0x21, 0x22, 0x23, 0x01, 0x00, 0x00, 0x00, 0x09, 0x20, 0x00, 0x00, 0x00,
            0x52, 0x00, 0x50, 0x00, 0x00,
        ],
    },
    EncodedCase {
        name: "count-24-unused-bit-6-comment-pair",
        data: &[
            0x00, 0x00, 0x00, 0x01, 0x30, 0x01, 0x01, 0x00, 0x00, 0x00, 0x13, 0x00, 0x00, 0x00,
            0x09, 0x00, 0x00, 0x00, 0x07, 0x00, 0x00, 0x00, 0x00, 0x00, 0x00, 0x00, 0x00, 0x63,
            0x00, 0x00, 0x00, 0x00, 0x00, 0x0a, 0x00, 0x01, 0x01, 0x00, 0x00, 0x00, 0x1e, 0x00,
            0x01, 0x00, 0x00, 0x00, 0x01, 0x00, 0x00, 0x00, 0x01, 0xe7, 0xdb, 0xf0, 0x00, 0x95,
            0x00, 0x4a, 0x80, 0x4c, 0x80, 0xc3, 0x80, 0x00, 0x00, 0x1c, 0x00, 0x93, 0x00, 0x00,
            0x40, 0x00, 0x00, 0x00, 0x0b, 0x07, 0x23, 0x0a, 0x01, 0x00, 0x00, 0x00, 0x2d, 0x00,
            0x00, 0x00, 0x09, 0x00, 0x00, 0x00, 0x07, 0x00, 0x00, 0x00, 0x00, 0x00, 0x00, 0x00,
            0x00, 0x04, 0x00, 0x11, 0x00, 0x00, 0x00, 0x00, 0x00, 0x01, 0x01, 0x00, 0x00, 0x00,
            0x00, 0x00, 0x00, 0x00, 0x00, 0x00, 0x00, 0x00, 0x00, 0x00, 0x00, 0x00, 0x00, 0x00,
            0x00, 0x04, 0x00, 0x00, 0x00, 0x0c, 0x00, 0x01, 0x01, 0x00, 0x00, 0x00, 0x16, 0x00,
            0x00, 0x03, 0xff, 0xfd, 0xff, 0x02, 0xfe, 0xfe, 0xfe, 0x00, 0x00, 0x00, 0x00, 0x00,
            0x00, 0x00, 0x00, 0xff, 0x7f, 0xff, 0xac, 0x00, 0x00, 0x00, 0x0d, 0x00, 0x01, 0x01,
            0x00, 0x00, 0x00, 0x16, 0x00, 0x00, 0x03, 0xff, 0xfd, 0xff, 0x02, 0xfe, 0xfe, 0xfe,
            0x00, 0x00, 0x00, 0x00, 0x00, 0x00, 0x00, 0x00, 0xff, 0x7f, 0xff, 0xac, 0x00, 0x00,
            0x00, 0x0e, 0x00, 0x01, 0x01, 0x00, 0x00, 0x00, 0x16, 0x00, 0x00, 0x03, 0xff, 0xfd,
            0xff, 0x02, 0xfe, 0xfe, 0xfe, 0x00, 0x00, 0x00, 0x00, 0x00, 0x00, 0x00, 0x00, 0xff,
            0x7f, 0xff, 0xac, 0x00, 0x00, 0x00, 0x0f, 0x00, 0x01, 0x01, 0x00, 0x00, 0x00, 0x16,
            0x00, 0x00, 0x03, 0xff, 0xfd, 0xff, 0x02, 0xfe, 0xfe, 0xfe, 0x00, 0x00, 0x00, 0x00,
            0x00, 0x00, 0x00, 0x00, 0xff, 0x7f, 0xff, 0xac, 0x00, 0x00, 0x00, 0x10, 0x00, 0x01,
            0x01, 0x00, 0x00, 0x00, 0x16, 0x00, 0x00, 0x03, 0xff, 0xfd, 0xff, 0x02, 0xfe, 0xfe,
            0xfe, 0x00, 0x00, 0x00, 0x00, 0x00, 0x00, 0x00, 0x00, 0xff, 0x7f, 0xff, 0xac, 0x00,
            0x00, 0x00, 0x11, 0x00, 0x01, 0x01, 0x00, 0x00, 0x00, 0x16, 0x00, 0x00, 0x03, 0xff,
            0xfd, 0xff, 0x02, 0xfe, 0xfe, 0xfe, 0x00, 0x00, 0x00, 0x00, 0x00, 0x00, 0x00, 0x00,
            0xff, 0x7f, 0xff, 0xac, 0x00, 0x00, 0x00, 0x12, 0x00, 0x01, 0x01, 0x00, 0x00, 0x00,
            0x16, 0x00, 0x00, 0x03, 0xff, 0xfd, 0xff, 0x02, 0xfe, 0xfe, 0xfe, 0x00, 0x00, 0x00,
            0x00, 0x00, 0x00, 0x00, 0x00, 0xff, 0x7f, 0xff, 0xac, 0x00, 0x00, 0x00, 0x13, 0x00,
            0x01, 0x01, 0x00, 0x00, 0x00, 0x16, 0x00, 0x00, 0x03, 0xff, 0xfd, 0xff, 0x02, 0xfe,
            0xfe, 0xfe, 0x00, 0x00, 0x00, 0x00, 0x00, 0x00, 0x00, 0x00, 0xff, 0x7f, 0xff, 0xac,
            0x00, 0x00, 0x00, 0x14, 0x00, 0x01, 0x01, 0x00, 0x00, 0x00, 0x16, 0x00, 0x00, 0x03,
            0xff, 0xfd, 0xff, 0x02, 0xfe, 0xfe, 0xfe, 0x00, 0x00, 0x00, 0x00, 0x00, 0x00, 0x00,
            0x00, 0xff, 0x7f, 0xff, 0xac, 0x00, 0x00, 0x00, 0x15, 0x00, 0x01, 0x01, 0x00, 0x00,
            0x00, 0x16, 0x00, 0x00, 0x03, 0xff, 0xfd, 0xff, 0x02, 0xfe, 0xfe, 0xfe, 0x00, 0x00,
            0x00, 0x00, 0x00, 0x00, 0x00, 0x00, 0xff, 0x7f, 0xff, 0xac, 0x00, 0x00, 0x00, 0x16,
            0x00, 0x01, 0x01, 0x00, 0x00, 0x00, 0x16, 0x00, 0x00, 0x03, 0xff, 0xfd, 0xff, 0x02,
            0xfe, 0xfe, 0xfe, 0x00, 0x00, 0x00, 0x00, 0x00, 0x00, 0x00, 0x00, 0xff, 0x7f, 0xff,
            0xac, 0x00, 0x00, 0x00, 0x17, 0x00, 0x01, 0x01, 0x00, 0x00, 0x00, 0x16, 0x00, 0x00,
            0x03, 0xff, 0xfd, 0xff, 0x02, 0xfe, 0xfe, 0xfe, 0x00, 0x00, 0x00, 0x00, 0x00, 0x00,
            0x00, 0x00, 0xff, 0x7f, 0xff, 0xac, 0x00, 0x00, 0x00, 0x18, 0x00, 0x01, 0x01, 0x00,
            0x00, 0x00, 0x16, 0x00, 0x00, 0x03, 0xff, 0xfd, 0xff, 0x02, 0xfe, 0xfe, 0xfe, 0x00,
            0x00, 0x00, 0x00, 0x00, 0x00, 0x00, 0x00, 0xff, 0x7f, 0xff, 0xac, 0x00, 0x00, 0x00,
            0x19, 0x00, 0x01, 0x01, 0x00, 0x00, 0x00, 0x16, 0x00, 0x00, 0x03, 0xff, 0xfd, 0xff,
            0x02, 0xfe, 0xfe, 0xfe, 0x00, 0x00, 0x00, 0x00, 0x00, 0x00, 0x00, 0x00, 0xff, 0x7f,
            0xff, 0xac, 0x00, 0x00, 0x00, 0x1a, 0x00, 0x01, 0x01, 0x00, 0x00, 0x00, 0x16, 0x00,
            0x00, 0x03, 0xff, 0xfd, 0xff, 0x02, 0xfe, 0xfe, 0xfe, 0x00, 0x00, 0x00, 0x00, 0x00,
            0x00, 0x00, 0x00, 0xff, 0x7f, 0xff, 0xac, 0x00, 0x00, 0x00, 0x1b, 0x00, 0x01, 0x01,
            0x00, 0x00, 0x00, 0x16, 0x00, 0x00, 0x03, 0xff, 0xfd, 0xff, 0x02, 0xfe, 0xfe, 0xfe,
            0x00, 0x00, 0x00, 0x00, 0x00, 0x00, 0x00, 0x00, 0xff, 0x7f, 0xff, 0xac, 0x00, 0x00,
            0x00, 0x1c, 0x00, 0x01, 0x01, 0x00, 0x00, 0x00, 0x16, 0x00, 0x00, 0x03, 0xff, 0xfd,
            0xff, 0x02, 0xfe, 0xfe, 0xfe, 0x00, 0x00, 0x00, 0x00, 0x00, 0x00, 0x00, 0x00, 0xff,
            0x7f, 0xff, 0xac, 0x00, 0x00, 0x00, 0x1d, 0x00, 0x01, 0x01, 0x00, 0x00, 0x00, 0x16,
            0x00, 0x00, 0x03, 0xff, 0xfd, 0xff, 0x02, 0xfe, 0xfe, 0xfe, 0x00, 0x00, 0x00, 0x00,
            0x00, 0x00, 0x00, 0x00, 0xff, 0x7f, 0xff, 0xac, 0x00, 0x00, 0x00, 0x1e, 0x00, 0x01,
            0x01, 0x00, 0x00, 0x00, 0x16, 0x00, 0x00, 0x03, 0xff, 0xfd, 0xff, 0x02, 0xfe, 0xfe,
            0xfe, 0x00, 0x00, 0x00, 0x00, 0x00, 0x00, 0x00, 0x00, 0xff, 0x7f, 0xff, 0xac, 0x00,
            0x00, 0x00, 0x1f, 0x00, 0x01, 0x01, 0x00, 0x00, 0x00, 0x16, 0x00, 0x00, 0x03, 0xff,
            0xfd, 0xff, 0x02, 0xfe, 0xfe, 0xfe, 0x00, 0x00, 0x00, 0x00, 0x00, 0x00, 0x00, 0x00,
            0xff, 0x7f, 0xff, 0xac, 0x00, 0x00, 0x00, 0x20, 0x00, 0x01, 0x01, 0x00, 0x00, 0x00,
            0x16, 0x00, 0x00, 0x03, 0xff, 0xfd, 0xff, 0x02, 0xfe, 0xfe, 0xfe, 0x00, 0x00, 0x00,
            0x00, 0x00, 0x00, 0x00, 0x00, 0xff, 0x7f, 0xff, 0xac, 0x00, 0x00, 0x00, 0x21, 0x00,
            0x01, 0x01, 0x00, 0x00, 0x00, 0x16, 0x00, 0x00, 0x03, 0xff, 0xfd, 0xff, 0x02, 0xfe,
            0xfe, 0xfe, 0x00, 0x00, 0x00, 0x00, 0x00, 0x00, 0x00, 0x00, 0xff, 0x7f, 0xff, 0xac,
            0x00, 0x00, 0x00, 0x22, 0x00, 0x01, 0x01, 0x00, 0x00, 0x00, 0x16, 0x00, 0x00, 0x03,
            0xff, 0xfd, 0xff, 0x02, 0xfe, 0xfe, 0xfe, 0x00, 0x00, 0x00, 0x00, 0x00, 0x00, 0x00,
            0x00, 0xff, 0x7f, 0xff, 0xac, 0x00, 0x00, 0x00, 0x23, 0x00, 0x01, 0x01, 0x00, 0x00,
            0x00, 0x16, 0x00, 0x00, 0x03, 0xff, 0xfd, 0xff, 0x02, 0xfe, 0xfe, 0xfe, 0x00, 0x00,
            0x00, 0x00, 0x00, 0x00, 0x00, 0x00, 0xff, 0x7f, 0xff, 0xac, 0x00, 0x00, 0x00, 0xff,
            0x3e, 0xe0, 0x00, 0x00, 0x18, 0xff, 0xff, 0xff, 0x41, 0x0c, 0x0d, 0x0e, 0x0f, 0x10,
            0x11, 0x12, 0x13, 0x14, 0x15, 0x16, 0x17, 0x18, 0x19, 0x1a, 0x1b, 0x1c, 0x1d, 0x1e,
            0x1f, 0x20, 0x21, 0x22, 0x23, 0x01, 0x00, 0x00, 0x00, 0x09, 0x20, 0x00, 0x00, 0x00,
            0x52, 0x00, 0x50, 0x00, 0x00,
        ],
    },
    EncodedCase {
        name: "count-24-unused-bit-7-comment-pair",
        data: &[
            0x00, 0x00, 0x00, 0x01, 0x30, 0x01, 0x01, 0x00, 0x00, 0x00, 0x13, 0x00, 0x00, 0x00,
            0x09, 0x00, 0x00, 0x00, 0x07, 0x00, 0x00, 0x00, 0x00, 0x00, 0x00, 0x00, 0x00, 0x63,
            0x00, 0x00, 0x00, 0x00, 0x00, 0x0a, 0x00, 0x01, 0x01, 0x00, 0x00, 0x00, 0x1e, 0x00,
            0x01, 0x00, 0x00, 0x00, 0x01, 0x00, 0x00, 0x00, 0x01, 0xe7, 0xdb, 0xf0, 0x00, 0x95,
            0x00, 0x4a, 0x80, 0x4c, 0x80, 0xc3, 0x80, 0x00, 0x00, 0x1c, 0x00, 0x93, 0x00, 0x00,
            0x40, 0x00, 0x00, 0x00, 0x0b, 0x07, 0x23, 0x0a, 0x01, 0x00, 0x00, 0x00, 0x2d, 0x00,
            0x00, 0x00, 0x09, 0x00, 0x00, 0x00, 0x07, 0x00, 0x00, 0x00, 0x00, 0x00, 0x00, 0x00,
            0x00, 0x04, 0x00, 0x11, 0x00, 0x00, 0x00, 0x00, 0x00, 0x01, 0x01, 0x00, 0x00, 0x00,
            0x00, 0x00, 0x00, 0x00, 0x00, 0x00, 0x00, 0x00, 0x00, 0x00, 0x00, 0x00, 0x00, 0x00,
            0x00, 0x04, 0x00, 0x00, 0x00, 0x0c, 0x00, 0x01, 0x01, 0x00, 0x00, 0x00, 0x16, 0x00,
            0x00, 0x03, 0xff, 0xfd, 0xff, 0x02, 0xfe, 0xfe, 0xfe, 0x00, 0x00, 0x00, 0x00, 0x00,
            0x00, 0x00, 0x00, 0xff, 0x7f, 0xff, 0xac, 0x00, 0x00, 0x00, 0x0d, 0x00, 0x01, 0x01,
            0x00, 0x00, 0x00, 0x16, 0x00, 0x00, 0x03, 0xff, 0xfd, 0xff, 0x02, 0xfe, 0xfe, 0xfe,
            0x00, 0x00, 0x00, 0x00, 0x00, 0x00, 0x00, 0x00, 0xff, 0x7f, 0xff, 0xac, 0x00, 0x00,
            0x00, 0x0e, 0x00, 0x01, 0x01, 0x00, 0x00, 0x00, 0x16, 0x00, 0x00, 0x03, 0xff, 0xfd,
            0xff, 0x02, 0xfe, 0xfe, 0xfe, 0x00, 0x00, 0x00, 0x00, 0x00, 0x00, 0x00, 0x00, 0xff,
            0x7f, 0xff, 0xac, 0x00, 0x00, 0x00, 0x0f, 0x00, 0x01, 0x01, 0x00, 0x00, 0x00, 0x16,
            0x00, 0x00, 0x03, 0xff, 0xfd, 0xff, 0x02, 0xfe, 0xfe, 0xfe, 0x00, 0x00, 0x00, 0x00,
            0x00, 0x00, 0x00, 0x00, 0xff, 0x7f, 0xff, 0xac, 0x00, 0x00, 0x00, 0x10, 0x00, 0x01,
            0x01, 0x00, 0x00, 0x00, 0x16, 0x00, 0x00, 0x03, 0xff, 0xfd, 0xff, 0x02, 0xfe, 0xfe,
            0xfe, 0x00, 0x00, 0x00, 0x00, 0x00, 0x00, 0x00, 0x00, 0xff, 0x7f, 0xff, 0xac, 0x00,
            0x00, 0x00, 0x11, 0x00, 0x01, 0x01, 0x00, 0x00, 0x00, 0x16, 0x00, 0x00, 0x03, 0xff,
            0xfd, 0xff, 0x02, 0xfe, 0xfe, 0xfe, 0x00, 0x00, 0x00, 0x00, 0x00, 0x00, 0x00, 0x00,
            0xff, 0x7f, 0xff, 0xac, 0x00, 0x00, 0x00, 0x12, 0x00, 0x01, 0x01, 0x00, 0x00, 0x00,
            0x16, 0x00, 0x00, 0x03, 0xff, 0xfd, 0xff, 0x02, 0xfe, 0xfe, 0xfe, 0x00, 0x00, 0x00,
            0x00, 0x00, 0x00, 0x00, 0x00, 0xff, 0x7f, 0xff, 0xac, 0x00, 0x00, 0x00, 0x13, 0x00,
            0x01, 0x01, 0x00, 0x00, 0x00, 0x16, 0x00, 0x00, 0x03, 0xff, 0xfd, 0xff, 0x02, 0xfe,
            0xfe, 0xfe, 0x00, 0x00, 0x00, 0x00, 0x00, 0x00, 0x00, 0x00, 0xff, 0x7f, 0xff, 0xac,
            0x00, 0x00, 0x00, 0x14, 0x00, 0x01, 0x01, 0x00, 0x00, 0x00, 0x16, 0x00, 0x00, 0x03,
            0xff, 0xfd, 0xff, 0x02, 0xfe, 0xfe, 0xfe, 0x00, 0x00, 0x00, 0x00, 0x00, 0x00, 0x00,
            0x00, 0xff, 0x7f, 0xff, 0xac, 0x00, 0x00, 0x00, 0x15, 0x00, 0x01, 0x01, 0x00, 0x00,
            0x00, 0x16, 0x00, 0x00, 0x03, 0xff, 0xfd, 0xff, 0x02, 0xfe, 0xfe, 0xfe, 0x00, 0x00,
            0x00, 0x00, 0x00, 0x00, 0x00, 0x00, 0xff, 0x7f, 0xff, 0xac, 0x00, 0x00, 0x00, 0x16,
            0x00, 0x01, 0x01, 0x00, 0x00, 0x00, 0x16, 0x00, 0x00, 0x03, 0xff, 0xfd, 0xff, 0x02,
            0xfe, 0xfe, 0xfe, 0x00, 0x00, 0x00, 0x00, 0x00, 0x00, 0x00, 0x00, 0xff, 0x7f, 0xff,
            0xac, 0x00, 0x00, 0x00, 0x17, 0x00, 0x01, 0x01, 0x00, 0x00, 0x00, 0x16, 0x00, 0x00,
            0x03, 0xff, 0xfd, 0xff, 0x02, 0xfe, 0xfe, 0xfe, 0x00, 0x00, 0x00, 0x00, 0x00, 0x00,
            0x00, 0x00, 0xff, 0x7f, 0xff, 0xac, 0x00, 0x00, 0x00, 0x18, 0x00, 0x01, 0x01, 0x00,
            0x00, 0x00, 0x16, 0x00, 0x00, 0x03, 0xff, 0xfd, 0xff, 0x02, 0xfe, 0xfe, 0xfe, 0x00,
            0x00, 0x00, 0x00, 0x00, 0x00, 0x00, 0x00, 0xff, 0x7f, 0xff, 0xac, 0x00, 0x00, 0x00,
            0x19, 0x00, 0x01, 0x01, 0x00, 0x00, 0x00, 0x16, 0x00, 0x00, 0x03, 0xff, 0xfd, 0xff,
            0x02, 0xfe, 0xfe, 0xfe, 0x00, 0x00, 0x00, 0x00, 0x00, 0x00, 0x00, 0x00, 0xff, 0x7f,
            0xff, 0xac, 0x00, 0x00, 0x00, 0x1a, 0x00, 0x01, 0x01, 0x00, 0x00, 0x00, 0x16, 0x00,
            0x00, 0x03, 0xff, 0xfd, 0xff, 0x02, 0xfe, 0xfe, 0xfe, 0x00, 0x00, 0x00, 0x00, 0x00,
            0x00, 0x00, 0x00, 0xff, 0x7f, 0xff, 0xac, 0x00, 0x00, 0x00, 0x1b, 0x00, 0x01, 0x01,
            0x00, 0x00, 0x00, 0x16, 0x00, 0x00, 0x03, 0xff, 0xfd, 0xff, 0x02, 0xfe, 0xfe, 0xfe,
            0x00, 0x00, 0x00, 0x00, 0x00, 0x00, 0x00, 0x00, 0xff, 0x7f, 0xff, 0xac, 0x00, 0x00,
            0x00, 0x1c, 0x00, 0x01, 0x01, 0x00, 0x00, 0x00, 0x16, 0x00, 0x00, 0x03, 0xff, 0xfd,
            0xff, 0x02, 0xfe, 0xfe, 0xfe, 0x00, 0x00, 0x00, 0x00, 0x00, 0x00, 0x00, 0x00, 0xff,
            0x7f, 0xff, 0xac, 0x00, 0x00, 0x00, 0x1d, 0x00, 0x01, 0x01, 0x00, 0x00, 0x00, 0x16,
            0x00, 0x00, 0x03, 0xff, 0xfd, 0xff, 0x02, 0xfe, 0xfe, 0xfe, 0x00, 0x00, 0x00, 0x00,
            0x00, 0x00, 0x00, 0x00, 0xff, 0x7f, 0xff, 0xac, 0x00, 0x00, 0x00, 0x1e, 0x00, 0x01,
            0x01, 0x00, 0x00, 0x00, 0x16, 0x00, 0x00, 0x03, 0xff, 0xfd, 0xff, 0x02, 0xfe, 0xfe,
            0xfe, 0x00, 0x00, 0x00, 0x00, 0x00, 0x00, 0x00, 0x00, 0xff, 0x7f, 0xff, 0xac, 0x00,
            0x00, 0x00, 0x1f, 0x00, 0x01, 0x01, 0x00, 0x00, 0x00, 0x16, 0x00, 0x00, 0x03, 0xff,
            0xfd, 0xff, 0x02, 0xfe, 0xfe, 0xfe, 0x00, 0x00, 0x00, 0x00, 0x00, 0x00, 0x00, 0x00,
            0xff, 0x7f, 0xff, 0xac, 0x00, 0x00, 0x00, 0x20, 0x00, 0x01, 0x01, 0x00, 0x00, 0x00,
            0x16, 0x00, 0x00, 0x03, 0xff, 0xfd, 0xff, 0x02, 0xfe, 0xfe, 0xfe, 0x00, 0x00, 0x00,
            0x00, 0x00, 0x00, 0x00, 0x00, 0xff, 0x7f, 0xff, 0xac, 0x00, 0x00, 0x00, 0x21, 0x00,
            0x01, 0x01, 0x00, 0x00, 0x00, 0x16, 0x00, 0x00, 0x03, 0xff, 0xfd, 0xff, 0x02, 0xfe,
            0xfe, 0xfe, 0x00, 0x00, 0x00, 0x00, 0x00, 0x00, 0x00, 0x00, 0xff, 0x7f, 0xff, 0xac,
            0x00, 0x00, 0x00, 0x22, 0x00, 0x01, 0x01, 0x00, 0x00, 0x00, 0x16, 0x00, 0x00, 0x03,
            0xff, 0xfd, 0xff, 0x02, 0xfe, 0xfe, 0xfe, 0x00, 0x00, 0x00, 0x00, 0x00, 0x00, 0x00,
            0x00, 0xff, 0x7f, 0xff, 0xac, 0x00, 0x00, 0x00, 0x23, 0x00, 0x01, 0x01, 0x00, 0x00,
            0x00, 0x16, 0x00, 0x00, 0x03, 0xff, 0xfd, 0xff, 0x02, 0xfe, 0xfe, 0xfe, 0x00, 0x00,
            0x00, 0x00, 0x00, 0x00, 0x00, 0x00, 0xff, 0x7f, 0xff, 0xac, 0x00, 0x00, 0x00, 0xff,
            0x3e, 0xe0, 0x00, 0x00, 0x18, 0xff, 0xff, 0xff, 0x81, 0x0c, 0x0d, 0x0e, 0x0f, 0x10,
            0x11, 0x12, 0x13, 0x14, 0x15, 0x16, 0x17, 0x18, 0x19, 0x1a, 0x1b, 0x1c, 0x1d, 0x1e,
            0x1f, 0x20, 0x21, 0x22, 0x23, 0x01, 0x00, 0x00, 0x00, 0x09, 0x20, 0x00, 0x00, 0x00,
            0x52, 0x00, 0x50, 0x00, 0x00,
        ],
    },
    EncodedCase {
        name: "count-32-unused-bit-1-comment-pair",
        data: &[
            0x00, 0x00, 0x00, 0x01, 0x30, 0x01, 0x01, 0x00, 0x00, 0x00, 0x13, 0x00, 0x00, 0x00,
            0x09, 0x00, 0x00, 0x00, 0x07, 0x00, 0x00, 0x00, 0x00, 0x00, 0x00, 0x00, 0x00, 0x63,
            0x00, 0x00, 0x00, 0x00, 0x00, 0x0a, 0x00, 0x01, 0x01, 0x00, 0x00, 0x00, 0x1e, 0x00,
            0x01, 0x00, 0x00, 0x00, 0x01, 0x00, 0x00, 0x00, 0x01, 0xe7, 0xdb, 0xf0, 0x00, 0x95,
            0x00, 0x4a, 0x80, 0x4c, 0x80, 0xc3, 0x80, 0x00, 0x00, 0x1c, 0x00, 0x93, 0x00, 0x00,
            0x40, 0x00, 0x00, 0x00, 0x0b, 0x07, 0x23, 0x0a, 0x01, 0x00, 0x00, 0x00, 0x2d, 0x00,
            0x00, 0x00, 0x09, 0x00, 0x00, 0x00, 0x07, 0x00, 0x00, 0x00, 0x00, 0x00, 0x00, 0x00,
            0x00, 0x04, 0x00, 0x11, 0x00, 0x00, 0x00, 0x00, 0x00, 0x01, 0x01, 0x00, 0x00, 0x00,
            0x00, 0x00, 0x00, 0x00, 0x00, 0x00, 0x00, 0x00, 0x00, 0x00, 0x00, 0x00, 0x00, 0x00,
            0x00, 0x04, 0x00, 0x00, 0x00, 0x0c, 0x00, 0x01, 0x01, 0x00, 0x00, 0x00, 0x16, 0x00,
            0x00, 0x03, 0xff, 0xfd, 0xff, 0x02, 0xfe, 0xfe, 0xfe, 0x00, 0x00, 0x00, 0x00, 0x00,
            0x00, 0x00, 0x00, 0xff, 0x7f, 0xff, 0xac, 0x00, 0x00, 0x00, 0x0d, 0x00, 0x01, 0x01,
            0x00, 0x00, 0x00, 0x16, 0x00, 0x00, 0x03, 0xff, 0xfd, 0xff, 0x02, 0xfe, 0xfe, 0xfe,
            0x00, 0x00, 0x00, 0x00, 0x00, 0x00, 0x00, 0x00, 0xff, 0x7f, 0xff, 0xac, 0x00, 0x00,
            0x00, 0x0e, 0x00, 0x01, 0x01, 0x00, 0x00, 0x00, 0x16, 0x00, 0x00, 0x03, 0xff, 0xfd,
            0xff, 0x02, 0xfe, 0xfe, 0xfe, 0x00, 0x00, 0x00, 0x00, 0x00, 0x00, 0x00, 0x00, 0xff,
            0x7f, 0xff, 0xac, 0x00, 0x00, 0x00, 0x0f, 0x00, 0x01, 0x01, 0x00, 0x00, 0x00, 0x16,
            0x00, 0x00, 0x03, 0xff, 0xfd, 0xff, 0x02, 0xfe, 0xfe, 0xfe, 0x00, 0x00, 0x00, 0x00,
            0x00, 0x00, 0x00, 0x00, 0xff, 0x7f, 0xff, 0xac, 0x00, 0x00, 0x00, 0x10, 0x00, 0x01,
            0x01, 0x00, 0x00, 0x00, 0x16, 0x00, 0x00, 0x03, 0xff, 0xfd, 0xff, 0x02, 0xfe, 0xfe,
            0xfe, 0x00, 0x00, 0x00, 0x00, 0x00, 0x00, 0x00, 0x00, 0xff, 0x7f, 0xff, 0xac, 0x00,
            0x00, 0x00, 0x11, 0x00, 0x01, 0x01, 0x00, 0x00, 0x00, 0x16, 0x00, 0x00, 0x03, 0xff,
            0xfd, 0xff, 0x02, 0xfe, 0xfe, 0xfe, 0x00, 0x00, 0x00, 0x00, 0x00, 0x00, 0x00, 0x00,
            0xff, 0x7f, 0xff, 0xac, 0x00, 0x00, 0x00, 0x12, 0x00, 0x01, 0x01, 0x00, 0x00, 0x00,
            0x16, 0x00, 0x00, 0x03, 0xff, 0xfd, 0xff, 0x02, 0xfe, 0xfe, 0xfe, 0x00, 0x00, 0x00,
            0x00, 0x00, 0x00, 0x00, 0x00, 0xff, 0x7f, 0xff, 0xac, 0x00, 0x00, 0x00, 0x13, 0x00,
            0x01, 0x01, 0x00, 0x00, 0x00, 0x16, 0x00, 0x00, 0x03, 0xff, 0xfd, 0xff, 0x02, 0xfe,
            0xfe, 0xfe, 0x00, 0x00, 0x00, 0x00, 0x00, 0x00, 0x00, 0x00, 0xff, 0x7f, 0xff, 0xac,
            0x00, 0x00, 0x00, 0x14, 0x00, 0x01, 0x01, 0x00, 0x00, 0x00, 0x16, 0x00, 0x00, 0x03,
            0xff, 0xfd, 0xff, 0x02, 0xfe, 0xfe, 0xfe, 0x00, 0x00, 0x00, 0x00, 0x00, 0x00, 0x00,
            0x00, 0xff, 0x7f, 0xff, 0xac, 0x00, 0x00, 0x00, 0x15, 0x00, 0x01, 0x01, 0x00, 0x00,
            0x00, 0x16, 0x00, 0x00, 0x03, 0xff, 0xfd, 0xff, 0x02, 0xfe, 0xfe, 0xfe, 0x00, 0x00,
            0x00, 0x00, 0x00, 0x00, 0x00, 0x00, 0xff, 0x7f, 0xff, 0xac, 0x00, 0x00, 0x00, 0x16,
            0x00, 0x01, 0x01, 0x00, 0x00, 0x00, 0x16, 0x00, 0x00, 0x03, 0xff, 0xfd, 0xff, 0x02,
            0xfe, 0xfe, 0xfe, 0x00, 0x00, 0x00, 0x00, 0x00, 0x00, 0x00, 0x00, 0xff, 0x7f, 0xff,
            0xac, 0x00, 0x00, 0x00, 0x17, 0x00, 0x01, 0x01, 0x00, 0x00, 0x00, 0x16, 0x00, 0x00,
            0x03, 0xff, 0xfd, 0xff, 0x02, 0xfe, 0xfe, 0xfe, 0x00, 0x00, 0x00, 0x00, 0x00, 0x00,
            0x00, 0x00, 0xff, 0x7f, 0xff, 0xac, 0x00, 0x00, 0x00, 0x18, 0x00, 0x01, 0x01, 0x00,
            0x00, 0x00, 0x16, 0x00, 0x00, 0x03, 0xff, 0xfd, 0xff, 0x02, 0xfe, 0xfe, 0xfe, 0x00,
            0x00, 0x00, 0x00, 0x00, 0x00, 0x00, 0x00, 0xff, 0x7f, 0xff, 0xac, 0x00, 0x00, 0x00,
            0x19, 0x00, 0x01, 0x01, 0x00, 0x00, 0x00, 0x16, 0x00, 0x00, 0x03, 0xff, 0xfd, 0xff,
            0x02, 0xfe, 0xfe, 0xfe, 0x00, 0x00, 0x00, 0x00, 0x00, 0x00, 0x00, 0x00, 0xff, 0x7f,
            0xff, 0xac, 0x00, 0x00, 0x00, 0x1a, 0x00, 0x01, 0x01, 0x00, 0x00, 0x00, 0x16, 0x00,
            0x00, 0x03, 0xff, 0xfd, 0xff, 0x02, 0xfe, 0xfe, 0xfe, 0x00, 0x00, 0x00, 0x00, 0x00,
            0x00, 0x00, 0x00, 0xff, 0x7f, 0xff, 0xac, 0x00, 0x00, 0x00, 0x1b, 0x00, 0x01, 0x01,
            0x00, 0x00, 0x00, 0x16, 0x00, 0x00, 0x03, 0xff, 0xfd, 0xff, 0x02, 0xfe, 0xfe, 0xfe,
            0x00, 0x00, 0x00, 0x00, 0x00, 0x00, 0x00, 0x00, 0xff, 0x7f, 0xff, 0xac, 0x00, 0x00,
            0x00, 0x1c, 0x00, 0x01, 0x01, 0x00, 0x00, 0x00, 0x16, 0x00, 0x00, 0x03, 0xff, 0xfd,
            0xff, 0x02, 0xfe, 0xfe, 0xfe, 0x00, 0x00, 0x00, 0x00, 0x00, 0x00, 0x00, 0x00, 0xff,
            0x7f, 0xff, 0xac, 0x00, 0x00, 0x00, 0x1d, 0x00, 0x01, 0x01, 0x00, 0x00, 0x00, 0x16,
            0x00, 0x00, 0x03, 0xff, 0xfd, 0xff, 0x02, 0xfe, 0xfe, 0xfe, 0x00, 0x00, 0x00, 0x00,
            0x00, 0x00, 0x00, 0x00, 0xff, 0x7f, 0xff, 0xac, 0x00, 0x00, 0x00, 0x1e, 0x00, 0x01,
            0x01, 0x00, 0x00, 0x00, 0x16, 0x00, 0x00, 0x03, 0xff, 0xfd, 0xff, 0x02, 0xfe, 0xfe,
            0xfe, 0x00, 0x00, 0x00, 0x00, 0x00, 0x00, 0x00, 0x00, 0xff, 0x7f, 0xff, 0xac, 0x00,
            0x00, 0x00, 0x1f, 0x00, 0x01, 0x01, 0x00, 0x00, 0x00, 0x16, 0x00, 0x00, 0x03, 0xff,
            0xfd, 0xff, 0x02, 0xfe, 0xfe, 0xfe, 0x00, 0x00, 0x00, 0x00, 0x00, 0x00, 0x00, 0x00,
            0xff, 0x7f, 0xff, 0xac, 0x00, 0x00, 0x00, 0x20, 0x00, 0x01, 0x01, 0x00, 0x00, 0x00,
            0x16, 0x00, 0x00, 0x03, 0xff, 0xfd, 0xff, 0x02, 0xfe, 0xfe, 0xfe, 0x00, 0x00, 0x00,
            0x00, 0x00, 0x00, 0x00, 0x00, 0xff, 0x7f, 0xff, 0xac, 0x00, 0x00, 0x00, 0x21, 0x00,
            0x01, 0x01, 0x00, 0x00, 0x00, 0x16, 0x00, 0x00, 0x03, 0xff, 0xfd, 0xff, 0x02, 0xfe,
            0xfe, 0xfe, 0x00, 0x00, 0x00, 0x00, 0x00, 0x00, 0x00, 0x00, 0xff, 0x7f, 0xff, 0xac,
            0x00, 0x00, 0x00, 0x22, 0x00, 0x01, 0x01, 0x00, 0x00, 0x00, 0x16, 0x00, 0x00, 0x03,
            0xff, 0xfd, 0xff, 0x02, 0xfe, 0xfe, 0xfe, 0x00, 0x00, 0x00, 0x00, 0x00, 0x00, 0x00,
            0x00, 0xff, 0x7f, 0xff, 0xac, 0x00, 0x00, 0x00, 0x23, 0x00, 0x01, 0x01, 0x00, 0x00,
            0x00, 0x16, 0x00, 0x00, 0x03, 0xff, 0xfd, 0xff, 0x02, 0xfe, 0xfe, 0xfe, 0x00, 0x00,
            0x00, 0x00, 0x00, 0x00, 0x00, 0x00, 0xff, 0x7f, 0xff, 0xac, 0x00, 0x00, 0x00, 0x24,
            0x00, 0x01, 0x01, 0x00, 0x00, 0x00, 0x16, 0x00, 0x00, 0x03, 0xff, 0xfd, 0xff, 0x02,
            0xfe, 0xfe, 0xfe, 0x00, 0x00, 0x00, 0x00, 0x00, 0x00, 0x00, 0x00, 0xff, 0x7f, 0xff,
            0xac, 0x00, 0x00, 0x00, 0x25, 0x00, 0x01, 0x01, 0x00, 0x00, 0x00, 0x16, 0x00, 0x00,
            0x03, 0xff, 0xfd, 0xff, 0x02, 0xfe, 0xfe, 0xfe, 0x00, 0x00, 0x00, 0x00, 0x00, 0x00,
            0x00, 0x00, 0xff, 0x7f, 0xff, 0xac, 0x00, 0x00, 0x00, 0x26, 0x00, 0x01, 0x01, 0x00,
            0x00, 0x00, 0x16, 0x00, 0x00, 0x03, 0xff, 0xfd, 0xff, 0x02, 0xfe, 0xfe, 0xfe, 0x00,
            0x00, 0x00, 0x00, 0x00, 0x00, 0x00, 0x00, 0xff, 0x7f, 0xff, 0xac, 0x00, 0x00, 0x00,
            0x27, 0x00, 0x01, 0x01, 0x00, 0x00, 0x00, 0x16, 0x00, 0x00, 0x03, 0xff, 0xfd, 0xff,
            0x02, 0xfe, 0xfe, 0xfe, 0x00, 0x00, 0x00, 0x00, 0x00, 0x00, 0x00, 0x00, 0xff, 0x7f,
            0xff, 0xac, 0x00, 0x00, 0x00, 0x28, 0x00, 0x01, 0x01, 0x00, 0x00, 0x00, 0x16, 0x00,
            0x00, 0x03, 0xff, 0xfd, 0xff, 0x02, 0xfe, 0xfe, 0xfe, 0x00, 0x00, 0x00, 0x00, 0x00,
            0x00, 0x00, 0x00, 0xff, 0x7f, 0xff, 0xac, 0x00, 0x00, 0x00, 0x29, 0x00, 0x01, 0x01,
            0x00, 0x00, 0x00, 0x16, 0x00, 0x00, 0x03, 0xff, 0xfd, 0xff, 0x02, 0xfe, 0xfe, 0xfe,
            0x00, 0x00, 0x00, 0x00, 0x00, 0x00, 0x00, 0x00, 0xff, 0x7f, 0xff, 0xac, 0x00, 0x00,
            0x00, 0x2a, 0x00, 0x01, 0x01, 0x00, 0x00, 0x00, 0x16, 0x00, 0x00, 0x03, 0xff, 0xfd,
            0xff, 0x02, 0xfe, 0xfe, 0xfe, 0x00, 0x00, 0x00, 0x00, 0x00, 0x00, 0x00, 0x00, 0xff,
            0x7f, 0xff, 0xac, 0x00, 0x00, 0x00, 0x2b, 0x00, 0x01, 0x01, 0x00, 0x00, 0x00, 0x16,
            0x00, 0x00, 0x03, 0xff, 0xfd, 0xff, 0x02, 0xfe, 0xfe, 0xfe, 0x00, 0x00, 0x00, 0x00,
            0x00, 0x00, 0x00, 0x00, 0xff, 0x7f, 0xff, 0xac, 0x00, 0x00, 0x00, 0xff, 0x3e, 0xe0,
            0x00, 0x00, 0x20, 0xff, 0xff, 0xff, 0xff, 0x03, 0x0c, 0x0d, 0x0e, 0x0f, 0x10, 0x11,
            0x12, 0x13, 0x14, 0x15, 0x16, 0x17, 0x18, 0x19, 0x1a, 0x1b, 0x1c, 0x1d, 0x1e, 0x1f,
            0x20, 0x21, 0x22, 0x23, 0x24, 0x25, 0x26, 0x27, 0x28, 0x29, 0x2a, 0x2b, 0x01, 0x00,
            0x00, 0x00, 0x09, 0x20, 0x00, 0x00, 0x00, 0x52, 0x00, 0x50, 0x00, 0x00,
        ],
    },
    EncodedCase {
        name: "count-32-unused-bit-2-comment-pair",
        data: &[
            0x00, 0x00, 0x00, 0x01, 0x30, 0x01, 0x01, 0x00, 0x00, 0x00, 0x13, 0x00, 0x00, 0x00,
            0x09, 0x00, 0x00, 0x00, 0x07, 0x00, 0x00, 0x00, 0x00, 0x00, 0x00, 0x00, 0x00, 0x63,
            0x00, 0x00, 0x00, 0x00, 0x00, 0x0a, 0x00, 0x01, 0x01, 0x00, 0x00, 0x00, 0x1e, 0x00,
            0x01, 0x00, 0x00, 0x00, 0x01, 0x00, 0x00, 0x00, 0x01, 0xe7, 0xdb, 0xf0, 0x00, 0x95,
            0x00, 0x4a, 0x80, 0x4c, 0x80, 0xc3, 0x80, 0x00, 0x00, 0x1c, 0x00, 0x93, 0x00, 0x00,
            0x40, 0x00, 0x00, 0x00, 0x0b, 0x07, 0x23, 0x0a, 0x01, 0x00, 0x00, 0x00, 0x2d, 0x00,
            0x00, 0x00, 0x09, 0x00, 0x00, 0x00, 0x07, 0x00, 0x00, 0x00, 0x00, 0x00, 0x00, 0x00,
            0x00, 0x04, 0x00, 0x11, 0x00, 0x00, 0x00, 0x00, 0x00, 0x01, 0x01, 0x00, 0x00, 0x00,
            0x00, 0x00, 0x00, 0x00, 0x00, 0x00, 0x00, 0x00, 0x00, 0x00, 0x00, 0x00, 0x00, 0x00,
            0x00, 0x04, 0x00, 0x00, 0x00, 0x0c, 0x00, 0x01, 0x01, 0x00, 0x00, 0x00, 0x16, 0x00,
            0x00, 0x03, 0xff, 0xfd, 0xff, 0x02, 0xfe, 0xfe, 0xfe, 0x00, 0x00, 0x00, 0x00, 0x00,
            0x00, 0x00, 0x00, 0xff, 0x7f, 0xff, 0xac, 0x00, 0x00, 0x00, 0x0d, 0x00, 0x01, 0x01,
            0x00, 0x00, 0x00, 0x16, 0x00, 0x00, 0x03, 0xff, 0xfd, 0xff, 0x02, 0xfe, 0xfe, 0xfe,
            0x00, 0x00, 0x00, 0x00, 0x00, 0x00, 0x00, 0x00, 0xff, 0x7f, 0xff, 0xac, 0x00, 0x00,
            0x00, 0x0e, 0x00, 0x01, 0x01, 0x00, 0x00, 0x00, 0x16, 0x00, 0x00, 0x03, 0xff, 0xfd,
            0xff, 0x02, 0xfe, 0xfe, 0xfe, 0x00, 0x00, 0x00, 0x00, 0x00, 0x00, 0x00, 0x00, 0xff,
            0x7f, 0xff, 0xac, 0x00, 0x00, 0x00, 0x0f, 0x00, 0x01, 0x01, 0x00, 0x00, 0x00, 0x16,
            0x00, 0x00, 0x03, 0xff, 0xfd, 0xff, 0x02, 0xfe, 0xfe, 0xfe, 0x00, 0x00, 0x00, 0x00,
            0x00, 0x00, 0x00, 0x00, 0xff, 0x7f, 0xff, 0xac, 0x00, 0x00, 0x00, 0x10, 0x00, 0x01,
            0x01, 0x00, 0x00, 0x00, 0x16, 0x00, 0x00, 0x03, 0xff, 0xfd, 0xff, 0x02, 0xfe, 0xfe,
            0xfe, 0x00, 0x00, 0x00, 0x00, 0x00, 0x00, 0x00, 0x00, 0xff, 0x7f, 0xff, 0xac, 0x00,
            0x00, 0x00, 0x11, 0x00, 0x01, 0x01, 0x00, 0x00, 0x00, 0x16, 0x00, 0x00, 0x03, 0xff,
            0xfd, 0xff, 0x02, 0xfe, 0xfe, 0xfe, 0x00, 0x00, 0x00, 0x00, 0x00, 0x00, 0x00, 0x00,
            0xff, 0x7f, 0xff, 0xac, 0x00, 0x00, 0x00, 0x12, 0x00, 0x01, 0x01, 0x00, 0x00, 0x00,
            0x16, 0x00, 0x00, 0x03, 0xff, 0xfd, 0xff, 0x02, 0xfe, 0xfe, 0xfe, 0x00, 0x00, 0x00,
            0x00, 0x00, 0x00, 0x00, 0x00, 0xff, 0x7f, 0xff, 0xac, 0x00, 0x00, 0x00, 0x13, 0x00,
            0x01, 0x01, 0x00, 0x00, 0x00, 0x16, 0x00, 0x00, 0x03, 0xff, 0xfd, 0xff, 0x02, 0xfe,
            0xfe, 0xfe, 0x00, 0x00, 0x00, 0x00, 0x00, 0x00, 0x00, 0x00, 0xff, 0x7f, 0xff, 0xac,
            0x00, 0x00, 0x00, 0x14, 0x00, 0x01, 0x01, 0x00, 0x00, 0x00, 0x16, 0x00, 0x00, 0x03,
            0xff, 0xfd, 0xff, 0x02, 0xfe, 0xfe, 0xfe, 0x00, 0x00, 0x00, 0x00, 0x00, 0x00, 0x00,
            0x00, 0xff, 0x7f, 0xff, 0xac, 0x00, 0x00, 0x00, 0x15, 0x00, 0x01, 0x01, 0x00, 0x00,
            0x00, 0x16, 0x00, 0x00, 0x03, 0xff, 0xfd, 0xff, 0x02, 0xfe, 0xfe, 0xfe, 0x00, 0x00,
            0x00, 0x00, 0x00, 0x00, 0x00, 0x00, 0xff, 0x7f, 0xff, 0xac, 0x00, 0x00, 0x00, 0x16,
            0x00, 0x01, 0x01, 0x00, 0x00, 0x00, 0x16, 0x00, 0x00, 0x03, 0xff, 0xfd, 0xff, 0x02,
            0xfe, 0xfe, 0xfe, 0x00, 0x00, 0x00, 0x00, 0x00, 0x00, 0x00, 0x00, 0xff, 0x7f, 0xff,
            0xac, 0x00, 0x00, 0x00, 0x17, 0x00, 0x01, 0x01, 0x00, 0x00, 0x00, 0x16, 0x00, 0x00,
            0x03, 0xff, 0xfd, 0xff, 0x02, 0xfe, 0xfe, 0xfe, 0x00, 0x00, 0x00, 0x00, 0x00, 0x00,
            0x00, 0x00, 0xff, 0x7f, 0xff, 0xac, 0x00, 0x00, 0x00, 0x18, 0x00, 0x01, 0x01, 0x00,
            0x00, 0x00, 0x16, 0x00, 0x00, 0x03, 0xff, 0xfd, 0xff, 0x02, 0xfe, 0xfe, 0xfe, 0x00,
            0x00, 0x00, 0x00, 0x00, 0x00, 0x00, 0x00, 0xff, 0x7f, 0xff, 0xac, 0x00, 0x00, 0x00,
            0x19, 0x00, 0x01, 0x01, 0x00, 0x00, 0x00, 0x16, 0x00, 0x00, 0x03, 0xff, 0xfd, 0xff,
            0x02, 0xfe, 0xfe, 0xfe, 0x00, 0x00, 0x00, 0x00, 0x00, 0x00, 0x00, 0x00, 0xff, 0x7f,
            0xff, 0xac, 0x00, 0x00, 0x00, 0x1a, 0x00, 0x01, 0x01, 0x00, 0x00, 0x00, 0x16, 0x00,
            0x00, 0x03, 0xff, 0xfd, 0xff, 0x02, 0xfe, 0xfe, 0xfe, 0x00, 0x00, 0x00, 0x00, 0x00,
            0x00, 0x00, 0x00, 0xff, 0x7f, 0xff, 0xac, 0x00, 0x00, 0x00, 0x1b, 0x00, 0x01, 0x01,
            0x00, 0x00, 0x00, 0x16, 0x00, 0x00, 0x03, 0xff, 0xfd, 0xff, 0x02, 0xfe, 0xfe, 0xfe,
            0x00, 0x00, 0x00, 0x00, 0x00, 0x00, 0x00, 0x00, 0xff, 0x7f, 0xff, 0xac, 0x00, 0x00,
            0x00, 0x1c, 0x00, 0x01, 0x01, 0x00, 0x00, 0x00, 0x16, 0x00, 0x00, 0x03, 0xff, 0xfd,
            0xff, 0x02, 0xfe, 0xfe, 0xfe, 0x00, 0x00, 0x00, 0x00, 0x00, 0x00, 0x00, 0x00, 0xff,
            0x7f, 0xff, 0xac, 0x00, 0x00, 0x00, 0x1d, 0x00, 0x01, 0x01, 0x00, 0x00, 0x00, 0x16,
            0x00, 0x00, 0x03, 0xff, 0xfd, 0xff, 0x02, 0xfe, 0xfe, 0xfe, 0x00, 0x00, 0x00, 0x00,
            0x00, 0x00, 0x00, 0x00, 0xff, 0x7f, 0xff, 0xac, 0x00, 0x00, 0x00, 0x1e, 0x00, 0x01,
            0x01, 0x00, 0x00, 0x00, 0x16, 0x00, 0x00, 0x03, 0xff, 0xfd, 0xff, 0x02, 0xfe, 0xfe,
            0xfe, 0x00, 0x00, 0x00, 0x00, 0x00, 0x00, 0x00, 0x00, 0xff, 0x7f, 0xff, 0xac, 0x00,
            0x00, 0x00, 0x1f, 0x00, 0x01, 0x01, 0x00, 0x00, 0x00, 0x16, 0x00, 0x00, 0x03, 0xff,
            0xfd, 0xff, 0x02, 0xfe, 0xfe, 0xfe, 0x00, 0x00, 0x00, 0x00, 0x00, 0x00, 0x00, 0x00,
            0xff, 0x7f, 0xff, 0xac, 0x00, 0x00, 0x00, 0x20, 0x00, 0x01, 0x01, 0x00, 0x00, 0x00,
            0x16, 0x00, 0x00, 0x03, 0xff, 0xfd, 0xff, 0x02, 0xfe, 0xfe, 0xfe, 0x00, 0x00, 0x00,
            0x00, 0x00, 0x00, 0x00, 0x00, 0xff, 0x7f, 0xff, 0xac, 0x00, 0x00, 0x00, 0x21, 0x00,
            0x01, 0x01, 0x00, 0x00, 0x00, 0x16, 0x00, 0x00, 0x03, 0xff, 0xfd, 0xff, 0x02, 0xfe,
            0xfe, 0xfe, 0x00, 0x00, 0x00, 0x00, 0x00, 0x00, 0x00, 0x00, 0xff, 0x7f, 0xff, 0xac,
            0x00, 0x00, 0x00, 0x22, 0x00, 0x01, 0x01, 0x00, 0x00, 0x00, 0x16, 0x00, 0x00, 0x03,
            0xff, 0xfd, 0xff, 0x02, 0xfe, 0xfe, 0xfe, 0x00, 0x00, 0x00, 0x00, 0x00, 0x00, 0x00,
            0x00, 0xff, 0x7f, 0xff, 0xac, 0x00, 0x00, 0x00, 0x23, 0x00, 0x01, 0x01, 0x00, 0x00,
            0x00, 0x16, 0x00, 0x00, 0x03, 0xff, 0xfd, 0xff, 0x02, 0xfe, 0xfe, 0xfe, 0x00, 0x00,
            0x00, 0x00, 0x00, 0x00, 0x00, 0x00, 0xff, 0x7f, 0xff, 0xac, 0x00, 0x00, 0x00, 0x24,
            0x00, 0x01, 0x01, 0x00, 0x00, 0x00, 0x16, 0x00, 0x00, 0x03, 0xff, 0xfd, 0xff, 0x02,
            0xfe, 0xfe, 0xfe, 0x00, 0x00, 0x00, 0x00, 0x00, 0x00, 0x00, 0x00, 0xff, 0x7f, 0xff,
            0xac, 0x00, 0x00, 0x00, 0x25, 0x00, 0x01, 0x01, 0x00, 0x00, 0x00, 0x16, 0x00, 0x00,
            0x03, 0xff, 0xfd, 0xff, 0x02, 0xfe, 0xfe, 0xfe, 0x00, 0x00, 0x00, 0x00, 0x00, 0x00,
            0x00, 0x00, 0xff, 0x7f, 0xff, 0xac, 0x00, 0x00, 0x00, 0x26, 0x00, 0x01, 0x01, 0x00,
            0x00, 0x00, 0x16, 0x00, 0x00, 0x03, 0xff, 0xfd, 0xff, 0x02, 0xfe, 0xfe, 0xfe, 0x00,
            0x00, 0x00, 0x00, 0x00, 0x00, 0x00, 0x00, 0xff, 0x7f, 0xff, 0xac, 0x00, 0x00, 0x00,
            0x27, 0x00, 0x01, 0x01, 0x00, 0x00, 0x00, 0x16, 0x00, 0x00, 0x03, 0xff, 0xfd, 0xff,
            0x02, 0xfe, 0xfe, 0xfe, 0x00, 0x00, 0x00, 0x00, 0x00, 0x00, 0x00, 0x00, 0xff, 0x7f,
            0xff, 0xac, 0x00, 0x00, 0x00, 0x28, 0x00, 0x01, 0x01, 0x00, 0x00, 0x00, 0x16, 0x00,
            0x00, 0x03, 0xff, 0xfd, 0xff, 0x02, 0xfe, 0xfe, 0xfe, 0x00, 0x00, 0x00, 0x00, 0x00,
            0x00, 0x00, 0x00, 0xff, 0x7f, 0xff, 0xac, 0x00, 0x00, 0x00, 0x29, 0x00, 0x01, 0x01,
            0x00, 0x00, 0x00, 0x16, 0x00, 0x00, 0x03, 0xff, 0xfd, 0xff, 0x02, 0xfe, 0xfe, 0xfe,
            0x00, 0x00, 0x00, 0x00, 0x00, 0x00, 0x00, 0x00, 0xff, 0x7f, 0xff, 0xac, 0x00, 0x00,
            0x00, 0x2a, 0x00, 0x01, 0x01, 0x00, 0x00, 0x00, 0x16, 0x00, 0x00, 0x03, 0xff, 0xfd,
            0xff, 0x02, 0xfe, 0xfe, 0xfe, 0x00, 0x00, 0x00, 0x00, 0x00, 0x00, 0x00, 0x00, 0xff,
            0x7f, 0xff, 0xac, 0x00, 0x00, 0x00, 0x2b, 0x00, 0x01, 0x01, 0x00, 0x00, 0x00, 0x16,
            0x00, 0x00, 0x03, 0xff, 0xfd, 0xff, 0x02, 0xfe, 0xfe, 0xfe, 0x00, 0x00, 0x00, 0x00,
            0x00, 0x00, 0x00, 0x00, 0xff, 0x7f, 0xff, 0xac, 0x00, 0x00, 0x00, 0xff, 0x3e, 0xe0,
            0x00, 0x00, 0x20, 0xff, 0xff, 0xff, 0xff, 0x05, 0x0c, 0x0d, 0x0e, 0x0f, 0x10, 0x11,
            0x12, 0x13, 0x14, 0x15, 0x16, 0x17, 0x18, 0x19, 0x1a, 0x1b, 0x1c, 0x1d, 0x1e, 0x1f,
            0x20, 0x21, 0x22, 0x23, 0x24, 0x25, 0x26, 0x27, 0x28, 0x29, 0x2a, 0x2b, 0x01, 0x00,
            0x00, 0x00, 0x09, 0x20, 0x00, 0x00, 0x00, 0x52, 0x00, 0x50, 0x00, 0x00,
        ],
    },
    EncodedCase {
        name: "count-32-unused-bit-3-comment-pair",
        data: &[
            0x00, 0x00, 0x00, 0x01, 0x30, 0x01, 0x01, 0x00, 0x00, 0x00, 0x13, 0x00, 0x00, 0x00,
            0x09, 0x00, 0x00, 0x00, 0x07, 0x00, 0x00, 0x00, 0x00, 0x00, 0x00, 0x00, 0x00, 0x63,
            0x00, 0x00, 0x00, 0x00, 0x00, 0x0a, 0x00, 0x01, 0x01, 0x00, 0x00, 0x00, 0x1e, 0x00,
            0x01, 0x00, 0x00, 0x00, 0x01, 0x00, 0x00, 0x00, 0x01, 0xe7, 0xdb, 0xf0, 0x00, 0x95,
            0x00, 0x4a, 0x80, 0x4c, 0x80, 0xc3, 0x80, 0x00, 0x00, 0x1c, 0x00, 0x93, 0x00, 0x00,
            0x40, 0x00, 0x00, 0x00, 0x0b, 0x07, 0x23, 0x0a, 0x01, 0x00, 0x00, 0x00, 0x2d, 0x00,
            0x00, 0x00, 0x09, 0x00, 0x00, 0x00, 0x07, 0x00, 0x00, 0x00, 0x00, 0x00, 0x00, 0x00,
            0x00, 0x04, 0x00, 0x11, 0x00, 0x00, 0x00, 0x00, 0x00, 0x01, 0x01, 0x00, 0x00, 0x00,
            0x00, 0x00, 0x00, 0x00, 0x00, 0x00, 0x00, 0x00, 0x00, 0x00, 0x00, 0x00, 0x00, 0x00,
            0x00, 0x04, 0x00, 0x00, 0x00, 0x0c, 0x00, 0x01, 0x01, 0x00, 0x00, 0x00, 0x16, 0x00,
            0x00, 0x03, 0xff, 0xfd, 0xff, 0x02, 0xfe, 0xfe, 0xfe, 0x00, 0x00, 0x00, 0x00, 0x00,
            0x00, 0x00, 0x00, 0xff, 0x7f, 0xff, 0xac, 0x00, 0x00, 0x00, 0x0d, 0x00, 0x01, 0x01,
            0x00, 0x00, 0x00, 0x16, 0x00, 0x00, 0x03, 0xff, 0xfd, 0xff, 0x02, 0xfe, 0xfe, 0xfe,
            0x00, 0x00, 0x00, 0x00, 0x00, 0x00, 0x00, 0x00, 0xff, 0x7f, 0xff, 0xac, 0x00, 0x00,
            0x00, 0x0e, 0x00, 0x01, 0x01, 0x00, 0x00, 0x00, 0x16, 0x00, 0x00, 0x03, 0xff, 0xfd,
            0xff, 0x02, 0xfe, 0xfe, 0xfe, 0x00, 0x00, 0x00, 0x00, 0x00, 0x00, 0x00, 0x00, 0xff,
            0x7f, 0xff, 0xac, 0x00, 0x00, 0x00, 0x0f, 0x00, 0x01, 0x01, 0x00, 0x00, 0x00, 0x16,
            0x00, 0x00, 0x03, 0xff, 0xfd, 0xff, 0x02, 0xfe, 0xfe, 0xfe, 0x00, 0x00, 0x00, 0x00,
            0x00, 0x00, 0x00, 0x00, 0xff, 0x7f, 0xff, 0xac, 0x00, 0x00, 0x00, 0x10, 0x00, 0x01,
            0x01, 0x00, 0x00, 0x00, 0x16, 0x00, 0x00, 0x03, 0xff, 0xfd, 0xff, 0x02, 0xfe, 0xfe,
            0xfe, 0x00, 0x00, 0x00, 0x00, 0x00, 0x00, 0x00, 0x00, 0xff, 0x7f, 0xff, 0xac, 0x00,
            0x00, 0x00, 0x11, 0x00, 0x01, 0x01, 0x00, 0x00, 0x00, 0x16, 0x00, 0x00, 0x03, 0xff,
            0xfd, 0xff, 0x02, 0xfe, 0xfe, 0xfe, 0x00, 0x00, 0x00, 0x00, 0x00, 0x00, 0x00, 0x00,
            0xff, 0x7f, 0xff, 0xac, 0x00, 0x00, 0x00, 0x12, 0x00, 0x01, 0x01, 0x00, 0x00, 0x00,
            0x16, 0x00, 0x00, 0x03, 0xff, 0xfd, 0xff, 0x02, 0xfe, 0xfe, 0xfe, 0x00, 0x00, 0x00,
            0x00, 0x00, 0x00, 0x00, 0x00, 0xff, 0x7f, 0xff, 0xac, 0x00, 0x00, 0x00, 0x13, 0x00,
            0x01, 0x01, 0x00, 0x00, 0x00, 0x16, 0x00, 0x00, 0x03, 0xff, 0xfd, 0xff, 0x02, 0xfe,
            0xfe, 0xfe, 0x00, 0x00, 0x00, 0x00, 0x00, 0x00, 0x00, 0x00, 0xff, 0x7f, 0xff, 0xac,
            0x00, 0x00, 0x00, 0x14, 0x00, 0x01, 0x01, 0x00, 0x00, 0x00, 0x16, 0x00, 0x00, 0x03,
            0xff, 0xfd, 0xff, 0x02, 0xfe, 0xfe, 0xfe, 0x00, 0x00, 0x00, 0x00, 0x00, 0x00, 0x00,
            0x00, 0xff, 0x7f, 0xff, 0xac, 0x00, 0x00, 0x00, 0x15, 0x00, 0x01, 0x01, 0x00, 0x00,
            0x00, 0x16, 0x00, 0x00, 0x03, 0xff, 0xfd, 0xff, 0x02, 0xfe, 0xfe, 0xfe, 0x00, 0x00,
            0x00, 0x00, 0x00, 0x00, 0x00, 0x00, 0xff, 0x7f, 0xff, 0xac, 0x00, 0x00, 0x00, 0x16,
            0x00, 0x01, 0x01, 0x00, 0x00, 0x00, 0x16, 0x00, 0x00, 0x03, 0xff, 0xfd, 0xff, 0x02,
            0xfe, 0xfe, 0xfe, 0x00, 0x00, 0x00, 0x00, 0x00, 0x00, 0x00, 0x00, 0xff, 0x7f, 0xff,
            0xac, 0x00, 0x00, 0x00, 0x17, 0x00, 0x01, 0x01, 0x00, 0x00, 0x00, 0x16, 0x00, 0x00,
            0x03, 0xff, 0xfd, 0xff, 0x02, 0xfe, 0xfe, 0xfe, 0x00, 0x00, 0x00, 0x00, 0x00, 0x00,
            0x00, 0x00, 0xff, 0x7f, 0xff, 0xac, 0x00, 0x00, 0x00, 0x18, 0x00, 0x01, 0x01, 0x00,
            0x00, 0x00, 0x16, 0x00, 0x00, 0x03, 0xff, 0xfd, 0xff, 0x02, 0xfe, 0xfe, 0xfe, 0x00,
            0x00, 0x00, 0x00, 0x00, 0x00, 0x00, 0x00, 0xff, 0x7f, 0xff, 0xac, 0x00, 0x00, 0x00,
            0x19, 0x00, 0x01, 0x01, 0x00, 0x00, 0x00, 0x16, 0x00, 0x00, 0x03, 0xff, 0xfd, 0xff,
            0x02, 0xfe, 0xfe, 0xfe, 0x00, 0x00, 0x00, 0x00, 0x00, 0x00, 0x00, 0x00, 0xff, 0x7f,
            0xff, 0xac, 0x00, 0x00, 0x00, 0x1a, 0x00, 0x01, 0x01, 0x00, 0x00, 0x00, 0x16, 0x00,
            0x00, 0x03, 0xff, 0xfd, 0xff, 0x02, 0xfe, 0xfe, 0xfe, 0x00, 0x00, 0x00, 0x00, 0x00,
            0x00, 0x00, 0x00, 0xff, 0x7f, 0xff, 0xac, 0x00, 0x00, 0x00, 0x1b, 0x00, 0x01, 0x01,
            0x00, 0x00, 0x00, 0x16, 0x00, 0x00, 0x03, 0xff, 0xfd, 0xff, 0x02, 0xfe, 0xfe, 0xfe,
            0x00, 0x00, 0x00, 0x00, 0x00, 0x00, 0x00, 0x00, 0xff, 0x7f, 0xff, 0xac, 0x00, 0x00,
            0x00, 0x1c, 0x00, 0x01, 0x01, 0x00, 0x00, 0x00, 0x16, 0x00, 0x00, 0x03, 0xff, 0xfd,
            0xff, 0x02, 0xfe, 0xfe, 0xfe, 0x00, 0x00, 0x00, 0x00, 0x00, 0x00, 0x00, 0x00, 0xff,
            0x7f, 0xff, 0xac, 0x00, 0x00, 0x00, 0x1d, 0x00, 0x01, 0x01, 0x00, 0x00, 0x00, 0x16,
            0x00, 0x00, 0x03, 0xff, 0xfd, 0xff, 0x02, 0xfe, 0xfe, 0xfe, 0x00, 0x00, 0x00, 0x00,
            0x00, 0x00, 0x00, 0x00, 0xff, 0x7f, 0xff, 0xac, 0x00, 0x00, 0x00, 0x1e, 0x00, 0x01,
            0x01, 0x00, 0x00, 0x00, 0x16, 0x00, 0x00, 0x03, 0xff, 0xfd, 0xff, 0x02, 0xfe, 0xfe,
            0xfe, 0x00, 0x00, 0x00, 0x00, 0x00, 0x00, 0x00, 0x00, 0xff, 0x7f, 0xff, 0xac, 0x00,
            0x00, 0x00, 0x1f, 0x00, 0x01, 0x01, 0x00, 0x00, 0x00, 0x16, 0x00, 0x00, 0x03, 0xff,
            0xfd, 0xff, 0x02, 0xfe, 0xfe, 0xfe, 0x00, 0x00, 0x00, 0x00, 0x00, 0x00, 0x00, 0x00,
            0xff, 0x7f, 0xff, 0xac, 0x00, 0x00, 0x00, 0x20, 0x00, 0x01, 0x01, 0x00, 0x00, 0x00,
            0x16, 0x00, 0x00, 0x03, 0xff, 0xfd, 0xff, 0x02, 0xfe, 0xfe, 0xfe, 0x00, 0x00, 0x00,
            0x00, 0x00, 0x00, 0x00, 0x00, 0xff, 0x7f, 0xff, 0xac, 0x00, 0x00, 0x00, 0x21, 0x00,
            0x01, 0x01, 0x00, 0x00, 0x00, 0x16, 0x00, 0x00, 0x03, 0xff, 0xfd, 0xff, 0x02, 0xfe,
            0xfe, 0xfe, 0x00, 0x00, 0x00, 0x00, 0x00, 0x00, 0x00, 0x00, 0xff, 0x7f, 0xff, 0xac,
            0x00, 0x00, 0x00, 0x22, 0x00, 0x01, 0x01, 0x00, 0x00, 0x00, 0x16, 0x00, 0x00, 0x03,
            0xff, 0xfd, 0xff, 0x02, 0xfe, 0xfe, 0xfe, 0x00, 0x00, 0x00, 0x00, 0x00, 0x00, 0x00,
            0x00, 0xff, 0x7f, 0xff, 0xac, 0x00, 0x00, 0x00, 0x23, 0x00, 0x01, 0x01, 0x00, 0x00,
            0x00, 0x16, 0x00, 0x00, 0x03, 0xff, 0xfd, 0xff, 0x02, 0xfe, 0xfe, 0xfe, 0x00, 0x00,
            0x00, 0x00, 0x00, 0x00, 0x00, 0x00, 0xff, 0x7f, 0xff, 0xac, 0x00, 0x00, 0x00, 0x24,
            0x00, 0x01, 0x01, 0x00, 0x00, 0x00, 0x16, 0x00, 0x00, 0x03, 0xff, 0xfd, 0xff, 0x02,
            0xfe, 0xfe, 0xfe, 0x00, 0x00, 0x00, 0x00, 0x00, 0x00, 0x00, 0x00, 0xff, 0x7f, 0xff,
            0xac, 0x00, 0x00, 0x00, 0x25, 0x00, 0x01, 0x01, 0x00, 0x00, 0x00, 0x16, 0x00, 0x00,
            0x03, 0xff, 0xfd, 0xff, 0x02, 0xfe, 0xfe, 0xfe, 0x00, 0x00, 0x00, 0x00, 0x00, 0x00,
            0x00, 0x00, 0xff, 0x7f, 0xff, 0xac, 0x00, 0x00, 0x00, 0x26, 0x00, 0x01, 0x01, 0x00,
            0x00, 0x00, 0x16, 0x00, 0x00, 0x03, 0xff, 0xfd, 0xff, 0x02, 0xfe, 0xfe, 0xfe, 0x00,
            0x00, 0x00, 0x00, 0x00, 0x00, 0x00, 0x00, 0xff, 0x7f, 0xff, 0xac, 0x00, 0x00, 0x00,
            0x27, 0x00, 0x01, 0x01, 0x00, 0x00, 0x00, 0x16, 0x00, 0x00, 0x03, 0xff, 0xfd, 0xff,
            0x02, 0xfe, 0xfe, 0xfe, 0x00, 0x00, 0x00, 0x00, 0x00, 0x00, 0x00, 0x00, 0xff, 0x7f,
            0xff, 0xac, 0x00, 0x00, 0x00, 0x28, 0x00, 0x01, 0x01, 0x00, 0x00, 0x00, 0x16, 0x00,
            0x00, 0x03, 0xff, 0xfd, 0xff, 0x02, 0xfe, 0xfe, 0xfe, 0x00, 0x00, 0x00, 0x00, 0x00,
            0x00, 0x00, 0x00, 0xff, 0x7f, 0xff, 0xac, 0x00, 0x00, 0x00, 0x29, 0x00, 0x01, 0x01,
            0x00, 0x00, 0x00, 0x16, 0x00, 0x00, 0x03, 0xff, 0xfd, 0xff, 0x02, 0xfe, 0xfe, 0xfe,
            0x00, 0x00, 0x00, 0x00, 0x00, 0x00, 0x00, 0x00, 0xff, 0x7f, 0xff, 0xac, 0x00, 0x00,
            0x00, 0x2a, 0x00, 0x01, 0x01, 0x00, 0x00, 0x00, 0x16, 0x00, 0x00, 0x03, 0xff, 0xfd,
            0xff, 0x02, 0xfe, 0xfe, 0xfe, 0x00, 0x00, 0x00, 0x00, 0x00, 0x00, 0x00, 0x00, 0xff,
            0x7f, 0xff, 0xac, 0x00, 0x00, 0x00, 0x2b, 0x00, 0x01, 0x01, 0x00, 0x00, 0x00, 0x16,
            0x00, 0x00, 0x03, 0xff, 0xfd, 0xff, 0x02, 0xfe, 0xfe, 0xfe, 0x00, 0x00, 0x00, 0x00,
            0x00, 0x00, 0x00, 0x00, 0xff, 0x7f, 0xff, 0xac, 0x00, 0x00, 0x00, 0xff, 0x3e, 0xe0,
            0x00, 0x00, 0x20, 0xff, 0xff, 0xff, 0xff, 0x09, 0x0c, 0x0d, 0x0e, 0x0f, 0x10, 0x11,
            0x12, 0x13, 0x14, 0x15, 0x16, 0x17, 0x18, 0x19, 0x1a, 0x1b, 0x1c, 0x1d, 0x1e, 0x1f,
            0x20, 0x21, 0x22, 0x23, 0x24, 0x25, 0x26, 0x27, 0x28, 0x29, 0x2a, 0x2b, 0x01, 0x00,
            0x00, 0x00, 0x09, 0x20, 0x00, 0x00, 0x00, 0x52, 0x00, 0x50, 0x00, 0x00,
        ],
    },
    EncodedCase {
        name: "count-32-unused-bit-4-comment-pair",
        data: &[
            0x00, 0x00, 0x00, 0x01, 0x30, 0x01, 0x01, 0x00, 0x00, 0x00, 0x13, 0x00, 0x00, 0x00,
            0x09, 0x00, 0x00, 0x00, 0x07, 0x00, 0x00, 0x00, 0x00, 0x00, 0x00, 0x00, 0x00, 0x63,
            0x00, 0x00, 0x00, 0x00, 0x00, 0x0a, 0x00, 0x01, 0x01, 0x00, 0x00, 0x00, 0x1e, 0x00,
            0x01, 0x00, 0x00, 0x00, 0x01, 0x00, 0x00, 0x00, 0x01, 0xe7, 0xdb, 0xf0, 0x00, 0x95,
            0x00, 0x4a, 0x80, 0x4c, 0x80, 0xc3, 0x80, 0x00, 0x00, 0x1c, 0x00, 0x93, 0x00, 0x00,
            0x40, 0x00, 0x00, 0x00, 0x0b, 0x07, 0x23, 0x0a, 0x01, 0x00, 0x00, 0x00, 0x2d, 0x00,
            0x00, 0x00, 0x09, 0x00, 0x00, 0x00, 0x07, 0x00, 0x00, 0x00, 0x00, 0x00, 0x00, 0x00,
            0x00, 0x04, 0x00, 0x11, 0x00, 0x00, 0x00, 0x00, 0x00, 0x01, 0x01, 0x00, 0x00, 0x00,
            0x00, 0x00, 0x00, 0x00, 0x00, 0x00, 0x00, 0x00, 0x00, 0x00, 0x00, 0x00, 0x00, 0x00,
            0x00, 0x04, 0x00, 0x00, 0x00, 0x0c, 0x00, 0x01, 0x01, 0x00, 0x00, 0x00, 0x16, 0x00,
            0x00, 0x03, 0xff, 0xfd, 0xff, 0x02, 0xfe, 0xfe, 0xfe, 0x00, 0x00, 0x00, 0x00, 0x00,
            0x00, 0x00, 0x00, 0xff, 0x7f, 0xff, 0xac, 0x00, 0x00, 0x00, 0x0d, 0x00, 0x01, 0x01,
            0x00, 0x00, 0x00, 0x16, 0x00, 0x00, 0x03, 0xff, 0xfd, 0xff, 0x02, 0xfe, 0xfe, 0xfe,
            0x00, 0x00, 0x00, 0x00, 0x00, 0x00, 0x00, 0x00, 0xff, 0x7f, 0xff, 0xac, 0x00, 0x00,
            0x00, 0x0e, 0x00, 0x01, 0x01, 0x00, 0x00, 0x00, 0x16, 0x00, 0x00, 0x03, 0xff, 0xfd,
            0xff, 0x02, 0xfe, 0xfe, 0xfe, 0x00, 0x00, 0x00, 0x00, 0x00, 0x00, 0x00, 0x00, 0xff,
            0x7f, 0xff, 0xac, 0x00, 0x00, 0x00, 0x0f, 0x00, 0x01, 0x01, 0x00, 0x00, 0x00, 0x16,
            0x00, 0x00, 0x03, 0xff, 0xfd, 0xff, 0x02, 0xfe, 0xfe, 0xfe, 0x00, 0x00, 0x00, 0x00,
            0x00, 0x00, 0x00, 0x00, 0xff, 0x7f, 0xff, 0xac, 0x00, 0x00, 0x00, 0x10, 0x00, 0x01,
            0x01, 0x00, 0x00, 0x00, 0x16, 0x00, 0x00, 0x03, 0xff, 0xfd, 0xff, 0x02, 0xfe, 0xfe,
            0xfe, 0x00, 0x00, 0x00, 0x00, 0x00, 0x00, 0x00, 0x00, 0xff, 0x7f, 0xff, 0xac, 0x00,
            0x00, 0x00, 0x11, 0x00, 0x01, 0x01, 0x00, 0x00, 0x00, 0x16, 0x00, 0x00, 0x03, 0xff,
            0xfd, 0xff, 0x02, 0xfe, 0xfe, 0xfe, 0x00, 0x00, 0x00, 0x00, 0x00, 0x00, 0x00, 0x00,
            0xff, 0x7f, 0xff, 0xac, 0x00, 0x00, 0x00, 0x12, 0x00, 0x01, 0x01, 0x00, 0x00, 0x00,
            0x16, 0x00, 0x00, 0x03, 0xff, 0xfd, 0xff, 0x02, 0xfe, 0xfe, 0xfe, 0x00, 0x00, 0x00,
            0x00, 0x00, 0x00, 0x00, 0x00, 0xff, 0x7f, 0xff, 0xac, 0x00, 0x00, 0x00, 0x13, 0x00,
            0x01, 0x01, 0x00, 0x00, 0x00, 0x16, 0x00, 0x00, 0x03, 0xff, 0xfd, 0xff, 0x02, 0xfe,
            0xfe, 0xfe, 0x00, 0x00, 0x00, 0x00, 0x00, 0x00, 0x00, 0x00, 0xff, 0x7f, 0xff, 0xac,
            0x00, 0x00, 0x00, 0x14, 0x00, 0x01, 0x01, 0x00, 0x00, 0x00, 0x16, 0x00, 0x00, 0x03,
            0xff, 0xfd, 0xff, 0x02, 0xfe, 0xfe, 0xfe, 0x00, 0x00, 0x00, 0x00, 0x00, 0x00, 0x00,
            0x00, 0xff, 0x7f, 0xff, 0xac, 0x00, 0x00, 0x00, 0x15, 0x00, 0x01, 0x01, 0x00, 0x00,
            0x00, 0x16, 0x00, 0x00, 0x03, 0xff, 0xfd, 0xff, 0x02, 0xfe, 0xfe, 0xfe, 0x00, 0x00,
            0x00, 0x00, 0x00, 0x00, 0x00, 0x00, 0xff, 0x7f, 0xff, 0xac, 0x00, 0x00, 0x00, 0x16,
            0x00, 0x01, 0x01, 0x00, 0x00, 0x00, 0x16, 0x00, 0x00, 0x03, 0xff, 0xfd, 0xff, 0x02,
            0xfe, 0xfe, 0xfe, 0x00, 0x00, 0x00, 0x00, 0x00, 0x00, 0x00, 0x00, 0xff, 0x7f, 0xff,
            0xac, 0x00, 0x00, 0x00, 0x17, 0x00, 0x01, 0x01, 0x00, 0x00, 0x00, 0x16, 0x00, 0x00,
            0x03, 0xff, 0xfd, 0xff, 0x02, 0xfe, 0xfe, 0xfe, 0x00, 0x00, 0x00, 0x00, 0x00, 0x00,
            0x00, 0x00, 0xff, 0x7f, 0xff, 0xac, 0x00, 0x00, 0x00, 0x18, 0x00, 0x01, 0x01, 0x00,
            0x00, 0x00, 0x16, 0x00, 0x00, 0x03, 0xff, 0xfd, 0xff, 0x02, 0xfe, 0xfe, 0xfe, 0x00,
            0x00, 0x00, 0x00, 0x00, 0x00, 0x00, 0x00, 0xff, 0x7f, 0xff, 0xac, 0x00, 0x00, 0x00,
            0x19, 0x00, 0x01, 0x01, 0x00, 0x00, 0x00, 0x16, 0x00, 0x00, 0x03, 0xff, 0xfd, 0xff,
            0x02, 0xfe, 0xfe, 0xfe, 0x00, 0x00, 0x00, 0x00, 0x00, 0x00, 0x00, 0x00, 0xff, 0x7f,
            0xff, 0xac, 0x00, 0x00, 0x00, 0x1a, 0x00, 0x01, 0x01, 0x00, 0x00, 0x00, 0x16, 0x00,
            0x00, 0x03, 0xff, 0xfd, 0xff, 0x02, 0xfe, 0xfe, 0xfe, 0x00, 0x00, 0x00, 0x00, 0x00,
            0x00, 0x00, 0x00, 0xff, 0x7f, 0xff, 0xac, 0x00, 0x00, 0x00, 0x1b, 0x00, 0x01, 0x01,
            0x00, 0x00, 0x00, 0x16, 0x00, 0x00, 0x03, 0xff, 0xfd, 0xff, 0x02, 0xfe, 0xfe, 0xfe,
            0x00, 0x00, 0x00, 0x00, 0x00, 0x00, 0x00, 0x00, 0xff, 0x7f, 0xff, 0xac, 0x00, 0x00,
            0x00, 0x1c, 0x00, 0x01, 0x01, 0x00, 0x00, 0x00, 0x16, 0x00, 0x00, 0x03, 0xff, 0xfd,
            0xff, 0x02, 0xfe, 0xfe, 0xfe, 0x00, 0x00, 0x00, 0x00, 0x00, 0x00, 0x00, 0x00, 0xff,
            0x7f, 0xff, 0xac, 0x00, 0x00, 0x00, 0x1d, 0x00, 0x01, 0x01, 0x00, 0x00, 0x00, 0x16,
            0x00, 0x00, 0x03, 0xff, 0xfd, 0xff, 0x02, 0xfe, 0xfe, 0xfe, 0x00, 0x00, 0x00, 0x00,
            0x00, 0x00, 0x00, 0x00, 0xff, 0x7f, 0xff, 0xac, 0x00, 0x00, 0x00, 0x1e, 0x00, 0x01,
            0x01, 0x00, 0x00, 0x00, 0x16, 0x00, 0x00, 0x03, 0xff, 0xfd, 0xff, 0x02, 0xfe, 0xfe,
            0xfe, 0x00, 0x00, 0x00, 0x00, 0x00, 0x00, 0x00, 0x00, 0xff, 0x7f, 0xff, 0xac, 0x00,
            0x00, 0x00, 0x1f, 0x00, 0x01, 0x01, 0x00, 0x00, 0x00, 0x16, 0x00, 0x00, 0x03, 0xff,
            0xfd, 0xff, 0x02, 0xfe, 0xfe, 0xfe, 0x00, 0x00, 0x00, 0x00, 0x00, 0x00, 0x00, 0x00,
            0xff, 0x7f, 0xff, 0xac, 0x00, 0x00, 0x00, 0x20, 0x00, 0x01, 0x01, 0x00, 0x00, 0x00,
            0x16, 0x00, 0x00, 0x03, 0xff, 0xfd, 0xff, 0x02, 0xfe, 0xfe, 0xfe, 0x00, 0x00, 0x00,
            0x00, 0x00, 0x00, 0x00, 0x00, 0xff, 0x7f, 0xff, 0xac, 0x00, 0x00, 0x00, 0x21, 0x00,
            0x01, 0x01, 0x00, 0x00, 0x00, 0x16, 0x00, 0x00, 0x03, 0xff, 0xfd, 0xff, 0x02, 0xfe,
            0xfe, 0xfe, 0x00, 0x00, 0x00, 0x00, 0x00, 0x00, 0x00, 0x00, 0xff, 0x7f, 0xff, 0xac,
            0x00, 0x00, 0x00, 0x22, 0x00, 0x01, 0x01, 0x00, 0x00, 0x00, 0x16, 0x00, 0x00, 0x03,
            0xff, 0xfd, 0xff, 0x02, 0xfe, 0xfe, 0xfe, 0x00, 0x00, 0x00, 0x00, 0x00, 0x00, 0x00,
            0x00, 0xff, 0x7f, 0xff, 0xac, 0x00, 0x00, 0x00, 0x23, 0x00, 0x01, 0x01, 0x00, 0x00,
            0x00, 0x16, 0x00, 0x00, 0x03, 0xff, 0xfd, 0xff, 0x02, 0xfe, 0xfe, 0xfe, 0x00, 0x00,
            0x00, 0x00, 0x00, 0x00, 0x00, 0x00, 0xff, 0x7f, 0xff, 0xac, 0x00, 0x00, 0x00, 0x24,
            0x00, 0x01, 0x01, 0x00, 0x00, 0x00, 0x16, 0x00, 0x00, 0x03, 0xff, 0xfd, 0xff, 0x02,
            0xfe, 0xfe, 0xfe, 0x00, 0x00, 0x00, 0x00, 0x00, 0x00, 0x00, 0x00, 0xff, 0x7f, 0xff,
            0xac, 0x00, 0x00, 0x00, 0x25, 0x00, 0x01, 0x01, 0x00, 0x00, 0x00, 0x16, 0x00, 0x00,
            0x03, 0xff, 0xfd, 0xff, 0x02, 0xfe, 0xfe, 0xfe, 0x00, 0x00, 0x00, 0x00, 0x00, 0x00,
            0x00, 0x00, 0xff, 0x7f, 0xff, 0xac, 0x00, 0x00, 0x00, 0x26, 0x00, 0x01, 0x01, 0x00,
            0x00, 0x00, 0x16, 0x00, 0x00, 0x03, 0xff, 0xfd, 0xff, 0x02, 0xfe, 0xfe, 0xfe, 0x00,
            0x00, 0x00, 0x00, 0x00, 0x00, 0x00, 0x00, 0xff, 0x7f, 0xff, 0xac, 0x00, 0x00, 0x00,
            0x27, 0x00, 0x01, 0x01, 0x00, 0x00, 0x00, 0x16, 0x00, 0x00, 0x03, 0xff, 0xfd, 0xff,
            0x02, 0xfe, 0xfe, 0xfe, 0x00, 0x00, 0x00, 0x00, 0x00, 0x00, 0x00, 0x00, 0xff, 0x7f,
            0xff, 0xac, 0x00, 0x00, 0x00, 0x28, 0x00, 0x01, 0x01, 0x00, 0x00, 0x00, 0x16, 0x00,
            0x00, 0x03, 0xff, 0xfd, 0xff, 0x02, 0xfe, 0xfe, 0xfe, 0x00, 0x00, 0x00, 0x00, 0x00,
            0x00, 0x00, 0x00, 0xff, 0x7f, 0xff, 0xac, 0x00, 0x00, 0x00, 0x29, 0x00, 0x01, 0x01,
            0x00, 0x00, 0x00, 0x16, 0x00, 0x00, 0x03, 0xff, 0xfd, 0xff, 0x02, 0xfe, 0xfe, 0xfe,
            0x00, 0x00, 0x00, 0x00, 0x00, 0x00, 0x00, 0x00, 0xff, 0x7f, 0xff, 0xac, 0x00, 0x00,
            0x00, 0x2a, 0x00, 0x01, 0x01, 0x00, 0x00, 0x00, 0x16, 0x00, 0x00, 0x03, 0xff, 0xfd,
            0xff, 0x02, 0xfe, 0xfe, 0xfe, 0x00, 0x00, 0x00, 0x00, 0x00, 0x00, 0x00, 0x00, 0xff,
            0x7f, 0xff, 0xac, 0x00, 0x00, 0x00, 0x2b, 0x00, 0x01, 0x01, 0x00, 0x00, 0x00, 0x16,
            0x00, 0x00, 0x03, 0xff, 0xfd, 0xff, 0x02, 0xfe, 0xfe, 0xfe, 0x00, 0x00, 0x00, 0x00,
            0x00, 0x00, 0x00, 0x00, 0xff, 0x7f, 0xff, 0xac, 0x00, 0x00, 0x00, 0xff, 0x3e, 0xe0,
            0x00, 0x00, 0x20, 0xff, 0xff, 0xff, 0xff, 0x11, 0x0c, 0x0d, 0x0e, 0x0f, 0x10, 0x11,
            0x12, 0x13, 0x14, 0x15, 0x16, 0x17, 0x18, 0x19, 0x1a, 0x1b, 0x1c, 0x1d, 0x1e, 0x1f,
            0x20, 0x21, 0x22, 0x23, 0x24, 0x25, 0x26, 0x27, 0x28, 0x29, 0x2a, 0x2b, 0x01, 0x00,
            0x00, 0x00, 0x09, 0x20, 0x00, 0x00, 0x00, 0x52, 0x00, 0x50, 0x00, 0x00,
        ],
    },
    EncodedCase {
        name: "count-32-unused-bit-5-comment-pair",
        data: &[
            0x00, 0x00, 0x00, 0x01, 0x30, 0x01, 0x01, 0x00, 0x00, 0x00, 0x13, 0x00, 0x00, 0x00,
            0x09, 0x00, 0x00, 0x00, 0x07, 0x00, 0x00, 0x00, 0x00, 0x00, 0x00, 0x00, 0x00, 0x63,
            0x00, 0x00, 0x00, 0x00, 0x00, 0x0a, 0x00, 0x01, 0x01, 0x00, 0x00, 0x00, 0x1e, 0x00,
            0x01, 0x00, 0x00, 0x00, 0x01, 0x00, 0x00, 0x00, 0x01, 0xe7, 0xdb, 0xf0, 0x00, 0x95,
            0x00, 0x4a, 0x80, 0x4c, 0x80, 0xc3, 0x80, 0x00, 0x00, 0x1c, 0x00, 0x93, 0x00, 0x00,
            0x40, 0x00, 0x00, 0x00, 0x0b, 0x07, 0x23, 0x0a, 0x01, 0x00, 0x00, 0x00, 0x2d, 0x00,
            0x00, 0x00, 0x09, 0x00, 0x00, 0x00, 0x07, 0x00, 0x00, 0x00, 0x00, 0x00, 0x00, 0x00,
            0x00, 0x04, 0x00, 0x11, 0x00, 0x00, 0x00, 0x00, 0x00, 0x01, 0x01, 0x00, 0x00, 0x00,
            0x00, 0x00, 0x00, 0x00, 0x00, 0x00, 0x00, 0x00, 0x00, 0x00, 0x00, 0x00, 0x00, 0x00,
            0x00, 0x04, 0x00, 0x00, 0x00, 0x0c, 0x00, 0x01, 0x01, 0x00, 0x00, 0x00, 0x16, 0x00,
            0x00, 0x03, 0xff, 0xfd, 0xff, 0x02, 0xfe, 0xfe, 0xfe, 0x00, 0x00, 0x00, 0x00, 0x00,
            0x00, 0x00, 0x00, 0xff, 0x7f, 0xff, 0xac, 0x00, 0x00, 0x00, 0x0d, 0x00, 0x01, 0x01,
            0x00, 0x00, 0x00, 0x16, 0x00, 0x00, 0x03, 0xff, 0xfd, 0xff, 0x02, 0xfe, 0xfe, 0xfe,
            0x00, 0x00, 0x00, 0x00, 0x00, 0x00, 0x00, 0x00, 0xff, 0x7f, 0xff, 0xac, 0x00, 0x00,
            0x00, 0x0e, 0x00, 0x01, 0x01, 0x00, 0x00, 0x00, 0x16, 0x00, 0x00, 0x03, 0xff, 0xfd,
            0xff, 0x02, 0xfe, 0xfe, 0xfe, 0x00, 0x00, 0x00, 0x00, 0x00, 0x00, 0x00, 0x00, 0xff,
            0x7f, 0xff, 0xac, 0x00, 0x00, 0x00, 0x0f, 0x00, 0x01, 0x01, 0x00, 0x00, 0x00, 0x16,
            0x00, 0x00, 0x03, 0xff, 0xfd, 0xff, 0x02, 0xfe, 0xfe, 0xfe, 0x00, 0x00, 0x00, 0x00,
            0x00, 0x00, 0x00, 0x00, 0xff, 0x7f, 0xff, 0xac, 0x00, 0x00, 0x00, 0x10, 0x00, 0x01,
            0x01, 0x00, 0x00, 0x00, 0x16, 0x00, 0x00, 0x03, 0xff, 0xfd, 0xff, 0x02, 0xfe, 0xfe,
            0xfe, 0x00, 0x00, 0x00, 0x00, 0x00, 0x00, 0x00, 0x00, 0xff, 0x7f, 0xff, 0xac, 0x00,
            0x00, 0x00, 0x11, 0x00, 0x01, 0x01, 0x00, 0x00, 0x00, 0x16, 0x00, 0x00, 0x03, 0xff,
            0xfd, 0xff, 0x02, 0xfe, 0xfe, 0xfe, 0x00, 0x00, 0x00, 0x00, 0x00, 0x00, 0x00, 0x00,
            0xff, 0x7f, 0xff, 0xac, 0x00, 0x00, 0x00, 0x12, 0x00, 0x01, 0x01, 0x00, 0x00, 0x00,
            0x16, 0x00, 0x00, 0x03, 0xff, 0xfd, 0xff, 0x02, 0xfe, 0xfe, 0xfe, 0x00, 0x00, 0x00,
            0x00, 0x00, 0x00, 0x00, 0x00, 0xff, 0x7f, 0xff, 0xac, 0x00, 0x00, 0x00, 0x13, 0x00,
            0x01, 0x01, 0x00, 0x00, 0x00, 0x16, 0x00, 0x00, 0x03, 0xff, 0xfd, 0xff, 0x02, 0xfe,
            0xfe, 0xfe, 0x00, 0x00, 0x00, 0x00, 0x00, 0x00, 0x00, 0x00, 0xff, 0x7f, 0xff, 0xac,
            0x00, 0x00, 0x00, 0x14, 0x00, 0x01, 0x01, 0x00, 0x00, 0x00, 0x16, 0x00, 0x00, 0x03,
            0xff, 0xfd, 0xff, 0x02, 0xfe, 0xfe, 0xfe, 0x00, 0x00, 0x00, 0x00, 0x00, 0x00, 0x00,
            0x00, 0xff, 0x7f, 0xff, 0xac, 0x00, 0x00, 0x00, 0x15, 0x00, 0x01, 0x01, 0x00, 0x00,
            0x00, 0x16, 0x00, 0x00, 0x03, 0xff, 0xfd, 0xff, 0x02, 0xfe, 0xfe, 0xfe, 0x00, 0x00,
            0x00, 0x00, 0x00, 0x00, 0x00, 0x00, 0xff, 0x7f, 0xff, 0xac, 0x00, 0x00, 0x00, 0x16,
            0x00, 0x01, 0x01, 0x00, 0x00, 0x00, 0x16, 0x00, 0x00, 0x03, 0xff, 0xfd, 0xff, 0x02,
            0xfe, 0xfe, 0xfe, 0x00, 0x00, 0x00, 0x00, 0x00, 0x00, 0x00, 0x00, 0xff, 0x7f, 0xff,
            0xac, 0x00, 0x00, 0x00, 0x17, 0x00, 0x01, 0x01, 0x00, 0x00, 0x00, 0x16, 0x00, 0x00,
            0x03, 0xff, 0xfd, 0xff, 0x02, 0xfe, 0xfe, 0xfe, 0x00, 0x00, 0x00, 0x00, 0x00, 0x00,
            0x00, 0x00, 0xff, 0x7f, 0xff, 0xac, 0x00, 0x00, 0x00, 0x18, 0x00, 0x01, 0x01, 0x00,
            0x00, 0x00, 0x16, 0x00, 0x00, 0x03, 0xff, 0xfd, 0xff, 0x02, 0xfe, 0xfe, 0xfe, 0x00,
            0x00, 0x00, 0x00, 0x00, 0x00, 0x00, 0x00, 0xff, 0x7f, 0xff, 0xac, 0x00, 0x00, 0x00,
            0x19, 0x00, 0x01, 0x01, 0x00, 0x00, 0x00, 0x16, 0x00, 0x00, 0x03, 0xff, 0xfd, 0xff,
            0x02, 0xfe, 0xfe, 0xfe, 0x00, 0x00, 0x00, 0x00, 0x00, 0x00, 0x00, 0x00, 0xff, 0x7f,
            0xff, 0xac, 0x00, 0x00, 0x00, 0x1a, 0x00, 0x01, 0x01, 0x00, 0x00, 0x00, 0x16, 0x00,
            0x00, 0x03, 0xff, 0xfd, 0xff, 0x02, 0xfe, 0xfe, 0xfe, 0x00, 0x00, 0x00, 0x00, 0x00,
            0x00, 0x00, 0x00, 0xff, 0x7f, 0xff, 0xac, 0x00, 0x00, 0x00, 0x1b, 0x00, 0x01, 0x01,
            0x00, 0x00, 0x00, 0x16, 0x00, 0x00, 0x03, 0xff, 0xfd, 0xff, 0x02, 0xfe, 0xfe, 0xfe,
            0x00, 0x00, 0x00, 0x00, 0x00, 0x00, 0x00, 0x00, 0xff, 0x7f, 0xff, 0xac, 0x00, 0x00,
            0x00, 0x1c, 0x00, 0x01, 0x01, 0x00, 0x00, 0x00, 0x16, 0x00, 0x00, 0x03, 0xff, 0xfd,
            0xff, 0x02, 0xfe, 0xfe, 0xfe, 0x00, 0x00, 0x00, 0x00, 0x00, 0x00, 0x00, 0x00, 0xff,
            0x7f, 0xff, 0xac, 0x00, 0x00, 0x00, 0x1d, 0x00, 0x01, 0x01, 0x00, 0x00, 0x00, 0x16,
            0x00, 0x00, 0x03, 0xff, 0xfd, 0xff, 0x02, 0xfe, 0xfe, 0xfe, 0x00, 0x00, 0x00, 0x00,
            0x00, 0x00, 0x00, 0x00, 0xff, 0x7f, 0xff, 0xac, 0x00, 0x00, 0x00, 0x1e, 0x00, 0x01,
            0x01, 0x00, 0x00, 0x00, 0x16, 0x00, 0x00, 0x03, 0xff, 0xfd, 0xff, 0x02, 0xfe, 0xfe,
            0xfe, 0x00, 0x00, 0x00, 0x00, 0x00, 0x00, 0x00, 0x00, 0xff, 0x7f, 0xff, 0xac, 0x00,
            0x00, 0x00, 0x1f, 0x00, 0x01, 0x01, 0x00, 0x00, 0x00, 0x16, 0x00, 0x00, 0x03, 0xff,
            0xfd, 0xff, 0x02, 0xfe, 0xfe, 0xfe, 0x00, 0x00, 0x00, 0x00, 0x00, 0x00, 0x00, 0x00,
            0xff, 0x7f, 0xff, 0xac, 0x00, 0x00, 0x00, 0x20, 0x00, 0x01, 0x01, 0x00, 0x00, 0x00,
            0x16, 0x00, 0x00, 0x03, 0xff, 0xfd, 0xff, 0x02, 0xfe, 0xfe, 0xfe, 0x00, 0x00, 0x00,
            0x00, 0x00, 0x00, 0x00, 0x00, 0xff, 0x7f, 0xff, 0xac, 0x00, 0x00, 0x00, 0x21, 0x00,
            0x01, 0x01, 0x00, 0x00, 0x00, 0x16, 0x00, 0x00, 0x03, 0xff, 0xfd, 0xff, 0x02, 0xfe,
            0xfe, 0xfe, 0x00, 0x00, 0x00, 0x00, 0x00, 0x00, 0x00, 0x00, 0xff, 0x7f, 0xff, 0xac,
            0x00, 0x00, 0x00, 0x22, 0x00, 0x01, 0x01, 0x00, 0x00, 0x00, 0x16, 0x00, 0x00, 0x03,
            0xff, 0xfd, 0xff, 0x02, 0xfe, 0xfe, 0xfe, 0x00, 0x00, 0x00, 0x00, 0x00, 0x00, 0x00,
            0x00, 0xff, 0x7f, 0xff, 0xac, 0x00, 0x00, 0x00, 0x23, 0x00, 0x01, 0x01, 0x00, 0x00,
            0x00, 0x16, 0x00, 0x00, 0x03, 0xff, 0xfd, 0xff, 0x02, 0xfe, 0xfe, 0xfe, 0x00, 0x00,
            0x00, 0x00, 0x00, 0x00, 0x00, 0x00, 0xff, 0x7f, 0xff, 0xac, 0x00, 0x00, 0x00, 0x24,
            0x00, 0x01, 0x01, 0x00, 0x00, 0x00, 0x16, 0x00, 0x00, 0x03, 0xff, 0xfd, 0xff, 0x02,
            0xfe, 0xfe, 0xfe, 0x00, 0x00, 0x00, 0x00, 0x00, 0x00, 0x00, 0x00, 0xff, 0x7f, 0xff,
            0xac, 0x00, 0x00, 0x00, 0x25, 0x00, 0x01, 0x01, 0x00, 0x00, 0x00, 0x16, 0x00, 0x00,
            0x03, 0xff, 0xfd, 0xff, 0x02, 0xfe, 0xfe, 0xfe, 0x00, 0x00, 0x00, 0x00, 0x00, 0x00,
            0x00, 0x00, 0xff, 0x7f, 0xff, 0xac, 0x00, 0x00, 0x00, 0x26, 0x00, 0x01, 0x01, 0x00,
            0x00, 0x00, 0x16, 0x00, 0x00, 0x03, 0xff, 0xfd, 0xff, 0x02, 0xfe, 0xfe, 0xfe, 0x00,
            0x00, 0x00, 0x00, 0x00, 0x00, 0x00, 0x00, 0xff, 0x7f, 0xff, 0xac, 0x00, 0x00, 0x00,
            0x27, 0x00, 0x01, 0x01, 0x00, 0x00, 0x00, 0x16, 0x00, 0x00, 0x03, 0xff, 0xfd, 0xff,
            0x02, 0xfe, 0xfe, 0xfe, 0x00, 0x00, 0x00, 0x00, 0x00, 0x00, 0x00, 0x00, 0xff, 0x7f,
            0xff, 0xac, 0x00, 0x00, 0x00, 0x28, 0x00, 0x01, 0x01, 0x00, 0x00, 0x00, 0x16, 0x00,
            0x00, 0x03, 0xff, 0xfd, 0xff, 0x02, 0xfe, 0xfe, 0xfe, 0x00, 0x00, 0x00, 0x00, 0x00,
            0x00, 0x00, 0x00, 0xff, 0x7f, 0xff, 0xac, 0x00, 0x00, 0x00, 0x29, 0x00, 0x01, 0x01,
            0x00, 0x00, 0x00, 0x16, 0x00, 0x00, 0x03, 0xff, 0xfd, 0xff, 0x02, 0xfe, 0xfe, 0xfe,
            0x00, 0x00, 0x00, 0x00, 0x00, 0x00, 0x00, 0x00, 0xff, 0x7f, 0xff, 0xac, 0x00, 0x00,
            0x00, 0x2a, 0x00, 0x01, 0x01, 0x00, 0x00, 0x00, 0x16, 0x00, 0x00, 0x03, 0xff, 0xfd,
            0xff, 0x02, 0xfe, 0xfe, 0xfe, 0x00, 0x00, 0x00, 0x00, 0x00, 0x00, 0x00, 0x00, 0xff,
            0x7f, 0xff, 0xac, 0x00, 0x00, 0x00, 0x2b, 0x00, 0x01, 0x01, 0x00, 0x00, 0x00, 0x16,
            0x00, 0x00, 0x03, 0xff, 0xfd, 0xff, 0x02, 0xfe, 0xfe, 0xfe, 0x00, 0x00, 0x00, 0x00,
            0x00, 0x00, 0x00, 0x00, 0xff, 0x7f, 0xff, 0xac, 0x00, 0x00, 0x00, 0xff, 0x3e, 0xe0,
            0x00, 0x00, 0x20, 0xff, 0xff, 0xff, 0xff, 0x21, 0x0c, 0x0d, 0x0e, 0x0f, 0x10, 0x11,
            0x12, 0x13, 0x14, 0x15, 0x16, 0x17, 0x18, 0x19, 0x1a, 0x1b, 0x1c, 0x1d, 0x1e, 0x1f,
            0x20, 0x21, 0x22, 0x23, 0x24, 0x25, 0x26, 0x27, 0x28, 0x29, 0x2a, 0x2b, 0x01, 0x00,
            0x00, 0x00, 0x09, 0x20, 0x00, 0x00, 0x00, 0x52, 0x00, 0x50, 0x00, 0x00,
        ],
    },
    EncodedCase {
        name: "count-32-unused-bit-6-comment-pair",
        data: &[
            0x00, 0x00, 0x00, 0x01, 0x30, 0x01, 0x01, 0x00, 0x00, 0x00, 0x13, 0x00, 0x00, 0x00,
            0x09, 0x00, 0x00, 0x00, 0x07, 0x00, 0x00, 0x00, 0x00, 0x00, 0x00, 0x00, 0x00, 0x63,
            0x00, 0x00, 0x00, 0x00, 0x00, 0x0a, 0x00, 0x01, 0x01, 0x00, 0x00, 0x00, 0x1e, 0x00,
            0x01, 0x00, 0x00, 0x00, 0x01, 0x00, 0x00, 0x00, 0x01, 0xe7, 0xdb, 0xf0, 0x00, 0x95,
            0x00, 0x4a, 0x80, 0x4c, 0x80, 0xc3, 0x80, 0x00, 0x00, 0x1c, 0x00, 0x93, 0x00, 0x00,
            0x40, 0x00, 0x00, 0x00, 0x0b, 0x07, 0x23, 0x0a, 0x01, 0x00, 0x00, 0x00, 0x2d, 0x00,
            0x00, 0x00, 0x09, 0x00, 0x00, 0x00, 0x07, 0x00, 0x00, 0x00, 0x00, 0x00, 0x00, 0x00,
            0x00, 0x04, 0x00, 0x11, 0x00, 0x00, 0x00, 0x00, 0x00, 0x01, 0x01, 0x00, 0x00, 0x00,
            0x00, 0x00, 0x00, 0x00, 0x00, 0x00, 0x00, 0x00, 0x00, 0x00, 0x00, 0x00, 0x00, 0x00,
            0x00, 0x04, 0x00, 0x00, 0x00, 0x0c, 0x00, 0x01, 0x01, 0x00, 0x00, 0x00, 0x16, 0x00,
            0x00, 0x03, 0xff, 0xfd, 0xff, 0x02, 0xfe, 0xfe, 0xfe, 0x00, 0x00, 0x00, 0x00, 0x00,
            0x00, 0x00, 0x00, 0xff, 0x7f, 0xff, 0xac, 0x00, 0x00, 0x00, 0x0d, 0x00, 0x01, 0x01,
            0x00, 0x00, 0x00, 0x16, 0x00, 0x00, 0x03, 0xff, 0xfd, 0xff, 0x02, 0xfe, 0xfe, 0xfe,
            0x00, 0x00, 0x00, 0x00, 0x00, 0x00, 0x00, 0x00, 0xff, 0x7f, 0xff, 0xac, 0x00, 0x00,
            0x00, 0x0e, 0x00, 0x01, 0x01, 0x00, 0x00, 0x00, 0x16, 0x00, 0x00, 0x03, 0xff, 0xfd,
            0xff, 0x02, 0xfe, 0xfe, 0xfe, 0x00, 0x00, 0x00, 0x00, 0x00, 0x00, 0x00, 0x00, 0xff,
            0x7f, 0xff, 0xac, 0x00, 0x00, 0x00, 0x0f, 0x00, 0x01, 0x01, 0x00, 0x00, 0x00, 0x16,
            0x00, 0x00, 0x03, 0xff, 0xfd, 0xff, 0x02, 0xfe, 0xfe, 0xfe, 0x00, 0x00, 0x00, 0x00,
            0x00, 0x00, 0x00, 0x00, 0xff, 0x7f, 0xff, 0xac, 0x00, 0x00, 0x00, 0x10, 0x00, 0x01,
            0x01, 0x00, 0x00, 0x00, 0x16, 0x00, 0x00, 0x03, 0xff, 0xfd, 0xff, 0x02, 0xfe, 0xfe,
            0xfe, 0x00, 0x00, 0x00, 0x00, 0x00, 0x00, 0x00, 0x00, 0xff, 0x7f, 0xff, 0xac, 0x00,
            0x00, 0x00, 0x11, 0x00, 0x01, 0x01, 0x00, 0x00, 0x00, 0x16, 0x00, 0x00, 0x03, 0xff,
            0xfd, 0xff, 0x02, 0xfe, 0xfe, 0xfe, 0x00, 0x00, 0x00, 0x00, 0x00, 0x00, 0x00, 0x00,
            0xff, 0x7f, 0xff, 0xac, 0x00, 0x00, 0x00, 0x12, 0x00, 0x01, 0x01, 0x00, 0x00, 0x00,
            0x16, 0x00, 0x00, 0x03, 0xff, 0xfd, 0xff, 0x02, 0xfe, 0xfe, 0xfe, 0x00, 0x00, 0x00,
            0x00, 0x00, 0x00, 0x00, 0x00, 0xff, 0x7f, 0xff, 0xac, 0x00, 0x00, 0x00, 0x13, 0x00,
            0x01, 0x01, 0x00, 0x00, 0x00, 0x16, 0x00, 0x00, 0x03, 0xff, 0xfd, 0xff, 0x02, 0xfe,
            0xfe, 0xfe, 0x00, 0x00, 0x00, 0x00, 0x00, 0x00, 0x00, 0x00, 0xff, 0x7f, 0xff, 0xac,
            0x00, 0x00, 0x00, 0x14, 0x00, 0x01, 0x01, 0x00, 0x00, 0x00, 0x16, 0x00, 0x00, 0x03,
            0xff, 0xfd, 0xff, 0x02, 0xfe, 0xfe, 0xfe, 0x00, 0x00, 0x00, 0x00, 0x00, 0x00, 0x00,
            0x00, 0xff, 0x7f, 0xff, 0xac, 0x00, 0x00, 0x00, 0x15, 0x00, 0x01, 0x01, 0x00, 0x00,
            0x00, 0x16, 0x00, 0x00, 0x03, 0xff, 0xfd, 0xff, 0x02, 0xfe, 0xfe, 0xfe, 0x00, 0x00,
            0x00, 0x00, 0x00, 0x00, 0x00, 0x00, 0xff, 0x7f, 0xff, 0xac, 0x00, 0x00, 0x00, 0x16,
            0x00, 0x01, 0x01, 0x00, 0x00, 0x00, 0x16, 0x00, 0x00, 0x03, 0xff, 0xfd, 0xff, 0x02,
            0xfe, 0xfe, 0xfe, 0x00, 0x00, 0x00, 0x00, 0x00, 0x00, 0x00, 0x00, 0xff, 0x7f, 0xff,
            0xac, 0x00, 0x00, 0x00, 0x17, 0x00, 0x01, 0x01, 0x00, 0x00, 0x00, 0x16, 0x00, 0x00,
            0x03, 0xff, 0xfd, 0xff, 0x02, 0xfe, 0xfe, 0xfe, 0x00, 0x00, 0x00, 0x00, 0x00, 0x00,
            0x00, 0x00, 0xff, 0x7f, 0xff, 0xac, 0x00, 0x00, 0x00, 0x18, 0x00, 0x01, 0x01, 0x00,
            0x00, 0x00, 0x16, 0x00, 0x00, 0x03, 0xff, 0xfd, 0xff, 0x02, 0xfe, 0xfe, 0xfe, 0x00,
            0x00, 0x00, 0x00, 0x00, 0x00, 0x00, 0x00, 0xff, 0x7f, 0xff, 0xac, 0x00, 0x00, 0x00,
            0x19, 0x00, 0x01, 0x01, 0x00, 0x00, 0x00, 0x16, 0x00, 0x00, 0x03, 0xff, 0xfd, 0xff,
            0x02, 0xfe, 0xfe, 0xfe, 0x00, 0x00, 0x00, 0x00, 0x00, 0x00, 0x00, 0x00, 0xff, 0x7f,
            0xff, 0xac, 0x00, 0x00, 0x00, 0x1a, 0x00, 0x01, 0x01, 0x00, 0x00, 0x00, 0x16, 0x00,
            0x00, 0x03, 0xff, 0xfd, 0xff, 0x02, 0xfe, 0xfe, 0xfe, 0x00, 0x00, 0x00, 0x00, 0x00,
            0x00, 0x00, 0x00, 0xff, 0x7f, 0xff, 0xac, 0x00, 0x00, 0x00, 0x1b, 0x00, 0x01, 0x01,
            0x00, 0x00, 0x00, 0x16, 0x00, 0x00, 0x03, 0xff, 0xfd, 0xff, 0x02, 0xfe, 0xfe, 0xfe,
            0x00, 0x00, 0x00, 0x00, 0x00, 0x00, 0x00, 0x00, 0xff, 0x7f, 0xff, 0xac, 0x00, 0x00,
            0x00, 0x1c, 0x00, 0x01, 0x01, 0x00, 0x00, 0x00, 0x16, 0x00, 0x00, 0x03, 0xff, 0xfd,
            0xff, 0x02, 0xfe, 0xfe, 0xfe, 0x00, 0x00, 0x00, 0x00, 0x00, 0x00, 0x00, 0x00, 0xff,
            0x7f, 0xff, 0xac, 0x00, 0x00, 0x00, 0x1d, 0x00, 0x01, 0x01, 0x00, 0x00, 0x00, 0x16,
            0x00, 0x00, 0x03, 0xff, 0xfd, 0xff, 0x02, 0xfe, 0xfe, 0xfe, 0x00, 0x00, 0x00, 0x00,
            0x00, 0x00, 0x00, 0x00, 0xff, 0x7f, 0xff, 0xac, 0x00, 0x00, 0x00, 0x1e, 0x00, 0x01,
            0x01, 0x00, 0x00, 0x00, 0x16, 0x00, 0x00, 0x03, 0xff, 0xfd, 0xff, 0x02, 0xfe, 0xfe,
            0xfe, 0x00, 0x00, 0x00, 0x00, 0x00, 0x00, 0x00, 0x00, 0xff, 0x7f, 0xff, 0xac, 0x00,
            0x00, 0x00, 0x1f, 0x00, 0x01, 0x01, 0x00, 0x00, 0x00, 0x16, 0x00, 0x00, 0x03, 0xff,
            0xfd, 0xff, 0x02, 0xfe, 0xfe, 0xfe, 0x00, 0x00, 0x00, 0x00, 0x00, 0x00, 0x00, 0x00,
            0xff, 0x7f, 0xff, 0xac, 0x00, 0x00, 0x00, 0x20, 0x00, 0x01, 0x01, 0x00, 0x00, 0x00,
            0x16, 0x00, 0x00, 0x03, 0xff, 0xfd, 0xff, 0x02, 0xfe, 0xfe, 0xfe, 0x00, 0x00, 0x00,
            0x00, 0x00, 0x00, 0x00, 0x00, 0xff, 0x7f, 0xff, 0xac, 0x00, 0x00, 0x00, 0x21, 0x00,
            0x01, 0x01, 0x00, 0x00, 0x00, 0x16, 0x00, 0x00, 0x03, 0xff, 0xfd, 0xff, 0x02, 0xfe,
            0xfe, 0xfe, 0x00, 0x00, 0x00, 0x00, 0x00, 0x00, 0x00, 0x00, 0xff, 0x7f, 0xff, 0xac,
            0x00, 0x00, 0x00, 0x22, 0x00, 0x01, 0x01, 0x00, 0x00, 0x00, 0x16, 0x00, 0x00, 0x03,
            0xff, 0xfd, 0xff, 0x02, 0xfe, 0xfe, 0xfe, 0x00, 0x00, 0x00, 0x00, 0x00, 0x00, 0x00,
            0x00, 0xff, 0x7f, 0xff, 0xac, 0x00, 0x00, 0x00, 0x23, 0x00, 0x01, 0x01, 0x00, 0x00,
            0x00, 0x16, 0x00, 0x00, 0x03, 0xff, 0xfd, 0xff, 0x02, 0xfe, 0xfe, 0xfe, 0x00, 0x00,
            0x00, 0x00, 0x00, 0x00, 0x00, 0x00, 0xff, 0x7f, 0xff, 0xac, 0x00, 0x00, 0x00, 0x24,
            0x00, 0x01, 0x01, 0x00, 0x00, 0x00, 0x16, 0x00, 0x00, 0x03, 0xff, 0xfd, 0xff, 0x02,
            0xfe, 0xfe, 0xfe, 0x00, 0x00, 0x00, 0x00, 0x00, 0x00, 0x00, 0x00, 0xff, 0x7f, 0xff,
            0xac, 0x00, 0x00, 0x00, 0x25, 0x00, 0x01, 0x01, 0x00, 0x00, 0x00, 0x16, 0x00, 0x00,
            0x03, 0xff, 0xfd, 0xff, 0x02, 0xfe, 0xfe, 0xfe, 0x00, 0x00, 0x00, 0x00, 0x00, 0x00,
            0x00, 0x00, 0xff, 0x7f, 0xff, 0xac, 0x00, 0x00, 0x00, 0x26, 0x00, 0x01, 0x01, 0x00,
            0x00, 0x00, 0x16, 0x00, 0x00, 0x03, 0xff, 0xfd, 0xff, 0x02, 0xfe, 0xfe, 0xfe, 0x00,
            0x00, 0x00, 0x00, 0x00, 0x00, 0x00, 0x00, 0xff, 0x7f, 0xff, 0xac, 0x00, 0x00, 0x00,
            0x27, 0x00, 0x01, 0x01, 0x00, 0x00, 0x00, 0x16, 0x00, 0x00, 0x03, 0xff, 0xfd, 0xff,
            0x02, 0xfe, 0xfe, 0xfe, 0x00, 0x00, 0x00, 0x00, 0x00, 0x00, 0x00, 0x00, 0xff, 0x7f,
            0xff, 0xac, 0x00, 0x00, 0x00, 0x28, 0x00, 0x01, 0x01, 0x00, 0x00, 0x00, 0x16, 0x00,
            0x00, 0x03, 0xff, 0xfd, 0xff, 0x02, 0xfe, 0xfe, 0xfe, 0x00, 0x00, 0x00, 0x00, 0x00,
            0x00, 0x00, 0x00, 0xff, 0x7f, 0xff, 0xac, 0x00, 0x00, 0x00, 0x29, 0x00, 0x01, 0x01,
            0x00, 0x00, 0x00, 0x16, 0x00, 0x00, 0x03, 0xff, 0xfd, 0xff, 0x02, 0xfe, 0xfe, 0xfe,
            0x00, 0x00, 0x00, 0x00, 0x00, 0x00, 0x00, 0x00, 0xff, 0x7f, 0xff, 0xac, 0x00, 0x00,
            0x00, 0x2a, 0x00, 0x01, 0x01, 0x00, 0x00, 0x00, 0x16, 0x00, 0x00, 0x03, 0xff, 0xfd,
            0xff, 0x02, 0xfe, 0xfe, 0xfe, 0x00, 0x00, 0x00, 0x00, 0x00, 0x00, 0x00, 0x00, 0xff,
            0x7f, 0xff, 0xac, 0x00, 0x00, 0x00, 0x2b, 0x00, 0x01, 0x01, 0x00, 0x00, 0x00, 0x16,
            0x00, 0x00, 0x03, 0xff, 0xfd, 0xff, 0x02, 0xfe, 0xfe, 0xfe, 0x00, 0x00, 0x00, 0x00,
            0x00, 0x00, 0x00, 0x00, 0xff, 0x7f, 0xff, 0xac, 0x00, 0x00, 0x00, 0xff, 0x3e, 0xe0,
            0x00, 0x00, 0x20, 0xff, 0xff, 0xff, 0xff, 0x41, 0x0c, 0x0d, 0x0e, 0x0f, 0x10, 0x11,
            0x12, 0x13, 0x14, 0x15, 0x16, 0x17, 0x18, 0x19, 0x1a, 0x1b, 0x1c, 0x1d, 0x1e, 0x1f,
            0x20, 0x21, 0x22, 0x23, 0x24, 0x25, 0x26, 0x27, 0x28, 0x29, 0x2a, 0x2b, 0x01, 0x00,
            0x00, 0x00, 0x09, 0x20, 0x00, 0x00, 0x00, 0x52, 0x00, 0x50, 0x00, 0x00,
        ],
    },
    EncodedCase {
        name: "count-32-unused-bit-7-comment-pair",
        data: &[
            0x00, 0x00, 0x00, 0x01, 0x30, 0x01, 0x01, 0x00, 0x00, 0x00, 0x13, 0x00, 0x00, 0x00,
            0x09, 0x00, 0x00, 0x00, 0x07, 0x00, 0x00, 0x00, 0x00, 0x00, 0x00, 0x00, 0x00, 0x63,
            0x00, 0x00, 0x00, 0x00, 0x00, 0x0a, 0x00, 0x01, 0x01, 0x00, 0x00, 0x00, 0x1e, 0x00,
            0x01, 0x00, 0x00, 0x00, 0x01, 0x00, 0x00, 0x00, 0x01, 0xe7, 0xdb, 0xf0, 0x00, 0x95,
            0x00, 0x4a, 0x80, 0x4c, 0x80, 0xc3, 0x80, 0x00, 0x00, 0x1c, 0x00, 0x93, 0x00, 0x00,
            0x40, 0x00, 0x00, 0x00, 0x0b, 0x07, 0x23, 0x0a, 0x01, 0x00, 0x00, 0x00, 0x2d, 0x00,
            0x00, 0x00, 0x09, 0x00, 0x00, 0x00, 0x07, 0x00, 0x00, 0x00, 0x00, 0x00, 0x00, 0x00,
            0x00, 0x04, 0x00, 0x11, 0x00, 0x00, 0x00, 0x00, 0x00, 0x01, 0x01, 0x00, 0x00, 0x00,
            0x00, 0x00, 0x00, 0x00, 0x00, 0x00, 0x00, 0x00, 0x00, 0x00, 0x00, 0x00, 0x00, 0x00,
            0x00, 0x04, 0x00, 0x00, 0x00, 0x0c, 0x00, 0x01, 0x01, 0x00, 0x00, 0x00, 0x16, 0x00,
            0x00, 0x03, 0xff, 0xfd, 0xff, 0x02, 0xfe, 0xfe, 0xfe, 0x00, 0x00, 0x00, 0x00, 0x00,
            0x00, 0x00, 0x00, 0xff, 0x7f, 0xff, 0xac, 0x00, 0x00, 0x00, 0x0d, 0x00, 0x01, 0x01,
            0x00, 0x00, 0x00, 0x16, 0x00, 0x00, 0x03, 0xff, 0xfd, 0xff, 0x02, 0xfe, 0xfe, 0xfe,
            0x00, 0x00, 0x00, 0x00, 0x00, 0x00, 0x00, 0x00, 0xff, 0x7f, 0xff, 0xac, 0x00, 0x00,
            0x00, 0x0e, 0x00, 0x01, 0x01, 0x00, 0x00, 0x00, 0x16, 0x00, 0x00, 0x03, 0xff, 0xfd,
            0xff, 0x02, 0xfe, 0xfe, 0xfe, 0x00, 0x00, 0x00, 0x00, 0x00, 0x00, 0x00, 0x00, 0xff,
            0x7f, 0xff, 0xac, 0x00, 0x00, 0x00, 0x0f, 0x00, 0x01, 0x01, 0x00, 0x00, 0x00, 0x16,
            0x00, 0x00, 0x03, 0xff, 0xfd, 0xff, 0x02, 0xfe, 0xfe, 0xfe, 0x00, 0x00, 0x00, 0x00,
            0x00, 0x00, 0x00, 0x00, 0xff, 0x7f, 0xff, 0xac, 0x00, 0x00, 0x00, 0x10, 0x00, 0x01,
            0x01, 0x00, 0x00, 0x00, 0x16, 0x00, 0x00, 0x03, 0xff, 0xfd, 0xff, 0x02, 0xfe, 0xfe,
            0xfe, 0x00, 0x00, 0x00, 0x00, 0x00, 0x00, 0x00, 0x00, 0xff, 0x7f, 0xff, 0xac, 0x00,
            0x00, 0x00, 0x11, 0x00, 0x01, 0x01, 0x00, 0x00, 0x00, 0x16, 0x00, 0x00, 0x03, 0xff,
            0xfd, 0xff, 0x02, 0xfe, 0xfe, 0xfe, 0x00, 0x00, 0x00, 0x00, 0x00, 0x00, 0x00, 0x00,
            0xff, 0x7f, 0xff, 0xac, 0x00, 0x00, 0x00, 0x12, 0x00, 0x01, 0x01, 0x00, 0x00, 0x00,
            0x16, 0x00, 0x00, 0x03, 0xff, 0xfd, 0xff, 0x02, 0xfe, 0xfe, 0xfe, 0x00, 0x00, 0x00,
            0x00, 0x00, 0x00, 0x00, 0x00, 0xff, 0x7f, 0xff, 0xac, 0x00, 0x00, 0x00, 0x13, 0x00,
            0x01, 0x01, 0x00, 0x00, 0x00, 0x16, 0x00, 0x00, 0x03, 0xff, 0xfd, 0xff, 0x02, 0xfe,
            0xfe, 0xfe, 0x00, 0x00, 0x00, 0x00, 0x00, 0x00, 0x00, 0x00, 0xff, 0x7f, 0xff, 0xac,
            0x00, 0x00, 0x00, 0x14, 0x00, 0x01, 0x01, 0x00, 0x00, 0x00, 0x16, 0x00, 0x00, 0x03,
            0xff, 0xfd, 0xff, 0x02, 0xfe, 0xfe, 0xfe, 0x00, 0x00, 0x00, 0x00, 0x00, 0x00, 0x00,
            0x00, 0xff, 0x7f, 0xff, 0xac, 0x00, 0x00, 0x00, 0x15, 0x00, 0x01, 0x01, 0x00, 0x00,
            0x00, 0x16, 0x00, 0x00, 0x03, 0xff, 0xfd, 0xff, 0x02, 0xfe, 0xfe, 0xfe, 0x00, 0x00,
            0x00, 0x00, 0x00, 0x00, 0x00, 0x00, 0xff, 0x7f, 0xff, 0xac, 0x00, 0x00, 0x00, 0x16,
            0x00, 0x01, 0x01, 0x00, 0x00, 0x00, 0x16, 0x00, 0x00, 0x03, 0xff, 0xfd, 0xff, 0x02,
            0xfe, 0xfe, 0xfe, 0x00, 0x00, 0x00, 0x00, 0x00, 0x00, 0x00, 0x00, 0xff, 0x7f, 0xff,
            0xac, 0x00, 0x00, 0x00, 0x17, 0x00, 0x01, 0x01, 0x00, 0x00, 0x00, 0x16, 0x00, 0x00,
            0x03, 0xff, 0xfd, 0xff, 0x02, 0xfe, 0xfe, 0xfe, 0x00, 0x00, 0x00, 0x00, 0x00, 0x00,
            0x00, 0x00, 0xff, 0x7f, 0xff, 0xac, 0x00, 0x00, 0x00, 0x18, 0x00, 0x01, 0x01, 0x00,
            0x00, 0x00, 0x16, 0x00, 0x00, 0x03, 0xff, 0xfd, 0xff, 0x02, 0xfe, 0xfe, 0xfe, 0x00,
            0x00, 0x00, 0x00, 0x00, 0x00, 0x00, 0x00, 0xff, 0x7f, 0xff, 0xac, 0x00, 0x00, 0x00,
            0x19, 0x00, 0x01, 0x01, 0x00, 0x00, 0x00, 0x16, 0x00, 0x00, 0x03, 0xff, 0xfd, 0xff,
            0x02, 0xfe, 0xfe, 0xfe, 0x00, 0x00, 0x00, 0x00, 0x00, 0x00, 0x00, 0x00, 0xff, 0x7f,
            0xff, 0xac, 0x00, 0x00, 0x00, 0x1a, 0x00, 0x01, 0x01, 0x00, 0x00, 0x00, 0x16, 0x00,
            0x00, 0x03, 0xff, 0xfd, 0xff, 0x02, 0xfe, 0xfe, 0xfe, 0x00, 0x00, 0x00, 0x00, 0x00,
            0x00, 0x00, 0x00, 0xff, 0x7f, 0xff, 0xac, 0x00, 0x00, 0x00, 0x1b, 0x00, 0x01, 0x01,
            0x00, 0x00, 0x00, 0x16, 0x00, 0x00, 0x03, 0xff, 0xfd, 0xff, 0x02, 0xfe, 0xfe, 0xfe,
            0x00, 0x00, 0x00, 0x00, 0x00, 0x00, 0x00, 0x00, 0xff, 0x7f, 0xff, 0xac, 0x00, 0x00,
            0x00, 0x1c, 0x00, 0x01, 0x01, 0x00, 0x00, 0x00, 0x16, 0x00, 0x00, 0x03, 0xff, 0xfd,
            0xff, 0x02, 0xfe, 0xfe, 0xfe, 0x00, 0x00, 0x00, 0x00, 0x00, 0x00, 0x00, 0x00, 0xff,
            0x7f, 0xff, 0xac, 0x00, 0x00, 0x00, 0x1d, 0x00, 0x01, 0x01, 0x00, 0x00, 0x00, 0x16,
            0x00, 0x00, 0x03, 0xff, 0xfd, 0xff, 0x02, 0xfe, 0xfe, 0xfe, 0x00, 0x00, 0x00, 0x00,
            0x00, 0x00, 0x00, 0x00, 0xff, 0x7f, 0xff, 0xac, 0x00, 0x00, 0x00, 0x1e, 0x00, 0x01,
            0x01, 0x00, 0x00, 0x00, 0x16, 0x00, 0x00, 0x03, 0xff, 0xfd, 0xff, 0x02, 0xfe, 0xfe,
            0xfe, 0x00, 0x00, 0x00, 0x00, 0x00, 0x00, 0x00, 0x00, 0xff, 0x7f, 0xff, 0xac, 0x00,
            0x00, 0x00, 0x1f, 0x00, 0x01, 0x01, 0x00, 0x00, 0x00, 0x16, 0x00, 0x00, 0x03, 0xff,
            0xfd, 0xff, 0x02, 0xfe, 0xfe, 0xfe, 0x00, 0x00, 0x00, 0x00, 0x00, 0x00, 0x00, 0x00,
            0xff, 0x7f, 0xff, 0xac, 0x00, 0x00, 0x00, 0x20, 0x00, 0x01, 0x01, 0x00, 0x00, 0x00,
            0x16, 0x00, 0x00, 0x03, 0xff, 0xfd, 0xff, 0x02, 0xfe, 0xfe, 0xfe, 0x00, 0x00, 0x00,
            0x00, 0x00, 0x00, 0x00, 0x00, 0xff, 0x7f, 0xff, 0xac, 0x00, 0x00, 0x00, 0x21, 0x00,
            0x01, 0x01, 0x00, 0x00, 0x00, 0x16, 0x00, 0x00, 0x03, 0xff, 0xfd, 0xff, 0x02, 0xfe,
            0xfe, 0xfe, 0x00, 0x00, 0x00, 0x00, 0x00, 0x00, 0x00, 0x00, 0xff, 0x7f, 0xff, 0xac,
            0x00, 0x00, 0x00, 0x22, 0x00, 0x01, 0x01, 0x00, 0x00, 0x00, 0x16, 0x00, 0x00, 0x03,
            0xff, 0xfd, 0xff, 0x02, 0xfe, 0xfe, 0xfe, 0x00, 0x00, 0x00, 0x00, 0x00, 0x00, 0x00,
            0x00, 0xff, 0x7f, 0xff, 0xac, 0x00, 0x00, 0x00, 0x23, 0x00, 0x01, 0x01, 0x00, 0x00,
            0x00, 0x16, 0x00, 0x00, 0x03, 0xff, 0xfd, 0xff, 0x02, 0xfe, 0xfe, 0xfe, 0x00, 0x00,
            0x00, 0x00, 0x00, 0x00, 0x00, 0x00, 0xff, 0x7f, 0xff, 0xac, 0x00, 0x00, 0x00, 0x24,
            0x00, 0x01, 0x01, 0x00, 0x00, 0x00, 0x16, 0x00, 0x00, 0x03, 0xff, 0xfd, 0xff, 0x02,
            0xfe, 0xfe, 0xfe, 0x00, 0x00, 0x00, 0x00, 0x00, 0x00, 0x00, 0x00, 0xff, 0x7f, 0xff,
            0xac, 0x00, 0x00, 0x00, 0x25, 0x00, 0x01, 0x01, 0x00, 0x00, 0x00, 0x16, 0x00, 0x00,
            0x03, 0xff, 0xfd, 0xff, 0x02, 0xfe, 0xfe, 0xfe, 0x00, 0x00, 0x00, 0x00, 0x00, 0x00,
            0x00, 0x00, 0xff, 0x7f, 0xff, 0xac, 0x00, 0x00, 0x00, 0x26, 0x00, 0x01, 0x01, 0x00,
            0x00, 0x00, 0x16, 0x00, 0x00, 0x03, 0xff, 0xfd, 0xff, 0x02, 0xfe, 0xfe, 0xfe, 0x00,
            0x00, 0x00, 0x00, 0x00, 0x00, 0x00, 0x00, 0xff, 0x7f, 0xff, 0xac, 0x00, 0x00, 0x00,
            0x27, 0x00, 0x01, 0x01, 0x00, 0x00, 0x00, 0x16, 0x00, 0x00, 0x03, 0xff, 0xfd, 0xff,
            0x02, 0xfe, 0xfe, 0xfe, 0x00, 0x00, 0x00, 0x00, 0x00, 0x00, 0x00, 0x00, 0xff, 0x7f,
            0xff, 0xac, 0x00, 0x00, 0x00, 0x28, 0x00, 0x01, 0x01, 0x00, 0x00, 0x00, 0x16, 0x00,
            0x00, 0x03, 0xff, 0xfd, 0xff, 0x02, 0xfe, 0xfe, 0xfe, 0x00, 0x00, 0x00, 0x00, 0x00,
            0x00, 0x00, 0x00, 0xff, 0x7f, 0xff, 0xac, 0x00, 0x00, 0x00, 0x29, 0x00, 0x01, 0x01,
            0x00, 0x00, 0x00, 0x16, 0x00, 0x00, 0x03, 0xff, 0xfd, 0xff, 0x02, 0xfe, 0xfe, 0xfe,
            0x00, 0x00, 0x00, 0x00, 0x00, 0x00, 0x00, 0x00, 0xff, 0x7f, 0xff, 0xac, 0x00, 0x00,
            0x00, 0x2a, 0x00, 0x01, 0x01, 0x00, 0x00, 0x00, 0x16, 0x00, 0x00, 0x03, 0xff, 0xfd,
            0xff, 0x02, 0xfe, 0xfe, 0xfe, 0x00, 0x00, 0x00, 0x00, 0x00, 0x00, 0x00, 0x00, 0xff,
            0x7f, 0xff, 0xac, 0x00, 0x00, 0x00, 0x2b, 0x00, 0x01, 0x01, 0x00, 0x00, 0x00, 0x16,
            0x00, 0x00, 0x03, 0xff, 0xfd, 0xff, 0x02, 0xfe, 0xfe, 0xfe, 0x00, 0x00, 0x00, 0x00,
            0x00, 0x00, 0x00, 0x00, 0xff, 0x7f, 0xff, 0xac, 0x00, 0x00, 0x00, 0xff, 0x3e, 0xe0,
            0x00, 0x00, 0x20, 0xff, 0xff, 0xff, 0xff, 0x81, 0x0c, 0x0d, 0x0e, 0x0f, 0x10, 0x11,
            0x12, 0x13, 0x14, 0x15, 0x16, 0x17, 0x18, 0x19, 0x1a, 0x1b, 0x1c, 0x1d, 0x1e, 0x1f,
            0x20, 0x21, 0x22, 0x23, 0x24, 0x25, 0x26, 0x27, 0x28, 0x29, 0x2a, 0x2b, 0x01, 0x00,
            0x00, 0x00, 0x09, 0x20, 0x00, 0x00, 0x00, 0x52, 0x00, 0x50, 0x00, 0x00,
        ],
    },
    EncodedCase {
        name: "prohibited-short-count-5-comment-pair",
        data: &[
            0x00, 0x00, 0x00, 0x01, 0x30, 0x01, 0x01, 0x00, 0x00, 0x00, 0x13, 0x00, 0x00, 0x00,
            0x09, 0x00, 0x00, 0x00, 0x07, 0x00, 0x00, 0x00, 0x00, 0x00, 0x00, 0x00, 0x00, 0x63,
            0x00, 0x00, 0x00, 0x00, 0x00, 0x0a, 0x00, 0x01, 0x01, 0x00, 0x00, 0x00, 0x1e, 0x00,
            0x01, 0x00, 0x00, 0x00, 0x01, 0x00, 0x00, 0x00, 0x01, 0xe7, 0xdb, 0xf0, 0x00, 0x95,
            0x00, 0x4a, 0x80, 0x4c, 0x80, 0xc3, 0x80, 0x00, 0x00, 0x1c, 0x00, 0x93, 0x00, 0x00,
            0x40, 0x00, 0x00, 0x00, 0x0b, 0x07, 0x23, 0x0a, 0x01, 0x00, 0x00, 0x00, 0x2d, 0x00,
            0x00, 0x00, 0x09, 0x00, 0x00, 0x00, 0x07, 0x00, 0x00, 0x00, 0x00, 0x00, 0x00, 0x00,
            0x00, 0x04, 0x00, 0x11, 0x00, 0x00, 0x00, 0x00, 0x00, 0x01, 0x01, 0x00, 0x00, 0x00,
            0x00, 0x00, 0x00, 0x00, 0x00, 0x00, 0x00, 0x00, 0x00, 0x00, 0x00, 0x00, 0x00, 0x00,
            0x00, 0x04, 0x00, 0x00, 0x00, 0xff, 0x3e, 0xa0, 0x01, 0x00, 0x00, 0x00, 0x09, 0x20,
            0x00, 0x00, 0x00, 0x52, 0x00, 0x50, 0x00, 0x00,
        ],
    },
    EncodedCase {
        name: "prohibited-short-count-6-comment-pair",
        data: &[
            0x00, 0x00, 0x00, 0x01, 0x30, 0x01, 0x01, 0x00, 0x00, 0x00, 0x13, 0x00, 0x00, 0x00,
            0x09, 0x00, 0x00, 0x00, 0x07, 0x00, 0x00, 0x00, 0x00, 0x00, 0x00, 0x00, 0x00, 0x63,
            0x00, 0x00, 0x00, 0x00, 0x00, 0x0a, 0x00, 0x01, 0x01, 0x00, 0x00, 0x00, 0x1e, 0x00,
            0x01, 0x00, 0x00, 0x00, 0x01, 0x00, 0x00, 0x00, 0x01, 0xe7, 0xdb, 0xf0, 0x00, 0x95,
            0x00, 0x4a, 0x80, 0x4c, 0x80, 0xc3, 0x80, 0x00, 0x00, 0x1c, 0x00, 0x93, 0x00, 0x00,
            0x40, 0x00, 0x00, 0x00, 0x0b, 0x07, 0x23, 0x0a, 0x01, 0x00, 0x00, 0x00, 0x2d, 0x00,
            0x00, 0x00, 0x09, 0x00, 0x00, 0x00, 0x07, 0x00, 0x00, 0x00, 0x00, 0x00, 0x00, 0x00,
            0x00, 0x04, 0x00, 0x11, 0x00, 0x00, 0x00, 0x00, 0x00, 0x01, 0x01, 0x00, 0x00, 0x00,
            0x00, 0x00, 0x00, 0x00, 0x00, 0x00, 0x00, 0x00, 0x00, 0x00, 0x00, 0x00, 0x00, 0x00,
            0x00, 0x04, 0x00, 0x00, 0x00, 0xff, 0x3e, 0xc0, 0x01, 0x00, 0x00, 0x00, 0x09, 0x20,
            0x00, 0x00, 0x00, 0x52, 0x00, 0x50, 0x00, 0x00,
        ],
    },
    EncodedCase {
        name: "truncated-long-count-1",
        data: &[
            0x00, 0x00, 0x00, 0x01, 0x30, 0x01, 0x01, 0x00, 0x00, 0x00, 0x13, 0x00, 0x00, 0x00,
            0x09, 0x00, 0x00, 0x00, 0x07, 0x00, 0x00, 0x00, 0x00, 0x00, 0x00, 0x00, 0x00, 0x63,
            0x00, 0x00, 0x00, 0x00, 0x00, 0x0a, 0x00, 0x01, 0x01, 0x00, 0x00, 0x00, 0x1e, 0x00,
            0x01, 0x00, 0x00, 0x00, 0x01, 0x00, 0x00, 0x00, 0x01, 0xe7, 0xdb, 0xf0, 0x00, 0x95,
            0x00, 0x4a, 0x80, 0x4c, 0x80, 0xc3, 0x80, 0x00, 0x00, 0x1c, 0x00, 0x93, 0x00, 0x00,
            0x40, 0x00, 0x00, 0x00, 0x0b, 0x07, 0x23, 0x0a, 0x01, 0x00, 0x00, 0x00, 0x2d, 0x00,
            0x00, 0x00, 0x09, 0x00, 0x00, 0x00, 0x07, 0x00, 0x00, 0x00, 0x00, 0x00, 0x00, 0x00,
            0x00, 0x04, 0x00, 0x11, 0x00, 0x00, 0x00, 0x00, 0x00, 0x01, 0x01, 0x00, 0x00, 0x00,
            0x00, 0x00, 0x00, 0x00, 0x00, 0x00, 0x00, 0x00, 0x00, 0x00, 0x00, 0x00, 0x00, 0x00,
            0x00, 0x04, 0x00, 0x00, 0x00, 0x0c, 0x00, 0x01, 0x01, 0x00, 0x00, 0x00, 0x16, 0x00,
            0x00, 0x03, 0xff, 0xfd, 0xff, 0x02, 0xfe, 0xfe, 0xfe, 0x00, 0x00, 0x00, 0x00, 0x00,
            0x00, 0x00, 0x00, 0xff, 0x7f, 0xff, 0xac, 0x00, 0x00, 0x00, 0x0d, 0x00, 0x01, 0x01,
            0x00, 0x00, 0x00, 0x16, 0x00, 0x00, 0x03, 0xff, 0xfd, 0xff, 0x02, 0xfe, 0xfe, 0xfe,
            0x00, 0x00, 0x00, 0x00, 0x00, 0x00, 0x00, 0x00, 0xff, 0x7f, 0xff, 0xac, 0x00, 0x00,
            0x00, 0x0e, 0x00, 0x01, 0x01, 0x00, 0x00, 0x00, 0x16, 0x00, 0x00, 0x03, 0xff, 0xfd,
            0xff, 0x02, 0xfe, 0xfe, 0xfe, 0x00, 0x00, 0x00, 0x00, 0x00, 0x00, 0x00, 0x00, 0xff,
            0x7f, 0xff, 0xac, 0x00, 0x00, 0x00, 0x0f, 0x00, 0x01, 0x01, 0x00, 0x00, 0x00, 0x16,
            0x00, 0x00, 0x03, 0xff, 0xfd, 0xff, 0x02, 0xfe, 0xfe, 0xfe, 0x00, 0x00, 0x00, 0x00,
            0x00, 0x00, 0x00, 0x00, 0xff, 0x7f, 0xff, 0xac, 0x00, 0x00, 0x00, 0x10, 0x00, 0x01,
            0x01, 0x00, 0x00, 0x00, 0x16, 0x00, 0x00, 0x03, 0xff, 0xfd, 0xff, 0x02, 0xfe, 0xfe,
            0xfe, 0x00, 0x00, 0x00, 0x00, 0x00, 0x00, 0x00, 0x00, 0xff, 0x7f, 0xff, 0xac, 0x00,
            0x00, 0x00, 0x11, 0x00, 0x01, 0x01, 0x00, 0x00, 0x00, 0x16, 0x00, 0x00, 0x03, 0xff,
            0xfd, 0xff, 0x02, 0xfe, 0xfe, 0xfe, 0x00, 0x00, 0x00, 0x00, 0x00, 0x00, 0x00, 0x00,
            0xff, 0x7f, 0xff, 0xac, 0x00, 0x00, 0x00, 0x12, 0x00, 0x01, 0x01, 0x00, 0x00, 0x00,
            0x16, 0x00, 0x00, 0x03, 0xff, 0xfd, 0xff, 0x02, 0xfe, 0xfe, 0xfe, 0x00, 0x00, 0x00,
            0x00, 0x00, 0x00, 0x00, 0x00, 0xff, 0x7f, 0xff, 0xac, 0x00, 0x00, 0x00, 0x13, 0x00,
            0x01, 0x01, 0x00, 0x00, 0x00, 0x16, 0x00, 0x00, 0x03, 0xff, 0xfd, 0xff, 0x02, 0xfe,
            0xfe, 0xfe, 0x00, 0x00, 0x00, 0x00, 0x00, 0x00, 0x00, 0x00, 0xff, 0x7f, 0xff, 0xac,
            0x00, 0x00, 0x00, 0x14, 0x00, 0x01, 0x01, 0x00, 0x00, 0x00, 0x16, 0x00, 0x00, 0x03,
            0xff, 0xfd, 0xff, 0x02, 0xfe, 0xfe, 0xfe, 0x00, 0x00, 0x00, 0x00, 0x00, 0x00, 0x00,
            0x00, 0xff, 0x7f, 0xff, 0xac, 0x00, 0x00, 0x00, 0xff, 0x3e, 0xe0,
        ],
    },
    EncodedCase {
        name: "truncated-long-count-3",
        data: &[
            0x00, 0x00, 0x00, 0x01, 0x30, 0x01, 0x01, 0x00, 0x00, 0x00, 0x13, 0x00, 0x00, 0x00,
            0x09, 0x00, 0x00, 0x00, 0x07, 0x00, 0x00, 0x00, 0x00, 0x00, 0x00, 0x00, 0x00, 0x63,
            0x00, 0x00, 0x00, 0x00, 0x00, 0x0a, 0x00, 0x01, 0x01, 0x00, 0x00, 0x00, 0x1e, 0x00,
            0x01, 0x00, 0x00, 0x00, 0x01, 0x00, 0x00, 0x00, 0x01, 0xe7, 0xdb, 0xf0, 0x00, 0x95,
            0x00, 0x4a, 0x80, 0x4c, 0x80, 0xc3, 0x80, 0x00, 0x00, 0x1c, 0x00, 0x93, 0x00, 0x00,
            0x40, 0x00, 0x00, 0x00, 0x0b, 0x07, 0x23, 0x0a, 0x01, 0x00, 0x00, 0x00, 0x2d, 0x00,
            0x00, 0x00, 0x09, 0x00, 0x00, 0x00, 0x07, 0x00, 0x00, 0x00, 0x00, 0x00, 0x00, 0x00,
            0x00, 0x04, 0x00, 0x11, 0x00, 0x00, 0x00, 0x00, 0x00, 0x01, 0x01, 0x00, 0x00, 0x00,
            0x00, 0x00, 0x00, 0x00, 0x00, 0x00, 0x00, 0x00, 0x00, 0x00, 0x00, 0x00, 0x00, 0x00,
            0x00, 0x04, 0x00, 0x00, 0x00, 0x0c, 0x00, 0x01, 0x01, 0x00, 0x00, 0x00, 0x16, 0x00,
            0x00, 0x03, 0xff, 0xfd, 0xff, 0x02, 0xfe, 0xfe, 0xfe, 0x00, 0x00, 0x00, 0x00, 0x00,
            0x00, 0x00, 0x00, 0xff, 0x7f, 0xff, 0xac, 0x00, 0x00, 0x00, 0x0d, 0x00, 0x01, 0x01,
            0x00, 0x00, 0x00, 0x16, 0x00, 0x00, 0x03, 0xff, 0xfd, 0xff, 0x02, 0xfe, 0xfe, 0xfe,
            0x00, 0x00, 0x00, 0x00, 0x00, 0x00, 0x00, 0x00, 0xff, 0x7f, 0xff, 0xac, 0x00, 0x00,
            0x00, 0x0e, 0x00, 0x01, 0x01, 0x00, 0x00, 0x00, 0x16, 0x00, 0x00, 0x03, 0xff, 0xfd,
            0xff, 0x02, 0xfe, 0xfe, 0xfe, 0x00, 0x00, 0x00, 0x00, 0x00, 0x00, 0x00, 0x00, 0xff,
            0x7f, 0xff, 0xac, 0x00, 0x00, 0x00, 0x0f, 0x00, 0x01, 0x01, 0x00, 0x00, 0x00, 0x16,
            0x00, 0x00, 0x03, 0xff, 0xfd, 0xff, 0x02, 0xfe, 0xfe, 0xfe, 0x00, 0x00, 0x00, 0x00,
            0x00, 0x00, 0x00, 0x00, 0xff, 0x7f, 0xff, 0xac, 0x00, 0x00, 0x00, 0x10, 0x00, 0x01,
            0x01, 0x00, 0x00, 0x00, 0x16, 0x00, 0x00, 0x03, 0xff, 0xfd, 0xff, 0x02, 0xfe, 0xfe,
            0xfe, 0x00, 0x00, 0x00, 0x00, 0x00, 0x00, 0x00, 0x00, 0xff, 0x7f, 0xff, 0xac, 0x00,
            0x00, 0x00, 0x11, 0x00, 0x01, 0x01, 0x00, 0x00, 0x00, 0x16, 0x00, 0x00, 0x03, 0xff,
            0xfd, 0xff, 0x02, 0xfe, 0xfe, 0xfe, 0x00, 0x00, 0x00, 0x00, 0x00, 0x00, 0x00, 0x00,
            0xff, 0x7f, 0xff, 0xac, 0x00, 0x00, 0x00, 0x12, 0x00, 0x01, 0x01, 0x00, 0x00, 0x00,
            0x16, 0x00, 0x00, 0x03, 0xff, 0xfd, 0xff, 0x02, 0xfe, 0xfe, 0xfe, 0x00, 0x00, 0x00,
            0x00, 0x00, 0x00, 0x00, 0x00, 0xff, 0x7f, 0xff, 0xac, 0x00, 0x00, 0x00, 0x13, 0x00,
            0x01, 0x01, 0x00, 0x00, 0x00, 0x16, 0x00, 0x00, 0x03, 0xff, 0xfd, 0xff, 0x02, 0xfe,
            0xfe, 0xfe, 0x00, 0x00, 0x00, 0x00, 0x00, 0x00, 0x00, 0x00, 0xff, 0x7f, 0xff, 0xac,
            0x00, 0x00, 0x00, 0x14, 0x00, 0x01, 0x01, 0x00, 0x00, 0x00, 0x16, 0x00, 0x00, 0x03,
            0xff, 0xfd, 0xff, 0x02, 0xfe, 0xfe, 0xfe, 0x00, 0x00, 0x00, 0x00, 0x00, 0x00, 0x00,
            0x00, 0xff, 0x7f, 0xff, 0xac, 0x00, 0x00, 0x00, 0xff, 0x3e, 0xe0, 0x00, 0x00,
        ],
    },
    EncodedCase {
        name: "truncated-retention-0",
        data: &[
            0x00, 0x00, 0x00, 0x01, 0x30, 0x01, 0x01, 0x00, 0x00, 0x00, 0x13, 0x00, 0x00, 0x00,
            0x09, 0x00, 0x00, 0x00, 0x07, 0x00, 0x00, 0x00, 0x00, 0x00, 0x00, 0x00, 0x00, 0x63,
            0x00, 0x00, 0x00, 0x00, 0x00, 0x0a, 0x00, 0x01, 0x01, 0x00, 0x00, 0x00, 0x1e, 0x00,
            0x01, 0x00, 0x00, 0x00, 0x01, 0x00, 0x00, 0x00, 0x01, 0xe7, 0xdb, 0xf0, 0x00, 0x95,
            0x00, 0x4a, 0x80, 0x4c, 0x80, 0xc3, 0x80, 0x00, 0x00, 0x1c, 0x00, 0x93, 0x00, 0x00,
            0x40, 0x00, 0x00, 0x00, 0x0b, 0x07, 0x23, 0x0a, 0x01, 0x00, 0x00, 0x00, 0x2d, 0x00,
            0x00, 0x00, 0x09, 0x00, 0x00, 0x00, 0x07, 0x00, 0x00, 0x00, 0x00, 0x00, 0x00, 0x00,
            0x00, 0x04, 0x00, 0x11, 0x00, 0x00, 0x00, 0x00, 0x00, 0x01, 0x01, 0x00, 0x00, 0x00,
            0x00, 0x00, 0x00, 0x00, 0x00, 0x00, 0x00, 0x00, 0x00, 0x00, 0x00, 0x00, 0x00, 0x00,
            0x00, 0x04, 0x00, 0x00, 0x00, 0x0c, 0x00, 0x01, 0x01, 0x00, 0x00, 0x00, 0x16, 0x00,
            0x00, 0x03, 0xff, 0xfd, 0xff, 0x02, 0xfe, 0xfe, 0xfe, 0x00, 0x00, 0x00, 0x00, 0x00,
            0x00, 0x00, 0x00, 0xff, 0x7f, 0xff, 0xac, 0x00, 0x00, 0x00, 0x0d, 0x00, 0x01, 0x01,
            0x00, 0x00, 0x00, 0x16, 0x00, 0x00, 0x03, 0xff, 0xfd, 0xff, 0x02, 0xfe, 0xfe, 0xfe,
            0x00, 0x00, 0x00, 0x00, 0x00, 0x00, 0x00, 0x00, 0xff, 0x7f, 0xff, 0xac, 0x00, 0x00,
            0x00, 0x0e, 0x00, 0x01, 0x01, 0x00, 0x00, 0x00, 0x16, 0x00, 0x00, 0x03, 0xff, 0xfd,
            0xff, 0x02, 0xfe, 0xfe, 0xfe, 0x00, 0x00, 0x00, 0x00, 0x00, 0x00, 0x00, 0x00, 0xff,
            0x7f, 0xff, 0xac, 0x00, 0x00, 0x00, 0x0f, 0x00, 0x01, 0x01, 0x00, 0x00, 0x00, 0x16,
            0x00, 0x00, 0x03, 0xff, 0xfd, 0xff, 0x02, 0xfe, 0xfe, 0xfe, 0x00, 0x00, 0x00, 0x00,
            0x00, 0x00, 0x00, 0x00, 0xff, 0x7f, 0xff, 0xac, 0x00, 0x00, 0x00, 0x10, 0x00, 0x01,
            0x01, 0x00, 0x00, 0x00, 0x16, 0x00, 0x00, 0x03, 0xff, 0xfd, 0xff, 0x02, 0xfe, 0xfe,
            0xfe, 0x00, 0x00, 0x00, 0x00, 0x00, 0x00, 0x00, 0x00, 0xff, 0x7f, 0xff, 0xac, 0x00,
            0x00, 0x00, 0x11, 0x00, 0x01, 0x01, 0x00, 0x00, 0x00, 0x16, 0x00, 0x00, 0x03, 0xff,
            0xfd, 0xff, 0x02, 0xfe, 0xfe, 0xfe, 0x00, 0x00, 0x00, 0x00, 0x00, 0x00, 0x00, 0x00,
            0xff, 0x7f, 0xff, 0xac, 0x00, 0x00, 0x00, 0x12, 0x00, 0x01, 0x01, 0x00, 0x00, 0x00,
            0x16, 0x00, 0x00, 0x03, 0xff, 0xfd, 0xff, 0x02, 0xfe, 0xfe, 0xfe, 0x00, 0x00, 0x00,
            0x00, 0x00, 0x00, 0x00, 0x00, 0xff, 0x7f, 0xff, 0xac, 0x00, 0x00, 0x00, 0x13, 0x00,
            0x01, 0x01, 0x00, 0x00, 0x00, 0x16, 0x00, 0x00, 0x03, 0xff, 0xfd, 0xff, 0x02, 0xfe,
            0xfe, 0xfe, 0x00, 0x00, 0x00, 0x00, 0x00, 0x00, 0x00, 0x00, 0xff, 0x7f, 0xff, 0xac,
            0x00, 0x00, 0x00, 0x14, 0x00, 0x01, 0x01, 0x00, 0x00, 0x00, 0x16, 0x00, 0x00, 0x03,
            0xff, 0xfd, 0xff, 0x02, 0xfe, 0xfe, 0xfe, 0x00, 0x00, 0x00, 0x00, 0x00, 0x00, 0x00,
            0x00, 0xff, 0x7f, 0xff, 0xac, 0x00, 0x00, 0x00, 0xff, 0x3e, 0xe0, 0x00, 0x00, 0x09,
        ],
    },
    EncodedCase {
        name: "truncated-retention-1",
        data: &[
            0x00, 0x00, 0x00, 0x01, 0x30, 0x01, 0x01, 0x00, 0x00, 0x00, 0x13, 0x00, 0x00, 0x00,
            0x09, 0x00, 0x00, 0x00, 0x07, 0x00, 0x00, 0x00, 0x00, 0x00, 0x00, 0x00, 0x00, 0x63,
            0x00, 0x00, 0x00, 0x00, 0x00, 0x0a, 0x00, 0x01, 0x01, 0x00, 0x00, 0x00, 0x1e, 0x00,
            0x01, 0x00, 0x00, 0x00, 0x01, 0x00, 0x00, 0x00, 0x01, 0xe7, 0xdb, 0xf0, 0x00, 0x95,
            0x00, 0x4a, 0x80, 0x4c, 0x80, 0xc3, 0x80, 0x00, 0x00, 0x1c, 0x00, 0x93, 0x00, 0x00,
            0x40, 0x00, 0x00, 0x00, 0x0b, 0x07, 0x23, 0x0a, 0x01, 0x00, 0x00, 0x00, 0x2d, 0x00,
            0x00, 0x00, 0x09, 0x00, 0x00, 0x00, 0x07, 0x00, 0x00, 0x00, 0x00, 0x00, 0x00, 0x00,
            0x00, 0x04, 0x00, 0x11, 0x00, 0x00, 0x00, 0x00, 0x00, 0x01, 0x01, 0x00, 0x00, 0x00,
            0x00, 0x00, 0x00, 0x00, 0x00, 0x00, 0x00, 0x00, 0x00, 0x00, 0x00, 0x00, 0x00, 0x00,
            0x00, 0x04, 0x00, 0x00, 0x00, 0x0c, 0x00, 0x01, 0x01, 0x00, 0x00, 0x00, 0x16, 0x00,
            0x00, 0x03, 0xff, 0xfd, 0xff, 0x02, 0xfe, 0xfe, 0xfe, 0x00, 0x00, 0x00, 0x00, 0x00,
            0x00, 0x00, 0x00, 0xff, 0x7f, 0xff, 0xac, 0x00, 0x00, 0x00, 0x0d, 0x00, 0x01, 0x01,
            0x00, 0x00, 0x00, 0x16, 0x00, 0x00, 0x03, 0xff, 0xfd, 0xff, 0x02, 0xfe, 0xfe, 0xfe,
            0x00, 0x00, 0x00, 0x00, 0x00, 0x00, 0x00, 0x00, 0xff, 0x7f, 0xff, 0xac, 0x00, 0x00,
            0x00, 0x0e, 0x00, 0x01, 0x01, 0x00, 0x00, 0x00, 0x16, 0x00, 0x00, 0x03, 0xff, 0xfd,
            0xff, 0x02, 0xfe, 0xfe, 0xfe, 0x00, 0x00, 0x00, 0x00, 0x00, 0x00, 0x00, 0x00, 0xff,
            0x7f, 0xff, 0xac, 0x00, 0x00, 0x00, 0x0f, 0x00, 0x01, 0x01, 0x00, 0x00, 0x00, 0x16,
            0x00, 0x00, 0x03, 0xff, 0xfd, 0xff, 0x02, 0xfe, 0xfe, 0xfe, 0x00, 0x00, 0x00, 0x00,
            0x00, 0x00, 0x00, 0x00, 0xff, 0x7f, 0xff, 0xac, 0x00, 0x00, 0x00, 0x10, 0x00, 0x01,
            0x01, 0x00, 0x00, 0x00, 0x16, 0x00, 0x00, 0x03, 0xff, 0xfd, 0xff, 0x02, 0xfe, 0xfe,
            0xfe, 0x00, 0x00, 0x00, 0x00, 0x00, 0x00, 0x00, 0x00, 0xff, 0x7f, 0xff, 0xac, 0x00,
            0x00, 0x00, 0x11, 0x00, 0x01, 0x01, 0x00, 0x00, 0x00, 0x16, 0x00, 0x00, 0x03, 0xff,
            0xfd, 0xff, 0x02, 0xfe, 0xfe, 0xfe, 0x00, 0x00, 0x00, 0x00, 0x00, 0x00, 0x00, 0x00,
            0xff, 0x7f, 0xff, 0xac, 0x00, 0x00, 0x00, 0x12, 0x00, 0x01, 0x01, 0x00, 0x00, 0x00,
            0x16, 0x00, 0x00, 0x03, 0xff, 0xfd, 0xff, 0x02, 0xfe, 0xfe, 0xfe, 0x00, 0x00, 0x00,
            0x00, 0x00, 0x00, 0x00, 0x00, 0xff, 0x7f, 0xff, 0xac, 0x00, 0x00, 0x00, 0x13, 0x00,
            0x01, 0x01, 0x00, 0x00, 0x00, 0x16, 0x00, 0x00, 0x03, 0xff, 0xfd, 0xff, 0x02, 0xfe,
            0xfe, 0xfe, 0x00, 0x00, 0x00, 0x00, 0x00, 0x00, 0x00, 0x00, 0xff, 0x7f, 0xff, 0xac,
            0x00, 0x00, 0x00, 0x14, 0x00, 0x01, 0x01, 0x00, 0x00, 0x00, 0x16, 0x00, 0x00, 0x03,
            0xff, 0xfd, 0xff, 0x02, 0xfe, 0xfe, 0xfe, 0x00, 0x00, 0x00, 0x00, 0x00, 0x00, 0x00,
            0x00, 0xff, 0x7f, 0xff, 0xac, 0x00, 0x00, 0x00, 0xff, 0x3e, 0xe0, 0x00, 0x00, 0x09,
            0xff,
        ],
    },
];
