// Authored T.88 7.4.2.1.1/7.4.2.1.6 symbol dictionary contracts.
// Raw collective bitmaps and Tables B.1-B.5 code strings are authored directly.
// Arithmetic bitmaps use unchanged agl/jbig2enc
// d0dfca46216c98f11312a9c9f15615ed490cd7b3 (Apache-2.0) and the
// independent scalar refinement adapter. All forty valid controls match Poppler.
// Provenance: pdf-test-suite/reports/jbig2-symbol-contracts-2026-09-11/.
pub(super) struct EncodedCase {
    pub(super) name: &'static str,
    pub(super) data: &'static [u8],
}
pub(super) const CASES: &[EncodedCase] = &[
    EncodedCase {
        name: "arithmetic-generic",
        data: &[
            0x00, 0x00, 0x00, 0x01, 0x30, 0x01, 0x01, 0x00, 0x00, 0x00, 0x13, 0x00, 0x00, 0x00,
            0x09, 0x00, 0x00, 0x00, 0x07, 0x00, 0x00, 0x00, 0x00, 0x00, 0x00, 0x00, 0x00, 0x63,
            0x00, 0x00, 0x00, 0x00, 0x00, 0x0a, 0x00, 0x01, 0x01, 0x00, 0x00, 0x00, 0x1f, 0x00,
            0x00, 0x03, 0xff, 0xfd, 0xff, 0x02, 0xfe, 0xfe, 0xfe, 0x00, 0x00, 0x00, 0x01, 0x00,
            0x00, 0x00, 0x01, 0x4d, 0x26, 0xdc, 0x67, 0xf9, 0x5b, 0x72, 0x74, 0x3f, 0x91, 0x47,
            0xff, 0xac, 0x00, 0x00, 0x00, 0x0b, 0x07, 0x23, 0x0a, 0x01, 0x00, 0x00, 0x00, 0x2d,
            0x00, 0x00, 0x00, 0x09, 0x00, 0x00, 0x00, 0x07, 0x00, 0x00, 0x00, 0x00, 0x00, 0x00,
            0x00, 0x00, 0x04, 0x00, 0x11, 0x00, 0x00, 0x00, 0x00, 0x00, 0x01, 0x01, 0x00, 0x00,
            0x00, 0x00, 0x00, 0x00, 0x00, 0x00, 0x00, 0x00, 0x00, 0x00, 0x00, 0x00, 0x00, 0x00,
            0x00, 0x00, 0x04,
        ],
    },
    EncodedCase {
        name: "collective-standard",
        data: &[
            0x00, 0x00, 0x00, 0x01, 0x30, 0x01, 0x01, 0x00, 0x00, 0x00, 0x13, 0x00, 0x00, 0x00,
            0x09, 0x00, 0x00, 0x00, 0x07, 0x00, 0x00, 0x00, 0x00, 0x00, 0x00, 0x00, 0x00, 0x63,
            0x00, 0x00, 0x00, 0x00, 0x00, 0x0a, 0x00, 0x01, 0x01, 0x00, 0x00, 0x00, 0x1e, 0x00,
            0x01, 0x00, 0x00, 0x00, 0x01, 0x00, 0x00, 0x00, 0x01, 0xe7, 0xdb, 0xf0, 0x00, 0x95,
            0x00, 0x4a, 0x80, 0x4c, 0x80, 0xc3, 0x80, 0x00, 0x00, 0x1c, 0x00, 0x93, 0x00, 0x00,
            0x40, 0x00, 0x00, 0x00, 0x0b, 0x07, 0x23, 0x0a, 0x01, 0x00, 0x00, 0x00, 0x2d, 0x00,
            0x00, 0x00, 0x09, 0x00, 0x00, 0x00, 0x07, 0x00, 0x00, 0x00, 0x00, 0x00, 0x00, 0x00,
            0x00, 0x04, 0x00, 0x11, 0x00, 0x00, 0x00, 0x00, 0x00, 0x01, 0x01, 0x00, 0x00, 0x00,
            0x00, 0x00, 0x00, 0x00, 0x00, 0x00, 0x00, 0x00, 0x00, 0x00, 0x00, 0x00, 0x00, 0x00,
            0x00, 0x04,
        ],
    },
    EncodedCase {
        name: "collective-all-custom",
        data: &[
            0x00, 0x00, 0x00, 0x01, 0x30, 0x01, 0x01, 0x00, 0x00, 0x00, 0x13, 0x00, 0x00, 0x00,
            0x09, 0x00, 0x00, 0x00, 0x07, 0x00, 0x00, 0x00, 0x00, 0x00, 0x00, 0x00, 0x00, 0x63,
            0x00, 0x00, 0x00, 0x00, 0x00, 0x03, 0x35, 0x01, 0x01, 0x00, 0x00, 0x00, 0x0a, 0x00,
            0x00, 0x00, 0x00, 0x07, 0x00, 0x00, 0x00, 0x08, 0x80, 0x00, 0x00, 0x00, 0x04, 0x35,
            0x01, 0x01, 0x00, 0x00, 0x00, 0x0a, 0x01, 0x00, 0x00, 0x00, 0x09, 0x00, 0x00, 0x00,
            0x0a, 0x88, 0x00, 0x00, 0x00, 0x05, 0x35, 0x01, 0x01, 0x00, 0x00, 0x00, 0x0a, 0x00,
            0x00, 0x00, 0x00, 0x00, 0x00, 0x00, 0x00, 0x01, 0x80, 0x00, 0x00, 0x00, 0x0a, 0x00,
            0x6f, 0x03, 0x04, 0x05, 0x01, 0x00, 0x00, 0x00, 0x1b, 0x00, 0x7d, 0x00, 0x00, 0x00,
            0x01, 0x00, 0x00, 0x00, 0x01, 0x20, 0x95, 0x00, 0x4a, 0x80, 0x4c, 0x80, 0xc3, 0x80,
            0x00, 0x00, 0x1c, 0x00, 0x93, 0x00, 0x00, 0x40, 0x00, 0x00, 0x00, 0x0b, 0x07, 0x23,
            0x0a, 0x01, 0x00, 0x00, 0x00, 0x2d, 0x00, 0x00, 0x00, 0x09, 0x00, 0x00, 0x00, 0x07,
            0x00, 0x00, 0x00, 0x00, 0x00, 0x00, 0x00, 0x00, 0x04, 0x00, 0x11, 0x00, 0x00, 0x00,
            0x00, 0x00, 0x01, 0x01, 0x00, 0x00, 0x00, 0x00, 0x00, 0x00, 0x00, 0x00, 0x00, 0x00,
            0x00, 0x00, 0x00, 0x00, 0x00, 0x00, 0x00, 0x00, 0x04,
        ],
    },
    EncodedCase {
        name: "refined-all-custom-t0-zero-retention-padding",
        data: &[
            0x00, 0x00, 0x00, 0x01, 0x30, 0x01, 0x01, 0x00, 0x00, 0x00, 0x13, 0x00, 0x00, 0x00,
            0x09, 0x00, 0x00, 0x00, 0x07, 0x00, 0x00, 0x00, 0x00, 0x00, 0x00, 0x00, 0x00, 0x63,
            0x00, 0x00, 0x00, 0x00, 0x00, 0x02, 0x00, 0x01, 0x01, 0x00, 0x00, 0x00, 0x1f, 0x00,
            0x00, 0x03, 0xff, 0xfd, 0xff, 0x02, 0xfe, 0xfe, 0xfe, 0x00, 0x00, 0x00, 0x01, 0x00,
            0x00, 0x00, 0x01, 0x4d, 0x27, 0x60, 0x73, 0x0c, 0x78, 0x86, 0xd0, 0x9e, 0x61, 0xaa,
            0xff, 0xac, 0x00, 0x00, 0x00, 0x03, 0x35, 0x01, 0x01, 0x00, 0x00, 0x00, 0x0a, 0x00,
            0x00, 0x00, 0x00, 0x07, 0x00, 0x00, 0x00, 0x08, 0x80, 0x00, 0x00, 0x00, 0x04, 0x35,
            0x01, 0x01, 0x00, 0x00, 0x00, 0x0a, 0x01, 0x00, 0x00, 0x00, 0x09, 0x00, 0x00, 0x00,
            0x0a, 0x88, 0x00, 0x00, 0x00, 0x05, 0x35, 0x01, 0x01, 0x00, 0x00, 0x00, 0x0a, 0x00,
            0x00, 0x00, 0x00, 0x00, 0x00, 0x00, 0x00, 0x01, 0x80, 0x00, 0x00, 0x00, 0x06, 0x35,
            0x01, 0x01, 0x00, 0x00, 0x00, 0x0a, 0x00, 0x00, 0x00, 0x00, 0x01, 0x00, 0x00, 0x00,
            0x02, 0x80, 0x00, 0x00, 0x00, 0x0a, 0x00, 0xe0, 0x00, 0x00, 0x05, 0x3f, 0x02, 0x03,
            0x04, 0x05, 0x06, 0x01, 0x00, 0x00, 0x00, 0x1c, 0x00, 0xff, 0xff, 0xff, 0xff, 0xff,
            0x00, 0x00, 0x00, 0x01, 0x00, 0x00, 0x00, 0x01, 0x01, 0x40, 0xc8, 0x0f, 0x81, 0x2b,
            0x6e, 0x48, 0xc1, 0x7f, 0xff, 0xac, 0x84, 0x20, 0x00, 0x00, 0x00, 0x0b, 0x07, 0x23,
            0x0a, 0x01, 0x00, 0x00, 0x00, 0x2d, 0x00, 0x00, 0x00, 0x09, 0x00, 0x00, 0x00, 0x07,
            0x00, 0x00, 0x00, 0x00, 0x00, 0x00, 0x00, 0x00, 0x04, 0x00, 0x11, 0x00, 0x00, 0x00,
            0x00, 0x00, 0x01, 0x01, 0x00, 0x00, 0x00, 0x00, 0x00, 0x00, 0x00, 0x00, 0x00, 0x00,
            0x00, 0x00, 0x00, 0x00, 0x00, 0x00, 0x00, 0x00, 0x04,
        ],
    },
    EncodedCase {
        name: "collective-negative-height",
        data: &[
            0x00, 0x00, 0x00, 0x01, 0x30, 0x01, 0x01, 0x00, 0x00, 0x00, 0x13, 0x00, 0x00, 0x00,
            0x09, 0x00, 0x00, 0x00, 0x07, 0x00, 0x00, 0x00, 0x00, 0x00, 0x00, 0x00, 0x00, 0x63,
            0x00, 0x00, 0x00, 0x00, 0x00, 0x0a, 0x00, 0x01, 0x01, 0x00, 0x00, 0x00, 0x33, 0x00,
            0x05, 0x00, 0x00, 0x00, 0x01, 0x00, 0x00, 0x00, 0x02, 0xe9, 0xdb, 0xf0, 0x00, 0x00,
            0x00, 0x00, 0x00, 0x00, 0x00, 0x00, 0x00, 0x00, 0x00, 0x00, 0x00, 0x00, 0x00, 0x00,
            0x00, 0xfd, 0xfd, 0xdb, 0xf0, 0x00, 0x95, 0x00, 0x4a, 0x80, 0x4c, 0x80, 0xc3, 0x80,
            0x00, 0x00, 0x1c, 0x00, 0x93, 0x00, 0x08, 0x40, 0x00, 0x00, 0x00, 0x0b, 0x07, 0x23,
            0x0a, 0x01, 0x00, 0x00, 0x00, 0x2d, 0x00, 0x00, 0x00, 0x09, 0x00, 0x00, 0x00, 0x07,
            0x00, 0x00, 0x00, 0x00, 0x00, 0x00, 0x00, 0x00, 0x04, 0x00, 0x11, 0x00, 0x00, 0x00,
            0x00, 0x00, 0x01, 0x01, 0x00, 0x00, 0x00, 0x00, 0x00, 0x00, 0x00, 0x00, 0x00, 0x00,
            0x00, 0x00, 0x00, 0x00, 0x00, 0x00, 0x00, 0x00, 0x04,
        ],
    },
    EncodedCase {
        name: "collective-negative-width",
        data: &[
            0x00, 0x00, 0x00, 0x01, 0x30, 0x01, 0x01, 0x00, 0x00, 0x00, 0x13, 0x00, 0x00, 0x00,
            0x09, 0x00, 0x00, 0x00, 0x07, 0x00, 0x00, 0x00, 0x00, 0x00, 0x00, 0x00, 0x00, 0x63,
            0x00, 0x00, 0x00, 0x00, 0x00, 0x0a, 0x00, 0x01, 0x01, 0x00, 0x00, 0x00, 0x27, 0x00,
            0x11, 0x00, 0x00, 0x00, 0x01, 0x00, 0x00, 0x00, 0x02, 0xe7, 0xdf, 0xfb, 0xff, 0xe0,
            0x00, 0x00, 0x25, 0x40, 0x00, 0x12, 0xa0, 0x00, 0x13, 0x20, 0x00, 0x30, 0xe0, 0x00,
            0x00, 0x00, 0x00, 0x07, 0x00, 0x00, 0x24, 0xc0, 0x08, 0x40, 0x00, 0x00, 0x00, 0x0b,
            0x07, 0x23, 0x0a, 0x01, 0x00, 0x00, 0x00, 0x2d, 0x00, 0x00, 0x00, 0x09, 0x00, 0x00,
            0x00, 0x07, 0x00, 0x00, 0x00, 0x00, 0x00, 0x00, 0x00, 0x00, 0x04, 0x00, 0x11, 0x00,
            0x00, 0x00, 0x00, 0x00, 0x01, 0x01, 0x00, 0x00, 0x00, 0x00, 0x00, 0x00, 0x00, 0x00,
            0x00, 0x00, 0x00, 0x00, 0x00, 0x00, 0x00, 0x00, 0x00, 0x00, 0x04,
        ],
    },
    EncodedCase {
        name: "collective-custom-mask-1",
        data: &[
            0x00, 0x00, 0x00, 0x01, 0x30, 0x01, 0x01, 0x00, 0x00, 0x00, 0x13, 0x00, 0x00, 0x00,
            0x09, 0x00, 0x00, 0x00, 0x07, 0x00, 0x00, 0x00, 0x00, 0x00, 0x00, 0x00, 0x00, 0x63,
            0x00, 0x00, 0x00, 0x00, 0x00, 0x03, 0x35, 0x01, 0x01, 0x00, 0x00, 0x00, 0x0a, 0x00,
            0x00, 0x00, 0x00, 0x07, 0x00, 0x00, 0x00, 0x08, 0x80, 0x00, 0x00, 0x00, 0x0a, 0x00,
            0x23, 0x03, 0x01, 0x00, 0x00, 0x00, 0x1d, 0x00, 0x0d, 0x00, 0x00, 0x00, 0x01, 0x00,
            0x00, 0x00, 0x01, 0x76, 0xfc, 0x00, 0x95, 0x00, 0x4a, 0x80, 0x4c, 0x80, 0xc3, 0x80,
            0x00, 0x00, 0x1c, 0x00, 0x93, 0x00, 0x00, 0x40, 0x00, 0x00, 0x00, 0x0b, 0x07, 0x23,
            0x0a, 0x01, 0x00, 0x00, 0x00, 0x2d, 0x00, 0x00, 0x00, 0x09, 0x00, 0x00, 0x00, 0x07,
            0x00, 0x00, 0x00, 0x00, 0x00, 0x00, 0x00, 0x00, 0x04, 0x00, 0x11, 0x00, 0x00, 0x00,
            0x00, 0x00, 0x01, 0x01, 0x00, 0x00, 0x00, 0x00, 0x00, 0x00, 0x00, 0x00, 0x00, 0x00,
            0x00, 0x00, 0x00, 0x00, 0x00, 0x00, 0x00, 0x00, 0x04,
        ],
    },
    EncodedCase {
        name: "collective-custom-mask-2",
        data: &[
            0x00, 0x00, 0x00, 0x01, 0x30, 0x01, 0x01, 0x00, 0x00, 0x00, 0x13, 0x00, 0x00, 0x00,
            0x09, 0x00, 0x00, 0x00, 0x07, 0x00, 0x00, 0x00, 0x00, 0x00, 0x00, 0x00, 0x00, 0x63,
            0x00, 0x00, 0x00, 0x00, 0x00, 0x03, 0x35, 0x01, 0x01, 0x00, 0x00, 0x00, 0x0a, 0x01,
            0x00, 0x00, 0x00, 0x09, 0x00, 0x00, 0x00, 0x0a, 0x88, 0x00, 0x00, 0x00, 0x0a, 0x00,
            0x23, 0x03, 0x01, 0x00, 0x00, 0x00, 0x1c, 0x00, 0x31, 0x00, 0x00, 0x00, 0x01, 0x00,
            0x00, 0x00, 0x01, 0xe6, 0x80, 0x95, 0x00, 0x4a, 0x80, 0x4c, 0x80, 0xc3, 0x80, 0x00,
            0x00, 0x1c, 0x00, 0x93, 0x00, 0x00, 0x40, 0x00, 0x00, 0x00, 0x0b, 0x07, 0x23, 0x0a,
            0x01, 0x00, 0x00, 0x00, 0x2d, 0x00, 0x00, 0x00, 0x09, 0x00, 0x00, 0x00, 0x07, 0x00,
            0x00, 0x00, 0x00, 0x00, 0x00, 0x00, 0x00, 0x04, 0x00, 0x11, 0x00, 0x00, 0x00, 0x00,
            0x00, 0x01, 0x01, 0x00, 0x00, 0x00, 0x00, 0x00, 0x00, 0x00, 0x00, 0x00, 0x00, 0x00,
            0x00, 0x00, 0x00, 0x00, 0x00, 0x00, 0x00, 0x04,
        ],
    },
    EncodedCase {
        name: "collective-custom-mask-3",
        data: &[
            0x00, 0x00, 0x00, 0x01, 0x30, 0x01, 0x01, 0x00, 0x00, 0x00, 0x13, 0x00, 0x00, 0x00,
            0x09, 0x00, 0x00, 0x00, 0x07, 0x00, 0x00, 0x00, 0x00, 0x00, 0x00, 0x00, 0x00, 0x63,
            0x00, 0x00, 0x00, 0x00, 0x00, 0x03, 0x35, 0x01, 0x01, 0x00, 0x00, 0x00, 0x0a, 0x00,
            0x00, 0x00, 0x00, 0x07, 0x00, 0x00, 0x00, 0x08, 0x80, 0x00, 0x00, 0x00, 0x04, 0x35,
            0x01, 0x01, 0x00, 0x00, 0x00, 0x0a, 0x01, 0x00, 0x00, 0x00, 0x09, 0x00, 0x00, 0x00,
            0x0a, 0x88, 0x00, 0x00, 0x00, 0x0a, 0x00, 0x47, 0x03, 0x04, 0x01, 0x00, 0x00, 0x00,
            0x1b, 0x00, 0x3d, 0x00, 0x00, 0x00, 0x01, 0x00, 0x00, 0x00, 0x01, 0x20, 0x95, 0x00,
            0x4a, 0x80, 0x4c, 0x80, 0xc3, 0x80, 0x00, 0x00, 0x1c, 0x00, 0x93, 0x00, 0x00, 0x40,
            0x00, 0x00, 0x00, 0x0b, 0x07, 0x23, 0x0a, 0x01, 0x00, 0x00, 0x00, 0x2d, 0x00, 0x00,
            0x00, 0x09, 0x00, 0x00, 0x00, 0x07, 0x00, 0x00, 0x00, 0x00, 0x00, 0x00, 0x00, 0x00,
            0x04, 0x00, 0x11, 0x00, 0x00, 0x00, 0x00, 0x00, 0x01, 0x01, 0x00, 0x00, 0x00, 0x00,
            0x00, 0x00, 0x00, 0x00, 0x00, 0x00, 0x00, 0x00, 0x00, 0x00, 0x00, 0x00, 0x00, 0x00,
            0x04,
        ],
    },
    EncodedCase {
        name: "collective-custom-mask-4",
        data: &[
            0x00, 0x00, 0x00, 0x01, 0x30, 0x01, 0x01, 0x00, 0x00, 0x00, 0x13, 0x00, 0x00, 0x00,
            0x09, 0x00, 0x00, 0x00, 0x07, 0x00, 0x00, 0x00, 0x00, 0x00, 0x00, 0x00, 0x00, 0x63,
            0x00, 0x00, 0x00, 0x00, 0x00, 0x03, 0x35, 0x01, 0x01, 0x00, 0x00, 0x00, 0x0a, 0x00,
            0x00, 0x00, 0x00, 0x00, 0x00, 0x00, 0x00, 0x01, 0x80, 0x00, 0x00, 0x00, 0x0a, 0x00,
            0x23, 0x03, 0x01, 0x00, 0x00, 0x00, 0x1d, 0x00, 0x41, 0x00, 0x00, 0x00, 0x01, 0x00,
            0x00, 0x00, 0x01, 0xe7, 0xdb, 0xf0, 0x95, 0x00, 0x4a, 0x80, 0x4c, 0x80, 0xc3, 0x80,
            0x00, 0x00, 0x1c, 0x00, 0x93, 0x00, 0x00, 0x40, 0x00, 0x00, 0x00, 0x0b, 0x07, 0x23,
            0x0a, 0x01, 0x00, 0x00, 0x00, 0x2d, 0x00, 0x00, 0x00, 0x09, 0x00, 0x00, 0x00, 0x07,
            0x00, 0x00, 0x00, 0x00, 0x00, 0x00, 0x00, 0x00, 0x04, 0x00, 0x11, 0x00, 0x00, 0x00,
            0x00, 0x00, 0x01, 0x01, 0x00, 0x00, 0x00, 0x00, 0x00, 0x00, 0x00, 0x00, 0x00, 0x00,
            0x00, 0x00, 0x00, 0x00, 0x00, 0x00, 0x00, 0x00, 0x04,
        ],
    },
    EncodedCase {
        name: "collective-custom-mask-5",
        data: &[
            0x00, 0x00, 0x00, 0x01, 0x30, 0x01, 0x01, 0x00, 0x00, 0x00, 0x13, 0x00, 0x00, 0x00,
            0x09, 0x00, 0x00, 0x00, 0x07, 0x00, 0x00, 0x00, 0x00, 0x00, 0x00, 0x00, 0x00, 0x63,
            0x00, 0x00, 0x00, 0x00, 0x00, 0x03, 0x35, 0x01, 0x01, 0x00, 0x00, 0x00, 0x0a, 0x00,
            0x00, 0x00, 0x00, 0x07, 0x00, 0x00, 0x00, 0x08, 0x80, 0x00, 0x00, 0x00, 0x04, 0x35,
            0x01, 0x01, 0x00, 0x00, 0x00, 0x0a, 0x00, 0x00, 0x00, 0x00, 0x00, 0x00, 0x00, 0x00,
            0x01, 0x80, 0x00, 0x00, 0x00, 0x0a, 0x00, 0x47, 0x03, 0x04, 0x01, 0x00, 0x00, 0x00,
            0x1c, 0x00, 0x4d, 0x00, 0x00, 0x00, 0x01, 0x00, 0x00, 0x00, 0x01, 0x76, 0xfc, 0x95,
            0x00, 0x4a, 0x80, 0x4c, 0x80, 0xc3, 0x80, 0x00, 0x00, 0x1c, 0x00, 0x93, 0x00, 0x00,
            0x40, 0x00, 0x00, 0x00, 0x0b, 0x07, 0x23, 0x0a, 0x01, 0x00, 0x00, 0x00, 0x2d, 0x00,
            0x00, 0x00, 0x09, 0x00, 0x00, 0x00, 0x07, 0x00, 0x00, 0x00, 0x00, 0x00, 0x00, 0x00,
            0x00, 0x04, 0x00, 0x11, 0x00, 0x00, 0x00, 0x00, 0x00, 0x01, 0x01, 0x00, 0x00, 0x00,
            0x00, 0x00, 0x00, 0x00, 0x00, 0x00, 0x00, 0x00, 0x00, 0x00, 0x00, 0x00, 0x00, 0x00,
            0x00, 0x04,
        ],
    },
    EncodedCase {
        name: "collective-custom-mask-6",
        data: &[
            0x00, 0x00, 0x00, 0x01, 0x30, 0x01, 0x01, 0x00, 0x00, 0x00, 0x13, 0x00, 0x00, 0x00,
            0x09, 0x00, 0x00, 0x00, 0x07, 0x00, 0x00, 0x00, 0x00, 0x00, 0x00, 0x00, 0x00, 0x63,
            0x00, 0x00, 0x00, 0x00, 0x00, 0x03, 0x35, 0x01, 0x01, 0x00, 0x00, 0x00, 0x0a, 0x01,
            0x00, 0x00, 0x00, 0x09, 0x00, 0x00, 0x00, 0x0a, 0x88, 0x00, 0x00, 0x00, 0x04, 0x35,
            0x01, 0x01, 0x00, 0x00, 0x00, 0x0a, 0x00, 0x00, 0x00, 0x00, 0x00, 0x00, 0x00, 0x00,
            0x01, 0x80, 0x00, 0x00, 0x00, 0x0a, 0x00, 0x47, 0x03, 0x04, 0x01, 0x00, 0x00, 0x00,
            0x1c, 0x00, 0x71, 0x00, 0x00, 0x00, 0x01, 0x00, 0x00, 0x00, 0x01, 0xe6, 0x80, 0x95,
            0x00, 0x4a, 0x80, 0x4c, 0x80, 0xc3, 0x80, 0x00, 0x00, 0x1c, 0x00, 0x93, 0x00, 0x00,
            0x40, 0x00, 0x00, 0x00, 0x0b, 0x07, 0x23, 0x0a, 0x01, 0x00, 0x00, 0x00, 0x2d, 0x00,
            0x00, 0x00, 0x09, 0x00, 0x00, 0x00, 0x07, 0x00, 0x00, 0x00, 0x00, 0x00, 0x00, 0x00,
            0x00, 0x04, 0x00, 0x11, 0x00, 0x00, 0x00, 0x00, 0x00, 0x01, 0x01, 0x00, 0x00, 0x00,
            0x00, 0x00, 0x00, 0x00, 0x00, 0x00, 0x00, 0x00, 0x00, 0x00, 0x00, 0x00, 0x00, 0x00,
            0x00, 0x04,
        ],
    },
    EncodedCase {
        name: "collective-standard-0-1",
        data: &[
            0x00, 0x00, 0x00, 0x01, 0x30, 0x01, 0x01, 0x00, 0x00, 0x00, 0x13, 0x00, 0x00, 0x00,
            0x09, 0x00, 0x00, 0x00, 0x07, 0x00, 0x00, 0x00, 0x00, 0x00, 0x00, 0x00, 0x00, 0x63,
            0x00, 0x00, 0x00, 0x00, 0x00, 0x0a, 0x00, 0x01, 0x01, 0x00, 0x00, 0x00, 0x1e, 0x00,
            0x11, 0x00, 0x00, 0x00, 0x01, 0x00, 0x00, 0x00, 0x01, 0xe7, 0xdb, 0xe0, 0x00, 0x95,
            0x00, 0x4a, 0x80, 0x4c, 0x80, 0xc3, 0x80, 0x00, 0x00, 0x1c, 0x00, 0x93, 0x00, 0x00,
            0x40, 0x00, 0x00, 0x00, 0x0b, 0x07, 0x23, 0x0a, 0x01, 0x00, 0x00, 0x00, 0x2d, 0x00,
            0x00, 0x00, 0x09, 0x00, 0x00, 0x00, 0x07, 0x00, 0x00, 0x00, 0x00, 0x00, 0x00, 0x00,
            0x00, 0x04, 0x00, 0x11, 0x00, 0x00, 0x00, 0x00, 0x00, 0x01, 0x01, 0x00, 0x00, 0x00,
            0x00, 0x00, 0x00, 0x00, 0x00, 0x00, 0x00, 0x00, 0x00, 0x00, 0x00, 0x00, 0x00, 0x00,
            0x00, 0x04,
        ],
    },
    EncodedCase {
        name: "collective-standard-1-0",
        data: &[
            0x00, 0x00, 0x00, 0x01, 0x30, 0x01, 0x01, 0x00, 0x00, 0x00, 0x13, 0x00, 0x00, 0x00,
            0x09, 0x00, 0x00, 0x00, 0x07, 0x00, 0x00, 0x00, 0x00, 0x00, 0x00, 0x00, 0x00, 0x63,
            0x00, 0x00, 0x00, 0x00, 0x00, 0x0a, 0x00, 0x01, 0x01, 0x00, 0x00, 0x00, 0x1e, 0x00,
            0x05, 0x00, 0x00, 0x00, 0x01, 0x00, 0x00, 0x00, 0x01, 0xe7, 0xdb, 0xf0, 0x00, 0x95,
            0x00, 0x4a, 0x80, 0x4c, 0x80, 0xc3, 0x80, 0x00, 0x00, 0x1c, 0x00, 0x93, 0x00, 0x00,
            0x40, 0x00, 0x00, 0x00, 0x0b, 0x07, 0x23, 0x0a, 0x01, 0x00, 0x00, 0x00, 0x2d, 0x00,
            0x00, 0x00, 0x09, 0x00, 0x00, 0x00, 0x07, 0x00, 0x00, 0x00, 0x00, 0x00, 0x00, 0x00,
            0x00, 0x04, 0x00, 0x11, 0x00, 0x00, 0x00, 0x00, 0x00, 0x01, 0x01, 0x00, 0x00, 0x00,
            0x00, 0x00, 0x00, 0x00, 0x00, 0x00, 0x00, 0x00, 0x00, 0x00, 0x00, 0x00, 0x00, 0x00,
            0x00, 0x04,
        ],
    },
    EncodedCase {
        name: "collective-standard-1-1",
        data: &[
            0x00, 0x00, 0x00, 0x01, 0x30, 0x01, 0x01, 0x00, 0x00, 0x00, 0x13, 0x00, 0x00, 0x00,
            0x09, 0x00, 0x00, 0x00, 0x07, 0x00, 0x00, 0x00, 0x00, 0x00, 0x00, 0x00, 0x00, 0x63,
            0x00, 0x00, 0x00, 0x00, 0x00, 0x0a, 0x00, 0x01, 0x01, 0x00, 0x00, 0x00, 0x1e, 0x00,
            0x15, 0x00, 0x00, 0x00, 0x01, 0x00, 0x00, 0x00, 0x01, 0xe7, 0xdb, 0xe0, 0x00, 0x95,
            0x00, 0x4a, 0x80, 0x4c, 0x80, 0xc3, 0x80, 0x00, 0x00, 0x1c, 0x00, 0x93, 0x00, 0x00,
            0x40, 0x00, 0x00, 0x00, 0x0b, 0x07, 0x23, 0x0a, 0x01, 0x00, 0x00, 0x00, 0x2d, 0x00,
            0x00, 0x00, 0x09, 0x00, 0x00, 0x00, 0x07, 0x00, 0x00, 0x00, 0x00, 0x00, 0x00, 0x00,
            0x00, 0x04, 0x00, 0x11, 0x00, 0x00, 0x00, 0x00, 0x00, 0x01, 0x01, 0x00, 0x00, 0x00,
            0x00, 0x00, 0x00, 0x00, 0x00, 0x00, 0x00, 0x00, 0x00, 0x00, 0x00, 0x00, 0x00, 0x00,
            0x00, 0x04,
        ],
    },
    EncodedCase {
        name: "arithmetic-refined-t0",
        data: &[
            0x00, 0x00, 0x00, 0x01, 0x30, 0x01, 0x01, 0x00, 0x00, 0x00, 0x13, 0x00, 0x00, 0x00,
            0x09, 0x00, 0x00, 0x00, 0x07, 0x00, 0x00, 0x00, 0x00, 0x00, 0x00, 0x00, 0x00, 0x63,
            0x00, 0x00, 0x00, 0x00, 0x00, 0x02, 0x00, 0x01, 0x01, 0x00, 0x00, 0x00, 0x1f, 0x00,
            0x00, 0x03, 0xff, 0xfd, 0xff, 0x02, 0xfe, 0xfe, 0xfe, 0x00, 0x00, 0x00, 0x01, 0x00,
            0x00, 0x00, 0x01, 0x4d, 0x27, 0x60, 0x73, 0x0c, 0x78, 0x86, 0xd0, 0x9e, 0x61, 0xaa,
            0xff, 0xac, 0x00, 0x00, 0x00, 0x0a, 0x00, 0x23, 0x02, 0x01, 0x00, 0x00, 0x00, 0x24,
            0x00, 0x02, 0x03, 0xff, 0xfd, 0xff, 0x02, 0xfe, 0xfe, 0xfe, 0xff, 0xff, 0xff, 0xff,
            0x00, 0x00, 0x00, 0x01, 0x00, 0x00, 0x00, 0x01, 0x4d, 0x29, 0xaf, 0x95, 0xc3, 0x00,
            0x4a, 0xdb, 0x92, 0x30, 0x5e, 0x1b, 0xff, 0xac, 0x00, 0x00, 0x00, 0x0b, 0x07, 0x23,
            0x0a, 0x01, 0x00, 0x00, 0x00, 0x2d, 0x00, 0x00, 0x00, 0x09, 0x00, 0x00, 0x00, 0x07,
            0x00, 0x00, 0x00, 0x00, 0x00, 0x00, 0x00, 0x00, 0x04, 0x00, 0x11, 0x00, 0x00, 0x00,
            0x00, 0x00, 0x01, 0x01, 0x00, 0x00, 0x00, 0x00, 0x00, 0x00, 0x00, 0x00, 0x00, 0x00,
            0x00, 0x00, 0x00, 0x00, 0x00, 0x00, 0x00, 0x00, 0x04,
        ],
    },
    EncodedCase {
        name: "huffman-refined-standard-t0",
        data: &[
            0x00, 0x00, 0x00, 0x01, 0x30, 0x01, 0x01, 0x00, 0x00, 0x00, 0x13, 0x00, 0x00, 0x00,
            0x09, 0x00, 0x00, 0x00, 0x07, 0x00, 0x00, 0x00, 0x00, 0x00, 0x00, 0x00, 0x00, 0x63,
            0x00, 0x00, 0x00, 0x00, 0x00, 0x02, 0x00, 0x01, 0x01, 0x00, 0x00, 0x00, 0x1f, 0x00,
            0x00, 0x03, 0xff, 0xfd, 0xff, 0x02, 0xfe, 0xfe, 0xfe, 0x00, 0x00, 0x00, 0x01, 0x00,
            0x00, 0x00, 0x01, 0x4d, 0x27, 0x60, 0x73, 0x0c, 0x78, 0x86, 0xd0, 0x9e, 0x61, 0xaa,
            0xff, 0xac, 0x00, 0x00, 0x00, 0x0a, 0x00, 0x23, 0x02, 0x01, 0x00, 0x00, 0x00, 0x1e,
            0x00, 0x03, 0xff, 0xff, 0xff, 0xff, 0x00, 0x00, 0x00, 0x01, 0x00, 0x00, 0x00, 0x01,
            0xe7, 0xd8, 0x21, 0x40, 0xc8, 0x0f, 0x81, 0x2b, 0x6e, 0x48, 0xc1, 0x7f, 0xff, 0xac,
            0xfc, 0x21, 0x00, 0x00, 0x00, 0x0b, 0x07, 0x23, 0x0a, 0x01, 0x00, 0x00, 0x00, 0x2d,
            0x00, 0x00, 0x00, 0x09, 0x00, 0x00, 0x00, 0x07, 0x00, 0x00, 0x00, 0x00, 0x00, 0x00,
            0x00, 0x00, 0x04, 0x00, 0x11, 0x00, 0x00, 0x00, 0x00, 0x00, 0x01, 0x01, 0x00, 0x00,
            0x00, 0x00, 0x00, 0x00, 0x00, 0x00, 0x00, 0x00, 0x00, 0x00, 0x00, 0x00, 0x00, 0x00,
            0x00, 0x00, 0x04,
        ],
    },
    EncodedCase {
        name: "arithmetic-refined-t1",
        data: &[
            0x00, 0x00, 0x00, 0x01, 0x30, 0x01, 0x01, 0x00, 0x00, 0x00, 0x13, 0x00, 0x00, 0x00,
            0x09, 0x00, 0x00, 0x00, 0x07, 0x00, 0x00, 0x00, 0x00, 0x00, 0x00, 0x00, 0x00, 0x63,
            0x00, 0x00, 0x00, 0x00, 0x00, 0x02, 0x00, 0x01, 0x01, 0x00, 0x00, 0x00, 0x1f, 0x00,
            0x00, 0x03, 0xff, 0xfd, 0xff, 0x02, 0xfe, 0xfe, 0xfe, 0x00, 0x00, 0x00, 0x01, 0x00,
            0x00, 0x00, 0x01, 0x4d, 0x27, 0x60, 0x73, 0x0c, 0x78, 0x86, 0xd0, 0x9e, 0x61, 0xaa,
            0xff, 0xac, 0x00, 0x00, 0x00, 0x0a, 0x00, 0x23, 0x02, 0x01, 0x00, 0x00, 0x00, 0x21,
            0x10, 0x02, 0x03, 0xff, 0xfd, 0xff, 0x02, 0xfe, 0xfe, 0xfe, 0x00, 0x00, 0x00, 0x01,
            0x00, 0x00, 0x00, 0x01, 0x4d, 0x29, 0xaf, 0x95, 0xc3, 0x00, 0x4a, 0xdb, 0x4d, 0x00,
            0xba, 0xde, 0x7f, 0xff, 0xac, 0x00, 0x00, 0x00, 0x0b, 0x07, 0x23, 0x0a, 0x01, 0x00,
            0x00, 0x00, 0x2d, 0x00, 0x00, 0x00, 0x09, 0x00, 0x00, 0x00, 0x07, 0x00, 0x00, 0x00,
            0x00, 0x00, 0x00, 0x00, 0x00, 0x04, 0x00, 0x11, 0x00, 0x00, 0x00, 0x00, 0x00, 0x01,
            0x01, 0x00, 0x00, 0x00, 0x00, 0x00, 0x00, 0x00, 0x00, 0x00, 0x00, 0x00, 0x00, 0x00,
            0x00, 0x00, 0x00, 0x00, 0x00, 0x04,
        ],
    },
    EncodedCase {
        name: "huffman-refined-standard-t1",
        data: &[
            0x00, 0x00, 0x00, 0x01, 0x30, 0x01, 0x01, 0x00, 0x00, 0x00, 0x13, 0x00, 0x00, 0x00,
            0x09, 0x00, 0x00, 0x00, 0x07, 0x00, 0x00, 0x00, 0x00, 0x00, 0x00, 0x00, 0x00, 0x63,
            0x00, 0x00, 0x00, 0x00, 0x00, 0x02, 0x00, 0x01, 0x01, 0x00, 0x00, 0x00, 0x1f, 0x00,
            0x00, 0x03, 0xff, 0xfd, 0xff, 0x02, 0xfe, 0xfe, 0xfe, 0x00, 0x00, 0x00, 0x01, 0x00,
            0x00, 0x00, 0x01, 0x4d, 0x27, 0x60, 0x73, 0x0c, 0x78, 0x86, 0xd0, 0x9e, 0x61, 0xaa,
            0xff, 0xac, 0x00, 0x00, 0x00, 0x0a, 0x00, 0x23, 0x02, 0x01, 0x00, 0x00, 0x00, 0x1a,
            0x10, 0x03, 0x00, 0x00, 0x00, 0x01, 0x00, 0x00, 0x00, 0x01, 0xe7, 0xd8, 0x21, 0x40,
            0xc8, 0x0f, 0x81, 0x2b, 0x6d, 0x34, 0x02, 0xef, 0xff, 0xac, 0xfc, 0x21, 0x00, 0x00,
            0x00, 0x0b, 0x07, 0x23, 0x0a, 0x01, 0x00, 0x00, 0x00, 0x2d, 0x00, 0x00, 0x00, 0x09,
            0x00, 0x00, 0x00, 0x07, 0x00, 0x00, 0x00, 0x00, 0x00, 0x00, 0x00, 0x00, 0x04, 0x00,
            0x11, 0x00, 0x00, 0x00, 0x00, 0x00, 0x01, 0x01, 0x00, 0x00, 0x00, 0x00, 0x00, 0x00,
            0x00, 0x00, 0x00, 0x00, 0x00, 0x00, 0x00, 0x00, 0x00, 0x00, 0x00, 0x00, 0x04,
        ],
    },
    EncodedCase {
        name: "arithmetic-refined-t2",
        data: &[
            0x00, 0x00, 0x00, 0x01, 0x30, 0x01, 0x01, 0x00, 0x00, 0x00, 0x13, 0x00, 0x00, 0x00,
            0x09, 0x00, 0x00, 0x00, 0x07, 0x00, 0x00, 0x00, 0x00, 0x00, 0x00, 0x00, 0x00, 0x63,
            0x00, 0x00, 0x00, 0x00, 0x00, 0x02, 0x00, 0x01, 0x01, 0x00, 0x00, 0x00, 0x1f, 0x00,
            0x00, 0x03, 0xff, 0xfd, 0xff, 0x02, 0xfe, 0xfe, 0xfe, 0x00, 0x00, 0x00, 0x01, 0x00,
            0x00, 0x00, 0x01, 0x4d, 0x27, 0x60, 0x73, 0x0c, 0x78, 0x86, 0xd0, 0x9e, 0x61, 0xaa,
            0xff, 0xac, 0x00, 0x00, 0x00, 0x0a, 0x00, 0x23, 0x02, 0x01, 0x00, 0x00, 0x00, 0x25,
            0x00, 0x02, 0x03, 0xff, 0xfd, 0xff, 0x02, 0xfe, 0xfe, 0xfe, 0xfe, 0x00, 0x02, 0x01,
            0x00, 0x00, 0x00, 0x01, 0x00, 0x00, 0x00, 0x01, 0x4d, 0x29, 0xaf, 0x95, 0xc3, 0x00,
            0x4a, 0x74, 0x19, 0x5d, 0xfc, 0x54, 0x67, 0xff, 0xac, 0x00, 0x00, 0x00, 0x0b, 0x07,
            0x23, 0x0a, 0x01, 0x00, 0x00, 0x00, 0x2d, 0x00, 0x00, 0x00, 0x09, 0x00, 0x00, 0x00,
            0x07, 0x00, 0x00, 0x00, 0x00, 0x00, 0x00, 0x00, 0x00, 0x04, 0x00, 0x11, 0x00, 0x00,
            0x00, 0x00, 0x00, 0x01, 0x01, 0x00, 0x00, 0x00, 0x00, 0x00, 0x00, 0x00, 0x00, 0x00,
            0x00, 0x00, 0x00, 0x00, 0x00, 0x00, 0x00, 0x00, 0x00, 0x04,
        ],
    },
    EncodedCase {
        name: "huffman-refined-standard-t2",
        data: &[
            0x00, 0x00, 0x00, 0x01, 0x30, 0x01, 0x01, 0x00, 0x00, 0x00, 0x13, 0x00, 0x00, 0x00,
            0x09, 0x00, 0x00, 0x00, 0x07, 0x00, 0x00, 0x00, 0x00, 0x00, 0x00, 0x00, 0x00, 0x63,
            0x00, 0x00, 0x00, 0x00, 0x00, 0x02, 0x00, 0x01, 0x01, 0x00, 0x00, 0x00, 0x1f, 0x00,
            0x00, 0x03, 0xff, 0xfd, 0xff, 0x02, 0xfe, 0xfe, 0xfe, 0x00, 0x00, 0x00, 0x01, 0x00,
            0x00, 0x00, 0x01, 0x4d, 0x27, 0x60, 0x73, 0x0c, 0x78, 0x86, 0xd0, 0x9e, 0x61, 0xaa,
            0xff, 0xac, 0x00, 0x00, 0x00, 0x0a, 0x00, 0x23, 0x02, 0x01, 0x00, 0x00, 0x00, 0x1e,
            0x00, 0x03, 0xfe, 0x00, 0x02, 0x01, 0x00, 0x00, 0x00, 0x01, 0x00, 0x00, 0x00, 0x01,
            0xe7, 0xd8, 0x21, 0x40, 0xc8, 0x0f, 0x81, 0x29, 0xd0, 0x65, 0x77, 0xf1, 0xff, 0xac,
            0xfc, 0x21, 0x00, 0x00, 0x00, 0x0b, 0x07, 0x23, 0x0a, 0x01, 0x00, 0x00, 0x00, 0x2d,
            0x00, 0x00, 0x00, 0x09, 0x00, 0x00, 0x00, 0x07, 0x00, 0x00, 0x00, 0x00, 0x00, 0x00,
            0x00, 0x00, 0x04, 0x00, 0x11, 0x00, 0x00, 0x00, 0x00, 0x00, 0x01, 0x01, 0x00, 0x00,
            0x00, 0x00, 0x00, 0x00, 0x00, 0x00, 0x00, 0x00, 0x00, 0x00, 0x00, 0x00, 0x00, 0x00,
            0x00, 0x00, 0x04,
        ],
    },
    EncodedCase {
        name: "arithmetic-refined-generic-template-1",
        data: &[
            0x00, 0x00, 0x00, 0x01, 0x30, 0x01, 0x01, 0x00, 0x00, 0x00, 0x13, 0x00, 0x00, 0x00,
            0x09, 0x00, 0x00, 0x00, 0x07, 0x00, 0x00, 0x00, 0x00, 0x00, 0x00, 0x00, 0x00, 0x63,
            0x00, 0x00, 0x00, 0x00, 0x00, 0x02, 0x00, 0x01, 0x01, 0x00, 0x00, 0x00, 0x1f, 0x00,
            0x00, 0x03, 0xff, 0xfd, 0xff, 0x02, 0xfe, 0xfe, 0xfe, 0x00, 0x00, 0x00, 0x01, 0x00,
            0x00, 0x00, 0x01, 0x4d, 0x27, 0x60, 0x73, 0x0c, 0x78, 0x86, 0xd0, 0x9e, 0x61, 0xaa,
            0xff, 0xac, 0x00, 0x00, 0x00, 0x0a, 0x00, 0x23, 0x02, 0x01, 0x00, 0x00, 0x00, 0x1e,
            0x04, 0x02, 0x03, 0xff, 0xff, 0xff, 0xff, 0xff, 0x00, 0x00, 0x00, 0x01, 0x00, 0x00,
            0x00, 0x01, 0x4d, 0x29, 0xaf, 0x95, 0xc3, 0x00, 0x4a, 0xdb, 0x92, 0x30, 0x5e, 0x1b,
            0xff, 0xac, 0x00, 0x00, 0x00, 0x0b, 0x07, 0x23, 0x0a, 0x01, 0x00, 0x00, 0x00, 0x2d,
            0x00, 0x00, 0x00, 0x09, 0x00, 0x00, 0x00, 0x07, 0x00, 0x00, 0x00, 0x00, 0x00, 0x00,
            0x00, 0x00, 0x04, 0x00, 0x11, 0x00, 0x00, 0x00, 0x00, 0x00, 0x01, 0x01, 0x00, 0x00,
            0x00, 0x00, 0x00, 0x00, 0x00, 0x00, 0x00, 0x00, 0x00, 0x00, 0x00, 0x00, 0x00, 0x00,
            0x00, 0x00, 0x04,
        ],
    },
    EncodedCase {
        name: "arithmetic-refined-generic-template-2",
        data: &[
            0x00, 0x00, 0x00, 0x01, 0x30, 0x01, 0x01, 0x00, 0x00, 0x00, 0x13, 0x00, 0x00, 0x00,
            0x09, 0x00, 0x00, 0x00, 0x07, 0x00, 0x00, 0x00, 0x00, 0x00, 0x00, 0x00, 0x00, 0x63,
            0x00, 0x00, 0x00, 0x00, 0x00, 0x02, 0x00, 0x01, 0x01, 0x00, 0x00, 0x00, 0x1f, 0x00,
            0x00, 0x03, 0xff, 0xfd, 0xff, 0x02, 0xfe, 0xfe, 0xfe, 0x00, 0x00, 0x00, 0x01, 0x00,
            0x00, 0x00, 0x01, 0x4d, 0x27, 0x60, 0x73, 0x0c, 0x78, 0x86, 0xd0, 0x9e, 0x61, 0xaa,
            0xff, 0xac, 0x00, 0x00, 0x00, 0x0a, 0x00, 0x23, 0x02, 0x01, 0x00, 0x00, 0x00, 0x1e,
            0x08, 0x02, 0x03, 0xff, 0xff, 0xff, 0xff, 0xff, 0x00, 0x00, 0x00, 0x01, 0x00, 0x00,
            0x00, 0x01, 0x4d, 0x29, 0xaf, 0x95, 0xc3, 0x00, 0x4a, 0xdb, 0x92, 0x30, 0x5e, 0x1b,
            0xff, 0xac, 0x00, 0x00, 0x00, 0x0b, 0x07, 0x23, 0x0a, 0x01, 0x00, 0x00, 0x00, 0x2d,
            0x00, 0x00, 0x00, 0x09, 0x00, 0x00, 0x00, 0x07, 0x00, 0x00, 0x00, 0x00, 0x00, 0x00,
            0x00, 0x00, 0x04, 0x00, 0x11, 0x00, 0x00, 0x00, 0x00, 0x00, 0x01, 0x01, 0x00, 0x00,
            0x00, 0x00, 0x00, 0x00, 0x00, 0x00, 0x00, 0x00, 0x00, 0x00, 0x00, 0x00, 0x00, 0x00,
            0x00, 0x00, 0x04,
        ],
    },
    EncodedCase {
        name: "arithmetic-refined-generic-template-3",
        data: &[
            0x00, 0x00, 0x00, 0x01, 0x30, 0x01, 0x01, 0x00, 0x00, 0x00, 0x13, 0x00, 0x00, 0x00,
            0x09, 0x00, 0x00, 0x00, 0x07, 0x00, 0x00, 0x00, 0x00, 0x00, 0x00, 0x00, 0x00, 0x63,
            0x00, 0x00, 0x00, 0x00, 0x00, 0x02, 0x00, 0x01, 0x01, 0x00, 0x00, 0x00, 0x1f, 0x00,
            0x00, 0x03, 0xff, 0xfd, 0xff, 0x02, 0xfe, 0xfe, 0xfe, 0x00, 0x00, 0x00, 0x01, 0x00,
            0x00, 0x00, 0x01, 0x4d, 0x27, 0x60, 0x73, 0x0c, 0x78, 0x86, 0xd0, 0x9e, 0x61, 0xaa,
            0xff, 0xac, 0x00, 0x00, 0x00, 0x0a, 0x00, 0x23, 0x02, 0x01, 0x00, 0x00, 0x00, 0x1e,
            0x0c, 0x02, 0x03, 0xff, 0xff, 0xff, 0xff, 0xff, 0x00, 0x00, 0x00, 0x01, 0x00, 0x00,
            0x00, 0x01, 0x4d, 0x29, 0xaf, 0x95, 0xc3, 0x00, 0x4a, 0xdb, 0x92, 0x30, 0x5e, 0x1b,
            0xff, 0xac, 0x00, 0x00, 0x00, 0x0b, 0x07, 0x23, 0x0a, 0x01, 0x00, 0x00, 0x00, 0x2d,
            0x00, 0x00, 0x00, 0x09, 0x00, 0x00, 0x00, 0x07, 0x00, 0x00, 0x00, 0x00, 0x00, 0x00,
            0x00, 0x00, 0x04, 0x00, 0x11, 0x00, 0x00, 0x00, 0x00, 0x00, 0x01, 0x01, 0x00, 0x00,
            0x00, 0x00, 0x00, 0x00, 0x00, 0x00, 0x00, 0x00, 0x00, 0x00, 0x00, 0x00, 0x00, 0x00,
            0x00, 0x00, 0x04,
        ],
    },
    EncodedCase {
        name: "refined-custom-dh",
        data: &[
            0x00, 0x00, 0x00, 0x01, 0x30, 0x01, 0x01, 0x00, 0x00, 0x00, 0x13, 0x00, 0x00, 0x00,
            0x09, 0x00, 0x00, 0x00, 0x07, 0x00, 0x00, 0x00, 0x00, 0x00, 0x00, 0x00, 0x00, 0x63,
            0x00, 0x00, 0x00, 0x00, 0x00, 0x02, 0x00, 0x01, 0x01, 0x00, 0x00, 0x00, 0x1f, 0x00,
            0x00, 0x03, 0xff, 0xfd, 0xff, 0x02, 0xfe, 0xfe, 0xfe, 0x00, 0x00, 0x00, 0x01, 0x00,
            0x00, 0x00, 0x01, 0x4d, 0x27, 0x60, 0x73, 0x0c, 0x78, 0x86, 0xd0, 0x9e, 0x61, 0xaa,
            0xff, 0xac, 0x00, 0x00, 0x00, 0x03, 0x35, 0x01, 0x01, 0x00, 0x00, 0x00, 0x0a, 0x00,
            0x00, 0x00, 0x00, 0x07, 0x00, 0x00, 0x00, 0x08, 0x80, 0x00, 0x00, 0x00, 0x0a, 0x00,
            0x47, 0x02, 0x03, 0x01, 0x00, 0x00, 0x00, 0x1d, 0x00, 0x0f, 0xff, 0xff, 0xff, 0xff,
            0x00, 0x00, 0x00, 0x01, 0x00, 0x00, 0x00, 0x01, 0x76, 0x08, 0x50, 0xc8, 0x0f, 0x81,
            0x2b, 0x6e, 0x48, 0xc1, 0x7f, 0xff, 0xac, 0xfc, 0x21, 0x00, 0x00, 0x00, 0x0b, 0x07,
            0x23, 0x0a, 0x01, 0x00, 0x00, 0x00, 0x2d, 0x00, 0x00, 0x00, 0x09, 0x00, 0x00, 0x00,
            0x07, 0x00, 0x00, 0x00, 0x00, 0x00, 0x00, 0x00, 0x00, 0x04, 0x00, 0x11, 0x00, 0x00,
            0x00, 0x00, 0x00, 0x01, 0x01, 0x00, 0x00, 0x00, 0x00, 0x00, 0x00, 0x00, 0x00, 0x00,
            0x00, 0x00, 0x00, 0x00, 0x00, 0x00, 0x00, 0x00, 0x00, 0x04,
        ],
    },
    EncodedCase {
        name: "refined-custom-dw",
        data: &[
            0x00, 0x00, 0x00, 0x01, 0x30, 0x01, 0x01, 0x00, 0x00, 0x00, 0x13, 0x00, 0x00, 0x00,
            0x09, 0x00, 0x00, 0x00, 0x07, 0x00, 0x00, 0x00, 0x00, 0x00, 0x00, 0x00, 0x00, 0x63,
            0x00, 0x00, 0x00, 0x00, 0x00, 0x02, 0x00, 0x01, 0x01, 0x00, 0x00, 0x00, 0x1f, 0x00,
            0x00, 0x03, 0xff, 0xfd, 0xff, 0x02, 0xfe, 0xfe, 0xfe, 0x00, 0x00, 0x00, 0x01, 0x00,
            0x00, 0x00, 0x01, 0x4d, 0x27, 0x60, 0x73, 0x0c, 0x78, 0x86, 0xd0, 0x9e, 0x61, 0xaa,
            0xff, 0xac, 0x00, 0x00, 0x00, 0x03, 0x35, 0x01, 0x01, 0x00, 0x00, 0x00, 0x0a, 0x01,
            0x00, 0x00, 0x00, 0x09, 0x00, 0x00, 0x00, 0x0a, 0x88, 0x00, 0x00, 0x00, 0x0a, 0x00,
            0x47, 0x02, 0x03, 0x01, 0x00, 0x00, 0x00, 0x1d, 0x00, 0x33, 0xff, 0xff, 0xff, 0xff,
            0x00, 0x00, 0x00, 0x01, 0x00, 0x00, 0x00, 0x01, 0xe6, 0x08, 0x50, 0xc8, 0x0f, 0x81,
            0x2b, 0x6e, 0x48, 0xc1, 0x7f, 0xff, 0xac, 0x84, 0x20, 0x00, 0x00, 0x00, 0x0b, 0x07,
            0x23, 0x0a, 0x01, 0x00, 0x00, 0x00, 0x2d, 0x00, 0x00, 0x00, 0x09, 0x00, 0x00, 0x00,
            0x07, 0x00, 0x00, 0x00, 0x00, 0x00, 0x00, 0x00, 0x00, 0x04, 0x00, 0x11, 0x00, 0x00,
            0x00, 0x00, 0x00, 0x01, 0x01, 0x00, 0x00, 0x00, 0x00, 0x00, 0x00, 0x00, 0x00, 0x00,
            0x00, 0x00, 0x00, 0x00, 0x00, 0x00, 0x00, 0x00, 0x00, 0x04,
        ],
    },
    EncodedCase {
        name: "refined-custom-bms",
        data: &[
            0x00, 0x00, 0x00, 0x01, 0x30, 0x01, 0x01, 0x00, 0x00, 0x00, 0x13, 0x00, 0x00, 0x00,
            0x09, 0x00, 0x00, 0x00, 0x07, 0x00, 0x00, 0x00, 0x00, 0x00, 0x00, 0x00, 0x00, 0x63,
            0x00, 0x00, 0x00, 0x00, 0x00, 0x02, 0x00, 0x01, 0x01, 0x00, 0x00, 0x00, 0x1f, 0x00,
            0x00, 0x03, 0xff, 0xfd, 0xff, 0x02, 0xfe, 0xfe, 0xfe, 0x00, 0x00, 0x00, 0x01, 0x00,
            0x00, 0x00, 0x01, 0x4d, 0x27, 0x60, 0x73, 0x0c, 0x78, 0x86, 0xd0, 0x9e, 0x61, 0xaa,
            0xff, 0xac, 0x00, 0x00, 0x00, 0x03, 0x35, 0x01, 0x01, 0x00, 0x00, 0x00, 0x0a, 0x00,
            0x00, 0x00, 0x00, 0x00, 0x00, 0x00, 0x00, 0x01, 0x80, 0x00, 0x00, 0x00, 0x0a, 0x00,
            0x47, 0x02, 0x03, 0x01, 0x00, 0x00, 0x00, 0x1e, 0x00, 0x43, 0xff, 0xff, 0xff, 0xff,
            0x00, 0x00, 0x00, 0x01, 0x00, 0x00, 0x00, 0x01, 0xe7, 0xd8, 0x21, 0x40, 0xc8, 0x0f,
            0x81, 0x2b, 0x6e, 0x48, 0xc1, 0x7f, 0xff, 0xac, 0xfc, 0x21, 0x00, 0x00, 0x00, 0x0b,
            0x07, 0x23, 0x0a, 0x01, 0x00, 0x00, 0x00, 0x2d, 0x00, 0x00, 0x00, 0x09, 0x00, 0x00,
            0x00, 0x07, 0x00, 0x00, 0x00, 0x00, 0x00, 0x00, 0x00, 0x00, 0x04, 0x00, 0x11, 0x00,
            0x00, 0x00, 0x00, 0x00, 0x01, 0x01, 0x00, 0x00, 0x00, 0x00, 0x00, 0x00, 0x00, 0x00,
            0x00, 0x00, 0x00, 0x00, 0x00, 0x00, 0x00, 0x00, 0x00, 0x00, 0x04,
        ],
    },
    EncodedCase {
        name: "refined-custom-agg",
        data: &[
            0x00, 0x00, 0x00, 0x01, 0x30, 0x01, 0x01, 0x00, 0x00, 0x00, 0x13, 0x00, 0x00, 0x00,
            0x09, 0x00, 0x00, 0x00, 0x07, 0x00, 0x00, 0x00, 0x00, 0x00, 0x00, 0x00, 0x00, 0x63,
            0x00, 0x00, 0x00, 0x00, 0x00, 0x02, 0x00, 0x01, 0x01, 0x00, 0x00, 0x00, 0x1f, 0x00,
            0x00, 0x03, 0xff, 0xfd, 0xff, 0x02, 0xfe, 0xfe, 0xfe, 0x00, 0x00, 0x00, 0x01, 0x00,
            0x00, 0x00, 0x01, 0x4d, 0x27, 0x60, 0x73, 0x0c, 0x78, 0x86, 0xd0, 0x9e, 0x61, 0xaa,
            0xff, 0xac, 0x00, 0x00, 0x00, 0x03, 0x35, 0x01, 0x01, 0x00, 0x00, 0x00, 0x0a, 0x00,
            0x00, 0x00, 0x00, 0x01, 0x00, 0x00, 0x00, 0x02, 0x80, 0x00, 0x00, 0x00, 0x0a, 0x00,
            0x47, 0x02, 0x03, 0x01, 0x00, 0x00, 0x00, 0x1d, 0x00, 0x83, 0xff, 0xff, 0xff, 0xff,
            0x00, 0x00, 0x00, 0x01, 0x00, 0x00, 0x00, 0x01, 0xe7, 0xd8, 0x14, 0xc8, 0x0f, 0x81,
            0x2b, 0x6e, 0x48, 0xc1, 0x7f, 0xff, 0xac, 0xfc, 0x21, 0x00, 0x00, 0x00, 0x0b, 0x07,
            0x23, 0x0a, 0x01, 0x00, 0x00, 0x00, 0x2d, 0x00, 0x00, 0x00, 0x09, 0x00, 0x00, 0x00,
            0x07, 0x00, 0x00, 0x00, 0x00, 0x00, 0x00, 0x00, 0x00, 0x04, 0x00, 0x11, 0x00, 0x00,
            0x00, 0x00, 0x00, 0x01, 0x01, 0x00, 0x00, 0x00, 0x00, 0x00, 0x00, 0x00, 0x00, 0x00,
            0x00, 0x00, 0x00, 0x00, 0x00, 0x00, 0x00, 0x00, 0x00, 0x04,
        ],
    },
    EncodedCase {
        name: "refined-all-custom-t1-zero-retention-padding",
        data: &[
            0x00, 0x00, 0x00, 0x01, 0x30, 0x01, 0x01, 0x00, 0x00, 0x00, 0x13, 0x00, 0x00, 0x00,
            0x09, 0x00, 0x00, 0x00, 0x07, 0x00, 0x00, 0x00, 0x00, 0x00, 0x00, 0x00, 0x00, 0x63,
            0x00, 0x00, 0x00, 0x00, 0x00, 0x02, 0x00, 0x01, 0x01, 0x00, 0x00, 0x00, 0x1f, 0x00,
            0x00, 0x03, 0xff, 0xfd, 0xff, 0x02, 0xfe, 0xfe, 0xfe, 0x00, 0x00, 0x00, 0x01, 0x00,
            0x00, 0x00, 0x01, 0x4d, 0x27, 0x60, 0x73, 0x0c, 0x78, 0x86, 0xd0, 0x9e, 0x61, 0xaa,
            0xff, 0xac, 0x00, 0x00, 0x00, 0x03, 0x35, 0x01, 0x01, 0x00, 0x00, 0x00, 0x0a, 0x00,
            0x00, 0x00, 0x00, 0x07, 0x00, 0x00, 0x00, 0x08, 0x80, 0x00, 0x00, 0x00, 0x04, 0x35,
            0x01, 0x01, 0x00, 0x00, 0x00, 0x0a, 0x01, 0x00, 0x00, 0x00, 0x09, 0x00, 0x00, 0x00,
            0x0a, 0x88, 0x00, 0x00, 0x00, 0x05, 0x35, 0x01, 0x01, 0x00, 0x00, 0x00, 0x0a, 0x00,
            0x00, 0x00, 0x00, 0x00, 0x00, 0x00, 0x00, 0x01, 0x80, 0x00, 0x00, 0x00, 0x06, 0x35,
            0x01, 0x01, 0x00, 0x00, 0x00, 0x0a, 0x00, 0x00, 0x00, 0x00, 0x01, 0x00, 0x00, 0x00,
            0x02, 0x80, 0x00, 0x00, 0x00, 0x0a, 0x00, 0xe0, 0x00, 0x00, 0x05, 0x3f, 0x02, 0x03,
            0x04, 0x05, 0x06, 0x01, 0x00, 0x00, 0x00, 0x18, 0x10, 0xff, 0x00, 0x00, 0x00, 0x01,
            0x00, 0x00, 0x00, 0x01, 0x01, 0x40, 0xc8, 0x0f, 0x81, 0x2b, 0x6d, 0x34, 0x02, 0xef,
            0xff, 0xac, 0x84, 0x20, 0x00, 0x00, 0x00, 0x0b, 0x07, 0x23, 0x0a, 0x01, 0x00, 0x00,
            0x00, 0x2d, 0x00, 0x00, 0x00, 0x09, 0x00, 0x00, 0x00, 0x07, 0x00, 0x00, 0x00, 0x00,
            0x00, 0x00, 0x00, 0x00, 0x04, 0x00, 0x11, 0x00, 0x00, 0x00, 0x00, 0x00, 0x01, 0x01,
            0x00, 0x00, 0x00, 0x00, 0x00, 0x00, 0x00, 0x00, 0x00, 0x00, 0x00, 0x00, 0x00, 0x00,
            0x00, 0x00, 0x00, 0x00, 0x04,
        ],
    },
    EncodedCase {
        name: "refined-all-custom-t2-zero-retention-padding",
        data: &[
            0x00, 0x00, 0x00, 0x01, 0x30, 0x01, 0x01, 0x00, 0x00, 0x00, 0x13, 0x00, 0x00, 0x00,
            0x09, 0x00, 0x00, 0x00, 0x07, 0x00, 0x00, 0x00, 0x00, 0x00, 0x00, 0x00, 0x00, 0x63,
            0x00, 0x00, 0x00, 0x00, 0x00, 0x02, 0x00, 0x01, 0x01, 0x00, 0x00, 0x00, 0x1f, 0x00,
            0x00, 0x03, 0xff, 0xfd, 0xff, 0x02, 0xfe, 0xfe, 0xfe, 0x00, 0x00, 0x00, 0x01, 0x00,
            0x00, 0x00, 0x01, 0x4d, 0x27, 0x60, 0x73, 0x0c, 0x78, 0x86, 0xd0, 0x9e, 0x61, 0xaa,
            0xff, 0xac, 0x00, 0x00, 0x00, 0x03, 0x35, 0x01, 0x01, 0x00, 0x00, 0x00, 0x0a, 0x00,
            0x00, 0x00, 0x00, 0x07, 0x00, 0x00, 0x00, 0x08, 0x80, 0x00, 0x00, 0x00, 0x04, 0x35,
            0x01, 0x01, 0x00, 0x00, 0x00, 0x0a, 0x01, 0x00, 0x00, 0x00, 0x09, 0x00, 0x00, 0x00,
            0x0a, 0x88, 0x00, 0x00, 0x00, 0x05, 0x35, 0x01, 0x01, 0x00, 0x00, 0x00, 0x0a, 0x00,
            0x00, 0x00, 0x00, 0x00, 0x00, 0x00, 0x00, 0x01, 0x80, 0x00, 0x00, 0x00, 0x06, 0x35,
            0x01, 0x01, 0x00, 0x00, 0x00, 0x0a, 0x00, 0x00, 0x00, 0x00, 0x01, 0x00, 0x00, 0x00,
            0x02, 0x80, 0x00, 0x00, 0x00, 0x0a, 0x00, 0xe0, 0x00, 0x00, 0x05, 0x3f, 0x02, 0x03,
            0x04, 0x05, 0x06, 0x01, 0x00, 0x00, 0x00, 0x1c, 0x00, 0xff, 0xfe, 0x00, 0x02, 0x01,
            0x00, 0x00, 0x00, 0x01, 0x00, 0x00, 0x00, 0x01, 0x01, 0x40, 0xc8, 0x0f, 0x81, 0x29,
            0xd0, 0x65, 0x77, 0xf1, 0xff, 0xac, 0x84, 0x20, 0x00, 0x00, 0x00, 0x0b, 0x07, 0x23,
            0x0a, 0x01, 0x00, 0x00, 0x00, 0x2d, 0x00, 0x00, 0x00, 0x09, 0x00, 0x00, 0x00, 0x07,
            0x00, 0x00, 0x00, 0x00, 0x00, 0x00, 0x00, 0x00, 0x04, 0x00, 0x11, 0x00, 0x00, 0x00,
            0x00, 0x00, 0x01, 0x01, 0x00, 0x00, 0x00, 0x00, 0x00, 0x00, 0x00, 0x00, 0x00, 0x00,
            0x00, 0x00, 0x00, 0x00, 0x00, 0x00, 0x00, 0x00, 0x04,
        ],
    },
    EncodedCase {
        name: "refined-custom-reference-order-zero-retention-padding",
        data: &[
            0x00, 0x00, 0x00, 0x01, 0x30, 0x01, 0x01, 0x00, 0x00, 0x00, 0x13, 0x00, 0x00, 0x00,
            0x09, 0x00, 0x00, 0x00, 0x07, 0x00, 0x00, 0x00, 0x00, 0x00, 0x00, 0x00, 0x00, 0x63,
            0x00, 0x00, 0x00, 0x00, 0x00, 0x02, 0x00, 0x01, 0x01, 0x00, 0x00, 0x00, 0x1f, 0x00,
            0x00, 0x03, 0xff, 0xfd, 0xff, 0x02, 0xfe, 0xfe, 0xfe, 0x00, 0x00, 0x00, 0x01, 0x00,
            0x00, 0x00, 0x01, 0x4d, 0x27, 0x60, 0x73, 0x0c, 0x78, 0x86, 0xd0, 0x9e, 0x61, 0xaa,
            0xff, 0xac, 0x00, 0x00, 0x00, 0x03, 0x35, 0x01, 0x01, 0x00, 0x00, 0x00, 0x0a, 0x01,
            0x00, 0x00, 0x00, 0x09, 0x00, 0x00, 0x00, 0x0a, 0x88, 0x00, 0x00, 0x00, 0x04, 0x35,
            0x01, 0x01, 0x00, 0x00, 0x00, 0x0a, 0x00, 0x00, 0x00, 0x00, 0x01, 0x00, 0x00, 0x00,
            0x02, 0x80, 0x00, 0x00, 0x00, 0x05, 0x35, 0x01, 0x01, 0x00, 0x00, 0x00, 0x0a, 0x00,
            0x00, 0x00, 0x00, 0x00, 0x00, 0x00, 0x00, 0x01, 0x80, 0x00, 0x00, 0x00, 0x06, 0x35,
            0x01, 0x01, 0x00, 0x00, 0x00, 0x0a, 0x00, 0x00, 0x00, 0x00, 0x07, 0x00, 0x00, 0x00,
            0x08, 0x80, 0x00, 0x00, 0x00, 0x0a, 0x00, 0xe0, 0x00, 0x00, 0x05, 0x3f, 0x02, 0x06,
            0x03, 0x05, 0x04, 0x01, 0x00, 0x00, 0x00, 0x1c, 0x00, 0xff, 0xff, 0xff, 0xff, 0xff,
            0x00, 0x00, 0x00, 0x01, 0x00, 0x00, 0x00, 0x01, 0x01, 0x40, 0xc8, 0x0f, 0x81, 0x2b,
            0x6e, 0x48, 0xc1, 0x7f, 0xff, 0xac, 0x84, 0x20, 0x00, 0x00, 0x00, 0x0b, 0x07, 0x23,
            0x0a, 0x01, 0x00, 0x00, 0x00, 0x2d, 0x00, 0x00, 0x00, 0x09, 0x00, 0x00, 0x00, 0x07,
            0x00, 0x00, 0x00, 0x00, 0x00, 0x00, 0x00, 0x00, 0x04, 0x00, 0x11, 0x00, 0x00, 0x00,
            0x00, 0x00, 0x01, 0x01, 0x00, 0x00, 0x00, 0x00, 0x00, 0x00, 0x00, 0x00, 0x00, 0x00,
            0x00, 0x00, 0x00, 0x00, 0x00, 0x00, 0x00, 0x00, 0x04,
        ],
    },
    EncodedCase {
        name: "refined-interleaved-dictionaries-zero-retention-padding",
        data: &[
            0x00, 0x00, 0x00, 0x01, 0x30, 0x01, 0x01, 0x00, 0x00, 0x00, 0x13, 0x00, 0x00, 0x00,
            0x09, 0x00, 0x00, 0x00, 0x07, 0x00, 0x00, 0x00, 0x00, 0x00, 0x00, 0x00, 0x00, 0x63,
            0x00, 0x00, 0x00, 0x00, 0x00, 0x02, 0x00, 0x01, 0x01, 0x00, 0x00, 0x00, 0x1f, 0x00,
            0x00, 0x03, 0xff, 0xfd, 0xff, 0x02, 0xfe, 0xfe, 0xfe, 0x00, 0x00, 0x00, 0x01, 0x00,
            0x00, 0x00, 0x01, 0x4d, 0x27, 0x60, 0x73, 0x0c, 0x78, 0x86, 0xd0, 0x9e, 0x61, 0xaa,
            0xff, 0xac, 0x00, 0x00, 0x00, 0x03, 0x35, 0x01, 0x01, 0x00, 0x00, 0x00, 0x0a, 0x00,
            0x00, 0x00, 0x00, 0x07, 0x00, 0x00, 0x00, 0x08, 0x80, 0x00, 0x00, 0x00, 0x04, 0x35,
            0x01, 0x01, 0x00, 0x00, 0x00, 0x0a, 0x01, 0x00, 0x00, 0x00, 0x09, 0x00, 0x00, 0x00,
            0x0a, 0x88, 0x00, 0x00, 0x00, 0x05, 0x35, 0x01, 0x01, 0x00, 0x00, 0x00, 0x0a, 0x00,
            0x00, 0x00, 0x00, 0x00, 0x00, 0x00, 0x00, 0x01, 0x80, 0x00, 0x00, 0x00, 0x06, 0x35,
            0x01, 0x01, 0x00, 0x00, 0x00, 0x0a, 0x00, 0x00, 0x00, 0x00, 0x01, 0x00, 0x00, 0x00,
            0x02, 0x80, 0x00, 0x00, 0x00, 0x08, 0x00, 0x01, 0x01, 0x00, 0x00, 0x00, 0x16, 0x00,
            0x00, 0x03, 0xff, 0xfd, 0xff, 0x02, 0xfe, 0xfe, 0xfe, 0x00, 0x00, 0x00, 0x00, 0x00,
            0x00, 0x00, 0x00, 0xff, 0x7f, 0xff, 0xac, 0x00, 0x00, 0x00, 0x0a, 0x00, 0xe0, 0x00,
            0x00, 0x06, 0x7f, 0x03, 0x02, 0x08, 0x04, 0x05, 0x06, 0x01, 0x00, 0x00, 0x00, 0x18,
            0x10, 0xff, 0x00, 0x00, 0x00, 0x01, 0x00, 0x00, 0x00, 0x01, 0x01, 0x40, 0xc8, 0x0f,
            0x81, 0x2b, 0x6d, 0x34, 0x02, 0xef, 0xff, 0xac, 0x84, 0x20, 0x00, 0x00, 0x00, 0x0b,
            0x07, 0x23, 0x0a, 0x01, 0x00, 0x00, 0x00, 0x2d, 0x00, 0x00, 0x00, 0x09, 0x00, 0x00,
            0x00, 0x07, 0x00, 0x00, 0x00, 0x00, 0x00, 0x00, 0x00, 0x00, 0x04, 0x00, 0x11, 0x00,
            0x00, 0x00, 0x00, 0x00, 0x01, 0x01, 0x00, 0x00, 0x00, 0x00, 0x00, 0x00, 0x00, 0x00,
            0x00, 0x00, 0x00, 0x00, 0x00, 0x00, 0x00, 0x00, 0x00, 0x00, 0x04,
        ],
    },
    EncodedCase {
        name: "omitted-marker-dh",
        data: &[
            0x00, 0x00, 0x00, 0x01, 0x30, 0x01, 0x01, 0x00, 0x00, 0x00, 0x13, 0x00, 0x00, 0x00,
            0x09, 0x00, 0x00, 0x00, 0x07, 0x00, 0x00, 0x00, 0x00, 0x00, 0x00, 0x00, 0x00, 0x63,
            0x00, 0x00, 0x00, 0x00, 0x00, 0x03, 0x35, 0x01, 0x01, 0x00, 0x00, 0x00, 0x0a, 0x01,
            0x00, 0x00, 0x00, 0x07, 0x00, 0x00, 0x00, 0x08, 0x80, 0x00, 0x00, 0x00, 0x0a, 0x00,
            0x23, 0x03, 0x01, 0x00, 0x00, 0x00, 0x1d, 0x00, 0x0d, 0x00, 0x00, 0x00, 0x01, 0x00,
            0x00, 0x00, 0x01, 0x76, 0xfc, 0x00, 0x95, 0x00, 0x4a, 0x80, 0x4c, 0x80, 0xc3, 0x80,
            0x00, 0x00, 0x1c, 0x00, 0x93, 0x00, 0x00, 0x40, 0x00, 0x00, 0x00, 0x0b, 0x07, 0x23,
            0x0a, 0x01, 0x00, 0x00, 0x00, 0x2d, 0x00, 0x00, 0x00, 0x09, 0x00, 0x00, 0x00, 0x07,
            0x00, 0x00, 0x00, 0x00, 0x00, 0x00, 0x00, 0x00, 0x04, 0x00, 0x11, 0x00, 0x00, 0x00,
            0x00, 0x00, 0x01, 0x01, 0x00, 0x00, 0x00, 0x00, 0x00, 0x00, 0x00, 0x00, 0x00, 0x00,
            0x00, 0x00, 0x00, 0x00, 0x00, 0x00, 0x00, 0x00, 0x04,
        ],
    },
    EncodedCase {
        name: "omitted-marker-bms",
        data: &[
            0x00, 0x00, 0x00, 0x01, 0x30, 0x01, 0x01, 0x00, 0x00, 0x00, 0x13, 0x00, 0x00, 0x00,
            0x09, 0x00, 0x00, 0x00, 0x07, 0x00, 0x00, 0x00, 0x00, 0x00, 0x00, 0x00, 0x00, 0x63,
            0x00, 0x00, 0x00, 0x00, 0x00, 0x03, 0x35, 0x01, 0x01, 0x00, 0x00, 0x00, 0x0a, 0x01,
            0x00, 0x00, 0x00, 0x00, 0x00, 0x00, 0x00, 0x01, 0x80, 0x00, 0x00, 0x00, 0x0a, 0x00,
            0x23, 0x03, 0x01, 0x00, 0x00, 0x00, 0x1d, 0x00, 0x41, 0x00, 0x00, 0x00, 0x01, 0x00,
            0x00, 0x00, 0x01, 0xe7, 0xdb, 0xf0, 0x95, 0x00, 0x4a, 0x80, 0x4c, 0x80, 0xc3, 0x80,
            0x00, 0x00, 0x1c, 0x00, 0x93, 0x00, 0x00, 0x40, 0x00, 0x00, 0x00, 0x0b, 0x07, 0x23,
            0x0a, 0x01, 0x00, 0x00, 0x00, 0x2d, 0x00, 0x00, 0x00, 0x09, 0x00, 0x00, 0x00, 0x07,
            0x00, 0x00, 0x00, 0x00, 0x00, 0x00, 0x00, 0x00, 0x04, 0x00, 0x11, 0x00, 0x00, 0x00,
            0x00, 0x00, 0x01, 0x01, 0x00, 0x00, 0x00, 0x00, 0x00, 0x00, 0x00, 0x00, 0x00, 0x00,
            0x00, 0x00, 0x00, 0x00, 0x00, 0x00, 0x00, 0x00, 0x04,
        ],
    },
    EncodedCase {
        name: "omitted-marker-agg",
        data: &[
            0x00, 0x00, 0x00, 0x01, 0x30, 0x01, 0x01, 0x00, 0x00, 0x00, 0x13, 0x00, 0x00, 0x00,
            0x09, 0x00, 0x00, 0x00, 0x07, 0x00, 0x00, 0x00, 0x00, 0x00, 0x00, 0x00, 0x00, 0x63,
            0x00, 0x00, 0x00, 0x00, 0x00, 0x02, 0x00, 0x01, 0x01, 0x00, 0x00, 0x00, 0x1f, 0x00,
            0x00, 0x03, 0xff, 0xfd, 0xff, 0x02, 0xfe, 0xfe, 0xfe, 0x00, 0x00, 0x00, 0x01, 0x00,
            0x00, 0x00, 0x01, 0x4d, 0x27, 0x60, 0x73, 0x0c, 0x78, 0x86, 0xd0, 0x9e, 0x61, 0xaa,
            0xff, 0xac, 0x00, 0x00, 0x00, 0x03, 0x35, 0x01, 0x01, 0x00, 0x00, 0x00, 0x0a, 0x01,
            0x00, 0x00, 0x00, 0x01, 0x00, 0x00, 0x00, 0x02, 0x80, 0x00, 0x00, 0x00, 0x0a, 0x00,
            0x47, 0x02, 0x03, 0x01, 0x00, 0x00, 0x00, 0x1d, 0x00, 0x83, 0xff, 0xff, 0xff, 0xff,
            0x00, 0x00, 0x00, 0x01, 0x00, 0x00, 0x00, 0x01, 0xe7, 0xd8, 0x14, 0xc8, 0x0f, 0x81,
            0x2b, 0x6e, 0x48, 0xc1, 0x7f, 0xff, 0xac, 0xfc, 0x21, 0x00, 0x00, 0x00, 0x0b, 0x07,
            0x23, 0x0a, 0x01, 0x00, 0x00, 0x00, 0x2d, 0x00, 0x00, 0x00, 0x09, 0x00, 0x00, 0x00,
            0x07, 0x00, 0x00, 0x00, 0x00, 0x00, 0x00, 0x00, 0x00, 0x04, 0x00, 0x11, 0x00, 0x00,
            0x00, 0x00, 0x00, 0x01, 0x01, 0x00, 0x00, 0x00, 0x00, 0x00, 0x00, 0x00, 0x00, 0x00,
            0x00, 0x00, 0x00, 0x00, 0x00, 0x00, 0x00, 0x00, 0x00, 0x04,
        ],
    },
    EncodedCase {
        name: "reexport-unused-width-table",
        data: &[
            0x00, 0x00, 0x00, 0x01, 0x30, 0x01, 0x01, 0x00, 0x00, 0x00, 0x13, 0x00, 0x00, 0x00,
            0x09, 0x00, 0x00, 0x00, 0x07, 0x00, 0x00, 0x00, 0x00, 0x00, 0x00, 0x00, 0x00, 0x63,
            0x00, 0x00, 0x00, 0x00, 0x00, 0x02, 0x00, 0x01, 0x01, 0x00, 0x00, 0x00, 0x1f, 0x00,
            0x00, 0x03, 0xff, 0xfd, 0xff, 0x02, 0xfe, 0xfe, 0xfe, 0x00, 0x00, 0x00, 0x01, 0x00,
            0x00, 0x00, 0x01, 0x4d, 0x26, 0xdc, 0x67, 0xf9, 0x5b, 0x72, 0x74, 0x3f, 0x91, 0x47,
            0xff, 0xac, 0x00, 0x00, 0x00, 0x03, 0x35, 0x01, 0x01, 0x00, 0x00, 0x00, 0x0a, 0x01,
            0x00, 0x00, 0x00, 0x09, 0x00, 0x00, 0x00, 0x0a, 0x88, 0x00, 0x00, 0x00, 0x0a, 0x00,
            0x47, 0x02, 0x03, 0x01, 0x00, 0x00, 0x00, 0x0c, 0x00, 0x31, 0x00, 0x00, 0x00, 0x01,
            0x00, 0x00, 0x00, 0x00, 0x00, 0x40, 0x00, 0x00, 0x00, 0x0b, 0x07, 0x23, 0x0a, 0x01,
            0x00, 0x00, 0x00, 0x2d, 0x00, 0x00, 0x00, 0x09, 0x00, 0x00, 0x00, 0x07, 0x00, 0x00,
            0x00, 0x00, 0x00, 0x00, 0x00, 0x00, 0x04, 0x00, 0x11, 0x00, 0x00, 0x00, 0x00, 0x00,
            0x01, 0x01, 0x00, 0x00, 0x00, 0x00, 0x00, 0x00, 0x00, 0x00, 0x00, 0x00, 0x00, 0x00,
            0x00, 0x00, 0x00, 0x00, 0x00, 0x00, 0x04,
        ],
    },
    EncodedCase {
        name: "empty-generic-template-0",
        data: &[
            0x00, 0x00, 0x00, 0x01, 0x30, 0x01, 0x01, 0x00, 0x00, 0x00, 0x13, 0x00, 0x00, 0x00,
            0x09, 0x00, 0x00, 0x00, 0x07, 0x00, 0x00, 0x00, 0x00, 0x00, 0x00, 0x00, 0x00, 0x63,
            0x00, 0x00, 0x00, 0x00, 0x00, 0x02, 0x00, 0x01, 0x01, 0x00, 0x00, 0x00, 0x16, 0x00,
            0x00, 0x03, 0xff, 0xfd, 0xff, 0x02, 0xfe, 0xfe, 0xfe, 0x00, 0x00, 0x00, 0x00, 0x00,
            0x00, 0x00, 0x00, 0xff, 0x7f, 0xff, 0xac, 0x00, 0x00, 0x00, 0x03, 0x00, 0x01, 0x01,
            0x00, 0x00, 0x00, 0x1f, 0x00, 0x00, 0x03, 0xff, 0xfd, 0xff, 0x02, 0xfe, 0xfe, 0xfe,
            0x00, 0x00, 0x00, 0x01, 0x00, 0x00, 0x00, 0x01, 0x4d, 0x26, 0xdc, 0x67, 0xf9, 0x5b,
            0x72, 0x74, 0x3f, 0x91, 0x47, 0xff, 0xac, 0x00, 0x00, 0x00, 0x04, 0x07, 0x23, 0x03,
            0x01, 0x00, 0x00, 0x00, 0x2d, 0x00, 0x00, 0x00, 0x09, 0x00, 0x00, 0x00, 0x07, 0x00,
            0x00, 0x00, 0x00, 0x00, 0x00, 0x00, 0x00, 0x04, 0x00, 0x11, 0x00, 0x00, 0x00, 0x00,
            0x00, 0x01, 0x01, 0x00, 0x00, 0x00, 0x00, 0x00, 0x00, 0x00, 0x00, 0x00, 0x00, 0x00,
            0x00, 0x00, 0x00, 0x00, 0x00, 0x00, 0x00, 0x04,
        ],
    },
    EncodedCase {
        name: "empty-generic-template-1",
        data: &[
            0x00, 0x00, 0x00, 0x01, 0x30, 0x01, 0x01, 0x00, 0x00, 0x00, 0x13, 0x00, 0x00, 0x00,
            0x09, 0x00, 0x00, 0x00, 0x07, 0x00, 0x00, 0x00, 0x00, 0x00, 0x00, 0x00, 0x00, 0x63,
            0x00, 0x00, 0x00, 0x00, 0x00, 0x02, 0x00, 0x01, 0x01, 0x00, 0x00, 0x00, 0x10, 0x04,
            0x00, 0x03, 0xff, 0x00, 0x00, 0x00, 0x00, 0x00, 0x00, 0x00, 0x00, 0xff, 0x7f, 0xff,
            0xac, 0x00, 0x00, 0x00, 0x03, 0x00, 0x01, 0x01, 0x00, 0x00, 0x00, 0x1f, 0x00, 0x00,
            0x03, 0xff, 0xfd, 0xff, 0x02, 0xfe, 0xfe, 0xfe, 0x00, 0x00, 0x00, 0x01, 0x00, 0x00,
            0x00, 0x01, 0x4d, 0x26, 0xdc, 0x67, 0xf9, 0x5b, 0x72, 0x74, 0x3f, 0x91, 0x47, 0xff,
            0xac, 0x00, 0x00, 0x00, 0x04, 0x07, 0x23, 0x03, 0x01, 0x00, 0x00, 0x00, 0x2d, 0x00,
            0x00, 0x00, 0x09, 0x00, 0x00, 0x00, 0x07, 0x00, 0x00, 0x00, 0x00, 0x00, 0x00, 0x00,
            0x00, 0x04, 0x00, 0x11, 0x00, 0x00, 0x00, 0x00, 0x00, 0x01, 0x01, 0x00, 0x00, 0x00,
            0x00, 0x00, 0x00, 0x00, 0x00, 0x00, 0x00, 0x00, 0x00, 0x00, 0x00, 0x00, 0x00, 0x00,
            0x00, 0x04,
        ],
    },
    EncodedCase {
        name: "empty-generic-template-2",
        data: &[
            0x00, 0x00, 0x00, 0x01, 0x30, 0x01, 0x01, 0x00, 0x00, 0x00, 0x13, 0x00, 0x00, 0x00,
            0x09, 0x00, 0x00, 0x00, 0x07, 0x00, 0x00, 0x00, 0x00, 0x00, 0x00, 0x00, 0x00, 0x63,
            0x00, 0x00, 0x00, 0x00, 0x00, 0x02, 0x00, 0x01, 0x01, 0x00, 0x00, 0x00, 0x10, 0x08,
            0x00, 0x03, 0xff, 0x00, 0x00, 0x00, 0x00, 0x00, 0x00, 0x00, 0x00, 0xff, 0x7f, 0xff,
            0xac, 0x00, 0x00, 0x00, 0x03, 0x00, 0x01, 0x01, 0x00, 0x00, 0x00, 0x1f, 0x00, 0x00,
            0x03, 0xff, 0xfd, 0xff, 0x02, 0xfe, 0xfe, 0xfe, 0x00, 0x00, 0x00, 0x01, 0x00, 0x00,
            0x00, 0x01, 0x4d, 0x26, 0xdc, 0x67, 0xf9, 0x5b, 0x72, 0x74, 0x3f, 0x91, 0x47, 0xff,
            0xac, 0x00, 0x00, 0x00, 0x04, 0x07, 0x23, 0x03, 0x01, 0x00, 0x00, 0x00, 0x2d, 0x00,
            0x00, 0x00, 0x09, 0x00, 0x00, 0x00, 0x07, 0x00, 0x00, 0x00, 0x00, 0x00, 0x00, 0x00,
            0x00, 0x04, 0x00, 0x11, 0x00, 0x00, 0x00, 0x00, 0x00, 0x01, 0x01, 0x00, 0x00, 0x00,
            0x00, 0x00, 0x00, 0x00, 0x00, 0x00, 0x00, 0x00, 0x00, 0x00, 0x00, 0x00, 0x00, 0x00,
            0x00, 0x04,
        ],
    },
    EncodedCase {
        name: "empty-generic-template-3",
        data: &[
            0x00, 0x00, 0x00, 0x01, 0x30, 0x01, 0x01, 0x00, 0x00, 0x00, 0x13, 0x00, 0x00, 0x00,
            0x09, 0x00, 0x00, 0x00, 0x07, 0x00, 0x00, 0x00, 0x00, 0x00, 0x00, 0x00, 0x00, 0x63,
            0x00, 0x00, 0x00, 0x00, 0x00, 0x02, 0x00, 0x01, 0x01, 0x00, 0x00, 0x00, 0x10, 0x0c,
            0x00, 0x03, 0xff, 0x00, 0x00, 0x00, 0x00, 0x00, 0x00, 0x00, 0x00, 0xff, 0x7f, 0xff,
            0xac, 0x00, 0x00, 0x00, 0x03, 0x00, 0x01, 0x01, 0x00, 0x00, 0x00, 0x1f, 0x00, 0x00,
            0x03, 0xff, 0xfd, 0xff, 0x02, 0xfe, 0xfe, 0xfe, 0x00, 0x00, 0x00, 0x01, 0x00, 0x00,
            0x00, 0x01, 0x4d, 0x26, 0xdc, 0x67, 0xf9, 0x5b, 0x72, 0x74, 0x3f, 0x91, 0x47, 0xff,
            0xac, 0x00, 0x00, 0x00, 0x04, 0x07, 0x23, 0x03, 0x01, 0x00, 0x00, 0x00, 0x2d, 0x00,
            0x00, 0x00, 0x09, 0x00, 0x00, 0x00, 0x07, 0x00, 0x00, 0x00, 0x00, 0x00, 0x00, 0x00,
            0x00, 0x04, 0x00, 0x11, 0x00, 0x00, 0x00, 0x00, 0x00, 0x01, 0x01, 0x00, 0x00, 0x00,
            0x00, 0x00, 0x00, 0x00, 0x00, 0x00, 0x00, 0x00, 0x00, 0x00, 0x00, 0x00, 0x00, 0x00,
            0x00, 0x04,
        ],
    },
];
pub(super) const INVALID: &[EncodedCase] = &[
    EncodedCase {
        name: "arithmetic-generic-dh-standard",
        data: &[
            0x00, 0x00, 0x00, 0x01, 0x30, 0x01, 0x01, 0x00, 0x00, 0x00, 0x13, 0x00, 0x00, 0x00,
            0x09, 0x00, 0x00, 0x00, 0x07, 0x00, 0x00, 0x00, 0x00, 0x00, 0x00, 0x00, 0x00, 0x63,
            0x00, 0x00, 0x00, 0x00, 0x00, 0x0a, 0x00, 0x01, 0x01, 0x00, 0x00, 0x00, 0x1f, 0x00,
            0x04, 0x03, 0xff, 0xfd, 0xff, 0x02, 0xfe, 0xfe, 0xfe, 0x00, 0x00, 0x00, 0x01, 0x00,
            0x00, 0x00, 0x01, 0x4d, 0x26, 0xdc, 0x67, 0xf9, 0x5b, 0x72, 0x74, 0x3f, 0x91, 0x47,
            0xff, 0xac, 0x00, 0x00, 0x00, 0x0b, 0x07, 0x23, 0x0a, 0x01, 0x00, 0x00, 0x00, 0x2d,
            0x00, 0x00, 0x00, 0x09, 0x00, 0x00, 0x00, 0x07, 0x00, 0x00, 0x00, 0x00, 0x00, 0x00,
            0x00, 0x00, 0x04, 0x00, 0x11, 0x00, 0x00, 0x00, 0x00, 0x00, 0x01, 0x01, 0x00, 0x00,
            0x00, 0x00, 0x00, 0x00, 0x00, 0x00, 0x00, 0x00, 0x00, 0x00, 0x00, 0x00, 0x00, 0x00,
            0x00, 0x00, 0x04,
        ],
    },
    EncodedCase {
        name: "arithmetic-generic-dh-custom",
        data: &[
            0x00, 0x00, 0x00, 0x01, 0x30, 0x01, 0x01, 0x00, 0x00, 0x00, 0x13, 0x00, 0x00, 0x00,
            0x09, 0x00, 0x00, 0x00, 0x07, 0x00, 0x00, 0x00, 0x00, 0x00, 0x00, 0x00, 0x00, 0x63,
            0x00, 0x00, 0x00, 0x00, 0x00, 0x03, 0x35, 0x01, 0x01, 0x00, 0x00, 0x00, 0x0a, 0x00,
            0x00, 0x00, 0x00, 0x07, 0x00, 0x00, 0x00, 0x08, 0x80, 0x00, 0x00, 0x00, 0x0a, 0x00,
            0x23, 0x03, 0x01, 0x00, 0x00, 0x00, 0x1f, 0x00, 0x0c, 0x03, 0xff, 0xfd, 0xff, 0x02,
            0xfe, 0xfe, 0xfe, 0x00, 0x00, 0x00, 0x01, 0x00, 0x00, 0x00, 0x01, 0x4d, 0x26, 0xdc,
            0x67, 0xf9, 0x5b, 0x72, 0x74, 0x3f, 0x91, 0x47, 0xff, 0xac, 0x00, 0x00, 0x00, 0x0b,
            0x07, 0x23, 0x0a, 0x01, 0x00, 0x00, 0x00, 0x2d, 0x00, 0x00, 0x00, 0x09, 0x00, 0x00,
            0x00, 0x07, 0x00, 0x00, 0x00, 0x00, 0x00, 0x00, 0x00, 0x00, 0x04, 0x00, 0x11, 0x00,
            0x00, 0x00, 0x00, 0x00, 0x01, 0x01, 0x00, 0x00, 0x00, 0x00, 0x00, 0x00, 0x00, 0x00,
            0x00, 0x00, 0x00, 0x00, 0x00, 0x00, 0x00, 0x00, 0x00, 0x00, 0x04,
        ],
    },
    EncodedCase {
        name: "arithmetic-generic-dw-standard",
        data: &[
            0x00, 0x00, 0x00, 0x01, 0x30, 0x01, 0x01, 0x00, 0x00, 0x00, 0x13, 0x00, 0x00, 0x00,
            0x09, 0x00, 0x00, 0x00, 0x07, 0x00, 0x00, 0x00, 0x00, 0x00, 0x00, 0x00, 0x00, 0x63,
            0x00, 0x00, 0x00, 0x00, 0x00, 0x0a, 0x00, 0x01, 0x01, 0x00, 0x00, 0x00, 0x1f, 0x00,
            0x10, 0x03, 0xff, 0xfd, 0xff, 0x02, 0xfe, 0xfe, 0xfe, 0x00, 0x00, 0x00, 0x01, 0x00,
            0x00, 0x00, 0x01, 0x4d, 0x26, 0xdc, 0x67, 0xf9, 0x5b, 0x72, 0x74, 0x3f, 0x91, 0x47,
            0xff, 0xac, 0x00, 0x00, 0x00, 0x0b, 0x07, 0x23, 0x0a, 0x01, 0x00, 0x00, 0x00, 0x2d,
            0x00, 0x00, 0x00, 0x09, 0x00, 0x00, 0x00, 0x07, 0x00, 0x00, 0x00, 0x00, 0x00, 0x00,
            0x00, 0x00, 0x04, 0x00, 0x11, 0x00, 0x00, 0x00, 0x00, 0x00, 0x01, 0x01, 0x00, 0x00,
            0x00, 0x00, 0x00, 0x00, 0x00, 0x00, 0x00, 0x00, 0x00, 0x00, 0x00, 0x00, 0x00, 0x00,
            0x00, 0x00, 0x04,
        ],
    },
    EncodedCase {
        name: "arithmetic-generic-dw-custom",
        data: &[
            0x00, 0x00, 0x00, 0x01, 0x30, 0x01, 0x01, 0x00, 0x00, 0x00, 0x13, 0x00, 0x00, 0x00,
            0x09, 0x00, 0x00, 0x00, 0x07, 0x00, 0x00, 0x00, 0x00, 0x00, 0x00, 0x00, 0x00, 0x63,
            0x00, 0x00, 0x00, 0x00, 0x00, 0x03, 0x35, 0x01, 0x01, 0x00, 0x00, 0x00, 0x0a, 0x01,
            0x00, 0x00, 0x00, 0x09, 0x00, 0x00, 0x00, 0x0a, 0x88, 0x00, 0x00, 0x00, 0x0a, 0x00,
            0x23, 0x03, 0x01, 0x00, 0x00, 0x00, 0x1f, 0x00, 0x30, 0x03, 0xff, 0xfd, 0xff, 0x02,
            0xfe, 0xfe, 0xfe, 0x00, 0x00, 0x00, 0x01, 0x00, 0x00, 0x00, 0x01, 0x4d, 0x26, 0xdc,
            0x67, 0xf9, 0x5b, 0x72, 0x74, 0x3f, 0x91, 0x47, 0xff, 0xac, 0x00, 0x00, 0x00, 0x0b,
            0x07, 0x23, 0x0a, 0x01, 0x00, 0x00, 0x00, 0x2d, 0x00, 0x00, 0x00, 0x09, 0x00, 0x00,
            0x00, 0x07, 0x00, 0x00, 0x00, 0x00, 0x00, 0x00, 0x00, 0x00, 0x04, 0x00, 0x11, 0x00,
            0x00, 0x00, 0x00, 0x00, 0x01, 0x01, 0x00, 0x00, 0x00, 0x00, 0x00, 0x00, 0x00, 0x00,
            0x00, 0x00, 0x00, 0x00, 0x00, 0x00, 0x00, 0x00, 0x00, 0x00, 0x04,
        ],
    },
    EncodedCase {
        name: "arithmetic-generic-bms",
        data: &[
            0x00, 0x00, 0x00, 0x01, 0x30, 0x01, 0x01, 0x00, 0x00, 0x00, 0x13, 0x00, 0x00, 0x00,
            0x09, 0x00, 0x00, 0x00, 0x07, 0x00, 0x00, 0x00, 0x00, 0x00, 0x00, 0x00, 0x00, 0x63,
            0x00, 0x00, 0x00, 0x00, 0x00, 0x03, 0x35, 0x01, 0x01, 0x00, 0x00, 0x00, 0x0a, 0x00,
            0x00, 0x00, 0x00, 0x00, 0x00, 0x00, 0x00, 0x01, 0x80, 0x00, 0x00, 0x00, 0x0a, 0x00,
            0x23, 0x03, 0x01, 0x00, 0x00, 0x00, 0x1f, 0x00, 0x40, 0x03, 0xff, 0xfd, 0xff, 0x02,
            0xfe, 0xfe, 0xfe, 0x00, 0x00, 0x00, 0x01, 0x00, 0x00, 0x00, 0x01, 0x4d, 0x26, 0xdc,
            0x67, 0xf9, 0x5b, 0x72, 0x74, 0x3f, 0x91, 0x47, 0xff, 0xac, 0x00, 0x00, 0x00, 0x0b,
            0x07, 0x23, 0x0a, 0x01, 0x00, 0x00, 0x00, 0x2d, 0x00, 0x00, 0x00, 0x09, 0x00, 0x00,
            0x00, 0x07, 0x00, 0x00, 0x00, 0x00, 0x00, 0x00, 0x00, 0x00, 0x04, 0x00, 0x11, 0x00,
            0x00, 0x00, 0x00, 0x00, 0x01, 0x01, 0x00, 0x00, 0x00, 0x00, 0x00, 0x00, 0x00, 0x00,
            0x00, 0x00, 0x00, 0x00, 0x00, 0x00, 0x00, 0x00, 0x00, 0x00, 0x04,
        ],
    },
    EncodedCase {
        name: "arithmetic-generic-agg",
        data: &[
            0x00, 0x00, 0x00, 0x01, 0x30, 0x01, 0x01, 0x00, 0x00, 0x00, 0x13, 0x00, 0x00, 0x00,
            0x09, 0x00, 0x00, 0x00, 0x07, 0x00, 0x00, 0x00, 0x00, 0x00, 0x00, 0x00, 0x00, 0x63,
            0x00, 0x00, 0x00, 0x00, 0x00, 0x03, 0x35, 0x01, 0x01, 0x00, 0x00, 0x00, 0x0a, 0x00,
            0x00, 0x00, 0x00, 0x01, 0x00, 0x00, 0x00, 0x02, 0x80, 0x00, 0x00, 0x00, 0x0a, 0x00,
            0x23, 0x03, 0x01, 0x00, 0x00, 0x00, 0x1f, 0x00, 0x80, 0x03, 0xff, 0xfd, 0xff, 0x02,
            0xfe, 0xfe, 0xfe, 0x00, 0x00, 0x00, 0x01, 0x00, 0x00, 0x00, 0x01, 0x4d, 0x26, 0xdc,
            0x67, 0xf9, 0x5b, 0x72, 0x74, 0x3f, 0x91, 0x47, 0xff, 0xac, 0x00, 0x00, 0x00, 0x0b,
            0x07, 0x23, 0x0a, 0x01, 0x00, 0x00, 0x00, 0x2d, 0x00, 0x00, 0x00, 0x09, 0x00, 0x00,
            0x00, 0x07, 0x00, 0x00, 0x00, 0x00, 0x00, 0x00, 0x00, 0x00, 0x04, 0x00, 0x11, 0x00,
            0x00, 0x00, 0x00, 0x00, 0x01, 0x01, 0x00, 0x00, 0x00, 0x00, 0x00, 0x00, 0x00, 0x00,
            0x00, 0x00, 0x00, 0x00, 0x00, 0x00, 0x00, 0x00, 0x00, 0x00, 0x04,
        ],
    },
    EncodedCase {
        name: "arithmetic-generic-selection-2-dh",
        data: &[
            0x00, 0x00, 0x00, 0x01, 0x30, 0x01, 0x01, 0x00, 0x00, 0x00, 0x13, 0x00, 0x00, 0x00,
            0x09, 0x00, 0x00, 0x00, 0x07, 0x00, 0x00, 0x00, 0x00, 0x00, 0x00, 0x00, 0x00, 0x63,
            0x00, 0x00, 0x00, 0x00, 0x00, 0x0a, 0x00, 0x01, 0x01, 0x00, 0x00, 0x00, 0x1f, 0x00,
            0x08, 0x03, 0xff, 0xfd, 0xff, 0x02, 0xfe, 0xfe, 0xfe, 0x00, 0x00, 0x00, 0x01, 0x00,
            0x00, 0x00, 0x01, 0x4d, 0x26, 0xdc, 0x67, 0xf9, 0x5b, 0x72, 0x74, 0x3f, 0x91, 0x47,
            0xff, 0xac, 0x00, 0x00, 0x00, 0x0b, 0x07, 0x23, 0x0a, 0x01, 0x00, 0x00, 0x00, 0x2d,
            0x00, 0x00, 0x00, 0x09, 0x00, 0x00, 0x00, 0x07, 0x00, 0x00, 0x00, 0x00, 0x00, 0x00,
            0x00, 0x00, 0x04, 0x00, 0x11, 0x00, 0x00, 0x00, 0x00, 0x00, 0x01, 0x01, 0x00, 0x00,
            0x00, 0x00, 0x00, 0x00, 0x00, 0x00, 0x00, 0x00, 0x00, 0x00, 0x00, 0x00, 0x00, 0x00,
            0x00, 0x00, 0x04,
        ],
    },
    EncodedCase {
        name: "arithmetic-generic-selection-2-dw",
        data: &[
            0x00, 0x00, 0x00, 0x01, 0x30, 0x01, 0x01, 0x00, 0x00, 0x00, 0x13, 0x00, 0x00, 0x00,
            0x09, 0x00, 0x00, 0x00, 0x07, 0x00, 0x00, 0x00, 0x00, 0x00, 0x00, 0x00, 0x00, 0x63,
            0x00, 0x00, 0x00, 0x00, 0x00, 0x0a, 0x00, 0x01, 0x01, 0x00, 0x00, 0x00, 0x1f, 0x00,
            0x20, 0x03, 0xff, 0xfd, 0xff, 0x02, 0xfe, 0xfe, 0xfe, 0x00, 0x00, 0x00, 0x01, 0x00,
            0x00, 0x00, 0x01, 0x4d, 0x26, 0xdc, 0x67, 0xf9, 0x5b, 0x72, 0x74, 0x3f, 0x91, 0x47,
            0xff, 0xac, 0x00, 0x00, 0x00, 0x0b, 0x07, 0x23, 0x0a, 0x01, 0x00, 0x00, 0x00, 0x2d,
            0x00, 0x00, 0x00, 0x09, 0x00, 0x00, 0x00, 0x07, 0x00, 0x00, 0x00, 0x00, 0x00, 0x00,
            0x00, 0x00, 0x04, 0x00, 0x11, 0x00, 0x00, 0x00, 0x00, 0x00, 0x01, 0x01, 0x00, 0x00,
            0x00, 0x00, 0x00, 0x00, 0x00, 0x00, 0x00, 0x00, 0x00, 0x00, 0x00, 0x00, 0x00, 0x00,
            0x00, 0x00, 0x04,
        ],
    },
    EncodedCase {
        name: "arithmetic-refined-dh-standard",
        data: &[
            0x00, 0x00, 0x00, 0x01, 0x30, 0x01, 0x01, 0x00, 0x00, 0x00, 0x13, 0x00, 0x00, 0x00,
            0x09, 0x00, 0x00, 0x00, 0x07, 0x00, 0x00, 0x00, 0x00, 0x00, 0x00, 0x00, 0x00, 0x63,
            0x00, 0x00, 0x00, 0x00, 0x00, 0x02, 0x00, 0x01, 0x01, 0x00, 0x00, 0x00, 0x1f, 0x00,
            0x00, 0x03, 0xff, 0xfd, 0xff, 0x02, 0xfe, 0xfe, 0xfe, 0x00, 0x00, 0x00, 0x01, 0x00,
            0x00, 0x00, 0x01, 0x4d, 0x27, 0x60, 0x73, 0x0c, 0x78, 0x86, 0xd0, 0x9e, 0x61, 0xaa,
            0xff, 0xac, 0x00, 0x00, 0x00, 0x0a, 0x00, 0x23, 0x02, 0x01, 0x00, 0x00, 0x00, 0x24,
            0x00, 0x06, 0x03, 0xff, 0xfd, 0xff, 0x02, 0xfe, 0xfe, 0xfe, 0xff, 0xff, 0xff, 0xff,
            0x00, 0x00, 0x00, 0x01, 0x00, 0x00, 0x00, 0x01, 0x4d, 0x29, 0xaf, 0x95, 0xc3, 0x00,
            0x4a, 0xdb, 0x92, 0x30, 0x5e, 0x1b, 0xff, 0xac, 0x00, 0x00, 0x00, 0x0b, 0x07, 0x23,
            0x0a, 0x01, 0x00, 0x00, 0x00, 0x2d, 0x00, 0x00, 0x00, 0x09, 0x00, 0x00, 0x00, 0x07,
            0x00, 0x00, 0x00, 0x00, 0x00, 0x00, 0x00, 0x00, 0x04, 0x00, 0x11, 0x00, 0x00, 0x00,
            0x00, 0x00, 0x01, 0x01, 0x00, 0x00, 0x00, 0x00, 0x00, 0x00, 0x00, 0x00, 0x00, 0x00,
            0x00, 0x00, 0x00, 0x00, 0x00, 0x00, 0x00, 0x00, 0x04,
        ],
    },
    EncodedCase {
        name: "arithmetic-refined-dh-custom",
        data: &[
            0x00, 0x00, 0x00, 0x01, 0x30, 0x01, 0x01, 0x00, 0x00, 0x00, 0x13, 0x00, 0x00, 0x00,
            0x09, 0x00, 0x00, 0x00, 0x07, 0x00, 0x00, 0x00, 0x00, 0x00, 0x00, 0x00, 0x00, 0x63,
            0x00, 0x00, 0x00, 0x00, 0x00, 0x02, 0x00, 0x01, 0x01, 0x00, 0x00, 0x00, 0x1f, 0x00,
            0x00, 0x03, 0xff, 0xfd, 0xff, 0x02, 0xfe, 0xfe, 0xfe, 0x00, 0x00, 0x00, 0x01, 0x00,
            0x00, 0x00, 0x01, 0x4d, 0x27, 0x60, 0x73, 0x0c, 0x78, 0x86, 0xd0, 0x9e, 0x61, 0xaa,
            0xff, 0xac, 0x00, 0x00, 0x00, 0x03, 0x35, 0x01, 0x01, 0x00, 0x00, 0x00, 0x0a, 0x00,
            0x00, 0x00, 0x00, 0x07, 0x00, 0x00, 0x00, 0x08, 0x80, 0x00, 0x00, 0x00, 0x0a, 0x00,
            0x47, 0x02, 0x03, 0x01, 0x00, 0x00, 0x00, 0x24, 0x00, 0x0e, 0x03, 0xff, 0xfd, 0xff,
            0x02, 0xfe, 0xfe, 0xfe, 0xff, 0xff, 0xff, 0xff, 0x00, 0x00, 0x00, 0x01, 0x00, 0x00,
            0x00, 0x01, 0x4d, 0x29, 0xaf, 0x95, 0xc3, 0x00, 0x4a, 0xdb, 0x92, 0x30, 0x5e, 0x1b,
            0xff, 0xac, 0x00, 0x00, 0x00, 0x0b, 0x07, 0x23, 0x0a, 0x01, 0x00, 0x00, 0x00, 0x2d,
            0x00, 0x00, 0x00, 0x09, 0x00, 0x00, 0x00, 0x07, 0x00, 0x00, 0x00, 0x00, 0x00, 0x00,
            0x00, 0x00, 0x04, 0x00, 0x11, 0x00, 0x00, 0x00, 0x00, 0x00, 0x01, 0x01, 0x00, 0x00,
            0x00, 0x00, 0x00, 0x00, 0x00, 0x00, 0x00, 0x00, 0x00, 0x00, 0x00, 0x00, 0x00, 0x00,
            0x00, 0x00, 0x04,
        ],
    },
    EncodedCase {
        name: "arithmetic-refined-dw-standard",
        data: &[
            0x00, 0x00, 0x00, 0x01, 0x30, 0x01, 0x01, 0x00, 0x00, 0x00, 0x13, 0x00, 0x00, 0x00,
            0x09, 0x00, 0x00, 0x00, 0x07, 0x00, 0x00, 0x00, 0x00, 0x00, 0x00, 0x00, 0x00, 0x63,
            0x00, 0x00, 0x00, 0x00, 0x00, 0x02, 0x00, 0x01, 0x01, 0x00, 0x00, 0x00, 0x1f, 0x00,
            0x00, 0x03, 0xff, 0xfd, 0xff, 0x02, 0xfe, 0xfe, 0xfe, 0x00, 0x00, 0x00, 0x01, 0x00,
            0x00, 0x00, 0x01, 0x4d, 0x27, 0x60, 0x73, 0x0c, 0x78, 0x86, 0xd0, 0x9e, 0x61, 0xaa,
            0xff, 0xac, 0x00, 0x00, 0x00, 0x0a, 0x00, 0x23, 0x02, 0x01, 0x00, 0x00, 0x00, 0x24,
            0x00, 0x12, 0x03, 0xff, 0xfd, 0xff, 0x02, 0xfe, 0xfe, 0xfe, 0xff, 0xff, 0xff, 0xff,
            0x00, 0x00, 0x00, 0x01, 0x00, 0x00, 0x00, 0x01, 0x4d, 0x29, 0xaf, 0x95, 0xc3, 0x00,
            0x4a, 0xdb, 0x92, 0x30, 0x5e, 0x1b, 0xff, 0xac, 0x00, 0x00, 0x00, 0x0b, 0x07, 0x23,
            0x0a, 0x01, 0x00, 0x00, 0x00, 0x2d, 0x00, 0x00, 0x00, 0x09, 0x00, 0x00, 0x00, 0x07,
            0x00, 0x00, 0x00, 0x00, 0x00, 0x00, 0x00, 0x00, 0x04, 0x00, 0x11, 0x00, 0x00, 0x00,
            0x00, 0x00, 0x01, 0x01, 0x00, 0x00, 0x00, 0x00, 0x00, 0x00, 0x00, 0x00, 0x00, 0x00,
            0x00, 0x00, 0x00, 0x00, 0x00, 0x00, 0x00, 0x00, 0x04,
        ],
    },
    EncodedCase {
        name: "arithmetic-refined-dw-custom",
        data: &[
            0x00, 0x00, 0x00, 0x01, 0x30, 0x01, 0x01, 0x00, 0x00, 0x00, 0x13, 0x00, 0x00, 0x00,
            0x09, 0x00, 0x00, 0x00, 0x07, 0x00, 0x00, 0x00, 0x00, 0x00, 0x00, 0x00, 0x00, 0x63,
            0x00, 0x00, 0x00, 0x00, 0x00, 0x02, 0x00, 0x01, 0x01, 0x00, 0x00, 0x00, 0x1f, 0x00,
            0x00, 0x03, 0xff, 0xfd, 0xff, 0x02, 0xfe, 0xfe, 0xfe, 0x00, 0x00, 0x00, 0x01, 0x00,
            0x00, 0x00, 0x01, 0x4d, 0x27, 0x60, 0x73, 0x0c, 0x78, 0x86, 0xd0, 0x9e, 0x61, 0xaa,
            0xff, 0xac, 0x00, 0x00, 0x00, 0x03, 0x35, 0x01, 0x01, 0x00, 0x00, 0x00, 0x0a, 0x01,
            0x00, 0x00, 0x00, 0x09, 0x00, 0x00, 0x00, 0x0a, 0x88, 0x00, 0x00, 0x00, 0x0a, 0x00,
            0x47, 0x02, 0x03, 0x01, 0x00, 0x00, 0x00, 0x24, 0x00, 0x32, 0x03, 0xff, 0xfd, 0xff,
            0x02, 0xfe, 0xfe, 0xfe, 0xff, 0xff, 0xff, 0xff, 0x00, 0x00, 0x00, 0x01, 0x00, 0x00,
            0x00, 0x01, 0x4d, 0x29, 0xaf, 0x95, 0xc3, 0x00, 0x4a, 0xdb, 0x92, 0x30, 0x5e, 0x1b,
            0xff, 0xac, 0x00, 0x00, 0x00, 0x0b, 0x07, 0x23, 0x0a, 0x01, 0x00, 0x00, 0x00, 0x2d,
            0x00, 0x00, 0x00, 0x09, 0x00, 0x00, 0x00, 0x07, 0x00, 0x00, 0x00, 0x00, 0x00, 0x00,
            0x00, 0x00, 0x04, 0x00, 0x11, 0x00, 0x00, 0x00, 0x00, 0x00, 0x01, 0x01, 0x00, 0x00,
            0x00, 0x00, 0x00, 0x00, 0x00, 0x00, 0x00, 0x00, 0x00, 0x00, 0x00, 0x00, 0x00, 0x00,
            0x00, 0x00, 0x04,
        ],
    },
    EncodedCase {
        name: "arithmetic-refined-bms",
        data: &[
            0x00, 0x00, 0x00, 0x01, 0x30, 0x01, 0x01, 0x00, 0x00, 0x00, 0x13, 0x00, 0x00, 0x00,
            0x09, 0x00, 0x00, 0x00, 0x07, 0x00, 0x00, 0x00, 0x00, 0x00, 0x00, 0x00, 0x00, 0x63,
            0x00, 0x00, 0x00, 0x00, 0x00, 0x02, 0x00, 0x01, 0x01, 0x00, 0x00, 0x00, 0x1f, 0x00,
            0x00, 0x03, 0xff, 0xfd, 0xff, 0x02, 0xfe, 0xfe, 0xfe, 0x00, 0x00, 0x00, 0x01, 0x00,
            0x00, 0x00, 0x01, 0x4d, 0x27, 0x60, 0x73, 0x0c, 0x78, 0x86, 0xd0, 0x9e, 0x61, 0xaa,
            0xff, 0xac, 0x00, 0x00, 0x00, 0x03, 0x35, 0x01, 0x01, 0x00, 0x00, 0x00, 0x0a, 0x00,
            0x00, 0x00, 0x00, 0x00, 0x00, 0x00, 0x00, 0x01, 0x80, 0x00, 0x00, 0x00, 0x0a, 0x00,
            0x47, 0x02, 0x03, 0x01, 0x00, 0x00, 0x00, 0x24, 0x00, 0x42, 0x03, 0xff, 0xfd, 0xff,
            0x02, 0xfe, 0xfe, 0xfe, 0xff, 0xff, 0xff, 0xff, 0x00, 0x00, 0x00, 0x01, 0x00, 0x00,
            0x00, 0x01, 0x4d, 0x29, 0xaf, 0x95, 0xc3, 0x00, 0x4a, 0xdb, 0x92, 0x30, 0x5e, 0x1b,
            0xff, 0xac, 0x00, 0x00, 0x00, 0x0b, 0x07, 0x23, 0x0a, 0x01, 0x00, 0x00, 0x00, 0x2d,
            0x00, 0x00, 0x00, 0x09, 0x00, 0x00, 0x00, 0x07, 0x00, 0x00, 0x00, 0x00, 0x00, 0x00,
            0x00, 0x00, 0x04, 0x00, 0x11, 0x00, 0x00, 0x00, 0x00, 0x00, 0x01, 0x01, 0x00, 0x00,
            0x00, 0x00, 0x00, 0x00, 0x00, 0x00, 0x00, 0x00, 0x00, 0x00, 0x00, 0x00, 0x00, 0x00,
            0x00, 0x00, 0x04,
        ],
    },
    EncodedCase {
        name: "arithmetic-refined-agg",
        data: &[
            0x00, 0x00, 0x00, 0x01, 0x30, 0x01, 0x01, 0x00, 0x00, 0x00, 0x13, 0x00, 0x00, 0x00,
            0x09, 0x00, 0x00, 0x00, 0x07, 0x00, 0x00, 0x00, 0x00, 0x00, 0x00, 0x00, 0x00, 0x63,
            0x00, 0x00, 0x00, 0x00, 0x00, 0x02, 0x00, 0x01, 0x01, 0x00, 0x00, 0x00, 0x1f, 0x00,
            0x00, 0x03, 0xff, 0xfd, 0xff, 0x02, 0xfe, 0xfe, 0xfe, 0x00, 0x00, 0x00, 0x01, 0x00,
            0x00, 0x00, 0x01, 0x4d, 0x27, 0x60, 0x73, 0x0c, 0x78, 0x86, 0xd0, 0x9e, 0x61, 0xaa,
            0xff, 0xac, 0x00, 0x00, 0x00, 0x03, 0x35, 0x01, 0x01, 0x00, 0x00, 0x00, 0x0a, 0x00,
            0x00, 0x00, 0x00, 0x01, 0x00, 0x00, 0x00, 0x02, 0x80, 0x00, 0x00, 0x00, 0x0a, 0x00,
            0x47, 0x02, 0x03, 0x01, 0x00, 0x00, 0x00, 0x24, 0x00, 0x82, 0x03, 0xff, 0xfd, 0xff,
            0x02, 0xfe, 0xfe, 0xfe, 0xff, 0xff, 0xff, 0xff, 0x00, 0x00, 0x00, 0x01, 0x00, 0x00,
            0x00, 0x01, 0x4d, 0x29, 0xaf, 0x95, 0xc3, 0x00, 0x4a, 0xdb, 0x92, 0x30, 0x5e, 0x1b,
            0xff, 0xac, 0x00, 0x00, 0x00, 0x0b, 0x07, 0x23, 0x0a, 0x01, 0x00, 0x00, 0x00, 0x2d,
            0x00, 0x00, 0x00, 0x09, 0x00, 0x00, 0x00, 0x07, 0x00, 0x00, 0x00, 0x00, 0x00, 0x00,
            0x00, 0x00, 0x04, 0x00, 0x11, 0x00, 0x00, 0x00, 0x00, 0x00, 0x01, 0x01, 0x00, 0x00,
            0x00, 0x00, 0x00, 0x00, 0x00, 0x00, 0x00, 0x00, 0x00, 0x00, 0x00, 0x00, 0x00, 0x00,
            0x00, 0x00, 0x04,
        ],
    },
    EncodedCase {
        name: "arithmetic-refined-selection-2-dh",
        data: &[
            0x00, 0x00, 0x00, 0x01, 0x30, 0x01, 0x01, 0x00, 0x00, 0x00, 0x13, 0x00, 0x00, 0x00,
            0x09, 0x00, 0x00, 0x00, 0x07, 0x00, 0x00, 0x00, 0x00, 0x00, 0x00, 0x00, 0x00, 0x63,
            0x00, 0x00, 0x00, 0x00, 0x00, 0x02, 0x00, 0x01, 0x01, 0x00, 0x00, 0x00, 0x1f, 0x00,
            0x00, 0x03, 0xff, 0xfd, 0xff, 0x02, 0xfe, 0xfe, 0xfe, 0x00, 0x00, 0x00, 0x01, 0x00,
            0x00, 0x00, 0x01, 0x4d, 0x27, 0x60, 0x73, 0x0c, 0x78, 0x86, 0xd0, 0x9e, 0x61, 0xaa,
            0xff, 0xac, 0x00, 0x00, 0x00, 0x0a, 0x00, 0x23, 0x02, 0x01, 0x00, 0x00, 0x00, 0x24,
            0x00, 0x0a, 0x03, 0xff, 0xfd, 0xff, 0x02, 0xfe, 0xfe, 0xfe, 0xff, 0xff, 0xff, 0xff,
            0x00, 0x00, 0x00, 0x01, 0x00, 0x00, 0x00, 0x01, 0x4d, 0x29, 0xaf, 0x95, 0xc3, 0x00,
            0x4a, 0xdb, 0x92, 0x30, 0x5e, 0x1b, 0xff, 0xac, 0x00, 0x00, 0x00, 0x0b, 0x07, 0x23,
            0x0a, 0x01, 0x00, 0x00, 0x00, 0x2d, 0x00, 0x00, 0x00, 0x09, 0x00, 0x00, 0x00, 0x07,
            0x00, 0x00, 0x00, 0x00, 0x00, 0x00, 0x00, 0x00, 0x04, 0x00, 0x11, 0x00, 0x00, 0x00,
            0x00, 0x00, 0x01, 0x01, 0x00, 0x00, 0x00, 0x00, 0x00, 0x00, 0x00, 0x00, 0x00, 0x00,
            0x00, 0x00, 0x00, 0x00, 0x00, 0x00, 0x00, 0x00, 0x04,
        ],
    },
    EncodedCase {
        name: "arithmetic-refined-selection-2-dw",
        data: &[
            0x00, 0x00, 0x00, 0x01, 0x30, 0x01, 0x01, 0x00, 0x00, 0x00, 0x13, 0x00, 0x00, 0x00,
            0x09, 0x00, 0x00, 0x00, 0x07, 0x00, 0x00, 0x00, 0x00, 0x00, 0x00, 0x00, 0x00, 0x63,
            0x00, 0x00, 0x00, 0x00, 0x00, 0x02, 0x00, 0x01, 0x01, 0x00, 0x00, 0x00, 0x1f, 0x00,
            0x00, 0x03, 0xff, 0xfd, 0xff, 0x02, 0xfe, 0xfe, 0xfe, 0x00, 0x00, 0x00, 0x01, 0x00,
            0x00, 0x00, 0x01, 0x4d, 0x27, 0x60, 0x73, 0x0c, 0x78, 0x86, 0xd0, 0x9e, 0x61, 0xaa,
            0xff, 0xac, 0x00, 0x00, 0x00, 0x0a, 0x00, 0x23, 0x02, 0x01, 0x00, 0x00, 0x00, 0x24,
            0x00, 0x22, 0x03, 0xff, 0xfd, 0xff, 0x02, 0xfe, 0xfe, 0xfe, 0xff, 0xff, 0xff, 0xff,
            0x00, 0x00, 0x00, 0x01, 0x00, 0x00, 0x00, 0x01, 0x4d, 0x29, 0xaf, 0x95, 0xc3, 0x00,
            0x4a, 0xdb, 0x92, 0x30, 0x5e, 0x1b, 0xff, 0xac, 0x00, 0x00, 0x00, 0x0b, 0x07, 0x23,
            0x0a, 0x01, 0x00, 0x00, 0x00, 0x2d, 0x00, 0x00, 0x00, 0x09, 0x00, 0x00, 0x00, 0x07,
            0x00, 0x00, 0x00, 0x00, 0x00, 0x00, 0x00, 0x00, 0x04, 0x00, 0x11, 0x00, 0x00, 0x00,
            0x00, 0x00, 0x01, 0x01, 0x00, 0x00, 0x00, 0x00, 0x00, 0x00, 0x00, 0x00, 0x00, 0x00,
            0x00, 0x00, 0x00, 0x00, 0x00, 0x00, 0x00, 0x00, 0x04,
        ],
    },
    EncodedCase {
        name: "arithmetic-reserved-13",
        data: &[
            0x00, 0x00, 0x00, 0x01, 0x30, 0x01, 0x01, 0x00, 0x00, 0x00, 0x13, 0x00, 0x00, 0x00,
            0x09, 0x00, 0x00, 0x00, 0x07, 0x00, 0x00, 0x00, 0x00, 0x00, 0x00, 0x00, 0x00, 0x63,
            0x00, 0x00, 0x00, 0x00, 0x00, 0x0a, 0x00, 0x01, 0x01, 0x00, 0x00, 0x00, 0x1f, 0x20,
            0x00, 0x03, 0xff, 0xfd, 0xff, 0x02, 0xfe, 0xfe, 0xfe, 0x00, 0x00, 0x00, 0x01, 0x00,
            0x00, 0x00, 0x01, 0x4d, 0x26, 0xdc, 0x67, 0xf9, 0x5b, 0x72, 0x74, 0x3f, 0x91, 0x47,
            0xff, 0xac, 0x00, 0x00, 0x00, 0x0b, 0x07, 0x23, 0x0a, 0x01, 0x00, 0x00, 0x00, 0x2d,
            0x00, 0x00, 0x00, 0x09, 0x00, 0x00, 0x00, 0x07, 0x00, 0x00, 0x00, 0x00, 0x00, 0x00,
            0x00, 0x00, 0x04, 0x00, 0x11, 0x00, 0x00, 0x00, 0x00, 0x00, 0x01, 0x01, 0x00, 0x00,
            0x00, 0x00, 0x00, 0x00, 0x00, 0x00, 0x00, 0x00, 0x00, 0x00, 0x00, 0x00, 0x00, 0x00,
            0x00, 0x00, 0x04,
        ],
    },
    EncodedCase {
        name: "arithmetic-reserved-14",
        data: &[
            0x00, 0x00, 0x00, 0x01, 0x30, 0x01, 0x01, 0x00, 0x00, 0x00, 0x13, 0x00, 0x00, 0x00,
            0x09, 0x00, 0x00, 0x00, 0x07, 0x00, 0x00, 0x00, 0x00, 0x00, 0x00, 0x00, 0x00, 0x63,
            0x00, 0x00, 0x00, 0x00, 0x00, 0x0a, 0x00, 0x01, 0x01, 0x00, 0x00, 0x00, 0x1f, 0x40,
            0x00, 0x03, 0xff, 0xfd, 0xff, 0x02, 0xfe, 0xfe, 0xfe, 0x00, 0x00, 0x00, 0x01, 0x00,
            0x00, 0x00, 0x01, 0x4d, 0x26, 0xdc, 0x67, 0xf9, 0x5b, 0x72, 0x74, 0x3f, 0x91, 0x47,
            0xff, 0xac, 0x00, 0x00, 0x00, 0x0b, 0x07, 0x23, 0x0a, 0x01, 0x00, 0x00, 0x00, 0x2d,
            0x00, 0x00, 0x00, 0x09, 0x00, 0x00, 0x00, 0x07, 0x00, 0x00, 0x00, 0x00, 0x00, 0x00,
            0x00, 0x00, 0x04, 0x00, 0x11, 0x00, 0x00, 0x00, 0x00, 0x00, 0x01, 0x01, 0x00, 0x00,
            0x00, 0x00, 0x00, 0x00, 0x00, 0x00, 0x00, 0x00, 0x00, 0x00, 0x00, 0x00, 0x00, 0x00,
            0x00, 0x00, 0x04,
        ],
    },
    EncodedCase {
        name: "arithmetic-reserved-15",
        data: &[
            0x00, 0x00, 0x00, 0x01, 0x30, 0x01, 0x01, 0x00, 0x00, 0x00, 0x13, 0x00, 0x00, 0x00,
            0x09, 0x00, 0x00, 0x00, 0x07, 0x00, 0x00, 0x00, 0x00, 0x00, 0x00, 0x00, 0x00, 0x63,
            0x00, 0x00, 0x00, 0x00, 0x00, 0x0a, 0x00, 0x01, 0x01, 0x00, 0x00, 0x00, 0x1f, 0x80,
            0x00, 0x03, 0xff, 0xfd, 0xff, 0x02, 0xfe, 0xfe, 0xfe, 0x00, 0x00, 0x00, 0x01, 0x00,
            0x00, 0x00, 0x01, 0x4d, 0x26, 0xdc, 0x67, 0xf9, 0x5b, 0x72, 0x74, 0x3f, 0x91, 0x47,
            0xff, 0xac, 0x00, 0x00, 0x00, 0x0b, 0x07, 0x23, 0x0a, 0x01, 0x00, 0x00, 0x00, 0x2d,
            0x00, 0x00, 0x00, 0x09, 0x00, 0x00, 0x00, 0x07, 0x00, 0x00, 0x00, 0x00, 0x00, 0x00,
            0x00, 0x00, 0x04, 0x00, 0x11, 0x00, 0x00, 0x00, 0x00, 0x00, 0x01, 0x01, 0x00, 0x00,
            0x00, 0x00, 0x00, 0x00, 0x00, 0x00, 0x00, 0x00, 0x00, 0x00, 0x00, 0x00, 0x00, 0x00,
            0x00, 0x00, 0x04,
        ],
    },
    EncodedCase {
        name: "collective-reserved-13",
        data: &[
            0x00, 0x00, 0x00, 0x01, 0x30, 0x01, 0x01, 0x00, 0x00, 0x00, 0x13, 0x00, 0x00, 0x00,
            0x09, 0x00, 0x00, 0x00, 0x07, 0x00, 0x00, 0x00, 0x00, 0x00, 0x00, 0x00, 0x00, 0x63,
            0x00, 0x00, 0x00, 0x00, 0x00, 0x0a, 0x00, 0x01, 0x01, 0x00, 0x00, 0x00, 0x1e, 0x20,
            0x01, 0x00, 0x00, 0x00, 0x01, 0x00, 0x00, 0x00, 0x01, 0xe7, 0xdb, 0xf0, 0x00, 0x95,
            0x00, 0x4a, 0x80, 0x4c, 0x80, 0xc3, 0x80, 0x00, 0x00, 0x1c, 0x00, 0x93, 0x00, 0x00,
            0x40, 0x00, 0x00, 0x00, 0x0b, 0x07, 0x23, 0x0a, 0x01, 0x00, 0x00, 0x00, 0x2d, 0x00,
            0x00, 0x00, 0x09, 0x00, 0x00, 0x00, 0x07, 0x00, 0x00, 0x00, 0x00, 0x00, 0x00, 0x00,
            0x00, 0x04, 0x00, 0x11, 0x00, 0x00, 0x00, 0x00, 0x00, 0x01, 0x01, 0x00, 0x00, 0x00,
            0x00, 0x00, 0x00, 0x00, 0x00, 0x00, 0x00, 0x00, 0x00, 0x00, 0x00, 0x00, 0x00, 0x00,
            0x00, 0x04,
        ],
    },
    EncodedCase {
        name: "collective-reserved-14",
        data: &[
            0x00, 0x00, 0x00, 0x01, 0x30, 0x01, 0x01, 0x00, 0x00, 0x00, 0x13, 0x00, 0x00, 0x00,
            0x09, 0x00, 0x00, 0x00, 0x07, 0x00, 0x00, 0x00, 0x00, 0x00, 0x00, 0x00, 0x00, 0x63,
            0x00, 0x00, 0x00, 0x00, 0x00, 0x0a, 0x00, 0x01, 0x01, 0x00, 0x00, 0x00, 0x1e, 0x40,
            0x01, 0x00, 0x00, 0x00, 0x01, 0x00, 0x00, 0x00, 0x01, 0xe7, 0xdb, 0xf0, 0x00, 0x95,
            0x00, 0x4a, 0x80, 0x4c, 0x80, 0xc3, 0x80, 0x00, 0x00, 0x1c, 0x00, 0x93, 0x00, 0x00,
            0x40, 0x00, 0x00, 0x00, 0x0b, 0x07, 0x23, 0x0a, 0x01, 0x00, 0x00, 0x00, 0x2d, 0x00,
            0x00, 0x00, 0x09, 0x00, 0x00, 0x00, 0x07, 0x00, 0x00, 0x00, 0x00, 0x00, 0x00, 0x00,
            0x00, 0x04, 0x00, 0x11, 0x00, 0x00, 0x00, 0x00, 0x00, 0x01, 0x01, 0x00, 0x00, 0x00,
            0x00, 0x00, 0x00, 0x00, 0x00, 0x00, 0x00, 0x00, 0x00, 0x00, 0x00, 0x00, 0x00, 0x00,
            0x00, 0x04,
        ],
    },
    EncodedCase {
        name: "collective-reserved-15",
        data: &[
            0x00, 0x00, 0x00, 0x01, 0x30, 0x01, 0x01, 0x00, 0x00, 0x00, 0x13, 0x00, 0x00, 0x00,
            0x09, 0x00, 0x00, 0x00, 0x07, 0x00, 0x00, 0x00, 0x00, 0x00, 0x00, 0x00, 0x00, 0x63,
            0x00, 0x00, 0x00, 0x00, 0x00, 0x0a, 0x00, 0x01, 0x01, 0x00, 0x00, 0x00, 0x1e, 0x80,
            0x01, 0x00, 0x00, 0x00, 0x01, 0x00, 0x00, 0x00, 0x01, 0xe7, 0xdb, 0xf0, 0x00, 0x95,
            0x00, 0x4a, 0x80, 0x4c, 0x80, 0xc3, 0x80, 0x00, 0x00, 0x1c, 0x00, 0x93, 0x00, 0x00,
            0x40, 0x00, 0x00, 0x00, 0x0b, 0x07, 0x23, 0x0a, 0x01, 0x00, 0x00, 0x00, 0x2d, 0x00,
            0x00, 0x00, 0x09, 0x00, 0x00, 0x00, 0x07, 0x00, 0x00, 0x00, 0x00, 0x00, 0x00, 0x00,
            0x00, 0x04, 0x00, 0x11, 0x00, 0x00, 0x00, 0x00, 0x00, 0x01, 0x01, 0x00, 0x00, 0x00,
            0x00, 0x00, 0x00, 0x00, 0x00, 0x00, 0x00, 0x00, 0x00, 0x00, 0x00, 0x00, 0x00, 0x00,
            0x00, 0x04,
        ],
    },
    EncodedCase {
        name: "huffman-refined-reserved-13",
        data: &[
            0x00, 0x00, 0x00, 0x01, 0x30, 0x01, 0x01, 0x00, 0x00, 0x00, 0x13, 0x00, 0x00, 0x00,
            0x09, 0x00, 0x00, 0x00, 0x07, 0x00, 0x00, 0x00, 0x00, 0x00, 0x00, 0x00, 0x00, 0x63,
            0x00, 0x00, 0x00, 0x00, 0x00, 0x02, 0x00, 0x01, 0x01, 0x00, 0x00, 0x00, 0x1f, 0x00,
            0x00, 0x03, 0xff, 0xfd, 0xff, 0x02, 0xfe, 0xfe, 0xfe, 0x00, 0x00, 0x00, 0x01, 0x00,
            0x00, 0x00, 0x01, 0x4d, 0x27, 0x60, 0x73, 0x0c, 0x78, 0x86, 0xd0, 0x9e, 0x61, 0xaa,
            0xff, 0xac, 0x00, 0x00, 0x00, 0x0a, 0x00, 0x23, 0x02, 0x01, 0x00, 0x00, 0x00, 0x1e,
            0x20, 0x03, 0xff, 0xff, 0xff, 0xff, 0x00, 0x00, 0x00, 0x01, 0x00, 0x00, 0x00, 0x01,
            0xe7, 0xd8, 0x21, 0x40, 0xc8, 0x0f, 0x81, 0x2b, 0x6e, 0x48, 0xc1, 0x7f, 0xff, 0xac,
            0xfc, 0x21, 0x00, 0x00, 0x00, 0x0b, 0x07, 0x23, 0x0a, 0x01, 0x00, 0x00, 0x00, 0x2d,
            0x00, 0x00, 0x00, 0x09, 0x00, 0x00, 0x00, 0x07, 0x00, 0x00, 0x00, 0x00, 0x00, 0x00,
            0x00, 0x00, 0x04, 0x00, 0x11, 0x00, 0x00, 0x00, 0x00, 0x00, 0x01, 0x01, 0x00, 0x00,
            0x00, 0x00, 0x00, 0x00, 0x00, 0x00, 0x00, 0x00, 0x00, 0x00, 0x00, 0x00, 0x00, 0x00,
            0x00, 0x00, 0x04,
        ],
    },
    EncodedCase {
        name: "huffman-refined-reserved-14",
        data: &[
            0x00, 0x00, 0x00, 0x01, 0x30, 0x01, 0x01, 0x00, 0x00, 0x00, 0x13, 0x00, 0x00, 0x00,
            0x09, 0x00, 0x00, 0x00, 0x07, 0x00, 0x00, 0x00, 0x00, 0x00, 0x00, 0x00, 0x00, 0x63,
            0x00, 0x00, 0x00, 0x00, 0x00, 0x02, 0x00, 0x01, 0x01, 0x00, 0x00, 0x00, 0x1f, 0x00,
            0x00, 0x03, 0xff, 0xfd, 0xff, 0x02, 0xfe, 0xfe, 0xfe, 0x00, 0x00, 0x00, 0x01, 0x00,
            0x00, 0x00, 0x01, 0x4d, 0x27, 0x60, 0x73, 0x0c, 0x78, 0x86, 0xd0, 0x9e, 0x61, 0xaa,
            0xff, 0xac, 0x00, 0x00, 0x00, 0x0a, 0x00, 0x23, 0x02, 0x01, 0x00, 0x00, 0x00, 0x1e,
            0x40, 0x03, 0xff, 0xff, 0xff, 0xff, 0x00, 0x00, 0x00, 0x01, 0x00, 0x00, 0x00, 0x01,
            0xe7, 0xd8, 0x21, 0x40, 0xc8, 0x0f, 0x81, 0x2b, 0x6e, 0x48, 0xc1, 0x7f, 0xff, 0xac,
            0xfc, 0x21, 0x00, 0x00, 0x00, 0x0b, 0x07, 0x23, 0x0a, 0x01, 0x00, 0x00, 0x00, 0x2d,
            0x00, 0x00, 0x00, 0x09, 0x00, 0x00, 0x00, 0x07, 0x00, 0x00, 0x00, 0x00, 0x00, 0x00,
            0x00, 0x00, 0x04, 0x00, 0x11, 0x00, 0x00, 0x00, 0x00, 0x00, 0x01, 0x01, 0x00, 0x00,
            0x00, 0x00, 0x00, 0x00, 0x00, 0x00, 0x00, 0x00, 0x00, 0x00, 0x00, 0x00, 0x00, 0x00,
            0x00, 0x00, 0x04,
        ],
    },
    EncodedCase {
        name: "huffman-refined-reserved-15",
        data: &[
            0x00, 0x00, 0x00, 0x01, 0x30, 0x01, 0x01, 0x00, 0x00, 0x00, 0x13, 0x00, 0x00, 0x00,
            0x09, 0x00, 0x00, 0x00, 0x07, 0x00, 0x00, 0x00, 0x00, 0x00, 0x00, 0x00, 0x00, 0x63,
            0x00, 0x00, 0x00, 0x00, 0x00, 0x02, 0x00, 0x01, 0x01, 0x00, 0x00, 0x00, 0x1f, 0x00,
            0x00, 0x03, 0xff, 0xfd, 0xff, 0x02, 0xfe, 0xfe, 0xfe, 0x00, 0x00, 0x00, 0x01, 0x00,
            0x00, 0x00, 0x01, 0x4d, 0x27, 0x60, 0x73, 0x0c, 0x78, 0x86, 0xd0, 0x9e, 0x61, 0xaa,
            0xff, 0xac, 0x00, 0x00, 0x00, 0x0a, 0x00, 0x23, 0x02, 0x01, 0x00, 0x00, 0x00, 0x1e,
            0x80, 0x03, 0xff, 0xff, 0xff, 0xff, 0x00, 0x00, 0x00, 0x01, 0x00, 0x00, 0x00, 0x01,
            0xe7, 0xd8, 0x21, 0x40, 0xc8, 0x0f, 0x81, 0x2b, 0x6e, 0x48, 0xc1, 0x7f, 0xff, 0xac,
            0xfc, 0x21, 0x00, 0x00, 0x00, 0x0b, 0x07, 0x23, 0x0a, 0x01, 0x00, 0x00, 0x00, 0x2d,
            0x00, 0x00, 0x00, 0x09, 0x00, 0x00, 0x00, 0x07, 0x00, 0x00, 0x00, 0x00, 0x00, 0x00,
            0x00, 0x00, 0x04, 0x00, 0x11, 0x00, 0x00, 0x00, 0x00, 0x00, 0x01, 0x01, 0x00, 0x00,
            0x00, 0x00, 0x00, 0x00, 0x00, 0x00, 0x00, 0x00, 0x00, 0x00, 0x00, 0x00, 0x00, 0x00,
            0x00, 0x00, 0x04,
        ],
    },
    EncodedCase {
        name: "collective-selection-2-dh",
        data: &[
            0x00, 0x00, 0x00, 0x01, 0x30, 0x01, 0x01, 0x00, 0x00, 0x00, 0x13, 0x00, 0x00, 0x00,
            0x09, 0x00, 0x00, 0x00, 0x07, 0x00, 0x00, 0x00, 0x00, 0x00, 0x00, 0x00, 0x00, 0x63,
            0x00, 0x00, 0x00, 0x00, 0x00, 0x0a, 0x00, 0x01, 0x01, 0x00, 0x00, 0x00, 0x1e, 0x00,
            0x09, 0x00, 0x00, 0x00, 0x01, 0x00, 0x00, 0x00, 0x01, 0xe7, 0xdb, 0xf0, 0x00, 0x95,
            0x00, 0x4a, 0x80, 0x4c, 0x80, 0xc3, 0x80, 0x00, 0x00, 0x1c, 0x00, 0x93, 0x00, 0x00,
            0x40, 0x00, 0x00, 0x00, 0x0b, 0x07, 0x23, 0x0a, 0x01, 0x00, 0x00, 0x00, 0x2d, 0x00,
            0x00, 0x00, 0x09, 0x00, 0x00, 0x00, 0x07, 0x00, 0x00, 0x00, 0x00, 0x00, 0x00, 0x00,
            0x00, 0x04, 0x00, 0x11, 0x00, 0x00, 0x00, 0x00, 0x00, 0x01, 0x01, 0x00, 0x00, 0x00,
            0x00, 0x00, 0x00, 0x00, 0x00, 0x00, 0x00, 0x00, 0x00, 0x00, 0x00, 0x00, 0x00, 0x00,
            0x00, 0x04,
        ],
    },
    EncodedCase {
        name: "collective-selection-2-dw",
        data: &[
            0x00, 0x00, 0x00, 0x01, 0x30, 0x01, 0x01, 0x00, 0x00, 0x00, 0x13, 0x00, 0x00, 0x00,
            0x09, 0x00, 0x00, 0x00, 0x07, 0x00, 0x00, 0x00, 0x00, 0x00, 0x00, 0x00, 0x00, 0x63,
            0x00, 0x00, 0x00, 0x00, 0x00, 0x0a, 0x00, 0x01, 0x01, 0x00, 0x00, 0x00, 0x1e, 0x00,
            0x21, 0x00, 0x00, 0x00, 0x01, 0x00, 0x00, 0x00, 0x01, 0xe7, 0xdb, 0xf0, 0x00, 0x95,
            0x00, 0x4a, 0x80, 0x4c, 0x80, 0xc3, 0x80, 0x00, 0x00, 0x1c, 0x00, 0x93, 0x00, 0x00,
            0x40, 0x00, 0x00, 0x00, 0x0b, 0x07, 0x23, 0x0a, 0x01, 0x00, 0x00, 0x00, 0x2d, 0x00,
            0x00, 0x00, 0x09, 0x00, 0x00, 0x00, 0x07, 0x00, 0x00, 0x00, 0x00, 0x00, 0x00, 0x00,
            0x00, 0x04, 0x00, 0x11, 0x00, 0x00, 0x00, 0x00, 0x00, 0x01, 0x01, 0x00, 0x00, 0x00,
            0x00, 0x00, 0x00, 0x00, 0x00, 0x00, 0x00, 0x00, 0x00, 0x00, 0x00, 0x00, 0x00, 0x00,
            0x00, 0x04,
        ],
    },
    EncodedCase {
        name: "collective-generic-template-1",
        data: &[
            0x00, 0x00, 0x00, 0x01, 0x30, 0x01, 0x01, 0x00, 0x00, 0x00, 0x13, 0x00, 0x00, 0x00,
            0x09, 0x00, 0x00, 0x00, 0x07, 0x00, 0x00, 0x00, 0x00, 0x00, 0x00, 0x00, 0x00, 0x63,
            0x00, 0x00, 0x00, 0x00, 0x00, 0x0a, 0x00, 0x01, 0x01, 0x00, 0x00, 0x00, 0x1e, 0x04,
            0x01, 0x00, 0x00, 0x00, 0x01, 0x00, 0x00, 0x00, 0x01, 0xe7, 0xdb, 0xf0, 0x00, 0x95,
            0x00, 0x4a, 0x80, 0x4c, 0x80, 0xc3, 0x80, 0x00, 0x00, 0x1c, 0x00, 0x93, 0x00, 0x00,
            0x40, 0x00, 0x00, 0x00, 0x0b, 0x07, 0x23, 0x0a, 0x01, 0x00, 0x00, 0x00, 0x2d, 0x00,
            0x00, 0x00, 0x09, 0x00, 0x00, 0x00, 0x07, 0x00, 0x00, 0x00, 0x00, 0x00, 0x00, 0x00,
            0x00, 0x04, 0x00, 0x11, 0x00, 0x00, 0x00, 0x00, 0x00, 0x01, 0x01, 0x00, 0x00, 0x00,
            0x00, 0x00, 0x00, 0x00, 0x00, 0x00, 0x00, 0x00, 0x00, 0x00, 0x00, 0x00, 0x00, 0x00,
            0x00, 0x04,
        ],
    },
    EncodedCase {
        name: "collective-generic-template-2",
        data: &[
            0x00, 0x00, 0x00, 0x01, 0x30, 0x01, 0x01, 0x00, 0x00, 0x00, 0x13, 0x00, 0x00, 0x00,
            0x09, 0x00, 0x00, 0x00, 0x07, 0x00, 0x00, 0x00, 0x00, 0x00, 0x00, 0x00, 0x00, 0x63,
            0x00, 0x00, 0x00, 0x00, 0x00, 0x0a, 0x00, 0x01, 0x01, 0x00, 0x00, 0x00, 0x1e, 0x08,
            0x01, 0x00, 0x00, 0x00, 0x01, 0x00, 0x00, 0x00, 0x01, 0xe7, 0xdb, 0xf0, 0x00, 0x95,
            0x00, 0x4a, 0x80, 0x4c, 0x80, 0xc3, 0x80, 0x00, 0x00, 0x1c, 0x00, 0x93, 0x00, 0x00,
            0x40, 0x00, 0x00, 0x00, 0x0b, 0x07, 0x23, 0x0a, 0x01, 0x00, 0x00, 0x00, 0x2d, 0x00,
            0x00, 0x00, 0x09, 0x00, 0x00, 0x00, 0x07, 0x00, 0x00, 0x00, 0x00, 0x00, 0x00, 0x00,
            0x00, 0x04, 0x00, 0x11, 0x00, 0x00, 0x00, 0x00, 0x00, 0x01, 0x01, 0x00, 0x00, 0x00,
            0x00, 0x00, 0x00, 0x00, 0x00, 0x00, 0x00, 0x00, 0x00, 0x00, 0x00, 0x00, 0x00, 0x00,
            0x00, 0x04,
        ],
    },
    EncodedCase {
        name: "collective-generic-template-3",
        data: &[
            0x00, 0x00, 0x00, 0x01, 0x30, 0x01, 0x01, 0x00, 0x00, 0x00, 0x13, 0x00, 0x00, 0x00,
            0x09, 0x00, 0x00, 0x00, 0x07, 0x00, 0x00, 0x00, 0x00, 0x00, 0x00, 0x00, 0x00, 0x63,
            0x00, 0x00, 0x00, 0x00, 0x00, 0x0a, 0x00, 0x01, 0x01, 0x00, 0x00, 0x00, 0x1e, 0x0c,
            0x01, 0x00, 0x00, 0x00, 0x01, 0x00, 0x00, 0x00, 0x01, 0xe7, 0xdb, 0xf0, 0x00, 0x95,
            0x00, 0x4a, 0x80, 0x4c, 0x80, 0xc3, 0x80, 0x00, 0x00, 0x1c, 0x00, 0x93, 0x00, 0x00,
            0x40, 0x00, 0x00, 0x00, 0x0b, 0x07, 0x23, 0x0a, 0x01, 0x00, 0x00, 0x00, 0x2d, 0x00,
            0x00, 0x00, 0x09, 0x00, 0x00, 0x00, 0x07, 0x00, 0x00, 0x00, 0x00, 0x00, 0x00, 0x00,
            0x00, 0x04, 0x00, 0x11, 0x00, 0x00, 0x00, 0x00, 0x00, 0x01, 0x01, 0x00, 0x00, 0x00,
            0x00, 0x00, 0x00, 0x00, 0x00, 0x00, 0x00, 0x00, 0x00, 0x00, 0x00, 0x00, 0x00, 0x00,
            0x00, 0x04,
        ],
    },
    EncodedCase {
        name: "huffman-refined-selection-2-dh",
        data: &[
            0x00, 0x00, 0x00, 0x01, 0x30, 0x01, 0x01, 0x00, 0x00, 0x00, 0x13, 0x00, 0x00, 0x00,
            0x09, 0x00, 0x00, 0x00, 0x07, 0x00, 0x00, 0x00, 0x00, 0x00, 0x00, 0x00, 0x00, 0x63,
            0x00, 0x00, 0x00, 0x00, 0x00, 0x02, 0x00, 0x01, 0x01, 0x00, 0x00, 0x00, 0x1f, 0x00,
            0x00, 0x03, 0xff, 0xfd, 0xff, 0x02, 0xfe, 0xfe, 0xfe, 0x00, 0x00, 0x00, 0x01, 0x00,
            0x00, 0x00, 0x01, 0x4d, 0x27, 0x60, 0x73, 0x0c, 0x78, 0x86, 0xd0, 0x9e, 0x61, 0xaa,
            0xff, 0xac, 0x00, 0x00, 0x00, 0x0a, 0x00, 0x23, 0x02, 0x01, 0x00, 0x00, 0x00, 0x1e,
            0x00, 0x0b, 0xff, 0xff, 0xff, 0xff, 0x00, 0x00, 0x00, 0x01, 0x00, 0x00, 0x00, 0x01,
            0xe7, 0xd8, 0x21, 0x40, 0xc8, 0x0f, 0x81, 0x2b, 0x6e, 0x48, 0xc1, 0x7f, 0xff, 0xac,
            0xfc, 0x21, 0x00, 0x00, 0x00, 0x0b, 0x07, 0x23, 0x0a, 0x01, 0x00, 0x00, 0x00, 0x2d,
            0x00, 0x00, 0x00, 0x09, 0x00, 0x00, 0x00, 0x07, 0x00, 0x00, 0x00, 0x00, 0x00, 0x00,
            0x00, 0x00, 0x04, 0x00, 0x11, 0x00, 0x00, 0x00, 0x00, 0x00, 0x01, 0x01, 0x00, 0x00,
            0x00, 0x00, 0x00, 0x00, 0x00, 0x00, 0x00, 0x00, 0x00, 0x00, 0x00, 0x00, 0x00, 0x00,
            0x00, 0x00, 0x04,
        ],
    },
    EncodedCase {
        name: "huffman-refined-selection-2-dw",
        data: &[
            0x00, 0x00, 0x00, 0x01, 0x30, 0x01, 0x01, 0x00, 0x00, 0x00, 0x13, 0x00, 0x00, 0x00,
            0x09, 0x00, 0x00, 0x00, 0x07, 0x00, 0x00, 0x00, 0x00, 0x00, 0x00, 0x00, 0x00, 0x63,
            0x00, 0x00, 0x00, 0x00, 0x00, 0x02, 0x00, 0x01, 0x01, 0x00, 0x00, 0x00, 0x1f, 0x00,
            0x00, 0x03, 0xff, 0xfd, 0xff, 0x02, 0xfe, 0xfe, 0xfe, 0x00, 0x00, 0x00, 0x01, 0x00,
            0x00, 0x00, 0x01, 0x4d, 0x27, 0x60, 0x73, 0x0c, 0x78, 0x86, 0xd0, 0x9e, 0x61, 0xaa,
            0xff, 0xac, 0x00, 0x00, 0x00, 0x0a, 0x00, 0x23, 0x02, 0x01, 0x00, 0x00, 0x00, 0x1e,
            0x00, 0x23, 0xff, 0xff, 0xff, 0xff, 0x00, 0x00, 0x00, 0x01, 0x00, 0x00, 0x00, 0x01,
            0xe7, 0xd8, 0x21, 0x40, 0xc8, 0x0f, 0x81, 0x2b, 0x6e, 0x48, 0xc1, 0x7f, 0xff, 0xac,
            0xfc, 0x21, 0x00, 0x00, 0x00, 0x0b, 0x07, 0x23, 0x0a, 0x01, 0x00, 0x00, 0x00, 0x2d,
            0x00, 0x00, 0x00, 0x09, 0x00, 0x00, 0x00, 0x07, 0x00, 0x00, 0x00, 0x00, 0x00, 0x00,
            0x00, 0x00, 0x04, 0x00, 0x11, 0x00, 0x00, 0x00, 0x00, 0x00, 0x01, 0x01, 0x00, 0x00,
            0x00, 0x00, 0x00, 0x00, 0x00, 0x00, 0x00, 0x00, 0x00, 0x00, 0x00, 0x00, 0x00, 0x00,
            0x00, 0x00, 0x04,
        ],
    },
    EncodedCase {
        name: "huffman-refined-generic-template-1",
        data: &[
            0x00, 0x00, 0x00, 0x01, 0x30, 0x01, 0x01, 0x00, 0x00, 0x00, 0x13, 0x00, 0x00, 0x00,
            0x09, 0x00, 0x00, 0x00, 0x07, 0x00, 0x00, 0x00, 0x00, 0x00, 0x00, 0x00, 0x00, 0x63,
            0x00, 0x00, 0x00, 0x00, 0x00, 0x02, 0x00, 0x01, 0x01, 0x00, 0x00, 0x00, 0x1f, 0x00,
            0x00, 0x03, 0xff, 0xfd, 0xff, 0x02, 0xfe, 0xfe, 0xfe, 0x00, 0x00, 0x00, 0x01, 0x00,
            0x00, 0x00, 0x01, 0x4d, 0x27, 0x60, 0x73, 0x0c, 0x78, 0x86, 0xd0, 0x9e, 0x61, 0xaa,
            0xff, 0xac, 0x00, 0x00, 0x00, 0x0a, 0x00, 0x23, 0x02, 0x01, 0x00, 0x00, 0x00, 0x1e,
            0x04, 0x03, 0xff, 0xff, 0xff, 0xff, 0x00, 0x00, 0x00, 0x01, 0x00, 0x00, 0x00, 0x01,
            0xe7, 0xd8, 0x21, 0x40, 0xc8, 0x0f, 0x81, 0x2b, 0x6e, 0x48, 0xc1, 0x7f, 0xff, 0xac,
            0xfc, 0x21, 0x00, 0x00, 0x00, 0x0b, 0x07, 0x23, 0x0a, 0x01, 0x00, 0x00, 0x00, 0x2d,
            0x00, 0x00, 0x00, 0x09, 0x00, 0x00, 0x00, 0x07, 0x00, 0x00, 0x00, 0x00, 0x00, 0x00,
            0x00, 0x00, 0x04, 0x00, 0x11, 0x00, 0x00, 0x00, 0x00, 0x00, 0x01, 0x01, 0x00, 0x00,
            0x00, 0x00, 0x00, 0x00, 0x00, 0x00, 0x00, 0x00, 0x00, 0x00, 0x00, 0x00, 0x00, 0x00,
            0x00, 0x00, 0x04,
        ],
    },
    EncodedCase {
        name: "huffman-refined-generic-template-2",
        data: &[
            0x00, 0x00, 0x00, 0x01, 0x30, 0x01, 0x01, 0x00, 0x00, 0x00, 0x13, 0x00, 0x00, 0x00,
            0x09, 0x00, 0x00, 0x00, 0x07, 0x00, 0x00, 0x00, 0x00, 0x00, 0x00, 0x00, 0x00, 0x63,
            0x00, 0x00, 0x00, 0x00, 0x00, 0x02, 0x00, 0x01, 0x01, 0x00, 0x00, 0x00, 0x1f, 0x00,
            0x00, 0x03, 0xff, 0xfd, 0xff, 0x02, 0xfe, 0xfe, 0xfe, 0x00, 0x00, 0x00, 0x01, 0x00,
            0x00, 0x00, 0x01, 0x4d, 0x27, 0x60, 0x73, 0x0c, 0x78, 0x86, 0xd0, 0x9e, 0x61, 0xaa,
            0xff, 0xac, 0x00, 0x00, 0x00, 0x0a, 0x00, 0x23, 0x02, 0x01, 0x00, 0x00, 0x00, 0x1e,
            0x08, 0x03, 0xff, 0xff, 0xff, 0xff, 0x00, 0x00, 0x00, 0x01, 0x00, 0x00, 0x00, 0x01,
            0xe7, 0xd8, 0x21, 0x40, 0xc8, 0x0f, 0x81, 0x2b, 0x6e, 0x48, 0xc1, 0x7f, 0xff, 0xac,
            0xfc, 0x21, 0x00, 0x00, 0x00, 0x0b, 0x07, 0x23, 0x0a, 0x01, 0x00, 0x00, 0x00, 0x2d,
            0x00, 0x00, 0x00, 0x09, 0x00, 0x00, 0x00, 0x07, 0x00, 0x00, 0x00, 0x00, 0x00, 0x00,
            0x00, 0x00, 0x04, 0x00, 0x11, 0x00, 0x00, 0x00, 0x00, 0x00, 0x01, 0x01, 0x00, 0x00,
            0x00, 0x00, 0x00, 0x00, 0x00, 0x00, 0x00, 0x00, 0x00, 0x00, 0x00, 0x00, 0x00, 0x00,
            0x00, 0x00, 0x04,
        ],
    },
    EncodedCase {
        name: "huffman-refined-generic-template-3",
        data: &[
            0x00, 0x00, 0x00, 0x01, 0x30, 0x01, 0x01, 0x00, 0x00, 0x00, 0x13, 0x00, 0x00, 0x00,
            0x09, 0x00, 0x00, 0x00, 0x07, 0x00, 0x00, 0x00, 0x00, 0x00, 0x00, 0x00, 0x00, 0x63,
            0x00, 0x00, 0x00, 0x00, 0x00, 0x02, 0x00, 0x01, 0x01, 0x00, 0x00, 0x00, 0x1f, 0x00,
            0x00, 0x03, 0xff, 0xfd, 0xff, 0x02, 0xfe, 0xfe, 0xfe, 0x00, 0x00, 0x00, 0x01, 0x00,
            0x00, 0x00, 0x01, 0x4d, 0x27, 0x60, 0x73, 0x0c, 0x78, 0x86, 0xd0, 0x9e, 0x61, 0xaa,
            0xff, 0xac, 0x00, 0x00, 0x00, 0x0a, 0x00, 0x23, 0x02, 0x01, 0x00, 0x00, 0x00, 0x1e,
            0x0c, 0x03, 0xff, 0xff, 0xff, 0xff, 0x00, 0x00, 0x00, 0x01, 0x00, 0x00, 0x00, 0x01,
            0xe7, 0xd8, 0x21, 0x40, 0xc8, 0x0f, 0x81, 0x2b, 0x6e, 0x48, 0xc1, 0x7f, 0xff, 0xac,
            0xfc, 0x21, 0x00, 0x00, 0x00, 0x0b, 0x07, 0x23, 0x0a, 0x01, 0x00, 0x00, 0x00, 0x2d,
            0x00, 0x00, 0x00, 0x09, 0x00, 0x00, 0x00, 0x07, 0x00, 0x00, 0x00, 0x00, 0x00, 0x00,
            0x00, 0x00, 0x04, 0x00, 0x11, 0x00, 0x00, 0x00, 0x00, 0x00, 0x01, 0x01, 0x00, 0x00,
            0x00, 0x00, 0x00, 0x00, 0x00, 0x00, 0x00, 0x00, 0x00, 0x00, 0x00, 0x00, 0x00, 0x00,
            0x00, 0x00, 0x04,
        ],
    },
    EncodedCase {
        name: "arithmetic-unused-refinement-template",
        data: &[
            0x00, 0x00, 0x00, 0x01, 0x30, 0x01, 0x01, 0x00, 0x00, 0x00, 0x13, 0x00, 0x00, 0x00,
            0x09, 0x00, 0x00, 0x00, 0x07, 0x00, 0x00, 0x00, 0x00, 0x00, 0x00, 0x00, 0x00, 0x63,
            0x00, 0x00, 0x00, 0x00, 0x00, 0x0a, 0x00, 0x01, 0x01, 0x00, 0x00, 0x00, 0x1f, 0x10,
            0x00, 0x03, 0xff, 0xfd, 0xff, 0x02, 0xfe, 0xfe, 0xfe, 0x00, 0x00, 0x00, 0x01, 0x00,
            0x00, 0x00, 0x01, 0x4d, 0x26, 0xdc, 0x67, 0xf9, 0x5b, 0x72, 0x74, 0x3f, 0x91, 0x47,
            0xff, 0xac, 0x00, 0x00, 0x00, 0x0b, 0x07, 0x23, 0x0a, 0x01, 0x00, 0x00, 0x00, 0x2d,
            0x00, 0x00, 0x00, 0x09, 0x00, 0x00, 0x00, 0x07, 0x00, 0x00, 0x00, 0x00, 0x00, 0x00,
            0x00, 0x00, 0x04, 0x00, 0x11, 0x00, 0x00, 0x00, 0x00, 0x00, 0x01, 0x01, 0x00, 0x00,
            0x00, 0x00, 0x00, 0x00, 0x00, 0x00, 0x00, 0x00, 0x00, 0x00, 0x00, 0x00, 0x00, 0x00,
            0x00, 0x00, 0x04,
        ],
    },
    EncodedCase {
        name: "collective-unused-refinement-template",
        data: &[
            0x00, 0x00, 0x00, 0x01, 0x30, 0x01, 0x01, 0x00, 0x00, 0x00, 0x13, 0x00, 0x00, 0x00,
            0x09, 0x00, 0x00, 0x00, 0x07, 0x00, 0x00, 0x00, 0x00, 0x00, 0x00, 0x00, 0x00, 0x63,
            0x00, 0x00, 0x00, 0x00, 0x00, 0x0a, 0x00, 0x01, 0x01, 0x00, 0x00, 0x00, 0x1e, 0x10,
            0x01, 0x00, 0x00, 0x00, 0x01, 0x00, 0x00, 0x00, 0x01, 0xe7, 0xdb, 0xf0, 0x00, 0x95,
            0x00, 0x4a, 0x80, 0x4c, 0x80, 0xc3, 0x80, 0x00, 0x00, 0x1c, 0x00, 0x93, 0x00, 0x00,
            0x40, 0x00, 0x00, 0x00, 0x0b, 0x07, 0x23, 0x0a, 0x01, 0x00, 0x00, 0x00, 0x2d, 0x00,
            0x00, 0x00, 0x09, 0x00, 0x00, 0x00, 0x07, 0x00, 0x00, 0x00, 0x00, 0x00, 0x00, 0x00,
            0x00, 0x04, 0x00, 0x11, 0x00, 0x00, 0x00, 0x00, 0x00, 0x01, 0x01, 0x00, 0x00, 0x00,
            0x00, 0x00, 0x00, 0x00, 0x00, 0x00, 0x00, 0x00, 0x00, 0x00, 0x00, 0x00, 0x00, 0x00,
            0x00, 0x04,
        ],
    },
    EncodedCase {
        name: "collective-aggregation-selector",
        data: &[
            0x00, 0x00, 0x00, 0x01, 0x30, 0x01, 0x01, 0x00, 0x00, 0x00, 0x13, 0x00, 0x00, 0x00,
            0x09, 0x00, 0x00, 0x00, 0x07, 0x00, 0x00, 0x00, 0x00, 0x00, 0x00, 0x00, 0x00, 0x63,
            0x00, 0x00, 0x00, 0x00, 0x00, 0x03, 0x35, 0x01, 0x01, 0x00, 0x00, 0x00, 0x0a, 0x00,
            0x00, 0x00, 0x00, 0x01, 0x00, 0x00, 0x00, 0x02, 0x80, 0x00, 0x00, 0x00, 0x0a, 0x00,
            0x23, 0x03, 0x01, 0x00, 0x00, 0x00, 0x1e, 0x00, 0x81, 0x00, 0x00, 0x00, 0x01, 0x00,
            0x00, 0x00, 0x01, 0xe7, 0xdb, 0xf0, 0x00, 0x95, 0x00, 0x4a, 0x80, 0x4c, 0x80, 0xc3,
            0x80, 0x00, 0x00, 0x1c, 0x00, 0x93, 0x00, 0x00, 0x40, 0x00, 0x00, 0x00, 0x0b, 0x07,
            0x23, 0x0a, 0x01, 0x00, 0x00, 0x00, 0x2d, 0x00, 0x00, 0x00, 0x09, 0x00, 0x00, 0x00,
            0x07, 0x00, 0x00, 0x00, 0x00, 0x00, 0x00, 0x00, 0x00, 0x04, 0x00, 0x11, 0x00, 0x00,
            0x00, 0x00, 0x00, 0x01, 0x01, 0x00, 0x00, 0x00, 0x00, 0x00, 0x00, 0x00, 0x00, 0x00,
            0x00, 0x00, 0x00, 0x00, 0x00, 0x00, 0x00, 0x00, 0x00, 0x04,
        ],
    },
    EncodedCase {
        name: "collective-retained-context",
        data: &[
            0x00, 0x00, 0x00, 0x01, 0x30, 0x01, 0x01, 0x00, 0x00, 0x00, 0x13, 0x00, 0x00, 0x00,
            0x09, 0x00, 0x00, 0x00, 0x07, 0x00, 0x00, 0x00, 0x00, 0x00, 0x00, 0x00, 0x00, 0x63,
            0x00, 0x00, 0x00, 0x00, 0x00, 0x0a, 0x00, 0x01, 0x01, 0x00, 0x00, 0x00, 0x1e, 0x02,
            0x01, 0x00, 0x00, 0x00, 0x01, 0x00, 0x00, 0x00, 0x01, 0xe7, 0xdb, 0xf0, 0x00, 0x95,
            0x00, 0x4a, 0x80, 0x4c, 0x80, 0xc3, 0x80, 0x00, 0x00, 0x1c, 0x00, 0x93, 0x00, 0x00,
            0x40, 0x00, 0x00, 0x00, 0x0b, 0x07, 0x23, 0x0a, 0x01, 0x00, 0x00, 0x00, 0x2d, 0x00,
            0x00, 0x00, 0x09, 0x00, 0x00, 0x00, 0x07, 0x00, 0x00, 0x00, 0x00, 0x00, 0x00, 0x00,
            0x00, 0x04, 0x00, 0x11, 0x00, 0x00, 0x00, 0x00, 0x00, 0x01, 0x01, 0x00, 0x00, 0x00,
            0x00, 0x00, 0x00, 0x00, 0x00, 0x00, 0x00, 0x00, 0x00, 0x00, 0x00, 0x00, 0x00, 0x00,
            0x00, 0x04,
        ],
    },
    EncodedCase {
        name: "collective-used-context",
        data: &[
            0x00, 0x00, 0x00, 0x01, 0x30, 0x01, 0x01, 0x00, 0x00, 0x00, 0x13, 0x00, 0x00, 0x00,
            0x09, 0x00, 0x00, 0x00, 0x07, 0x00, 0x00, 0x00, 0x00, 0x00, 0x00, 0x00, 0x00, 0x63,
            0x00, 0x00, 0x00, 0x00, 0x00, 0x0a, 0x00, 0x01, 0x01, 0x00, 0x00, 0x00, 0x1e, 0x01,
            0x01, 0x00, 0x00, 0x00, 0x01, 0x00, 0x00, 0x00, 0x01, 0xe7, 0xdb, 0xf0, 0x00, 0x95,
            0x00, 0x4a, 0x80, 0x4c, 0x80, 0xc3, 0x80, 0x00, 0x00, 0x1c, 0x00, 0x93, 0x00, 0x00,
            0x40, 0x00, 0x00, 0x00, 0x0b, 0x07, 0x23, 0x0a, 0x01, 0x00, 0x00, 0x00, 0x2d, 0x00,
            0x00, 0x00, 0x09, 0x00, 0x00, 0x00, 0x07, 0x00, 0x00, 0x00, 0x00, 0x00, 0x00, 0x00,
            0x00, 0x04, 0x00, 0x11, 0x00, 0x00, 0x00, 0x00, 0x00, 0x01, 0x01, 0x00, 0x00, 0x00,
            0x00, 0x00, 0x00, 0x00, 0x00, 0x00, 0x00, 0x00, 0x00, 0x00, 0x00, 0x00, 0x00, 0x00,
            0x00, 0x04,
        ],
    },
    EncodedCase {
        name: "surplus-table-arithmetic-generic",
        data: &[
            0x00, 0x00, 0x00, 0x01, 0x30, 0x01, 0x01, 0x00, 0x00, 0x00, 0x13, 0x00, 0x00, 0x00,
            0x09, 0x00, 0x00, 0x00, 0x07, 0x00, 0x00, 0x00, 0x00, 0x00, 0x00, 0x00, 0x00, 0x63,
            0x00, 0x00, 0x00, 0x00, 0x00, 0x09, 0x35, 0x01, 0x01, 0x00, 0x00, 0x00, 0x0a, 0x00,
            0x00, 0x00, 0x00, 0x01, 0x00, 0x00, 0x00, 0x02, 0x80, 0x00, 0x00, 0x00, 0x0a, 0x00,
            0x23, 0x09, 0x01, 0x00, 0x00, 0x00, 0x1f, 0x00, 0x00, 0x03, 0xff, 0xfd, 0xff, 0x02,
            0xfe, 0xfe, 0xfe, 0x00, 0x00, 0x00, 0x01, 0x00, 0x00, 0x00, 0x01, 0x4d, 0x26, 0xdc,
            0x67, 0xf9, 0x5b, 0x72, 0x74, 0x3f, 0x91, 0x47, 0xff, 0xac, 0x00, 0x00, 0x00, 0x0b,
            0x07, 0x23, 0x0a, 0x01, 0x00, 0x00, 0x00, 0x2d, 0x00, 0x00, 0x00, 0x09, 0x00, 0x00,
            0x00, 0x07, 0x00, 0x00, 0x00, 0x00, 0x00, 0x00, 0x00, 0x00, 0x04, 0x00, 0x11, 0x00,
            0x00, 0x00, 0x00, 0x00, 0x01, 0x01, 0x00, 0x00, 0x00, 0x00, 0x00, 0x00, 0x00, 0x00,
            0x00, 0x00, 0x00, 0x00, 0x00, 0x00, 0x00, 0x00, 0x00, 0x00, 0x04,
        ],
    },
    EncodedCase {
        name: "surplus-table-arithmetic-refined",
        data: &[
            0x00, 0x00, 0x00, 0x01, 0x30, 0x01, 0x01, 0x00, 0x00, 0x00, 0x13, 0x00, 0x00, 0x00,
            0x09, 0x00, 0x00, 0x00, 0x07, 0x00, 0x00, 0x00, 0x00, 0x00, 0x00, 0x00, 0x00, 0x63,
            0x00, 0x00, 0x00, 0x00, 0x00, 0x02, 0x00, 0x01, 0x01, 0x00, 0x00, 0x00, 0x1f, 0x00,
            0x00, 0x03, 0xff, 0xfd, 0xff, 0x02, 0xfe, 0xfe, 0xfe, 0x00, 0x00, 0x00, 0x01, 0x00,
            0x00, 0x00, 0x01, 0x4d, 0x27, 0x60, 0x73, 0x0c, 0x78, 0x86, 0xd0, 0x9e, 0x61, 0xaa,
            0xff, 0xac, 0x00, 0x00, 0x00, 0x09, 0x35, 0x01, 0x01, 0x00, 0x00, 0x00, 0x0a, 0x00,
            0x00, 0x00, 0x00, 0x01, 0x00, 0x00, 0x00, 0x02, 0x80, 0x00, 0x00, 0x00, 0x0a, 0x00,
            0x47, 0x02, 0x09, 0x01, 0x00, 0x00, 0x00, 0x24, 0x00, 0x02, 0x03, 0xff, 0xfd, 0xff,
            0x02, 0xfe, 0xfe, 0xfe, 0xff, 0xff, 0xff, 0xff, 0x00, 0x00, 0x00, 0x01, 0x00, 0x00,
            0x00, 0x01, 0x4d, 0x29, 0xaf, 0x95, 0xc3, 0x00, 0x4a, 0xdb, 0x92, 0x30, 0x5e, 0x1b,
            0xff, 0xac, 0x00, 0x00, 0x00, 0x0b, 0x07, 0x23, 0x0a, 0x01, 0x00, 0x00, 0x00, 0x2d,
            0x00, 0x00, 0x00, 0x09, 0x00, 0x00, 0x00, 0x07, 0x00, 0x00, 0x00, 0x00, 0x00, 0x00,
            0x00, 0x00, 0x04, 0x00, 0x11, 0x00, 0x00, 0x00, 0x00, 0x00, 0x01, 0x01, 0x00, 0x00,
            0x00, 0x00, 0x00, 0x00, 0x00, 0x00, 0x00, 0x00, 0x00, 0x00, 0x00, 0x00, 0x00, 0x00,
            0x00, 0x00, 0x04,
        ],
    },
    EncodedCase {
        name: "surplus-table-collective-standard",
        data: &[
            0x00, 0x00, 0x00, 0x01, 0x30, 0x01, 0x01, 0x00, 0x00, 0x00, 0x13, 0x00, 0x00, 0x00,
            0x09, 0x00, 0x00, 0x00, 0x07, 0x00, 0x00, 0x00, 0x00, 0x00, 0x00, 0x00, 0x00, 0x63,
            0x00, 0x00, 0x00, 0x00, 0x00, 0x09, 0x35, 0x01, 0x01, 0x00, 0x00, 0x00, 0x0a, 0x00,
            0x00, 0x00, 0x00, 0x01, 0x00, 0x00, 0x00, 0x02, 0x80, 0x00, 0x00, 0x00, 0x0a, 0x00,
            0x23, 0x09, 0x01, 0x00, 0x00, 0x00, 0x1e, 0x00, 0x01, 0x00, 0x00, 0x00, 0x01, 0x00,
            0x00, 0x00, 0x01, 0xe7, 0xdb, 0xf0, 0x00, 0x95, 0x00, 0x4a, 0x80, 0x4c, 0x80, 0xc3,
            0x80, 0x00, 0x00, 0x1c, 0x00, 0x93, 0x00, 0x00, 0x40, 0x00, 0x00, 0x00, 0x0b, 0x07,
            0x23, 0x0a, 0x01, 0x00, 0x00, 0x00, 0x2d, 0x00, 0x00, 0x00, 0x09, 0x00, 0x00, 0x00,
            0x07, 0x00, 0x00, 0x00, 0x00, 0x00, 0x00, 0x00, 0x00, 0x04, 0x00, 0x11, 0x00, 0x00,
            0x00, 0x00, 0x00, 0x01, 0x01, 0x00, 0x00, 0x00, 0x00, 0x00, 0x00, 0x00, 0x00, 0x00,
            0x00, 0x00, 0x00, 0x00, 0x00, 0x00, 0x00, 0x00, 0x00, 0x04,
        ],
    },
    EncodedCase {
        name: "surplus-table-refined-standard",
        data: &[
            0x00, 0x00, 0x00, 0x01, 0x30, 0x01, 0x01, 0x00, 0x00, 0x00, 0x13, 0x00, 0x00, 0x00,
            0x09, 0x00, 0x00, 0x00, 0x07, 0x00, 0x00, 0x00, 0x00, 0x00, 0x00, 0x00, 0x00, 0x63,
            0x00, 0x00, 0x00, 0x00, 0x00, 0x02, 0x00, 0x01, 0x01, 0x00, 0x00, 0x00, 0x1f, 0x00,
            0x00, 0x03, 0xff, 0xfd, 0xff, 0x02, 0xfe, 0xfe, 0xfe, 0x00, 0x00, 0x00, 0x01, 0x00,
            0x00, 0x00, 0x01, 0x4d, 0x27, 0x60, 0x73, 0x0c, 0x78, 0x86, 0xd0, 0x9e, 0x61, 0xaa,
            0xff, 0xac, 0x00, 0x00, 0x00, 0x09, 0x35, 0x01, 0x01, 0x00, 0x00, 0x00, 0x0a, 0x00,
            0x00, 0x00, 0x00, 0x01, 0x00, 0x00, 0x00, 0x02, 0x80, 0x00, 0x00, 0x00, 0x0a, 0x00,
            0x47, 0x02, 0x09, 0x01, 0x00, 0x00, 0x00, 0x1e, 0x00, 0x03, 0xff, 0xff, 0xff, 0xff,
            0x00, 0x00, 0x00, 0x01, 0x00, 0x00, 0x00, 0x01, 0xe7, 0xd8, 0x21, 0x40, 0xc8, 0x0f,
            0x81, 0x2b, 0x6e, 0x48, 0xc1, 0x7f, 0xff, 0xac, 0xfc, 0x21, 0x00, 0x00, 0x00, 0x0b,
            0x07, 0x23, 0x0a, 0x01, 0x00, 0x00, 0x00, 0x2d, 0x00, 0x00, 0x00, 0x09, 0x00, 0x00,
            0x00, 0x07, 0x00, 0x00, 0x00, 0x00, 0x00, 0x00, 0x00, 0x00, 0x04, 0x00, 0x11, 0x00,
            0x00, 0x00, 0x00, 0x00, 0x01, 0x01, 0x00, 0x00, 0x00, 0x00, 0x00, 0x00, 0x00, 0x00,
            0x00, 0x00, 0x00, 0x00, 0x00, 0x00, 0x00, 0x00, 0x00, 0x00, 0x04,
        ],
    },
    EncodedCase {
        name: "surplus-table-collective-custom",
        data: &[
            0x00, 0x00, 0x00, 0x01, 0x30, 0x01, 0x01, 0x00, 0x00, 0x00, 0x13, 0x00, 0x00, 0x00,
            0x09, 0x00, 0x00, 0x00, 0x07, 0x00, 0x00, 0x00, 0x00, 0x00, 0x00, 0x00, 0x00, 0x63,
            0x00, 0x00, 0x00, 0x00, 0x00, 0x03, 0x35, 0x01, 0x01, 0x00, 0x00, 0x00, 0x0a, 0x00,
            0x00, 0x00, 0x00, 0x07, 0x00, 0x00, 0x00, 0x08, 0x80, 0x00, 0x00, 0x00, 0x04, 0x35,
            0x01, 0x01, 0x00, 0x00, 0x00, 0x0a, 0x01, 0x00, 0x00, 0x00, 0x09, 0x00, 0x00, 0x00,
            0x0a, 0x88, 0x00, 0x00, 0x00, 0x05, 0x35, 0x01, 0x01, 0x00, 0x00, 0x00, 0x0a, 0x00,
            0x00, 0x00, 0x00, 0x00, 0x00, 0x00, 0x00, 0x01, 0x80, 0x00, 0x00, 0x00, 0x09, 0x35,
            0x01, 0x01, 0x00, 0x00, 0x00, 0x0a, 0x00, 0x00, 0x00, 0x00, 0x01, 0x00, 0x00, 0x00,
            0x02, 0x80, 0x00, 0x00, 0x00, 0x0a, 0x00, 0x9f, 0x03, 0x04, 0x05, 0x09, 0x01, 0x00,
            0x00, 0x00, 0x1b, 0x00, 0x7d, 0x00, 0x00, 0x00, 0x01, 0x00, 0x00, 0x00, 0x01, 0x20,
            0x95, 0x00, 0x4a, 0x80, 0x4c, 0x80, 0xc3, 0x80, 0x00, 0x00, 0x1c, 0x00, 0x93, 0x00,
            0x00, 0x40, 0x00, 0x00, 0x00, 0x0b, 0x07, 0x23, 0x0a, 0x01, 0x00, 0x00, 0x00, 0x2d,
            0x00, 0x00, 0x00, 0x09, 0x00, 0x00, 0x00, 0x07, 0x00, 0x00, 0x00, 0x00, 0x00, 0x00,
            0x00, 0x00, 0x04, 0x00, 0x11, 0x00, 0x00, 0x00, 0x00, 0x00, 0x01, 0x01, 0x00, 0x00,
            0x00, 0x00, 0x00, 0x00, 0x00, 0x00, 0x00, 0x00, 0x00, 0x00, 0x00, 0x00, 0x00, 0x00,
            0x00, 0x00, 0x04,
        ],
    },
    EncodedCase {
        name: "surplus-table-refined-custom-zero-retention-padding",
        data: &[
            0x00, 0x00, 0x00, 0x01, 0x30, 0x01, 0x01, 0x00, 0x00, 0x00, 0x13, 0x00, 0x00, 0x00,
            0x09, 0x00, 0x00, 0x00, 0x07, 0x00, 0x00, 0x00, 0x00, 0x00, 0x00, 0x00, 0x00, 0x63,
            0x00, 0x00, 0x00, 0x00, 0x00, 0x02, 0x00, 0x01, 0x01, 0x00, 0x00, 0x00, 0x1f, 0x00,
            0x00, 0x03, 0xff, 0xfd, 0xff, 0x02, 0xfe, 0xfe, 0xfe, 0x00, 0x00, 0x00, 0x01, 0x00,
            0x00, 0x00, 0x01, 0x4d, 0x27, 0x60, 0x73, 0x0c, 0x78, 0x86, 0xd0, 0x9e, 0x61, 0xaa,
            0xff, 0xac, 0x00, 0x00, 0x00, 0x03, 0x35, 0x01, 0x01, 0x00, 0x00, 0x00, 0x0a, 0x00,
            0x00, 0x00, 0x00, 0x07, 0x00, 0x00, 0x00, 0x08, 0x80, 0x00, 0x00, 0x00, 0x04, 0x35,
            0x01, 0x01, 0x00, 0x00, 0x00, 0x0a, 0x01, 0x00, 0x00, 0x00, 0x09, 0x00, 0x00, 0x00,
            0x0a, 0x88, 0x00, 0x00, 0x00, 0x05, 0x35, 0x01, 0x01, 0x00, 0x00, 0x00, 0x0a, 0x00,
            0x00, 0x00, 0x00, 0x00, 0x00, 0x00, 0x00, 0x01, 0x80, 0x00, 0x00, 0x00, 0x06, 0x35,
            0x01, 0x01, 0x00, 0x00, 0x00, 0x0a, 0x00, 0x00, 0x00, 0x00, 0x01, 0x00, 0x00, 0x00,
            0x02, 0x80, 0x00, 0x00, 0x00, 0x09, 0x35, 0x01, 0x01, 0x00, 0x00, 0x00, 0x0a, 0x00,
            0x00, 0x00, 0x00, 0x01, 0x00, 0x00, 0x00, 0x02, 0x80, 0x00, 0x00, 0x00, 0x0a, 0x00,
            0xe0, 0x00, 0x00, 0x06, 0x7f, 0x02, 0x03, 0x04, 0x05, 0x06, 0x09, 0x01, 0x00, 0x00,
            0x00, 0x1c, 0x00, 0xff, 0xff, 0xff, 0xff, 0xff, 0x00, 0x00, 0x00, 0x01, 0x00, 0x00,
            0x00, 0x01, 0x01, 0x40, 0xc8, 0x0f, 0x81, 0x2b, 0x6e, 0x48, 0xc1, 0x7f, 0xff, 0xac,
            0x84, 0x20, 0x00, 0x00, 0x00, 0x0b, 0x07, 0x23, 0x0a, 0x01, 0x00, 0x00, 0x00, 0x2d,
            0x00, 0x00, 0x00, 0x09, 0x00, 0x00, 0x00, 0x07, 0x00, 0x00, 0x00, 0x00, 0x00, 0x00,
            0x00, 0x00, 0x04, 0x00, 0x11, 0x00, 0x00, 0x00, 0x00, 0x00, 0x01, 0x01, 0x00, 0x00,
            0x00, 0x00, 0x00, 0x00, 0x00, 0x00, 0x00, 0x00, 0x00, 0x00, 0x00, 0x00, 0x00, 0x00,
            0x00, 0x00, 0x04,
        ],
    },
    EncodedCase {
        name: "missing-table-dh",
        data: &[
            0x00, 0x00, 0x00, 0x01, 0x30, 0x01, 0x01, 0x00, 0x00, 0x00, 0x13, 0x00, 0x00, 0x00,
            0x09, 0x00, 0x00, 0x00, 0x07, 0x00, 0x00, 0x00, 0x00, 0x00, 0x00, 0x00, 0x00, 0x63,
            0x00, 0x00, 0x00, 0x00, 0x00, 0x02, 0x00, 0x01, 0x01, 0x00, 0x00, 0x00, 0x1f, 0x00,
            0x00, 0x03, 0xff, 0xfd, 0xff, 0x02, 0xfe, 0xfe, 0xfe, 0x00, 0x00, 0x00, 0x01, 0x00,
            0x00, 0x00, 0x01, 0x4d, 0x27, 0x60, 0x73, 0x0c, 0x78, 0x86, 0xd0, 0x9e, 0x61, 0xaa,
            0xff, 0xac, 0x00, 0x00, 0x00, 0x03, 0x35, 0x01, 0x01, 0x00, 0x00, 0x00, 0x0a, 0x00,
            0x00, 0x00, 0x00, 0x07, 0x00, 0x00, 0x00, 0x08, 0x80, 0x00, 0x00, 0x00, 0x04, 0x35,
            0x01, 0x01, 0x00, 0x00, 0x00, 0x0a, 0x01, 0x00, 0x00, 0x00, 0x09, 0x00, 0x00, 0x00,
            0x0a, 0x88, 0x00, 0x00, 0x00, 0x05, 0x35, 0x01, 0x01, 0x00, 0x00, 0x00, 0x0a, 0x00,
            0x00, 0x00, 0x00, 0x00, 0x00, 0x00, 0x00, 0x01, 0x80, 0x00, 0x00, 0x00, 0x06, 0x35,
            0x01, 0x01, 0x00, 0x00, 0x00, 0x0a, 0x00, 0x00, 0x00, 0x00, 0x01, 0x00, 0x00, 0x00,
            0x02, 0x80, 0x00, 0x00, 0x00, 0x0a, 0x00, 0x9f, 0x02, 0x04, 0x05, 0x06, 0x01, 0x00,
            0x00, 0x00, 0x1c, 0x00, 0xff, 0xff, 0xff, 0xff, 0xff, 0x00, 0x00, 0x00, 0x01, 0x00,
            0x00, 0x00, 0x01, 0x01, 0x40, 0xc8, 0x0f, 0x81, 0x2b, 0x6e, 0x48, 0xc1, 0x7f, 0xff,
            0xac, 0x84, 0x20, 0x00, 0x00, 0x00, 0x0b, 0x07, 0x23, 0x0a, 0x01, 0x00, 0x00, 0x00,
            0x2d, 0x00, 0x00, 0x00, 0x09, 0x00, 0x00, 0x00, 0x07, 0x00, 0x00, 0x00, 0x00, 0x00,
            0x00, 0x00, 0x00, 0x04, 0x00, 0x11, 0x00, 0x00, 0x00, 0x00, 0x00, 0x01, 0x01, 0x00,
            0x00, 0x00, 0x00, 0x00, 0x00, 0x00, 0x00, 0x00, 0x00, 0x00, 0x00, 0x00, 0x00, 0x00,
            0x00, 0x00, 0x00, 0x04,
        ],
    },
    EncodedCase {
        name: "missing-table-dw",
        data: &[
            0x00, 0x00, 0x00, 0x01, 0x30, 0x01, 0x01, 0x00, 0x00, 0x00, 0x13, 0x00, 0x00, 0x00,
            0x09, 0x00, 0x00, 0x00, 0x07, 0x00, 0x00, 0x00, 0x00, 0x00, 0x00, 0x00, 0x00, 0x63,
            0x00, 0x00, 0x00, 0x00, 0x00, 0x02, 0x00, 0x01, 0x01, 0x00, 0x00, 0x00, 0x1f, 0x00,
            0x00, 0x03, 0xff, 0xfd, 0xff, 0x02, 0xfe, 0xfe, 0xfe, 0x00, 0x00, 0x00, 0x01, 0x00,
            0x00, 0x00, 0x01, 0x4d, 0x27, 0x60, 0x73, 0x0c, 0x78, 0x86, 0xd0, 0x9e, 0x61, 0xaa,
            0xff, 0xac, 0x00, 0x00, 0x00, 0x03, 0x35, 0x01, 0x01, 0x00, 0x00, 0x00, 0x0a, 0x00,
            0x00, 0x00, 0x00, 0x07, 0x00, 0x00, 0x00, 0x08, 0x80, 0x00, 0x00, 0x00, 0x04, 0x35,
            0x01, 0x01, 0x00, 0x00, 0x00, 0x0a, 0x01, 0x00, 0x00, 0x00, 0x09, 0x00, 0x00, 0x00,
            0x0a, 0x88, 0x00, 0x00, 0x00, 0x05, 0x35, 0x01, 0x01, 0x00, 0x00, 0x00, 0x0a, 0x00,
            0x00, 0x00, 0x00, 0x00, 0x00, 0x00, 0x00, 0x01, 0x80, 0x00, 0x00, 0x00, 0x06, 0x35,
            0x01, 0x01, 0x00, 0x00, 0x00, 0x0a, 0x00, 0x00, 0x00, 0x00, 0x01, 0x00, 0x00, 0x00,
            0x02, 0x80, 0x00, 0x00, 0x00, 0x0a, 0x00, 0x9f, 0x02, 0x03, 0x05, 0x06, 0x01, 0x00,
            0x00, 0x00, 0x1c, 0x00, 0xff, 0xff, 0xff, 0xff, 0xff, 0x00, 0x00, 0x00, 0x01, 0x00,
            0x00, 0x00, 0x01, 0x01, 0x40, 0xc8, 0x0f, 0x81, 0x2b, 0x6e, 0x48, 0xc1, 0x7f, 0xff,
            0xac, 0x84, 0x20, 0x00, 0x00, 0x00, 0x0b, 0x07, 0x23, 0x0a, 0x01, 0x00, 0x00, 0x00,
            0x2d, 0x00, 0x00, 0x00, 0x09, 0x00, 0x00, 0x00, 0x07, 0x00, 0x00, 0x00, 0x00, 0x00,
            0x00, 0x00, 0x00, 0x04, 0x00, 0x11, 0x00, 0x00, 0x00, 0x00, 0x00, 0x01, 0x01, 0x00,
            0x00, 0x00, 0x00, 0x00, 0x00, 0x00, 0x00, 0x00, 0x00, 0x00, 0x00, 0x00, 0x00, 0x00,
            0x00, 0x00, 0x00, 0x04,
        ],
    },
    EncodedCase {
        name: "missing-table-bms",
        data: &[
            0x00, 0x00, 0x00, 0x01, 0x30, 0x01, 0x01, 0x00, 0x00, 0x00, 0x13, 0x00, 0x00, 0x00,
            0x09, 0x00, 0x00, 0x00, 0x07, 0x00, 0x00, 0x00, 0x00, 0x00, 0x00, 0x00, 0x00, 0x63,
            0x00, 0x00, 0x00, 0x00, 0x00, 0x02, 0x00, 0x01, 0x01, 0x00, 0x00, 0x00, 0x1f, 0x00,
            0x00, 0x03, 0xff, 0xfd, 0xff, 0x02, 0xfe, 0xfe, 0xfe, 0x00, 0x00, 0x00, 0x01, 0x00,
            0x00, 0x00, 0x01, 0x4d, 0x27, 0x60, 0x73, 0x0c, 0x78, 0x86, 0xd0, 0x9e, 0x61, 0xaa,
            0xff, 0xac, 0x00, 0x00, 0x00, 0x03, 0x35, 0x01, 0x01, 0x00, 0x00, 0x00, 0x0a, 0x00,
            0x00, 0x00, 0x00, 0x07, 0x00, 0x00, 0x00, 0x08, 0x80, 0x00, 0x00, 0x00, 0x04, 0x35,
            0x01, 0x01, 0x00, 0x00, 0x00, 0x0a, 0x01, 0x00, 0x00, 0x00, 0x09, 0x00, 0x00, 0x00,
            0x0a, 0x88, 0x00, 0x00, 0x00, 0x05, 0x35, 0x01, 0x01, 0x00, 0x00, 0x00, 0x0a, 0x00,
            0x00, 0x00, 0x00, 0x00, 0x00, 0x00, 0x00, 0x01, 0x80, 0x00, 0x00, 0x00, 0x06, 0x35,
            0x01, 0x01, 0x00, 0x00, 0x00, 0x0a, 0x00, 0x00, 0x00, 0x00, 0x01, 0x00, 0x00, 0x00,
            0x02, 0x80, 0x00, 0x00, 0x00, 0x0a, 0x00, 0x9f, 0x02, 0x03, 0x04, 0x06, 0x01, 0x00,
            0x00, 0x00, 0x1c, 0x00, 0xff, 0xff, 0xff, 0xff, 0xff, 0x00, 0x00, 0x00, 0x01, 0x00,
            0x00, 0x00, 0x01, 0x01, 0x40, 0xc8, 0x0f, 0x81, 0x2b, 0x6e, 0x48, 0xc1, 0x7f, 0xff,
            0xac, 0x84, 0x20, 0x00, 0x00, 0x00, 0x0b, 0x07, 0x23, 0x0a, 0x01, 0x00, 0x00, 0x00,
            0x2d, 0x00, 0x00, 0x00, 0x09, 0x00, 0x00, 0x00, 0x07, 0x00, 0x00, 0x00, 0x00, 0x00,
            0x00, 0x00, 0x00, 0x04, 0x00, 0x11, 0x00, 0x00, 0x00, 0x00, 0x00, 0x01, 0x01, 0x00,
            0x00, 0x00, 0x00, 0x00, 0x00, 0x00, 0x00, 0x00, 0x00, 0x00, 0x00, 0x00, 0x00, 0x00,
            0x00, 0x00, 0x00, 0x04,
        ],
    },
    EncodedCase {
        name: "missing-table-agg",
        data: &[
            0x00, 0x00, 0x00, 0x01, 0x30, 0x01, 0x01, 0x00, 0x00, 0x00, 0x13, 0x00, 0x00, 0x00,
            0x09, 0x00, 0x00, 0x00, 0x07, 0x00, 0x00, 0x00, 0x00, 0x00, 0x00, 0x00, 0x00, 0x63,
            0x00, 0x00, 0x00, 0x00, 0x00, 0x02, 0x00, 0x01, 0x01, 0x00, 0x00, 0x00, 0x1f, 0x00,
            0x00, 0x03, 0xff, 0xfd, 0xff, 0x02, 0xfe, 0xfe, 0xfe, 0x00, 0x00, 0x00, 0x01, 0x00,
            0x00, 0x00, 0x01, 0x4d, 0x27, 0x60, 0x73, 0x0c, 0x78, 0x86, 0xd0, 0x9e, 0x61, 0xaa,
            0xff, 0xac, 0x00, 0x00, 0x00, 0x03, 0x35, 0x01, 0x01, 0x00, 0x00, 0x00, 0x0a, 0x00,
            0x00, 0x00, 0x00, 0x07, 0x00, 0x00, 0x00, 0x08, 0x80, 0x00, 0x00, 0x00, 0x04, 0x35,
            0x01, 0x01, 0x00, 0x00, 0x00, 0x0a, 0x01, 0x00, 0x00, 0x00, 0x09, 0x00, 0x00, 0x00,
            0x0a, 0x88, 0x00, 0x00, 0x00, 0x05, 0x35, 0x01, 0x01, 0x00, 0x00, 0x00, 0x0a, 0x00,
            0x00, 0x00, 0x00, 0x00, 0x00, 0x00, 0x00, 0x01, 0x80, 0x00, 0x00, 0x00, 0x06, 0x35,
            0x01, 0x01, 0x00, 0x00, 0x00, 0x0a, 0x00, 0x00, 0x00, 0x00, 0x01, 0x00, 0x00, 0x00,
            0x02, 0x80, 0x00, 0x00, 0x00, 0x0a, 0x00, 0x9f, 0x02, 0x03, 0x04, 0x05, 0x01, 0x00,
            0x00, 0x00, 0x1c, 0x00, 0xff, 0xff, 0xff, 0xff, 0xff, 0x00, 0x00, 0x00, 0x01, 0x00,
            0x00, 0x00, 0x01, 0x01, 0x40, 0xc8, 0x0f, 0x81, 0x2b, 0x6e, 0x48, 0xc1, 0x7f, 0xff,
            0xac, 0x84, 0x20, 0x00, 0x00, 0x00, 0x0b, 0x07, 0x23, 0x0a, 0x01, 0x00, 0x00, 0x00,
            0x2d, 0x00, 0x00, 0x00, 0x09, 0x00, 0x00, 0x00, 0x07, 0x00, 0x00, 0x00, 0x00, 0x00,
            0x00, 0x00, 0x00, 0x04, 0x00, 0x11, 0x00, 0x00, 0x00, 0x00, 0x00, 0x01, 0x01, 0x00,
            0x00, 0x00, 0x00, 0x00, 0x00, 0x00, 0x00, 0x00, 0x00, 0x00, 0x00, 0x00, 0x00, 0x00,
            0x00, 0x00, 0x00, 0x04,
        ],
    },
    EncodedCase {
        name: "collective-oob-dh",
        data: &[
            0x00, 0x00, 0x00, 0x01, 0x30, 0x01, 0x01, 0x00, 0x00, 0x00, 0x13, 0x00, 0x00, 0x00,
            0x09, 0x00, 0x00, 0x00, 0x07, 0x00, 0x00, 0x00, 0x00, 0x00, 0x00, 0x00, 0x00, 0x63,
            0x00, 0x00, 0x00, 0x00, 0x00, 0x03, 0x35, 0x01, 0x01, 0x00, 0x00, 0x00, 0x0a, 0x01,
            0x00, 0x00, 0x00, 0x07, 0x00, 0x00, 0x00, 0x08, 0x88, 0x00, 0x00, 0x00, 0x04, 0x35,
            0x01, 0x01, 0x00, 0x00, 0x00, 0x0a, 0x01, 0x00, 0x00, 0x00, 0x09, 0x00, 0x00, 0x00,
            0x0a, 0x88, 0x00, 0x00, 0x00, 0x05, 0x35, 0x01, 0x01, 0x00, 0x00, 0x00, 0x0a, 0x00,
            0x00, 0x00, 0x00, 0x00, 0x00, 0x00, 0x00, 0x01, 0x80, 0x00, 0x00, 0x00, 0x0a, 0x00,
            0x6f, 0x03, 0x04, 0x05, 0x01, 0x00, 0x00, 0x00, 0x1b, 0x00, 0x7d, 0x00, 0x00, 0x00,
            0x01, 0x00, 0x00, 0x00, 0x01, 0x20, 0x95, 0x00, 0x4a, 0x80, 0x4c, 0x80, 0xc3, 0x80,
            0x00, 0x00, 0x1c, 0x00, 0x93, 0x00, 0x00, 0x40, 0x00, 0x00, 0x00, 0x0b, 0x07, 0x23,
            0x0a, 0x01, 0x00, 0x00, 0x00, 0x2d, 0x00, 0x00, 0x00, 0x09, 0x00, 0x00, 0x00, 0x07,
            0x00, 0x00, 0x00, 0x00, 0x00, 0x00, 0x00, 0x00, 0x04, 0x00, 0x11, 0x00, 0x00, 0x00,
            0x00, 0x00, 0x01, 0x01, 0x00, 0x00, 0x00, 0x00, 0x00, 0x00, 0x00, 0x00, 0x00, 0x00,
            0x00, 0x00, 0x00, 0x00, 0x00, 0x00, 0x00, 0x00, 0x04,
        ],
    },
    EncodedCase {
        name: "collective-oob-bms",
        data: &[
            0x00, 0x00, 0x00, 0x01, 0x30, 0x01, 0x01, 0x00, 0x00, 0x00, 0x13, 0x00, 0x00, 0x00,
            0x09, 0x00, 0x00, 0x00, 0x07, 0x00, 0x00, 0x00, 0x00, 0x00, 0x00, 0x00, 0x00, 0x63,
            0x00, 0x00, 0x00, 0x00, 0x00, 0x03, 0x35, 0x01, 0x01, 0x00, 0x00, 0x00, 0x0a, 0x00,
            0x00, 0x00, 0x00, 0x07, 0x00, 0x00, 0x00, 0x08, 0x80, 0x00, 0x00, 0x00, 0x04, 0x35,
            0x01, 0x01, 0x00, 0x00, 0x00, 0x0a, 0x01, 0x00, 0x00, 0x00, 0x09, 0x00, 0x00, 0x00,
            0x0a, 0x88, 0x00, 0x00, 0x00, 0x05, 0x35, 0x01, 0x01, 0x00, 0x00, 0x00, 0x0a, 0x01,
            0x00, 0x00, 0x00, 0x00, 0x00, 0x00, 0x00, 0x01, 0x88, 0x00, 0x00, 0x00, 0x0a, 0x00,
            0x6f, 0x03, 0x04, 0x05, 0x01, 0x00, 0x00, 0x00, 0x1b, 0x00, 0x7d, 0x00, 0x00, 0x00,
            0x01, 0x00, 0x00, 0x00, 0x01, 0x20, 0x95, 0x00, 0x4a, 0x80, 0x4c, 0x80, 0xc3, 0x80,
            0x00, 0x00, 0x1c, 0x00, 0x93, 0x00, 0x00, 0x40, 0x00, 0x00, 0x00, 0x0b, 0x07, 0x23,
            0x0a, 0x01, 0x00, 0x00, 0x00, 0x2d, 0x00, 0x00, 0x00, 0x09, 0x00, 0x00, 0x00, 0x07,
            0x00, 0x00, 0x00, 0x00, 0x00, 0x00, 0x00, 0x00, 0x04, 0x00, 0x11, 0x00, 0x00, 0x00,
            0x00, 0x00, 0x01, 0x01, 0x00, 0x00, 0x00, 0x00, 0x00, 0x00, 0x00, 0x00, 0x00, 0x00,
            0x00, 0x00, 0x00, 0x00, 0x00, 0x00, 0x00, 0x00, 0x04,
        ],
    },
    EncodedCase {
        name: "refined-oob-dh-zero-retention-padding",
        data: &[
            0x00, 0x00, 0x00, 0x01, 0x30, 0x01, 0x01, 0x00, 0x00, 0x00, 0x13, 0x00, 0x00, 0x00,
            0x09, 0x00, 0x00, 0x00, 0x07, 0x00, 0x00, 0x00, 0x00, 0x00, 0x00, 0x00, 0x00, 0x63,
            0x00, 0x00, 0x00, 0x00, 0x00, 0x02, 0x00, 0x01, 0x01, 0x00, 0x00, 0x00, 0x1f, 0x00,
            0x00, 0x03, 0xff, 0xfd, 0xff, 0x02, 0xfe, 0xfe, 0xfe, 0x00, 0x00, 0x00, 0x01, 0x00,
            0x00, 0x00, 0x01, 0x4d, 0x27, 0x60, 0x73, 0x0c, 0x78, 0x86, 0xd0, 0x9e, 0x61, 0xaa,
            0xff, 0xac, 0x00, 0x00, 0x00, 0x03, 0x35, 0x01, 0x01, 0x00, 0x00, 0x00, 0x0a, 0x01,
            0x00, 0x00, 0x00, 0x07, 0x00, 0x00, 0x00, 0x08, 0x88, 0x00, 0x00, 0x00, 0x04, 0x35,
            0x01, 0x01, 0x00, 0x00, 0x00, 0x0a, 0x01, 0x00, 0x00, 0x00, 0x09, 0x00, 0x00, 0x00,
            0x0a, 0x88, 0x00, 0x00, 0x00, 0x05, 0x35, 0x01, 0x01, 0x00, 0x00, 0x00, 0x0a, 0x00,
            0x00, 0x00, 0x00, 0x00, 0x00, 0x00, 0x00, 0x01, 0x80, 0x00, 0x00, 0x00, 0x06, 0x35,
            0x01, 0x01, 0x00, 0x00, 0x00, 0x0a, 0x00, 0x00, 0x00, 0x00, 0x01, 0x00, 0x00, 0x00,
            0x02, 0x80, 0x00, 0x00, 0x00, 0x0a, 0x00, 0xe0, 0x00, 0x00, 0x05, 0x3f, 0x02, 0x03,
            0x04, 0x05, 0x06, 0x01, 0x00, 0x00, 0x00, 0x1c, 0x00, 0xff, 0xff, 0xff, 0xff, 0xff,
            0x00, 0x00, 0x00, 0x01, 0x00, 0x00, 0x00, 0x01, 0x01, 0x40, 0xc8, 0x0f, 0x81, 0x2b,
            0x6e, 0x48, 0xc1, 0x7f, 0xff, 0xac, 0x84, 0x20, 0x00, 0x00, 0x00, 0x0b, 0x07, 0x23,
            0x0a, 0x01, 0x00, 0x00, 0x00, 0x2d, 0x00, 0x00, 0x00, 0x09, 0x00, 0x00, 0x00, 0x07,
            0x00, 0x00, 0x00, 0x00, 0x00, 0x00, 0x00, 0x00, 0x04, 0x00, 0x11, 0x00, 0x00, 0x00,
            0x00, 0x00, 0x01, 0x01, 0x00, 0x00, 0x00, 0x00, 0x00, 0x00, 0x00, 0x00, 0x00, 0x00,
            0x00, 0x00, 0x00, 0x00, 0x00, 0x00, 0x00, 0x00, 0x04,
        ],
    },
    EncodedCase {
        name: "refined-oob-bms-zero-retention-padding",
        data: &[
            0x00, 0x00, 0x00, 0x01, 0x30, 0x01, 0x01, 0x00, 0x00, 0x00, 0x13, 0x00, 0x00, 0x00,
            0x09, 0x00, 0x00, 0x00, 0x07, 0x00, 0x00, 0x00, 0x00, 0x00, 0x00, 0x00, 0x00, 0x63,
            0x00, 0x00, 0x00, 0x00, 0x00, 0x02, 0x00, 0x01, 0x01, 0x00, 0x00, 0x00, 0x1f, 0x00,
            0x00, 0x03, 0xff, 0xfd, 0xff, 0x02, 0xfe, 0xfe, 0xfe, 0x00, 0x00, 0x00, 0x01, 0x00,
            0x00, 0x00, 0x01, 0x4d, 0x27, 0x60, 0x73, 0x0c, 0x78, 0x86, 0xd0, 0x9e, 0x61, 0xaa,
            0xff, 0xac, 0x00, 0x00, 0x00, 0x03, 0x35, 0x01, 0x01, 0x00, 0x00, 0x00, 0x0a, 0x00,
            0x00, 0x00, 0x00, 0x07, 0x00, 0x00, 0x00, 0x08, 0x80, 0x00, 0x00, 0x00, 0x04, 0x35,
            0x01, 0x01, 0x00, 0x00, 0x00, 0x0a, 0x01, 0x00, 0x00, 0x00, 0x09, 0x00, 0x00, 0x00,
            0x0a, 0x88, 0x00, 0x00, 0x00, 0x05, 0x35, 0x01, 0x01, 0x00, 0x00, 0x00, 0x0a, 0x01,
            0x00, 0x00, 0x00, 0x00, 0x00, 0x00, 0x00, 0x01, 0x88, 0x00, 0x00, 0x00, 0x06, 0x35,
            0x01, 0x01, 0x00, 0x00, 0x00, 0x0a, 0x00, 0x00, 0x00, 0x00, 0x01, 0x00, 0x00, 0x00,
            0x02, 0x80, 0x00, 0x00, 0x00, 0x0a, 0x00, 0xe0, 0x00, 0x00, 0x05, 0x3f, 0x02, 0x03,
            0x04, 0x05, 0x06, 0x01, 0x00, 0x00, 0x00, 0x1c, 0x00, 0xff, 0xff, 0xff, 0xff, 0xff,
            0x00, 0x00, 0x00, 0x01, 0x00, 0x00, 0x00, 0x01, 0x01, 0x40, 0xc8, 0x0f, 0x81, 0x2b,
            0x6e, 0x48, 0xc1, 0x7f, 0xff, 0xac, 0x84, 0x20, 0x00, 0x00, 0x00, 0x0b, 0x07, 0x23,
            0x0a, 0x01, 0x00, 0x00, 0x00, 0x2d, 0x00, 0x00, 0x00, 0x09, 0x00, 0x00, 0x00, 0x07,
            0x00, 0x00, 0x00, 0x00, 0x00, 0x00, 0x00, 0x00, 0x04, 0x00, 0x11, 0x00, 0x00, 0x00,
            0x00, 0x00, 0x01, 0x01, 0x00, 0x00, 0x00, 0x00, 0x00, 0x00, 0x00, 0x00, 0x00, 0x00,
            0x00, 0x00, 0x00, 0x00, 0x00, 0x00, 0x00, 0x00, 0x04,
        ],
    },
    EncodedCase {
        name: "refined-oob-agg-zero-retention-padding",
        data: &[
            0x00, 0x00, 0x00, 0x01, 0x30, 0x01, 0x01, 0x00, 0x00, 0x00, 0x13, 0x00, 0x00, 0x00,
            0x09, 0x00, 0x00, 0x00, 0x07, 0x00, 0x00, 0x00, 0x00, 0x00, 0x00, 0x00, 0x00, 0x63,
            0x00, 0x00, 0x00, 0x00, 0x00, 0x02, 0x00, 0x01, 0x01, 0x00, 0x00, 0x00, 0x1f, 0x00,
            0x00, 0x03, 0xff, 0xfd, 0xff, 0x02, 0xfe, 0xfe, 0xfe, 0x00, 0x00, 0x00, 0x01, 0x00,
            0x00, 0x00, 0x01, 0x4d, 0x27, 0x60, 0x73, 0x0c, 0x78, 0x86, 0xd0, 0x9e, 0x61, 0xaa,
            0xff, 0xac, 0x00, 0x00, 0x00, 0x03, 0x35, 0x01, 0x01, 0x00, 0x00, 0x00, 0x0a, 0x00,
            0x00, 0x00, 0x00, 0x07, 0x00, 0x00, 0x00, 0x08, 0x80, 0x00, 0x00, 0x00, 0x04, 0x35,
            0x01, 0x01, 0x00, 0x00, 0x00, 0x0a, 0x01, 0x00, 0x00, 0x00, 0x09, 0x00, 0x00, 0x00,
            0x0a, 0x88, 0x00, 0x00, 0x00, 0x05, 0x35, 0x01, 0x01, 0x00, 0x00, 0x00, 0x0a, 0x00,
            0x00, 0x00, 0x00, 0x00, 0x00, 0x00, 0x00, 0x01, 0x80, 0x00, 0x00, 0x00, 0x06, 0x35,
            0x01, 0x01, 0x00, 0x00, 0x00, 0x0a, 0x01, 0x00, 0x00, 0x00, 0x01, 0x00, 0x00, 0x00,
            0x02, 0x88, 0x00, 0x00, 0x00, 0x0a, 0x00, 0xe0, 0x00, 0x00, 0x05, 0x3f, 0x02, 0x03,
            0x04, 0x05, 0x06, 0x01, 0x00, 0x00, 0x00, 0x1c, 0x00, 0xff, 0xff, 0xff, 0xff, 0xff,
            0x00, 0x00, 0x00, 0x01, 0x00, 0x00, 0x00, 0x01, 0x01, 0x40, 0xc8, 0x0f, 0x81, 0x2b,
            0x6e, 0x48, 0xc1, 0x7f, 0xff, 0xac, 0x84, 0x20, 0x00, 0x00, 0x00, 0x0b, 0x07, 0x23,
            0x0a, 0x01, 0x00, 0x00, 0x00, 0x2d, 0x00, 0x00, 0x00, 0x09, 0x00, 0x00, 0x00, 0x07,
            0x00, 0x00, 0x00, 0x00, 0x00, 0x00, 0x00, 0x00, 0x04, 0x00, 0x11, 0x00, 0x00, 0x00,
            0x00, 0x00, 0x01, 0x01, 0x00, 0x00, 0x00, 0x00, 0x00, 0x00, 0x00, 0x00, 0x00, 0x00,
            0x00, 0x00, 0x00, 0x00, 0x00, 0x00, 0x00, 0x00, 0x04,
        ],
    },
    EncodedCase {
        name: "width-table-without-oob",
        data: &[
            0x00, 0x00, 0x00, 0x01, 0x30, 0x01, 0x01, 0x00, 0x00, 0x00, 0x13, 0x00, 0x00, 0x00,
            0x09, 0x00, 0x00, 0x00, 0x07, 0x00, 0x00, 0x00, 0x00, 0x00, 0x00, 0x00, 0x00, 0x63,
            0x00, 0x00, 0x00, 0x00, 0x00, 0x02, 0x00, 0x01, 0x01, 0x00, 0x00, 0x00, 0x1f, 0x00,
            0x00, 0x03, 0xff, 0xfd, 0xff, 0x02, 0xfe, 0xfe, 0xfe, 0x00, 0x00, 0x00, 0x01, 0x00,
            0x00, 0x00, 0x01, 0x4d, 0x26, 0xdc, 0x67, 0xf9, 0x5b, 0x72, 0x74, 0x3f, 0x91, 0x47,
            0xff, 0xac, 0x00, 0x00, 0x00, 0x03, 0x35, 0x01, 0x01, 0x00, 0x00, 0x00, 0x0a, 0x00,
            0x00, 0x00, 0x00, 0x09, 0x00, 0x00, 0x00, 0x0a, 0x80, 0x00, 0x00, 0x00, 0x0a, 0x00,
            0x47, 0x02, 0x03, 0x01, 0x00, 0x00, 0x00, 0x0c, 0x00, 0x31, 0x00, 0x00, 0x00, 0x01,
            0x00, 0x00, 0x00, 0x00, 0x00, 0x40, 0x00, 0x00, 0x00, 0x0b, 0x07, 0x23, 0x0a, 0x01,
            0x00, 0x00, 0x00, 0x2d, 0x00, 0x00, 0x00, 0x09, 0x00, 0x00, 0x00, 0x07, 0x00, 0x00,
            0x00, 0x00, 0x00, 0x00, 0x00, 0x00, 0x04, 0x00, 0x11, 0x00, 0x00, 0x00, 0x00, 0x00,
            0x01, 0x01, 0x00, 0x00, 0x00, 0x00, 0x00, 0x00, 0x00, 0x00, 0x00, 0x00, 0x00, 0x00,
            0x00, 0x00, 0x00, 0x00, 0x00, 0x00, 0x04,
        ],
    },
    EncodedCase {
        name: "width-table-omitted-oob",
        data: &[
            0x00, 0x00, 0x00, 0x01, 0x30, 0x01, 0x01, 0x00, 0x00, 0x00, 0x13, 0x00, 0x00, 0x00,
            0x09, 0x00, 0x00, 0x00, 0x07, 0x00, 0x00, 0x00, 0x00, 0x00, 0x00, 0x00, 0x00, 0x63,
            0x00, 0x00, 0x00, 0x00, 0x00, 0x02, 0x00, 0x01, 0x01, 0x00, 0x00, 0x00, 0x1f, 0x00,
            0x00, 0x03, 0xff, 0xfd, 0xff, 0x02, 0xfe, 0xfe, 0xfe, 0x00, 0x00, 0x00, 0x01, 0x00,
            0x00, 0x00, 0x01, 0x4d, 0x26, 0xdc, 0x67, 0xf9, 0x5b, 0x72, 0x74, 0x3f, 0x91, 0x47,
            0xff, 0xac, 0x00, 0x00, 0x00, 0x03, 0x35, 0x01, 0x01, 0x00, 0x00, 0x00, 0x0a, 0x01,
            0x00, 0x00, 0x00, 0x09, 0x00, 0x00, 0x00, 0x0a, 0x80, 0x00, 0x00, 0x00, 0x0a, 0x00,
            0x47, 0x02, 0x03, 0x01, 0x00, 0x00, 0x00, 0x0c, 0x00, 0x31, 0x00, 0x00, 0x00, 0x01,
            0x00, 0x00, 0x00, 0x00, 0x00, 0x40, 0x00, 0x00, 0x00, 0x0b, 0x07, 0x23, 0x0a, 0x01,
            0x00, 0x00, 0x00, 0x2d, 0x00, 0x00, 0x00, 0x09, 0x00, 0x00, 0x00, 0x07, 0x00, 0x00,
            0x00, 0x00, 0x00, 0x00, 0x00, 0x00, 0x04, 0x00, 0x11, 0x00, 0x00, 0x00, 0x00, 0x00,
            0x01, 0x01, 0x00, 0x00, 0x00, 0x00, 0x00, 0x00, 0x00, 0x00, 0x00, 0x00, 0x00, 0x00,
            0x00, 0x00, 0x00, 0x00, 0x00, 0x00, 0x04,
        ],
    },
];
